id,pose rmsd,pocket rmsd,qs score,lddt-pli,confidence
10gs,,,,,
11gs,,,,,
16pk,3.9311294555664062,,,0.5757211446762085,
184l,0.17749272286891937,,,1.0,
185l,0.5397889614105225,,,0.962579607963562,
186l,0.298050194978714,,,0.9977341294288635,
187l,0.35120952129364014,,,1.0,
188l,0.25370797514915466,,,1.0,
1a07,,,,,
1a0q,3.7490248680114746,,,0.5110158920288086,
1a28,,,,,
1a30,,,,,
1a42,0.9519435167312622,,,0.9027001857757568,
1a4g,,,,,
1a4h,2.305324077606201,,,0.6060693860054016,
1a4k,,,,,
1a4m,,,,,
1a4q,,,,,
1a4r,0.9897262454032898,,,0.9170026779174805,
1a50,0.4854627549648285,,,0.9662162065505981,
1a52,,,,,
1a7c,,,,,
1a7x,,,,,
1a85,,,,,
1a86,,,,,
1a8i,0.9873923063278198,,,0.8558178544044495,
1a99,,,,,
1a9q,0.4018225073814392,,,1.0,
1a9u,1.1845651865005493,,,0.804724395275116,
1aaq,1.9603363275527954,,,0.8071160912513733,
1abf,,,,,
1abt,,,,,
1ad8,31.779958724975586,,,0.0,
1add,0.44906893372535706,,,0.978537380695343,
1adl,1.909705638885498,,,0.6713483333587646,
1ado,,,,,
1af2,,,,,
1af6,,,,,
1afk,,,,,
1afl,,,,,
1agm,,,,,
1ahx,,,,,
1ahy,,,,,
1ai4,0.48011454939842224,,,0.9643765687942505,
1ai5,0.5812058448791504,,,0.9529411792755127,
1ai7,0.22519688308238983,,,1.0,
1ajp,0.5237276554107666,,,0.9605942964553833,
1ajq,0.17155548930168152,,,1.0,
1akq,0.5908114314079285,,,0.9662036895751953,
1akr,0.4734607934951782,,,0.9767216444015503,
1akt,0.8502015471458435,,,0.9231982231140137,
1aku,0.3017384111881256,,,1.0,
1akv,1.0328928232192993,,,0.8784140944480896,
1akw,0.5248435139656067,,,0.9798933863639832,
1al7,0.8838716149330139,,,0.9053347110748291,
1al8,0.687837541103363,,,0.9461153149604797,
1alw,,,,,
1amk,0.35049599409103394,,,1.0,
1amn,0.41721153259277344,,,0.9862831830978394,
1anf,,,,,
1ao0,,,,,
1apb,,,,,
1apv,,,,,
1apw,,,,,
1aq1,,,,,
1at5,,,,,
1at6,,,,,
1atl,,,,,
1au0,3.5214016437530518,,,0.6574150919914246,
1au2,5.476499080657959,,,0.4638602137565613,
1auj,2.0335183143615723,,,0.7621384263038635,
1avd,,,,,
1avn,0.3487129509449005,,,1.0,
1aw1,,,,,
1awf,4.6340556144714355,,,0.5568091869354248,
1awh,,,,,
1awi,,,,,
1ax0,0.6347141861915588,,,0.9696030020713806,
1ax1,,,,,
1ax2,,,,,
1axr,1.2691090106964111,,,0.8320895433425903,
1axz,,,,,
1ayu,1.9718822240829468,,,0.7328821420669556,
1ayv,14.420859336853027,,,0.1234293207526207,
1aze,,,,,
1azl,0.852088987827301,,,0.9052995443344116,
1azm,1.2681022882461548,,,0.8740208745002747,
1b05,,,,,
1b0f,1.4415849447250366,,,0.8565656542778015,
1b0h,,,,,
1b2h,,,,,
1b2i,,,,,
1b32,,,,,
1b39,0.9033573269844055,,,0.8873196840286255,
1b3f,,,,,
1b3g,,,,,
1b3h,,,,,
1b3l,,,,,
1b40,,,,,
1b46,,,,,
1b4d,1.078890085220337,,,0.878912091255188,
1b4h,,,,,
1b4z,,,,,
1b51,,,,,
1b52,,,,,
1b55,,,,,
1b56,2.2116541862487793,,,0.6620036363601685,
1b57,,,,,
1b58,,,,,
1b5g,8.931625366210938,,,0.25858670473098755,
1b5h,,,,,
1b5i,,,,,
1b5j,,,,,
1b6h,,,,,
1b6j,,,,,
1b74,0.5991193056106567,,,0.9564777612686157,
1b7h,,,,,
1b8n,1.2247283458709717,,,0.8261474370956421,
1b8o,1.005661129951477,,,0.8899224996566772,
1b9j,,,,,
1b9s,0.5501151084899902,,,0.9639959335327148,
1b9t,0.6394333839416504,,,0.9405360221862793,
1b9v,1.3481847047805786,,,0.7748618721961975,
1ba8,,,,,
1bap,,,,,
1bbz,,,,,
1bcd,0.39839768409729004,,,0.9903509020805359,
1bcj,,,,,
1bcu,4.535203456878662,,,0.41437801718711853,
1bdl,,,,,
1bdq,,,,,
1bdr,0.6748670935630798,,,0.9355828166007996,
1bgq,1.7246003150939941,,,0.6964017748832703,
1bhx,3.9458260536193848,,,0.4887295067310333,
1bil,,,,,
1bim,,,,,
1bio,0.29932278394699097,,,0.9992514848709106,
1biw,4.766752243041992,,,0.5520588159561157,
1bji,0.8595950603485107,,,0.8880323171615601,
1bjr,,,,,
1bkj,,,,,
1bky,0.14057643711566925,,,1.0,
1bl6,0.7567630410194397,,,0.9324596524238586,
1bl7,1.1138242483139038,,,0.8337339758872986,
1bmk,1.9801652431488037,,,0.7232730388641357,
1bmq,3.094277858734131,,,0.575042188167572,
1bn3,0.694577157497406,,,0.9572301506996155,
1bnm,3.1189351081848145,,,0.7191666960716248,
1bnn,1.068839192390442,,,0.8829681277275085,
1bnq,0.6223896741867065,,,0.9510869383811951,
1bnt,1.6019295454025269,,,0.8049242496490479,
1bnu,0.9693785905838013,,,0.9131736755371094,
1bnv,1.3223892450332642,,,0.7877442240715027,
1bnw,0.5777701735496521,,,0.970308780670166,
1bo5,35.29859161376953,,,0.0,
1bp0,0.8305591940879822,,,0.905024528503418,
1bq3,,,,,
1bq4,3.589343786239624,,,0.45659971237182617,
1bqn,,,,,
1br8,,,,,
1bt6,,,,,
1btn,1.2232059240341187,,,0.819252073764801,
1bux,2.464026927947998,,,0.7496093511581421,
1bv7,,,,,
1bwb,2.9688429832458496,,,0.6389680504798889,
1bwn,,,,,
1bxo,,,,,
1bxq,0.6513766646385193,,,0.9435721039772034,
1bzc,1.2499818801879883,,,0.8287914395332336,
1bzj,1.6630135774612427,,,0.8416058421134949,
1c12,0.52642422914505,,,0.9410211443901062,
1c29,0.35226550698280334,,,0.9921602606773376,
1c3b,,,,,
1c3e,,,,,
1c3x,,,,,
1c4y,1.207213282585144,,,0.8202764987945557,
1c5f,,,,,
1c5z,,,,,
1c7e,,,,,
1c7f,,,,,
1c84,0.3067890703678131,,,0.9917491674423218,
1c85,0.3058864176273346,,,0.9976325631141663,
1c86,0.3542388677597046,,,0.991782009601593,
1c87,0.39950457215309143,,,0.9818339347839355,
1c88,0.351600706577301,,,0.9937499761581421,
1c8l,4.87553596496582,,,0.3520806133747101,
1c8v,0.6429198980331421,,,0.9368420839309692,
1c9d,0.5089976191520691,,,0.963567852973938,
1cbr,,,,,
1cbx,0.2295682281255722,,,1.0,
1cea,,,,,
1ceb,,,,,
1cet,0.839542031288147,,,0.9890410900115967,
1cgl,,,,,
1ch8,1.0542105436325073,,,0.8992842435836792,
1ci7,1.316343903541565,,,0.8538107872009277,
1cil,0.5080219507217407,,,0.98549884557724,
1cim,0.8337602019309998,,,0.9220489859580994,
1cin,1.3982380628585815,,,0.8144490718841553,
1ciz,2.2669551372528076,,,0.7595198750495911,
1cj1,,,,,
1cka,,,,,
1ckb,,,,,
1clu,1.2832427024841309,,,0.8507194519042969,
1cnw,1.617313027381897,,,0.8102803826332092,
1cny,2.0045735836029053,,,0.8779296875,
1cp6,0.3786696791648865,,,0.9938650131225586,
1cpi,,,,,
1cps,0.6926442980766296,,,0.9366883039474487,
1cqp,,,,,
1cr6,,,,,
1cs4,53.154747009277344,,,0.0,
1ctr,0.6694207787513733,,,0.9292635917663574,
1ctt,1.0317413806915283,,,0.8847305178642273,
1ctu,0.7632627487182617,,,0.9344795346260071,
1cw2,0.7215721607208252,,,0.9400656819343567,
1cwb,,,,,
1cwc,,,,,
1cx9,0.9655551314353943,,,0.8745915293693542,
1cyn,,,,,
1czc,0.8998611569404602,,,0.8976833820343018,
1cze,0.6262177228927612,,,0.9497863054275513,
1czk,0.7952853441238403,,,0.9550949931144714,
1czl,0.587967574596405,,,0.9563318490982056,
1czo,0.6047977805137634,,,0.9642542004585266,
1czr,0.28746291995048523,,,0.9939352869987488,
1d04,0.5410683155059814,,,0.9711707830429077,
1d09,,,,,
1d1p,,,,,
1d2e,,,,,
1d2s,1.2696079015731812,,,0.8174114227294922,
1d3q,1.625556230545044,,,0.9013009071350098,
1d4h,0.8643324375152588,,,0.8890817761421204,
1d4i,1.773155927658081,,,0.769335150718689,
1d4j,,,,,
1d4t,,,,,
1d4y,2.96305251121521,,,0.7195318937301636,
1d6n,,,,,
1d6s,,,,,
1d6w,1.0480395555496216,,,0.8382206559181213,
1d7i,,,,,
1d7j,,,,,
1d8e,,,,,
1d9i,1.0295661687850952,,,0.8770883083343506,
1dar,0.9986415505409241,,,0.9250326156616211,
1db1,0.8297221064567566,,,0.90220046043396,
1db5,0.5202621817588806,,,0.9723719954490662,
1dbb,2.930189847946167,,,0.5866851806640625,
1dbj,5.405098915100098,,,0.2828125059604645,
1dbk,2.686715602874756,,,0.5904411673545837,
1ddm,,,,,
1det,4.716221332550049,,,0.35981011390686035,
1df8,,,,,
1dg9,0.5688884258270264,,,0.9779236316680908,
1dmb,,,,,
1dmp,3.287846088409424,,,0.613967776298523,
1dmt,3.7079250812530518,,,0.6180490255355835,
1dqx,,,,,
1drj,,,,,
1drk,,,,,
1dth,,,,,
1dub,,,,,
1dud,22.749284744262695,,,0.001607717014849186,
1duv,,,,,
1dx6,1.599311113357544,,,0.7081618905067444,
1dxp,,,,,
1dy4,,,,,
1dzj,,,,,
1dzk,,,,,
1dzm,,,,,
1dzp,,,,,
1e00,,,,,
1e02,,,,,
1e06,,,,,
1e1y,1.116322636604309,,,0.9413996338844299,
1e2k,,,,,
1e2l,,,,,
1e34,1.3039270639419556,,,0.8481996655464172,
1e3g,0.6799566149711609,,,0.9346330165863037,
1e3v,,,,,
1e4h,,,,,
1e5j,,,,,
1e66,0.4934921860694885,,,0.9816446304321289,
1e6s,0.3737625181674957,,,0.9830415844917297,
1e72,0.30124279856681824,,,0.9967461824417114,
1eas,0.4977276027202606,,,0.955719530582428,
1eb1,,,,,
1ebg,,,,,
1ebw,0.9655345678329468,,,0.8948559761047363,
1eby,0.9076144099235535,,,0.8842592835426331,
1ecv,0.6711094975471497,,,0.9671762585639954,
1eed,3.3185198307037354,,,0.7594995498657227,
1egh,,,,,
1ek1,,,,,
1ek2,,,,,
1ekb,,,,,
1ela,0.7396262288093567,,,0.9297573566436768,
1elr,,,,,
1els,0.48392683267593384,,,0.9711538553237915,
1em6,1.2352045774459839,,,0.8701388835906982,
1ent,0.9467698931694031,,,0.8878968358039856,
1eoj,,,,,
1eol,,,,,
1eou,2.3187503814697266,,,0.6436651349067688,
1epo,0.8200558423995972,,,0.9169642925262451,
1epp,6.538557052612305,,,0.41939985752105713,
1epq,,,,,
1erq,0.49765458703041077,,,0.9733777046203613,
1eve,2.1547226905822754,,,0.7378934621810913,
1evh,,,,,
1ew8,,,,,
1ew9,,,,,
1exv,,,,,
1exw,,,,,
1ez9,,,,,
1ezf,,,,,
1f1j,,,,,
1f2o,4.466483116149902,,,0.43481847643852234,
1f2p,5.138603687286377,,,0.350632905960083,
1f3j,,,,,
1f40,,,,,
1f47,,,,,
1f4e,,,,,
1f4x,27.910629272460938,,,0.0,
1f57,0.27634501457214355,,,1.0,
1f73,,,,,
1f74,,,,,
1f7b,0.9086813926696777,,,0.9357394576072693,
1f8a,,,,,
1f8b,1.0126605033874512,,,0.9128788113594055,
1f8c,0.7719075083732605,,,0.9284313917160034,
1f8d,,,,,
1f8e,0.762690007686615,,,0.9507797360420227,
1f90,,,,,
1f9e,,,,,
1f9g,0.7182822823524475,,,0.8875545859336853,
1fao,1.2587963342666626,,,0.8258564472198486,
1fax,,,,,
1fbm,0.7471200823783875,,,0.837436318397522,
1fcx,0.4122690260410309,,,0.9761350154876709,
1fcy,0.273859441280365,,,0.9967911243438721,
1fcz,0.5606921315193176,,,0.9653667211532593,
1fdq,,,,,
1fe3,1.129530668258667,,,0.8279467821121216,
1ff1,,,,,
1fh7,,,,,
1fh8,,,,,
1fh9,,,,,
1fhd,,,,,
1fig,4.7658514976501465,,,0.3412483036518097,
1fiv,,,,,
1fj4,,,,,
1fkb,,,,,
1fkf,2.9924230575561523,,,0.49281609058380127,
1fki,,,,,
1fkn,,,,,
1fkw,0.8251299262046814,,,0.9247491359710693,
1flm,,,,,
1fmb,3.2477240562438965,,,0.7566137313842773,
1fo0,,,,,
1fo2,1.5710172653198242,,,0.78287672996521,
1fo3,1.0122435092926025,,,0.8668224215507507,
1fpc,9.380865097045898,,,0.23168006539344788,
1fpi,,,,,
1fpp,14.955171585083008,,,0.008646245114505291,
1fq4,1.3832581043243408,,,0.798975944519043,
1fq5,2.2265737056732178,,,0.6651937365531921,
1fq6,1.8127168416976929,,,0.7714496850967407,
1fq7,2.192932367324829,,,0.7292886972427368,
1fq8,0.7454042434692383,,,0.9126865863800049,
1fsg,,,,,
1fsw,,,,,
1fsy,,,,,
1ft7,0.3443869352340698,,,0.9948680400848389,
1ftj,,,,,
1ftk,0.9510804414749146,,,0.869918704032898,
1ftm,,,,,
1fv0,,,,,
1fv9,0.1508634388446808,,,1.0,
1fvt,0.673830509185791,,,0.9366196990013123,
1fw0,0.8552285432815552,,,0.9054999947547913,
1fwe,0.143479123711586,,,0.9128440618515015,
1fwv,,,,,
1fyr,,,,,
1fzk,,,,,
1fzo,,,,,
1fzq,1.0756984949111938,,,0.9137709140777588,
1g1d,0.3978296220302582,,,0.9952038526535034,
1g27,,,,,
1g2a,,,,,
1g2o,,,,,
1g37,,,,,
1g3f,,,,,
1g3m,,,,,
1g42_a,,,,,
1g42_b,,,,,
1g45,0.7268956899642944,,,0.9285714030265808,
1g46,1.5312120914459229,,,0.8450323939323425,
1g48,0.8921815752983093,,,0.8810344934463501,
1g4j,,,,,
1g4o,0.9897715449333191,,,0.936855673789978,
1g50,,,,,
1g52,1.617900013923645,,,0.8893616795539856,
1g53,0.7185060381889343,,,0.9227467775344849,
1g54,0.6515952348709106,,,0.9469387531280518,
1g5f,0.09713850170373917,,,1.0,
1g5s,0.5857853889465332,,,0.9605262875556946,
1g6g,,,,,
1g6s,0.8124825358390808,,,0.9334951639175415,
1g74,6.788437843322754,,,0.17685475945472717,
1g7g,0.9648497104644775,,,0.8947368264198303,
1g7p,,,,,
1g7q,,,,,
1g7v,1.4997315406799316,,,0.8129770755767822,
1g85,,,,,
1g9r,1.35952889919281,,,0.7911911606788635,
1g9s,1.2210474014282227,,,0.8682659864425659,
1g9t,0.983838677406311,,,0.8838087320327759,
1ga8,,,,,
1ga9,,,,,
1gag,,,,,
1gah,,,,,
1gai,,,,,
1gar,,,,,
1gbt,0.6105361580848694,,,0.9674757122993469,
1gca,,,,,
1gcz,,,,,
1gfw,2.5943119525909424,,,0.699525773525238,
1gfy,0.5030001997947693,,,0.9762895107269287,
1ggd,1.3243184089660645,,,0.8620154857635498,
1ggn,9.686776161193848,,,0.1378394365310669,
1gmy,,,,,
1gni,,,,,
1gnj,,,,,
1gny,,,,,
1gpk,0.2807799279689789,,,0.9956217408180237,
1gpn,0.36101484298706055,,,0.9957627058029175,
1gpy,31.580989837646484,,,0.0,
1grp,0.9053772687911987,,,0.9198841452598572,
1gsz,,,,,
1gt1,,,,,
1gt3,,,,,
1gt4,,,,,
1gt5,,,,,
1gu1,,,,,
1gu3,,,,,
1gui,,,,,
1guw,,,,,
1gux,,,,,
1gvk,,,,,
1gvw,1.0736218690872192,,,0.8666347861289978,
1gwm,,,,,
1gwq,,,,,
1gwr,,,,,
1gwv,,,,,
1gww,,,,,
1gx0,,,,,
1gx4,,,,,
1gx8,1.295816421508789,,,0.8574610352516174,
1gym,1.3452939987182617,,,0.816067636013031,
1gyx,0.31229090690612793,,,0.9697231650352478,
1gz9,,,,,
1gzc,,,,,
1gzg,5.775473117828369,,,0.3013308048248291,
1h00,,,,,
1h01,,,,,
1h08,,,,,
1h0a,,,,,
1h0r,0.41626957058906555,,,0.9759953022003174,
1h0w,0.4077126681804657,,,0.9858078360557556,
1h1b,,,,,
1h1h,,,,,
1h1p,,,,,
1h1q,,,,,
1h1r,,,,,
1h1s,,,,,
1h22,1.055946946144104,,,0.8611111044883728,
1h23,1.0188273191452026,,,0.860116183757782,
1h24,,,,,
1h27,,,,,
1h2k,0.21422885358333588,,,1.0,
1h2t,,,,,
1h35,,,,,
1h37,,,,,
1h39,,,,,
1h3a,,,,,
1h3c,,,,,
1h3h,,,,,
1h46,1.616745114326477,,,0.789826512336731,
1h4n,0.5994152426719666,,,0.9766790866851807,
1h5u,7.870968818664551,,,0.2961236536502838,
1h5v,,,,,
1h60,1.5510560274124146,,,0.8282520174980164,
1h61,1.4838796854019165,,,0.832442045211792,
1h62,0.7875974178314209,,,0.9163066744804382,
1h6h,3.0130434036254883,,,0.7630252242088318,
1h79,,,,,
1h8y,,,,,
1h9l,,,,,
1hbj,1.8054966926574707,,,0.7271028161048889,
1hbv,3.0015761852264404,,,0.5944170951843262,
1hc9,,,,,
1hee,,,,,
1hef,,,,,
1heg,,,,,
1hge,,,,,
1hgi,,,,,
1hgj,,,,,
1hgt,,,,,
1hi3,,,,,
1hi4,0.929717481136322,,,0.9192370176315308,
1hi5,10.169615745544434,,,0.17550790309906006,
1hih,4.855849742889404,,,0.41295763850212097,
1hiv,,,,,
1hk3,,,,,
1hk5,9.85980224609375,,,0.2772952914237976,
1hkj,,,,,
1hkk,,,,,
1hkm,,,,,
1hlf,1.8123754262924194,,,0.774218738079071,
1hlk,,,,,
1hmr,0.9924576878547668,,,0.8656250238418579,
1hms,0.7326056361198425,,,0.9219924807548523,
1hmt,0.6834060549736023,,,0.9287054538726807,
1hn2,,,,,
1hn4,1.0801737308502197,,,0.8369191288948059,
1hnn,,,,,
1hos,,,,,
1hp5,0.7261167168617249,,,0.9292792677879333,
1hpx,,,,,
1hqf,,,,,
1hqg,,,,,
1hqh,,,,,
1hrn,,,,,
1hsh,,,,,
1hte,1.0231150388717651,,,0.8797945380210876,
1htf,,,,,
1hti,0.2788662910461426,,,1.0,
1hty,15.514019966125488,,,0.002217294881120324,
1hv5,,,,,
1hvj,,,,,
1hvk,,,,,
1hwr,2.9076309204101562,,,0.6074134111404419,
1hww,0.6797438859939575,,,0.9379084706306458,
1hxb,3.5652849674224854,,,0.5387396812438965,
1hxk,0.7293695211410522,,,0.9258177280426025,
1hxw,1.4066112041473389,,,0.8729787468910217,
1hyo,,,,,
1i2s,,,,,
1i37,0.9816805124282837,,,0.821739137172699,
1i5h,,,,,
1i5r,1.1035195589065552,,,0.859415590763092,
1i7i,,,,,
1i7z,,,,,
1i80,,,,,
1i8i,,,,,
1i8j,,,,,
1i8z,3.8862531185150146,,,0.6388130784034729,
1i90,1.054102897644043,,,0.8318965435028076,
1i91,1.4428869485855103,,,0.8263651728630066,
1i9l,,,,,
1i9n,1.8719931840896606,,,0.873576283454895,
1i9o,,,,,
1i9p,1.9189866781234741,,,0.8550724387168884,
1i9q,,,,,
1iau,,,,,
1ibc,,,,,
1ibg,8.563922882080078,,,0.32618510723114014,
1icj,,,,,
1ida,1.1534700393676758,,,0.8702290058135986,
1idb,1.097168207168579,,,0.8424831032752991,
1ie9,0.5847529768943787,,,0.944345235824585,
1iem,,,,,
1iep,,,,,
1iew,0.6335015296936035,,,0.9473350048065186,
1if7,1.7301430702209473,,,0.876185953617096,
1igb,,,,,
1igj,,,,,
1iht,,,,,
1ii5,2.9534995555877686,,,0.5613207817077637,
1iig,0.19276252388954163,,,1.0,
1iih,1.211248755455017,,,0.8500000238418579,
1iiq,1.28798246383667,,,0.7989208698272705,
1ijr,2.557563543319702,,,0.6321808695793152,
1ik4,,,,,
1ikt,1.008504033088684,,,0.9076867699623108,
1ikx,0.5521587133407593,,,0.9613323211669922,
1iky,1.6075292825698853,,,0.7497438788414001,
1il3,0.33363088965415955,,,0.9976019263267517,
1il4,0.2588479816913605,,,1.0,
1il9,3.9591784477233887,,,0.4293893277645111,
1ilh,2.7185096740722656,,,0.6046651005744934,
1ilq,,,,,
1imx,4.4063825607299805,,,0.658071756362915,
1ing,,,,,
1inh,,,,,
1inq,,,,,
1iq1,,,,,
1is0,,,,,
1it6,,,,,
1iup,,,,,
1ivp,1.3933212757110596,,,0.8055756688117981,
1iwq,,,,,
1iy7,0.38043278455734253,,,0.9837728142738342,
1j01,0.7599710822105408,,,0.8946078419685364,
1j17,0.7871370911598206,,,0.8919624090194702,
1j19,,,,,
1j4p,,,,,
1j4q,,,,,
1j5i,,,,,
1jak,0.841422975063324,,,0.892793595790863,
1jao,,,,,
1jaq,,,,,
1jcx,,,,,
1jd0,,,,,
1jet,,,,,
1jeu,,,,,
1jev,,,,,
1jfh,,,,,
1jgl,2.7196168899536133,,,0.5586228370666504,
1jh1,1.2448045015335083,,,0.8436692357063293,
1jii,1.92580246925354,,,0.7342639565467834,
1jij,1.1165626049041748,,,0.9141176342964172,
1jik,1.371738076210022,,,0.8250249028205872,
1jil,1.358640432357788,,,0.8685628771781921,
1jj9,1.2758697271347046,,,0.8383487462997437,
1jjt,,,,,
1jk7,,,,,
1jld,0.7316756844520569,,,0.9239621162414551,
1jlr,,,,,
1jmf,0.943936288356781,,,0.8798637986183167,
1jmg,1.2805651426315308,,,0.8104288578033447,
1jmi,0.9695819020271301,,,0.8725910186767578,
1jmq,,,,,
1jn2,1.4672915935516357,,,0.7931309938430786,
1joc,,,,,
1joj,,,,,
1jp5,,,,,
1jpl,,,,,
1jq8,,,,,
1jq9,,,,,
1jr1,,,,,
1jrs,,,,,
1jt1,1.8336632251739502,,,0.7545045018196106,
1juf,,,,,
1juj,,,,,
1juq,,,,,
1jut,,,,,
1juy,,,,,
1jvp,1.2009165287017822,,,0.7923588156700134,
1jvu,0.6627035737037659,,,0.963850200176239,
1jwm,,,,,
1jyi,,,,,
1jzs,1.5903350114822388,,,0.8190559148788452,
1k1o,1.1534661054611206,,,0.8252518773078918,
1k1y,,,,,
1k2i,0.38238975405693054,,,0.9894209504127502,
1k3n,,,,,
1k3q,,,,,
1k3t,0.8579254150390625,,,0.909970223903656,
1k4g,1.2600719928741455,,,0.825042188167572,
1k4h,0.756958544254303,,,0.9126908183097839,
1k9q,,,,,
1k9r,,,,,
1kc5,,,,,
1kc7,0.5310025215148926,,,0.9703264236450195,
1kcs,,,,,
1kdk,0.5520027279853821,,,0.969462513923645,
1kdw,,,,,
1kf0,1.8336938619613647,,,0.7398316860198975,
1kjr,,,,,
1kl3,,,,,
1klg,,,,,
1klu,,,,,
1km3,0.9939118027687073,,,0.8959821462631226,
1kmv,0.47307366132736206,,,0.9861111044883728,
1kmy,0.5122090578079224,,,0.9620853066444397,
1kna,,,,,
1kne,,,,,
1koj,,,,,
1kpm,2.116440534591675,,,0.7327154278755188,
1kqb,,,,,
1kr3,,,,,
1kti,1.0939555168151855,,,0.8877952694892883,
1kug,,,,,
1kui,,,,,
1kuk,,,,,
1kv1,0.48664987087249756,,,0.9737762212753296,
1kv2,0.4926241636276245,,,0.9732308983802795,
1kv5,,,,,
1kyv,,,,,
1kz8,,,,,
1kzk,0.9955129623413086,,,0.8816013336181641,
1l0a,,,,,
1l2s,,,,,
1l5r,1.220453143119812,,,0.873900294303894,
1l5s,,,,,
1l6s,,,,,
1l83,0.639227569103241,,,0.9480088353157043,
1l8g,0.4415389895439148,,,0.9842398166656494,
1laf,1.2829300165176392,,,0.7967371940612793,
1lah,0.21172170341014862,,,1.0,
1lan,28.436344146728516,,,0.0,
1lb6,,,,,
1lbf,1.2906140089035034,,,0.8347293734550476,
1lbk,,,,,
1lcj,,,,,
1lcp,,,,,
1ld7,1.891364574432373,,,0.660649836063385,
1ld8,2.2407612800598145,,,0.5762439966201782,
1lee,0.5220543146133423,,,0.977543294429779,
1leg,,,,,
1lek,,,,,
1lf8,,,,,
1lf9,,,,,
1lfo,,,,,
1lgt,,,,,
1lgw,0.3632638156414032,,,0.9916356801986694,
1lhd,4.787618637084961,,,0.6496084928512573,
1lhf,4.629567623138428,,,0.5447936058044434,
1lhg,4.248110294342041,,,0.4546146094799042,
1lhu,1.3019309043884277,,,0.8133187890052795,
1lhv,1.3948023319244385,,,0.8111110925674438,
1lhw,1.05587637424469,,,0.8464391827583313,
1li2,0.20312970876693726,,,1.0,
1li3,0.6674312949180603,,,0.9365808963775635,
1li6,0.08101679384708405,,,1.0,
1ljt,,,,,
1lke,1.5858184099197388,,,0.7369338274002075,
1ll4,,,,,
1llb,0.42808637022972107,,,0.9918524622917175,
1lnm,1.813062310218811,,,0.6836158037185669,
1lol,,,,,
1loq,0.7916687726974487,,,0.9286971688270569,
1lor,,,,,
1los,,,,,
1lox,0.5384445786476135,,,0.962579607963562,
1lq2,0.6273834109306335,,,0.9493769407272339,
1lst,1.9830687046051025,,,0.6760780215263367,
1lt5,,,,,
1lvc,,,,,
1lxf,,,,,
1lxh,,,,,
1lyb,,,,,
1lyx,0.3734995424747467,,,0.9992997050285339,
1lzo,,,,,
1lzq,1.2499475479125977,,,0.8074557781219482,
1m0b,1.2611321210861206,,,0.8013059496879578,
1m0n,0.6086990237236023,,,0.9533715844154358,
1m0o,0.7420250773429871,,,0.9472476840019226,
1m0q,0.49646124243736267,,,0.9709752202033997,
1m13,1.0334213972091675,,,0.8515348434448242,
1m2r,0.21208810806274414,,,1.0,
1m2x,,,,,
1m4h,,,,,
1m5c,0.5148242712020874,,,0.9700393080711365,
1m5d,0.23226778209209442,,,1.0,
1m5e,,,,,
1m5f,,,,,
1m5w,,,,,
1m6p,,,,,
1m7d,,,,,
1m7i,,,,,
1m7y,0.46497106552124023,,,0.9810126423835754,
1m9n,,,,,
1mai,1.2602629661560059,,,0.8123655915260315,
1mdl,,,,,
1me3,0.9727657437324524,,,0.9105330109596252,
1me4,,,,,
1me7,0.8595418930053711,,,0.9315336346626282,
1me8,0.5745400190353394,,,0.9243999719619751,
1mem,,,,,
1meu,1.116602897644043,,,0.8541852235794067,
1mf4,,,,,
1mfa,,,,,
1mfd,,,,,
1mfg,,,,,
1mh5,,,,,
1mik,,,,,
1mj7,23.615598678588867,,,0.0,
1ml1,,,,,
1mm6,,,,,
1mm7,,,,,
1mmp,,,,,
1mmq,1.3047254085540771,,,0.8240988254547119,
1mmr,1.5288515090942383,,,0.7288861870765686,
1mn9,,,,,
1mns,1.3255730867385864,,,0.8410256505012512,
1moq,1.132798671722412,,,0.8644400835037231,
1mpl,,,,,
1mq1,,,,,
1mqd,,,,,
1mqg,,,,,
1mqh,0.2137923389673233,,,1.0,
1mqi,0.1511971652507782,,,1.0,
1mqj,0.4180459678173065,,,0.983146071434021,
1mrn,3.4838099479675293,,,0.605537474155426,
1mrs,0.6853819489479065,,,0.9394347071647644,
1mrw,1.1124869585037231,,,0.8743119239807129,
1ms0,,,,,
1ms6,0.6703305840492249,,,0.9387437701225281,
1ms7,,,,,
1msn,,,,,
1mto,,,,,
1mu6,1.263718843460083,,,0.8293042182922363,
1mu8,1.632638931274414,,,0.7573451995849609,
1mui,1.070663571357727,,,0.8469089269638062,
1mv0,,,,,
1mwn,,,,,
1mwt,,,,,
1mxo,,,,,
1mxu,,,,,
1my2,,,,,
1my3,,,,,
1my4,,,,,
1my8,,,,,
1mzc,,,,,
1n1m,,,,,
1n1t,1.4517245292663574,,,0.7671957612037659,
1n1v,1.2563562393188477,,,0.8279467821121216,
1n2v,0.2505382299423218,,,1.0,
1n3i,,,,,
1n3w,,,,,
1n3z,,,,,
1n43,,,,,
1n4h,1.7273114919662476,,,0.810675859451294,
1n4k,,,,,
1n51,,,,,
1n5z,,,,,
1n7i,,,,,
1n7j,,,,,
1n7t,,,,,
1n8u,,,,,
1n8v,,,,,
1n94,2.679795503616333,,,0.6310975551605225,
1n95,1.5597573518753052,,,0.7492636442184448,
1n9a,,,,,
1n9m,,,,,
1nc3,,,,,
1nc6,2.3776402473449707,,,0.7825361490249634,
1ndj,,,,,
1ndy,0.5143383741378784,,,0.9713804721832275,
1nf8,0.7414571046829224,,,0.9500839114189148,
1nfs,,,,,
1nfw,0.5789220929145813,,,0.9628501534461975,
1nh0,,,,,
1nhg,,,,,
1nhv,,,,,
1nhw,,,,,
1nhx,1.2319220304489136,,,0.9297046065330505,
1ni1,5.594756126403809,,,0.3352832496166229,
1nj5,1.0103371143341064,,,0.8654026389122009,
1nja,1.075616717338562,,,0.857594907283783,
1njb,1.1052603721618652,,,0.8438818454742432,
1njc,0.8833978772163391,,,0.8989690542221069,
1njd,0.9338305592536926,,,0.8960040807723999,
1nje,0.996537983417511,,,0.8869935870170593,
1njj,,,,,
1njt,,,,,
1nju,,,,,
1nki,,,,,
1nkm,,,,,
1nl6,,,,,
1nlj,,,,,
1nlp,,,,,
1nlt,,,,,
1nm6,1.9635343551635742,,,0.6479831337928772,
1nmk,,,,,
1nnb,,,,,
1nnk,0.24208183586597443,,,1.0,
1nnu,,,,,
1no6,0.40771040320396423,,,0.987364649772644,
1no9,32.48264694213867,,,0.0,
1noj,0.6963980793952942,,,0.929513156414032,
1nok,0.42930325865745544,,,0.9777657389640808,
1nox,1.100135087966919,,,0.8813838362693787,
1np0,,,,,
1npa,1.3703398704528809,,,0.784674346446991,
1npw,1.333712100982666,,,0.7659056782722473,
1npz,,,,,
1nq0,0.42508918046951294,,,0.9868637323379517,
1nq7,0.6656869053840637,,,0.9469339847564697,
1ntk,1.7527246475219727,,,0.7761744856834412,
1nu3,,,,,
1nu8,,,,,
1nvq,1.5963289737701416,,,0.7535282373428345,
1nvr,1.0982942581176758,,,0.9169719219207764,
1nvs,1.612004041671753,,,0.7137290239334106,
1nw4,,,,,
1nxy,,,,,
1ny0,0.38314151763916016,,,0.9813519716262817,
1ny2,,,,,
1nym,0.5150068998336792,,,0.975806474685669,
1nyx,0.7035011053085327,,,0.9344073534011841,
1nyy,0.37547436356544495,,,0.9894444346427917,
1nz7,1.7287720441818237,,,0.7989949584007263,
1o0f,,,,,
1o0h,,,,,
1o0m,,,,,
1o0n,,,,,
1o0o,,,,,
1o1s,0.8569055795669556,,,0.8876768946647644,
1o41,0.42549243569374084,,,0.9826302528381348,
1o42,1.0218905210494995,,,0.8927657008171082,
1o47,1.3966083526611328,,,0.7895220518112183,
1o49,2.3993349075317383,,,0.6497368216514587,
1o4b,2.017258644104004,,,0.6648879647254944,
1o4d,0.5368172526359558,,,0.9635294079780579,
1o4e,2.085376024246216,,,0.7383966445922852,
1o4f,3.3455963134765625,,,0.5939153432846069,
1o4g,2.66528582572937,,,0.6582568883895874,
1o4l,0.41903558373451233,,,0.9960191249847412,
1o4m,0.14154711365699768,,,1.0,
1o4n,0.2826411724090576,,,1.0,
1o4o,,,,,
1o4p,0.9514856934547424,,,0.8846153616905212,
1o4q,1.1419497728347778,,,0.8327586054801941,
1o5m,1.4787627458572388,,,0.7528943419456482,
1o6h,,,,,
1o6i,,,,,
1o79,,,,,
1o7o,,,,,
1o8b,,,,,
1o9e,2.706850528717041,,,0.6354292631149292,
1oay,,,,,
1oba,,,,,
1obx,,,,,
1ocn,,,,,
1ocq,,,,,
1od8,,,,,
1odj,,,,,
1ody,2.9027445316314697,,,0.5830792784690857,
1oe0,,,,,
1oe7,,,,,
1oe8,,,,,
1oeb,,,,,
1ofz,,,,,
1ogd,,,,,
1ogg,,,,,
1ogx,,,,,
1ogz,2.697861433029175,,,0.5441696047782898,
1oh4,,,,,
1oif,,,,,
1oim,,,,,
1oiu,,,,,
1oj5,,,,,
1okl,2.8344411849975586,,,0.6659049391746521,
1oko,,,,,
1okx,,,,,
1okz,0.8773985505104065,,,0.9314946532249451,
1ol1,,,,,
1olx,2.870880365371704,,,0.7157394886016846,
1om9,,,,,
1ong,1.887393832206726,,,0.7201492786407471,
1onh,28.79534339904785,,,0.0,
1onp,,,,,
1opi,,,,,
1oq5,0.4894724190235138,,,0.9803473353385925,
1ork,1.9411104917526245,,,0.7001173496246338,
1orw,,,,,
1os0,1.6841124296188354,,,0.8190751671791077,
1osg,,,,,
1oth,0.293705016374588,,,0.9956369996070862,
1ouy,,,,,
1ov3,,,,,
1ove,0.9585675001144409,,,0.8922261595726013,
1ow4,,,,,
1ow6,,,,,
1ow7,,,,,
1ow8,,,,,
1ox9,,,,,
1oxg,,,,,
1oxn,,,,,
1oxq,,,,,
1oy7,,,,,
1oyn,,,,,
1ozv,,,,,
1p01,1.0181846618652344,,,0.8817126154899597,
1p02,,,,,
1p03,,,,,
1p04,,,,,
1p05,,,,,
1p06,,,,,
1p0y,,,,,
1p10,,,,,
1p17,,,,,
1p19,,,,,
1p1n,1.8230493068695068,,,0.7370242476463318,
1p1o,0.2537832260131836,,,1.0,
1p1q,,,,,
1p28,,,,,
1p2g,,,,,
1p4u,,,,,
1p6d,3.780925750732422,,,0.6240681409835815,
1p6e,3.5789177417755127,,,0.6317873597145081,
1p93,,,,,
1pau,,,,,
1pb8,0.22644078731536865,,,1.0,
1pbk,,,,,
1pbq,,,,,
1pcg,,,,,
1pdq,,,,,
1pdz,0.3639102876186371,,,0.9936363697052002,
1pf7,0.998535692691803,,,0.879807710647583,
1pfu,,,,,
1pg2,1.6842081546783447,,,0.7260928750038147,
1pgp,1.8397351503372192,,,0.7357630729675293,
1phw,1.3758130073547363,,,0.7889610528945923,
1pi5,,,,,
1pig,,,,,
1pk0,,,,,
1pkx,,,,,
1pme,1.0322585105895996,,,0.9054462909698486,
1pmn,0.6300583481788635,,,0.9369189739227295,
1pmu,0.45557069778442383,,,0.9772727489471436,
1pmv,0.15536202490329742,,,1.0,
1pop,,,,,
1pot,0.9171429872512817,,,0.8684486150741577,
1ppi,,,,,
1ppk,1.391586184501648,,,0.851873517036438,
1ppl,,,,,
1ppw,,,,,
1ppx,,,,,
1pr1,,,,,
1pr5,,,,,
1prl,,,,,
1prm,,,,,
1ps3,1.1008284091949463,,,0.8410714268684387,
1pum,,,,,
1pun,,,,,
1puq,,,,,
1pus,,,,,
1pvn,,,,,
1pw6,,,,,
1pwp,,,,,
1pwq,,,,,
1pwy,0.5794376730918884,,,0.9750445485115051,
1pxh,4.135260581970215,,,0.7523190975189209,
1pxi,0.35841211676597595,,,0.9885444641113281,
1pxj,0.3036784827709198,,,0.9889034032821655,
1pxk,0.6214126348495483,,,0.953592836856842,
1py1,,,,,
1pyw,,,,,
1pz5,,,,,
1q0b,,,,,
1q1g,,,,,
1q1y,,,,,
1q3d,,,,,
1q41,,,,,
1q4k,,,,,
1q4l,,,,,
1q4w,0.35273271799087524,,,0.994705855846405,
1q54,,,,,
1q5l,,,,,
1q63,1.562870979309082,,,0.8159258961677551,
1q65,1.3188673257827759,,,0.8954128623008728,
1q6k,,,,,
1q6m,0.9762939810752869,,,0.8692271709442139,
1q72,1.166256070137024,,,0.8675496578216553,
1q7a,5.4312286376953125,,,0.3294813930988312,
1q8t,1.3584864139556885,,,0.8130930066108704,
1q8u,,,,,
1q8w,1.3393911123275757,,,0.8643761277198792,
1q91,1.6414991617202759,,,0.7816537618637085,
1q95,,,,,
1q9m,,,,,
1qaw,,,,,
1qbq,0.7369673252105713,,,0.9218146800994873,
1qca,0.9408491253852844,,,0.8714717626571655,
1qf0,1.103763461112976,,,0.8364130258560181,
1qf1,1.2290199995040894,,,0.8661417365074158,
1qf5,,,,,
1qfs,0.7749789953231812,,,0.941082775592804,
1qft,,,,,
1qi0,,,,,
1qin,,,,,
1qiw,,,,,
1qji,,,,,
1qk3,,,,,
1qk4,,,,,
1qka,,,,,
1qkb,,,,,
1qkn,0.5100213885307312,,,0.9664131999015808,
1qkt,1.0813595056533813,,,0.8800926208496094,
1qku,,,,,
1ql7,1.011564016342163,,,0.9147597551345825,
1ql9,1.0601750612258911,,,0.8701629042625427,
1qm4,0.3214145004749298,,,0.964062511920929,
1qm5,,,,,
1qng,,,,,
1qnh,,,,,
1qon,0.8805874586105347,,,0.881118893623352,
1qpb,,,,,
1qpe,,,,,
1qpf,,,,,
1qpl,,,,,
1qq9,4.546797275543213,,,0.41206395626068115,
1qr3,,,,,
1qs4,27.476465225219727,,,0.0,
1qsc,,,,,
1qti,0.9441977739334106,,,0.9093098044395447,
1qtn,,,,,
1qvt,0.6675323247909546,,,0.9330357313156128,
1qvu,0.6380606293678284,,,0.959876537322998,
1qw7,,,,,
1qwe,,,,,
1qwf,,,,,
1qwu,0.92739337682724,,,0.8916828036308289,
1qx1,0.7462024688720703,,,0.9107142686843872,
1qxl,0.6279712319374084,,,0.9522274136543274,
1qxw,0.6347190737724304,,,0.9421241283416748,
1qxy,1.5218987464904785,,,0.8245614171028137,
1qxz,1.3621870279312134,,,0.8237113356590271,
1qy1,0.17555901408195496,,,1.0,
1qy2,0.2397623360157013,,,1.0,
1qyg,1.409964919090271,,,0.8068965673446655,
1r17,,,,,
1r1h,1.4907783269882202,,,0.8276119232177734,
1r1j,1.0853530168533325,,,0.8960674405097961,
1r2b,,,,,
1r4w,,,,,
1r58,2.377317190170288,,,0.7611111402511597,
1r5g,,,,,
1r5n,1.0522613525390625,,,0.8824214339256287,
1r5v,,,,,
1r5w,,,,,
1r5y,0.3772623836994171,,,0.9872221946716309,
1r6g,,,,,
1r6z,,,,,
1r78,1.0194528102874756,,,0.8474106192588806,
1r9l,0.19013762474060059,,,1.0,
1rbo,,,,,
1rbp,0.616814136505127,,,0.9430031180381775,
1rdi,,,,,
1rdj,,,,,
1rdl,0.994779109954834,,,0.8763157725334167,
1rdn,,,,,
1rdt,0.603966474533081,,,0.9596773982048035,
1re1,0.43955284357070923,,,0.9796819686889648,
1rek,11.339737892150879,,,0.1599423587322235,
1rgk,1.1855095624923706,,,0.8293269276618958,
1rgl,2.5614521503448486,,,0.5982944369316101,
1rhj,,,,,
1rhk,,,,,
1rhm,,,,,
1rhq,,,,,
1rhr,1.4499192237854004,,,0.8139144778251648,
1rhu,1.5908305644989014,,,0.7790697813034058,
1rin,,,,,
1rjk,0.8681920170783997,,,0.8950228691101074,
1rlp,,,,,
1rm8,4.9770402908325195,,,0.5645240545272827,
1rmz,0.5132704973220825,,,0.9772727489471436,
1rne,1.132092833518982,,,0.8274319171905518,
1rnm,0.8770854473114014,,,0.9366952776908875,
1rnt,1.4805245399475098,,,0.8877952694892883,
1ro6,,,,,
1ro7,,,,,
1rpf,1.872000813484192,,,0.7584670186042786,
1rpj,0.8743162155151367,,,0.8934502005577087,
1rq2,0.20131324231624603,,,1.0,
1rr6,1.5770273208618164,,,0.7787539958953857,
1rri,2.548126697540283,,,0.654411792755127,
1rrw,2.1782124042510986,,,0.6641509532928467,
1rry,35.35704040527344,,,0.0,
1rs4,34.50227737426758,,,0.0,
1rsi,36.61695098876953,,,0.0,
1rt9,0.9134280681610107,,,0.9031456708908081,
1rti,0.9063709378242493,,,0.9038461446762085,
1rtl,,,,,
1rv1,,,,,
1rw8,0.4279491901397705,,,0.9822555184364319,
1rwx,1.9402092695236206,,,0.6984200477600098,
1ryf,,,,,
1ryh,,,,,
1rzx,,,,,
1s17,,,,,
1s19,0.5980446934700012,,,0.9441624283790588,
1s39,0.48113545775413513,,,0.96875,
1s3k,,,,,
1s50,3.465177536010742,,,0.44576719403266907,
1s5z,1.386754035949707,,,0.7770061492919922,
1s63,,,,,
1s89,,,,,
1s9t,,,,,
1s9v,,,,,
1sb1,30.75545310974121,,,0.0,
1sdu,1.0530880689620972,,,0.8649094104766846,
1sdv,1.1197986602783203,,,0.8479838967323303,
1sgu,2.036299228668213,,,0.757557213306427,
1sh9,1.531189203262329,,,0.7633786201477051,
1shd,,,,,
1siv,0.9288530349731445,,,0.8941314816474915,
1sj0,1.0512731075286865,,,0.8394179940223694,
1sje,,,,,
1sjh,,,,,
1sl3,0.6679548621177673,,,0.9333333373069763,
1sld,,,,,
1sle,,,,,
1slg,,,,,
1sln,,,,,
1sm3,,,,,
1sme,,,,,
1snk,1.1160613298416138,,,0.8795931935310364,
1sps,,,,,
1sqb,10.066286087036133,,,0.3449767231941223,
1sqc,1.8789302110671997,,,0.7072192430496216,
1sqn,,,,,
1sqp,26.476572036743164,,,0.0,
1sr7,,,,,
1sre,,,,,
1srg,,,,,
1sri,,,,,
1ssq,,,,,
1std,0.5096288323402405,,,0.962897539138794,
1stp,0.7414128184318542,,,0.9365941882133484,
1str,,,,,
1sts,,,,,
1sv3,0.6770305633544922,,,0.9147058725357056,
1sw1,,,,,
1sw2,0.10957244783639908,,,1.0,
1swg,,,,,
1swi,0.70317542552948,,,0.9405242204666138,
1swk,,,,,
1swn,,,,,
1swp,,,,,
1swr,,,,,
1syh,0.29855281114578247,,,0.9945651888847351,
1syi,,,,,
1syo,,,,,
1sz0,,,,,
1t08,,,,,
1t29,,,,,
1t31,,,,,
1t37,,,,,
1t46,0.6257501244544983,,,0.9534721970558167,
1t48,0.7851627469062805,,,0.932634711265564,
1t4s,,,,,
1t4v,6.915444850921631,,,0.21983161568641663,
1t5a,,,,,
1t5f,,,,,
1t69,1.3460817337036133,,,0.8807947039604187,
1t79,,,,,
1t7d,,,,,
1t7f,,,,,
1t7r,,,,,
1ta2,0.7732652425765991,,,0.9340753555297852,
1ta6,1.0073732137680054,,,0.8853305578231812,
1tbz,4.612700939178467,,,0.47661730647087097,
1tc1,,,,,
1tcw,,,,,
1td7,0.5867080688476562,,,0.9632675647735596,
1tet,,,,,
1tfq,,,,,
1tft,,,,,
1tfz,1.1485657691955566,,,0.8653846383094788,
1thr,,,,,
1ths,,,,,
1thz,,,,,
1tka,,,,,
1tkt,0.755905270576477,,,0.9238826632499695,
1tkx,0.8501881957054138,,,0.9163265228271484,
1tl1,0.8208482265472412,,,0.907543420791626,
1tl3,0.757721483707428,,,0.9244604110717773,
1tl7,,,,,
1tl9,,,,,
1tlp,1.8236345052719116,,,0.77601158618927,
1tmm,,,,,
1tng,,,,,
1tni,,,,,
1tnj,,,,,
1tnk,,,,,
1tnl,,,,,
1tog,,,,,
1toi,0.20732976496219635,,,0.7371601462364197,
1toj,0.23284617066383362,,,0.759530782699585,
1tok,,,,,
1tom,1.8532898426055908,,,0.7400990128517151,
1tou,0.3490791916847229,,,0.9765795469284058,
1tpw,,,,,
1tpz,,,,,
1tq4,1.3121777772903442,,,0.8263646960258484,
1tqf,1.6612509489059448,,,0.8117547035217285,
1tr7,,,,,
1trd,0.19151534140110016,,,1.0,
1tsi,0.23956505954265594,,,1.0,
1tsv,0.5655530691146851,,,0.9660751819610596,
1tsy,0.5748339891433716,,,0.9581567645072937,
1tt1,,,,,
1ttm,0.6824767589569092,,,0.9632866978645325,
1tu6,,,,,
1tuf,,,,,
1tv6,2.220520496368408,,,0.7267720103263855,
1tve,,,,,
1tvo,0.3956485092639923,,,0.9929519295692444,
1tvr,0.8790463805198669,,,0.8992000222206116,
1txr,0.7737118601799011,,,0.9283004403114319,
1tyn,,,,,
1tyr,,,,,
1tys,0.6503798365592957,,,0.9424493312835693,
1u0g,,,,,
1u2r,0.6733280420303345,,,0.9624824523925781,
1u2y,5.794438362121582,,,0.26003822684288025,
1u32,1.1644115447998047,,,0.8488211035728455,
1u33,1.5838721990585327,,,0.7744082808494568,
1u3r,,,,,
1u59,1.5409188270568848,,,0.7672972679138184,
1u65,1.7990726232528687,,,0.7522686123847961,
1u8t,,,,,
1u9l,,,,,
1ua4,1.2585787773132324,,,0.8124186992645264,
1ucn,,,,,
1udt,1.308991551399231,,,0.7638248801231384,
1uef,,,,,
1ugp,3.5291907787323,,,0.3442906439304352,
1ugw,,,,,
1ugx,,,,,
1ugy,,,,,
1uh1,,,,,
1uho,0.7193853855133057,,,0.9541160464286804,
1ui0,,,,,
1uj0,,,,,
1uj5,1.415305733680725,,,0.8103161454200745,
1uj6,0.631596565246582,,,0.8757009506225586,
1ujj,,,,,
1ujk,,,,,
1uk1,,,,,
1ukh,,,,,
1ukt,,,,,
1ule,,,,,
1ulg,,,,,
1uml,0.5006008148193359,,,0.9713930487632751,
1umw,,,,,
1ung,,,,,
1unl,0.6082521080970764,,,0.9595096707344055,
1uod,,,,,
1uom,1.0279687643051147,,,0.8565242290496826,
1uou,1.6030939817428589,,,0.813209056854248,
1upf,,,,,
1upk,,,,,
1ur9,,,,,
1urc,,,,,
1urg,,,,,
1usi,,,,,
1usk,,,,,
1utc,,,,,
1utj,,,,,
1utl,1.2619976997375488,,,0.8179824352264404,
1utm,0.40726640820503235,,,0.9892026782035828,
1uto,0.4672738015651703,,,0.9811912178993225,
1utp,1.0239136219024658,,,0.877464771270752,
1utr,,,,,
1utt,2.391969680786133,,,0.6177172660827637,
1uv5,0.318137526512146,,,0.996982753276825,
1uv6,,,,,
1uvs,,,,,
1uvt,,,,,
1uwb,0.6847259402275085,,,0.9493243098258972,
1uwf,0.814382016658783,,,0.896934449672699,
1uwt,,,,,
1uwu,,,,,
1ux7,,,,,
1uxa,,,,,
1uxb,,,,,
1uy7,0.5902443528175354,,,0.9432692527770996,
1uy9,1.4618301391601562,,,0.8286885023117065,
1uyc,0.8495674133300781,,,0.916809618473053,
1uyd,0.7822836637496948,,,0.8958646655082703,
1uyf,0.6415834426879883,,,0.9487463235855103,
1uyg,0.8082172274589539,,,0.8941637873649597,
1uyk,0.45687583088874817,,,0.9754385948181152,
1uym,0.6751565933227539,,,0.9356814622879028,
1uys,,,,,
1uz1,,,,,
1uz4,0.7298754453659058,,,0.9402552247047424,
1uz8,,,,,
1v0k,,,,,
1v0l,,,,,
1v0m,,,,,
1v0n,,,,,
1v0p,,,,,
1v11,4.674493312835693,,,0.4459896385669708,
1v16,5.134607315063477,,,0.37355658411979675,
1v1j,,,,,
1v1k,1.9047473669052124,,,0.7420440912246704,
1v1m,3.6017611026763916,,,0.6465649008750916,
1v2k,0.8523544073104858,,,0.8808016777038574,
1v3x,1.6897042989730835,,,0.8242263197898865,
1v48,0.35581377148628235,,,1.0,
1v79,1.1989284753799438,,,0.8754138946533203,
1v7a,0.5710017085075378,,,0.9467766284942627,
1vcj,1.4085369110107422,,,0.7786388397216797,
1vcu,,,,,
1vea,3.154168128967285,,,0.790436863899231,
1veb,2.8769123554229736,,,0.6470833420753479,
1vgc,0.4554173946380615,,,0.9737093448638916,
1vik,,,,,
1vj5,0.624640703201294,,,0.9484200477600098,
1vjc,2.0574944019317627,,,0.6729828715324402,
1vkj,,,,,
1vot,0.6002286076545715,,,0.9530988335609436,
1vwf,,,,,
1vyf,0.966554582118988,,,0.8765305876731873,
1vyg,1.886694073677063,,,0.7584683299064636,
1vyj,,,,,
1vyw,,,,,
1vyz,0.3228694796562195,,,0.9940000176429749,
1w10,1.0278761386871338,,,0.8926435112953186,
1w13,0.65220707654953,,,0.9240196347236633,
1w14,0.8674253225326538,,,0.9220705628395081,
1w1d,,,,,
1w1g,1.5540894269943237,,,0.7844626307487488,
1w1p,,,,,
1w1t,,,,,
1w1v,,,,,
1w1y,,,,,
1w25,,,,,
1w2g,,,,,
1w2h,,,,,
1w2x,,,,,
1w31,0.4741646945476532,,,0.9918879270553589,
1w3j,,,,,
1w3k,,,,,
1w3l,,,,,
1w4o,1.1273856163024902,,,0.8462199568748474,
1w4p,,,,,
1w4q,,,,,
1w51,1.0383057594299316,,,0.8729433417320251,
1w5v,,,,,
1w5w,,,,,
1w5x,1.5303339958190918,,,0.7584563493728638,
1w5y,2.194833993911743,,,0.6939523816108704,
1w6j,0.7317987084388733,,,0.9206621050834656,
1w6y,1.0220037698745728,,,0.9045566320419312,
1w70,,,,,
1w76,,,,,
1w7h,0.40324729681015015,,,0.9870689511299133,
1w80,,,,,
1w83,0.6557066440582275,,,0.9491666555404663,
1w84,0.4562377333641052,,,0.9712837934494019,
1w8l,0.4323268532752991,,,0.9869999885559082,
1w8m,0.49581000208854675,,,0.9575163125991821,
1way,0.7880265116691589,,,0.9552023410797119,
1wbg,1.250105857849121,,,0.8393223881721497,
1wbo,0.6025456190109253,,,0.9576612710952759,
1wbs,0.7130042314529419,,,0.9282477498054504,
1wbt,0.7152015566825867,,,0.9301210641860962,
1wbv,0.7530420422554016,,,0.9144562482833862,
1wbw,0.3522196412086487,,,0.9946714043617249,
1wcc,0.3792586922645569,,,0.9824903011322021,
1wcq,,,,,
1wdn,,,,,
1wdq,,,,,
1wdr,,,,,
1wdy,,,,,
1we2,0.6153231263160706,,,0.9546089172363281,
1wkm,,,,,
1wm1,0.8943173885345459,,,0.899021327495575,
1ws1,,,,,
1ws4,,,,,
1ws5,,,,,
1wug,,,,,
1wvc,4.061225891113281,,,0.6565138697624207,
1wvj,0.7282754182815552,,,0.9173228144645691,
1wzy,,,,,
1x07,0.443603515625,,,0.9814004302024841,
1x1z,,,,,
1x38,0.7038753032684326,,,0.9269621968269348,
1x39,0.7353181838989258,,,0.9106411933898926,
1x6u,0.7943931221961975,,,0.9187710285186768,
1x70,,,,,
1x78,,,,,
1x7b,,,,,
1x7e,,,,,
1x7q,,,,,
1x81,1.0312178134918213,,,0.8373180627822876,
1x8d,,,,,
1x8j,,,,,
1x8r,0.7154507040977478,,,0.9262485504150391,
1x8t,1.9303401708602905,,,0.7754189968109131,
1x9d,,,,,
1xa5,2.210350751876831,,,0.6309261322021484,
1xb7,,,,,
1xbb,0.8013176918029785,,,0.9650706648826599,
1xbc,0.6713030934333801,,,0.9308968186378479,
1xd0,,,,,
1xdd,,,,,
1xdg,,,,,
1xff,,,,,
1xge,2.712085723876953,,,0.4594474136829376,
1xh3,,,,,
1xh4,2.2366058826446533,,,0.6379245519638062,
1xh5,1.386949896812439,,,0.7772161960601807,
1xh7,2.1153743267059326,,,0.7311769127845764,
1xhm,,,,,
1xhy,0.7479541897773743,,,0.9323122501373291,
1xjd,,,,,
1xk9,,,,,
1xlz,,,,,
1xm6,,,,,
1xmy,,,,,
1xn0,,,,,
1xn2,,,,,
1xn3,,,,,
1xnx,,,,,
1xnz,0.31397727131843567,,,0.9858276844024658,
1xo2,0.5290374159812927,,,0.961693525314331,
1xoe,1.087458848953247,,,0.8532702326774597,
1xog,1.0178637504577637,,,0.8795971870422363,
1xom,,,,,
1xon,,,,,
1xoq,,,,,
1xor,,,,,
1xos,0.9615820050239563,,,0.867625892162323,
1xow,1.3259189128875732,,,0.8249630928039551,
1xoz,1.2899222373962402,,,0.7962185144424438,
1xr8,,,,,
1xr9,,,,,
1xs7,2.6137516498565674,,,0.5870806574821472,
1xsc,,,,,
1xt8,,,,,
1xud,,,,,
1xxe,,,,,
1xz8,1.2910012006759644,,,0.7938368320465088,
1y0l,,,,,
1y0x,1.0805977582931519,,,0.8417402505874634,
1y19,,,,,
1y20,0.13010263442993164,,,1.0,
1y2a,,,,,
1y2b,,,,,
1y2c,,,,,
1y2f,0.9472272396087646,,,0.9441260695457458,
1y2h,,,,,
1y3a,,,,,
1y3g,,,,,
1y3n,,,,,
1y3p,,,,,
1y6q,,,,,
1y8o,1.5350145101547241,,,0.7661169171333313,
1y8p,1.2654211521148682,,,0.8244456052780151,
1y91,0.5744831562042236,,,0.9587182402610779,
1ybg,,,,,
1yc1,1.7183645963668823,,,0.7503293752670288,
1yc4,1.3310869932174683,,,0.8136070966720581,
1yc5,0.5085023045539856,,,0.9516128897666931,
1yci,,,,,
1ycm,,,,,
1yda,0.5640193819999695,,,0.9530830979347229,
1ydb,0.3754679560661316,,,0.9960629940032959,
1ydd,1.2320551872253418,,,0.8876543045043945,
1ydk,,,,,
1ydr,0.8077095746994019,,,0.9198028445243835,
1yet,2.608104705810547,,,0.5425300002098083,
1yfz,,,,,
1yi3,1.3346583843231201,,,0.7877118587493896,
1ykp,,,,,
1ylv,0.23958274722099304,,,1.0,
1yly,,,,,
1ym1,,,,,
1ym2,,,,,
1ym4,,,,,
1yms,,,,,
1ymx,,,,,
1ynd,,,,,
1yon,4.234421253204346,,,0.5731552243232727,
1you,,,,,
1yq7,0.3450070917606354,,,0.9982598423957825,
1yqj,0.7848461270332336,,,0.9206703901290894,
1yqy,1.0268577337265015,,,0.8669934868812561,
1yrs,,,,,
1ysg,,,,,
1yt9,1.3165580034255981,,,0.8187976479530334,
1yvf,0.3938690721988678,,,0.9824159145355225,
1yvm,0.21060246229171753,,,1.0,
1yvz,0.5984047055244446,,,0.9306358098983765,
1yw7,0.9265122413635254,,,0.8863216042518616,
1yw8,0.9845992922782898,,,0.8650075197219849,
1ywh,,,,,
1ywi,,,,,
1yxd,,,,,
1yy4,,,,,
1yy6,,,,,
1yye,,,,,
1yyr,,,,,
1yys,0.8680282831192017,,,0.8722084164619446,
1yz3,,,,,
1z2b,,,,,
1z3j,,,,,
1z3t,,,,,
1z3v,,,,,
1z4n,,,,,
1z4o,,,,,
1z4u,0.6161124110221863,,,0.9553191661834717,
1z6d,,,,,
1z6e,2.0315873622894287,,,0.8169464468955994,
1z6f,1.7545461654663086,,,0.7891137599945068,
1z6s,,,,,
1z95,1.5854324102401733,,,0.7661042809486389,
1z9h,,,,,
1z9y,0.4759092330932617,,,0.9851816296577454,
1zaf,,,,,
1zaj,,,,,
1zc9,0.5802143216133118,,,0.9617834687232971,
1zd2,0.7239621877670288,,,0.9308080673217773,
1zd3,1.255297064781189,,,0.8734233975410461,
1zd4,0.7585258483886719,,,0.9125000238418579,
1zd5,9.460405349731445,,,0.3007945418357849,
1ze8,3.10961651802063,,,0.6979362368583679,
1zfq,,,,,
1zgb,3.4110963344573975,,,0.6428571343421936,
1zgi,1.2205326557159424,,,0.841796875,
1zgv,,,,,
1zh7,,,,,
1zhk,,,,,
1zhl,,,,,
1zhy,1.2052674293518066,,,0.8341514468193054,
1zkk,,,,,
1zkl,0.6961662769317627,,,0.9679665565490723,
1zkn,,,,,
1zky,,,,,
1zm6,,,,,
1zm7,,,,,
1zoe,0.16414333879947662,,,1.0,
1zog,,,,,
1zoh,0.4704669713973999,,,0.964640200138092,
1zom,2.814688205718994,,,0.7158710360527039,
1zpb,0.9266947507858276,,,0.9281914830207825,
1zpc,0.7515074014663696,,,0.9344432950019836,
1zsb,0.3766535222530365,,,0.9907143115997314,
1zsh,,,,,
1zsr,1.4813936948776245,,,0.8074250221252441,
1ztq,,,,,
1zub,,,,,
1zuc,,,,,
1zxv,,,,,
1zyj,0.4496600925922394,,,0.9799145460128784,
1zz1,,,,,
1zz2,0.7540748715400696,,,0.9152199029922485,
1zz3,,,,,
1zzl,0.4675808250904083,,,0.9852112531661987,
220l,0.3617018759250641,,,1.0,
223l,0.31373131275177,,,1.0,
2a0t,,,,,
2a25,,,,,
2a2g,,,,,
2a3i,,,,,
2a3x,,,,,
2a4g,1.3328592777252197,,,0.8309099674224854,
2a4l,0.6985905170440674,,,0.9486803412437439,
2a4m,1.875611662864685,,,0.6952662467956543,
2a4q,4.549919605255127,,,0.53724604845047,
2a4z,0.4829820692539215,,,0.9622641801834106,
2a58,,,,,
2a5b,0.932706892490387,,,0.8233855366706848,
2a5c,,,,,
2a5s,3.542778253555298,,,0.44514238834381104,
2a5u,2.381467819213867,,,0.6474258899688721,
2a8g,1.3076354265213013,,,0.8168550133705139,
2a8h,,,,,
2aa6,,,,,
2aa9,0.6361669301986694,,,0.9498587846755981,
2aac,,,,,
2aay,0.8029367923736572,,,0.9260563254356384,
2ad5,,,,,
2ada,0.7408831119537354,,,0.9176602363586426,
2adu,0.2913782596588135,,,0.9947229623794556,
2aeb,,,,,
2ael,4.30380916595459,,,0.38600629568099976,
2aez,,,,,
2afw,,,,,
2afx,,,,,
2agv,,,,,
2ai7,0.4765773415565491,,,0.9730769395828247,
2ai8,,,,,
2aia,0.5441241264343262,,,0.9636850357055664,
2aie,0.279957115650177,,,0.9973958134651184,
2aig,0.4812004864215851,,,0.9785627722740173,
2aj8,,,,,
2ajb,,,,,
2ajd,,,,,
2al5,,,,,
2alv,0.8463971614837646,,,0.9120579957962036,
2am1,0.4849493205547333,,,0.9734891653060913,
2am2,,,,,
2am4,2.286970853805542,,,0.7034671306610107,
2am9,0.9581745266914368,,,0.8709936141967773,
2ama,1.4057106971740723,,,0.8144916296005249,
2amt,,,,,
2amv,1.7574574947357178,,,0.7671451568603516,
2an5,,,,,
2ao6,1.2956945896148682,,,0.8678247928619385,
2aoc,,,,,
2aod,,,,,
2aoe,2.1317851543426514,,,0.771015465259552,
2aof,,,,,
2aog,,,,,
2aoh,,,,,
2aoi,,,,,
2aoj,,,,,
2aow,,,,,
2aox,,,,,
2aq7,,,,,
2aq9,,,,,
2aqb,,,,,
2arm,,,,,
2asu,,,,,
2ath,,,,,
2auc,,,,,
2aux,1.0080634355545044,,,0.8993344306945801,
2auz,0.6489970088005066,,,0.9533678889274597,
2avi,,,,,
2avm,1.5199570655822754,,,0.7854344844818115,
2avo,0.8576961755752563,,,0.9041595458984375,
2ax6,0.62116539478302,,,0.9527736306190491,
2ay1,0.42349550127983093,,,0.9803149700164795,
2ay2,0.31899261474609375,,,0.9880596995353699,
2ay3,,,,,
2ay4,0.36494725942611694,,,0.9904336929321289,
2ay6,0.4616183340549469,,,0.9719873070716858,
2ay7,,,,,
2ay8,,,,,
2az5,,,,,
2az8,3.951634168624878,,,0.7033678889274597,
2az9,1.5622369050979614,,,0.8166058659553528,
2azc,,,,,
2azm,,,,,
2azr,0.5264190435409546,,,0.9654545187950134,
2b17,1.3913087844848633,,,0.8260204195976257,
2b1g,,,,,
2b1i,,,,,
2b1p,1.1741141080856323,,,0.9001736044883728,
2b1q,,,,,
2b1r,,,,,
2b1v,,,,,
2b2v,,,,,
2b4l,0.16398441791534424,,,1.0,
2b4m,,,,,
2b54,0.4355747103691101,,,0.9814944267272949,
2b5j,0.5683045387268066,,,0.9571942687034607,
2b7a,,,,,
2b7f,,,,,
2b8l,0.7184840440750122,,,0.922950804233551,
2b8v,0.9909226298332214,,,0.8939189314842224,
2b9a,,,,,
2baj,0.34622693061828613,,,0.9943467378616333,
2bal,0.7668551802635193,,,0.9247311949729919,
2ban,0.787456750869751,,,0.9453015327453613,
2bba,,,,,
2bcd,,,,,
2bdl,5.207923889160156,,,0.3608614206314087,
2be2,0.40568819642066956,,,0.9839015007019043,
2bes,,,,,
2bet,,,,,
2bgd,0.4168727993965149,,,0.9833815097808838,
2bgr,,,,,
2bjm,0.18082168698310852,,,1.0,
2bkt,,,,,
2bkz,,,,,
2bmk,,,,,
2bmz,,,,,
2bo4,,,,,
2boh,0.6794561743736267,,,0.9398437738418579,
2boi,,,,,
2boj,,,,,
2bpv,1.0618059635162354,,,0.8735875487327576,
2bpy,,,,,
2bq6,0.5721445679664612,,,0.9419999718666077,
2bqv,1.7686259746551514,,,0.8264679908752441,
2bqw,1.6153993606567383,,,0.7591807842254639,
2br6,0.40061473846435547,,,0.9857456088066101,
2brb,1.5599524974822998,,,0.75,
2brm,0.7329267263412476,,,0.9211864471435547,
2brp,12.858932495117188,,,0.1808556616306305,
2bt9,,,,,
2btr,1.2042765617370605,,,0.894961953163147,
2bts,0.6931734085083008,,,0.9275291562080383,
2buv,0.4991894066333771,,,0.9666230082511902,
2bv4,,,,,
2bvd,0.8115168213844299,,,0.9305317401885986,
2bvx,0.4617217481136322,,,0.9828687310218811,
2bw7,,,,,
2bxt,1.0959876775741577,,,0.8694385886192322,
2byr,,,,,
2bys,,,,,
2bz8,,,,,
2bza,0.25703418254852295,,,1.0,
2bzz,3.3046083450317383,,,0.5355917811393738,
2c1a,1.0140634775161743,,,0.8703358173370361,
2c1b,1.5185506343841553,,,0.767957329750061,
2c1p,,,,,
2c1q,1.011569619178772,,,0.8831385374069214,
2c2l,,,,,
2c3l,0.33850234746932983,,,0.9912909865379333,
2c4v,0.2825818955898285,,,0.9979591965675354,
2c57,,,,,
2c5o,,,,,
2c68,0.5244570374488831,,,0.9678932428359985,
2c69,0.7042036652565002,,,0.9413716793060303,
2c6g,1.1884605884552002,,,0.8465228080749512,
2c6i,0.41610535979270935,,,0.9865556955337524,
2c6k,0.5011416077613831,,,0.9729452133178711,
2c6l,0.608773946762085,,,0.9463087320327759,
2c6o,0.8211037516593933,,,0.9119138121604919,
2c80,,,,,
2c90,,,,,
2c92,,,,,
2c94,,,,,
2c97,,,,,
2c9b,,,,,
2c9d,,,,,
2ca8,0.6214515566825867,,,0.9443855881690979,
2cbj,,,,,
2cbs,0.9594826102256775,,,0.8661859035491943,
2cbu,,,,,
2cbv,,,,,
2cbz,1.7782975435256958,,,0.8312000036239624,
2ccs,0.6853017807006836,,,0.9484127163887024,
2cct,0.3149721026420593,,,0.9896142482757568,
2ccu,3.4956679344177246,,,0.6696022748947144,
2ce9,,,,,
2ceq,,,,,
2cer,,,,,
2ces,,,,,
2cet,,,,,
2cex,1.293972134590149,,,0.7825443744659424,
2cgw,0.24725741147994995,,,1.0,
2cgx,0.29463332891464233,,,1.0,
2cht,,,,,
2chz,0.6705024838447571,,,0.9437298774719238,
2cia,,,,,
2cji,0.769904375076294,,,0.9148471355438232,
2ckm,2.377880334854126,,,0.7787547707557678,
2clf,,,,,
2clh,0.31812989711761475,,,0.9956140518188477,
2cli,0.3565431535243988,,,0.9982876777648926,
2clk,0.2006577104330063,,,1.0,
2cll,0.649013340473175,,,0.9546079635620117,
2clm,1.4751520156860352,,,0.7920863032341003,
2clo,0.35827305912971497,,,0.9914050698280334,
2cm8,1.6672303676605225,,,0.8585690259933472,
2cma,1.453099012374878,,,0.8247340321540833,
2cmb,1.9995884895324707,,,0.8011682033538818,
2cmc,3.701366901397705,,,0.7508351802825928,
2cmf,0.7480975389480591,,,0.901576578617096,
2cmo,2.0921874046325684,,,0.7167070508003235,
2cn8,0.3294842541217804,,,0.9925447106361389,
2cne,1.6343903541564941,,,0.7829641103744507,
2cnf,0.9710478186607361,,,0.9246487617492676,
2csm,15.21411418914795,,,0.004385964944958687,
2csn,0.450202614068985,,,0.9752941131591797,
2ctc,0.5058187246322632,,,0.9764397740364075,
2cv3,,,,,
2d06,,,,,
2d0k,,,,,
2d1x,,,,,
2d2v,,,,,
2d3u,,,,,
2d3z,,,,,
2dbl,9.491779327392578,,,0.18618881702423096,
2ddf,,,,,
2dri,,,,,
2ds1,1.4300631284713745,,,0.8150237798690796,
2dua,0.13172230124473572,,,1.0,
2duv,1.883133888244629,,,0.7469879388809204,
2dwx,,,,,
2dxs,,,,,
2e1w,0.9034063816070557,,,0.9111635088920593,
2e27,6.933454990386963,,,0.25205159187316895,
2e2r,0.5006182789802551,,,0.9593572616577148,
2e5y,,,,,
2e7f,,,,,
2e7l,,,,,
2e91,,,,,
2e92,,,,,
2e94,,,,,
2e95,1.135299563407898,,,0.8316075205802917,
2e99,,,,,
2e9d,,,,,
2e9o,0.8277130722999573,,,0.9274537563323975,
2ea2,0.7726883888244629,,,0.9025765061378479,
2eep,,,,,
2eg8,,,,,
2ei6,1.2893446683883667,,,0.9233333468437195,
2epn,,,,,
2er0,,,,,
2er6,,,,,
2er9,,,,,
2esm,,,,,
2etk,,,,,
2etm,,,,,
2etr,,,,,
2eum,,,,,
2evc,0.2301037758588791,,,0.991651177406311,
2evl,,,,,
2evm,0.41438040137290955,,,0.9834401607513428,
2evo,,,,,
2ew5,2.801928997039795,,,0.6751968264579773,
2ew6,0.6161714792251587,,,0.9445667862892151,
2ewa,0.9953376650810242,,,0.9193323850631714,
2ewb,9.331439971923828,,,0.374794065952301,
2ews,,,,,
2ewy,,,,,
2exg,,,,,
2exm,0.2651567757129669,,,1.0,
2ez5,,,,,
2ez7,6.924677848815918,,,0.24542683362960815,
2f01,,,,,
2f18,1.5711379051208496,,,0.7555350661277771,
2f1a,1.902700662612915,,,0.6924428939819336,
2f1b,1.0951594114303589,,,0.8159340620040894,
2f3e,,,,,
2f3f,,,,,
2f3r,,,,,
2f5t,,,,,
2f6j,,,,,
2f7o,0.8632099628448486,,,0.8973922729492188,
2f7p,1.8705929517745972,,,0.7923588156700134,
2f8i,,,,,
2f9k,0.44457393884658813,,,0.9906716346740723,
2fah,,,,,
2fai,,,,,
2fb8,,,,,
2fda,1.2235814332962036,,,0.8516556024551392,
2fdd,1.0460063219070435,,,0.866217315196991,
2fde,1.072170376777649,,,0.8636924624443054,
2fdp,,,,,
2ff1,,,,,
2ff2,,,,,
2fgh,,,,,
2fgu,,,,,
2fgv,,,,,
2fhy,,,,,
2fj0,0.571043848991394,,,0.9691901206970215,
2fkf,7.637838363647461,,,0.10536159574985504,
2fl2,,,,,
2fl5,,,,,
2fle,,,,,
2flh,,,,,
2flr,10.806840896606445,,,0.12417994439601898,
2flu,,,,,
2fm2,3.3430285453796387,,,0.6923728585243225,
2fmb,12.95372486114502,,,0.1193232387304306,
2fme,,,,,
2fo4,,,,,
2fpz,,,,,
2fq6,,,,,
2fqt,1.8352102041244507,,,0.7854166626930237,
2fqw,1.12473726272583,,,0.8591654300689697,
2fqx,1.0091161727905273,,,0.8668360114097595,
2fqy,,,,,
2fr3,1.9758079051971436,,,0.7898613810539246,
2fsv,19.114294052124023,,,0.02002640813589096,
2ftd,,,,,
2fv5,,,,,
2fv9,,,,,
2fw3,0.7659005522727966,,,0.9035966992378235,
2fw6,0.47454726696014404,,,0.976344108581543,
2fwp,0.3918928802013397,,,0.9923912882804871,
2fwy,1.0824310779571533,,,0.9066068530082703,
2fwz,1.1234772205352783,,,0.8896210789680481,
2fx7,,,,,
2fx9,,,,,
2fxr,,,,,
2fxu,1.7353529930114746,,,0.7683417201042175,
2fyv,1.5562195777893066,,,0.8242574334144592,
2fzc,,,,,
2fzk,,,,,
2g0h,,,,,
2g19,0.5106868743896484,,,0.9740325808525085,
2g1q,,,,,
2g1r,,,,,
2g1y,,,,,
2g24,1.1079515218734741,,,0.8709677457809448,
2g5p,0.6723114252090454,,,0.9423945546150208,
2g5t,0.740236759185791,,,0.957619845867157,
2g63,1.4276877641677856,,,0.8958333134651184,
2g6p,0.4657415449619293,,,0.9820296168327332,
2g6q,,,,,
2g71,,,,,
2g72,,,,,
2g78,0.664988100528717,,,0.9382352828979492,
2g79,0.7493543028831482,,,0.931382954120636,
2g83,,,,,
2g8n,,,,,
2g8r,,,,,
2g94,,,,,
2g9q,1.113288402557373,,,0.8204023241996765,
2g9r,3.4069697856903076,,,0.6509804129600525,
2g9u,2.998753786087036,,,0.6475037932395935,
2g9v,1.0607537031173706,,,0.8570442199707031,
2gbf,0.44247686862945557,,,0.9729872941970825,
2gbg,0.6915972828865051,,,0.942375898361206,
2gbi,1.8532917499542236,,,0.7538119554519653,
2gd8,,,,,
2gej,2.2425239086151123,,,0.662151038646698,
2gek,1.4189567565917969,,,0.800494372844696,
2gfa,,,,,
2gfk,,,,,
2gfs,0.7686634659767151,,,0.9001426696777344,
2gg0,2.8352644443511963,,,0.7004608511924744,
2gg3,0.47465935349464417,,,0.977078914642334,
2gg5,0.7472444772720337,,,0.9455284476280212,
2gg7,0.3560299277305603,,,0.9913294911384583,
2ggb,1.0502386093139648,,,0.8712948560714722,
2ggu,,,,,
2gh6,,,,,
2gh7,,,,,
2gh9,,,,,
2gj4,33.364994049072266,,,0.0,
2gj5,,,,,
2gkl,2.467177629470825,,,0.7123287916183472,
2gl0,,,,,
2glp,,,,,
2gm1,,,,,
2gm9,40.330970764160156,,,0.0,
2gmx,,,,,
2gnf,1.4201005697250366,,,0.8473118543624878,
2gni,0.7887484431266785,,,0.9177852272987366,
2gnj,1.154573678970337,,,0.8634488582611084,
2go4,,,,,
2gtk,0.5972129106521606,,,0.9331651926040649,
2gtv,,,,,
2gvv,0.7376776337623596,,,0.9214628338813782,
2gyi,,,,,
2gz2,,,,,
2gz7,,,,,
2gzl,,,,,
2h13,,,,,
2h15,1.8243614435195923,,,0.7345132827758789,
2h2d,,,,,
2h2g,,,,,
2h3e,,,,,
2h42,,,,,
2h4g,0.3613004684448242,,,0.9964850544929504,
2h4k,0.5503778457641602,,,0.9805956482887268,
2h4n,0.598505973815918,,,0.9594395160675049,
2h5a,5.318454265594482,,,0.2880348563194275,
2h5d,,,,,
2h5e,,,,,
2h5i,,,,,
2h5j,,,,,
2h65,,,,,
2h6b,,,,,
2h6k,,,,,
2h6t,,,,,
2h96,,,,,
2h9m,,,,,
2h9n,,,,,
2h9p,,,,,
2h9t,,,,,
2ha0,,,,,
2ha2,,,,,
2ha3,,,,,
2ha4,,,,,
2ha5,,,,,
2ha6,,,,,
2ha7,,,,,
2hah,4.663761615753174,,,0.5544096827507019,
2hai,1.9669594764709473,,,0.6733687520027161,
2haw,,,,,
2hb1,0.2136567085981369,,,1.0,
2hd1,,,,,
2hdq,,,,,
2hds,,,,,
2hf8,,,,,
2hh5,,,,,
2hha,,,,,
2hiw,,,,,
2hjb,,,,,
2hkf,,,,,
2hm1,4.675849437713623,,,0.6073876619338989,
2hmb,1.087522029876709,,,0.8504902124404907,
2hmu,,,,,
2hmv,,,,,
2hmw,,,,,
2hnc,0.2158726155757904,,,1.0,
2hnx,0.7369397878646851,,,0.925543487071991,
2hny,1.3843023777008057,,,0.7692307829856873,
2hob,,,,,
2hoc,,,,,
2hog,1.675482153892517,,,0.8357874751091003,
2hqu,,,,,
2hr6,22.296497344970703,,,0.0,
2hrm,24.01744842529297,,,0.0,
2hvx,2.703146457672119,,,0.6185468435287476,
2hw2,,,,,
2hwg,,,,,
2hwp,,,,,
2hyy,,,,,
2hz0,,,,,
2hz4,,,,,
2hzi,,,,,
2hzl,,,,,
2hzn,0.7869254946708679,,,0.9064294099807739,
2hzy,,,,,
2i0g,,,,,
2i0h,,,,,
2i0v,1.788250207901001,,,0.6898542046546936,
2i0y,0.8286125063896179,,,0.9225759506225586,
2i1m,0.9644951820373535,,,0.9026580452919006,
2i2c,6.692595958709717,,,0.34125587344169617,
2i3h,,,,,
2i3i,,,,,
2i3v,,,,,
2i3z,0.7019772529602051,,,0.922281801700592,
2i40,,,,,
2i4t,,,,,
2i4w,0.9881490468978882,,,0.876153826713562,
2i5f,,,,,
2i5j,9.623398780822754,,,0.13124999403953552,
2i6b,,,,,
2i72,,,,,
2idk,,,,,
2ie4,1.0700751543045044,,,0.8330479264259338,
2ig0,,,,,
2igv,,,,,
2igw,,,,,
2igx,1.4102778434753418,,,0.8045927286148071,
2ihj,,,,,
2ihq,0.8703517317771912,,,0.902999997138977,
2iit,,,,,
2iiv,,,,,
2ima,,,,,
2imd,,,,,
2io6,0.5867262482643127,,,0.9548919796943665,
2ioa,,,,,
2iok,,,,,
2ipo,,,,,
2irz,1.298536777496338,,,0.8140172362327576,
2isc,,,,,
2isv,,,,,
2isw,0.21181230247020721,,,1.0,
2it4,0.8713802695274353,,,0.8909774422645569,
2ito,0.8000736832618713,,,0.9383803009986877,
2ity,1.204556941986084,,,0.8938506841659546,
2itz,0.7234047055244446,,,0.9728915691375732,
2iu0,8.189078330993652,,,0.1137184128165245,
2iv9,,,,,
2ivu,1.3799935579299927,,,0.7760844230651855,
2ivz,,,,,
2iw6,,,,,
2iyf,,,,,
2izl,,,,,
2izx,,,,,
2j27,,,,,
2j2u,,,,,
2j34,1.0230767726898193,,,0.892123281955719,
2j47,1.37041437625885,,,0.7686136364936829,
2j4a,1.1187809705734253,,,0.8600000143051147,
2j4g,,,,,
2j4i,1.5094571113586426,,,0.807692289352417,
2j4k,,,,,
2j4q,,,,,
2j4z,,,,,
2j50,,,,,
2j62,,,,,
2j75,,,,,
2j77,,,,,
2j78,,,,,
2j79,,,,,
2j7b,,,,,
2j7d,,,,,
2j7e,,,,,
2j7f,,,,,
2j7g,,,,,
2j7h,,,,,
2j7w,0.9173484444618225,,,0.9177350401878357,
2j7x,1.2080669403076172,,,0.8389544486999512,
2j83,,,,,
2j87,,,,,
2j94,1.2887648344039917,,,0.8121019005775452,
2j95,1.0610206127166748,,,0.9013840556144714,
2j9a,,,,,
2j9h,,,,,
2j9l,,,,,
2ja3,,,,,
2jal,,,,,
2jbk,1.523512840270996,,,0.8073843121528625,
2jbl,1.0384323596954346,,,0.855586588382721,
2jbo,0.9485025405883789,,,0.8596368432044983,
2jbu,,,,,
2jc0,,,,,
2jdh,,,,,
2jdl,,,,,
2jdm,,,,,
2jdn,,,,,
2jdo,3.994816303253174,,,0.5252960324287415,
2jdp,,,,,
2jdt,0.809847891330719,,,0.9367549419403076,
2jdu,,,,,
2jdy,,,,,
2jew,0.4893052577972412,,,0.9740465879440308,
2jf4,1.000300407409668,,,0.857758641242981,
2jfh,1.6618244647979736,,,0.8330618739128113,
2jg0,1.0181862115859985,,,0.8697394728660583,
2jg8,2.923750162124634,,,0.5773137807846069,
2jgs,,,,,
2jh0,0.5321627259254456,,,0.9723307490348816,
2jh5,0.6764428615570068,,,0.9373342394828796,
2jh6,3.1696043014526367,,,0.6776390671730042,
2jiw,,,,,
2jj3,,,,,
2jjb,,,,,
2jjk,,,,,
2jjr,0.20898200571537018,,,1.0,
2jk9,,,,,
2jke,,,,,
2jkh,1.390115737915039,,,0.779608964920044,
2jko,0.6889327764511108,,,0.9324712753295898,
2jkp,,,,,
2jkq,1.5020188093185425,,,0.8743154406547546,
2jnp,,,,,
2jo9,,,,,
2joa,,,,,
2jq9,,,,,
2jqi,,,,,
2jqk,,,,,
2jql,,,,,
2jsd,,,,,
2jst,,,,,
2jup,,,,,
2jxr,0.7306275963783264,,,0.923902690410614,
2k00,,,,,
2k0g,,,,,
2k0x,,,,,
2k1q,,,,,
2k2g,,,,,
2k2r,,,,,
2k3w,,,,,
2k46,,,,,
2k4i,,,,,
2kbr,,,,,
2kbs,,,,,
2kdh,,,,,
2ke1,,,,,
2kgi,,,,,
2khh,,,,,
2knh,,,,,
2ko7,,,,,
2koh,,,,,
2kp8,,,,,
2ks9,,,,,
2ksp,,,,,
2kup,,,,,
2kvm,,,,,
2l0i,,,,,
2l12,,,,,
2l1b,,,,,
2l3r,,,,,
2l6e,,,,,
2l6j,,,,,
2l7u,,,,,
2l8j,,,,,
2l98,,,,,
2las,,,,,
2lbm,,,,,
2lbv,,,,,
2lcs,,,,,
2lct,,,,,
2lha,,,,,
2liq,,,,,
2lkk,,,,,
2lko,,,,,
2ll6,,,,,
2ll7,,,,,
2lpr,,,,,
2lsr,,,,,
2lsv,,,,,
2ltv,,,,,
2ltw,,,,,
2ltx,,,,,
2lty,,,,,
2ly0,,,,,
2lya,,,,,
2lyb,,,,,
2m0o,,,,,
2m0v,,,,,
2m3o,,,,,
2m41,,,,,
2mas,,,,,
2mc1,,,,,
2mg5,,,,,
2mip,,,,,
2mji,,,,,
2mkr,,,,,
2mlm,,,,,
2mnz,,,,,
2mow,,,,,
2mps,,,,,
2ms4,,,,,
2mwy,,,,,
2n0u,,,,,
2n27,,,,,
2n3k,,,,,
2n8t,,,,,
2n9e,,,,,
2n9x,,,,,
2ncz,,,,,
2nd0,,,,,
2ndf,,,,,
2ndg,,,,,
2ndo,,,,,
2nm1,,,,,
2nn8,,,,,
2nnd,0.19843465089797974,,,1.0,
2nng,0.5203678011894226,,,0.988095223903656,
2nnk,1.450068473815918,,,0.7707192897796631,
2nnp,0.9738746285438538,,,0.8689154386520386,
2nns,,,,,
2np9,,,,,
2nq6,0.4155970513820648,,,0.9900793433189392,
2nq7,0.48449990153312683,,,0.9751521348953247,
2nsj,0.8309533596038818,,,0.8853846192359924,
2nsl,0.8920603394508362,,,0.9058333039283752,
2nsx,,,,,
2nt7,0.9765703678131104,,,0.9038265347480774,
2nta,0.5471288561820984,,,0.9571999907493591,
2ntf,,,,,
2nv7,,,,,
2nw4,0.8913366794586182,,,0.8753571510314941,
2nwl,,,,,
2nwn,,,,,
2nww,,,,,
2nxd,,,,,
2nyr,,,,,
2o1c,,,,,
2o1v,,,,,
2o2u,0.3783355951309204,,,0.9834494590759277,
2o3p,1.4964488744735718,,,0.8655115365982056,
2o3z,,,,,
2o4h,,,,,
2o4j,0.7139778733253479,,,0.926764726638794,
2o4r,1.0007195472717285,,,0.8871809840202332,
2o4s,1.188759684562683,,,0.8084897994995117,
2o4z,0.28806647658348083,,,0.9966063499450684,
2o63,0.5790098309516907,,,0.9675043225288391,
2o65,6.9086809158325195,,,0.24133948981761932,
2o7v,,,,,
2o9a,,,,,
2o9i,,,,,
2o9j,1.0994677543640137,,,0.8527607321739197,
2o9r,,,,,
2o9v,,,,,
2oa0,0.4270823895931244,,,0.9851046800613403,
2oax,,,,,
2obf,,,,,
2obo,1.245099425315857,,,0.7659642696380615,
2oc0,3.981130361557007,,,0.6206803321838379,
2oc1,0.7829362750053406,,,0.9256476759910583,
2oc4,1.0539910793304443,,,0.8854166865348816,
2oc7,,,,,
2oc9,2.4164724349975586,,,0.7681543231010437,
2odd,,,,,
2oei,,,,,
2of2,0.5696634650230408,,,0.9566831588745117,
2off,34.589576721191406,,,0.0,
2ogy,,,,,
2ohk,,,,,
2ohm,0.39301520586013794,,,0.9904761910438538,
2ohp,,,,,
2ohq,,,,,
2oht,0.3862963616847992,,,0.9949209690093994,
2ohu,0.9721860289573669,,,0.878830075263977,
2ohv,0.8643121123313904,,,0.8866544961929321,
2oi0,1.3265389204025269,,,0.7755934596061707,
2oi2,1.0587825775146484,,,0.8733396530151367,
2oi3,,,,,
2oi9,,,,,
2oiq,1.5682796239852905,,,0.7820150852203369,
2oj9,0.8599047064781189,,,0.9061210751533508,
2ojg,0.1959923803806305,,,1.0,
2oji,0.47121745347976685,,,0.9782794117927551,
2ojj,0.6069689989089966,,,0.9628880023956299,
2olb,,,,,
2ole,,,,,
2on3,,,,,
2on6,2.7093114852905273,,,0.6641167998313904,
2onb,2.1466214656829834,,,0.752212405204773,
2ooz,0.33693110942840576,,,0.9931761622428894,
2op3,,,,,
2op9,,,,,
2opb,,,,,
2oph,,,,,
2oq6,,,,,
2oqi,1.142926573753357,,,0.8249686360359192,
2or4,0.7045886516571045,,,0.9462890625,
2or9,,,,,
2ork,,,,,
2os9,,,,,
2osm,2.339385509490967,,,0.6901639103889465,
2ot1,,,,,
2ov4,1.8855156898498535,,,0.7397798895835876,
2ovq,,,,,
2ovv,0.48726847767829895,,,0.9737569093704224,
2ovy,0.7697789072990417,,,0.9276785850524902,
2ow2,,,,,
2ow6,1.1189810037612915,,,0.8625792860984802,
2ow7,0.7352422475814819,,,0.9124423861503601,
2ow9,,,,,
2oxd,0.7614221572875977,,,0.8930445909500122,
2oxn,0.573079526424408,,,0.9569408893585205,
2oxx,0.23873473703861237,,,1.0,
2oxy,,,,,
2oyk,,,,,
2oyl,,,,,
2oz2,,,,,
2oz7,2.2151379585266113,,,0.6696904897689819,
2p09,2.346863031387329,,,0.7996503710746765,
2p0d,1.2937136888504028,,,0.8224381804466248,
2p0x,,,,,
2p15,,,,,
2p1c,,,,,
2p2a,0.5925291776657104,,,0.9429547786712646,
2p3a,1.4082118272781372,,,0.7985888123512268,
2p3c,,,,,
2p3g,1.483296275138855,,,0.8432267904281616,
2p3i,1.4262783527374268,,,0.8339080214500427,
2p4j,,,,,
2p4s,,,,,
2p4y,,,,,
2p53,,,,,
2p7a,0.4961208701133728,,,0.977419376373291,
2p7g,0.49127447605133057,,,0.966946005821228,
2p93,1.1918163299560547,,,0.8411967754364014,
2p94,1.0528662204742432,,,0.9026235938072205,
2p99,0.6182462573051453,,,0.9375,
2p9a,3.946579694747925,,,0.4440406858921051,
2pax,0.2254534512758255,,,1.0,
2pbw,,,,,
2peh,,,,,
2pem,,,,,
2pfy,,,,,
2pg2,,,,,
2ph6,0.8850758671760559,,,0.910179615020752,
2ph8,1.635092854499817,,,0.7294589281082153,
2ph9,,,,,
2phb,1.641470193862915,,,0.826106607913971,
2piy,,,,,
2piz,,,,,
2pj0,,,,,
2pj1,,,,,
2pj2,,,,,
2pj3,,,,,
2pj4,,,,,
2pj5,,,,,
2pj6,0.7778030037879944,,,0.9498806595802307,
2pj7,,,,,
2pj8,,,,,
2pj9,,,,,
2pja,,,,,
2pjc,,,,,
2pjl,,,,,
2pmc,,,,,
2pmk,1.3317276239395142,,,0.8149150013923645,
2pnx,,,,,
2poq,0.9573151469230652,,,0.8779863715171814,
2pou,1.012040138244629,,,0.9383910298347473,
2pq9,0.8870341777801514,,,0.9045553207397461,
2pqb,,,,,
2pqc,2.108668565750122,,,0.6725543737411499,
2pqj,,,,,
2pql,0.16267751157283783,,,1.0,
2pr9,,,,,
2pri,31.91578483581543,,,0.0,
2prj,0.5261744856834412,,,0.9595000147819519,
2psv,0.9423361420631409,,,0.8926600217819214,
2psx,,,,,
2ptz,0.562955379486084,,,0.9610705375671387,
2pu0,0.21998119354248047,,,1.0,
2pu1,1.1507972478866577,,,0.8826530575752258,
2pu2,,,,,
2puy,,,,,
2pv1,,,,,
2pv2,,,,,
2pv3,,,,,
2pvh,0.55933678150177,,,0.9504910111427307,
2pvj,1.4896079301834106,,,0.8561508059501648,
2pvk,2.5550410747528076,,,0.7243958711624146,
2pvl,1.0265038013458252,,,0.9254636168479919,
2pvm,1.5220985412597656,,,0.8363970518112183,
2pvn,7.1761860847473145,,,0.3050670027732849,
2pvu,1.7977951765060425,,,0.7021780014038086,
2pvv,0.3691396415233612,,,0.9912382960319519,
2pwd,,,,,
2pwg,,,,,
2pwr,,,,,
2py4,26.87166976928711,,,0.0,
2pyi,1.4779081344604492,,,0.7559847831726074,
2pyn,6.013830661773682,,,0.3859945833683014,
2pyy,,,,,
2pze,,,,,
2pzi,,,,,
2q1l,,,,,
2q2a,,,,,
2q2c,,,,,
2q2y,,,,,
2q2z,,,,,
2q38,,,,,
2q3z,,,,,
2q54,1.323438286781311,,,0.8086603879928589,
2q5k,0.9401382803916931,,,0.8916389346122742,
2q63,,,,,
2q64,0.7959791421890259,,,0.9100580215454102,
2q6f,,,,,
2q6h,,,,,
2q72,,,,,
2q7o,1.5641685724258423,,,0.7943548560142517,
2q7q,,,,,
2q7y,1.3175053596496582,,,0.8596754670143127,
2q80,,,,,
2q88,0.47674429416656494,,,0.9737149477005005,
2q89,1.13178288936615,,,0.8477182388305664,
2q8h,0.5129526257514954,,,0.9699074029922485,
2q8i,2.0407495498657227,,,0.6238872408866882,
2q8s,0.7169033885002136,,,0.9428143501281738,
2q8z,,,,,
2q93,0.32599031925201416,,,0.9912382960319519,
2q94,0.9251365661621094,,,0.8607438206672668,
2q96,1.4805328845977783,,,0.7899436354637146,
2q9m,,,,,
2q9n,4.320197582244873,,,0.593047022819519,
2q9y,0.3696422874927521,,,0.9938356280326843,
2qaf,,,,,
2qbq,0.8740568161010742,,,0.9325451850891113,
2qbs,0.5179110765457153,,,0.9742753505706787,
2qbw,,,,,
2qbx,,,,,
2qc6,1.3788814544677734,,,0.8251096606254578,
2qcd,,,,,
2qcf,1.060448408126831,,,0.8832312226295471,
2qcg,,,,,
2qci,0.8912653923034668,,,0.8846328258514404,
2qcm,0.7317258715629578,,,0.9412479996681213,
2qcn,,,,,
2qd6,,,,,
2qd9,0.9011374115943909,,,0.9514925479888916,
2qdt,0.8673806190490723,,,0.8976868391036987,
2qe2,,,,,
2qf6,,,,,
2qfo,0.37678787112236023,,,0.9850000143051147,
2qg0,,,,,
2qg2,0.30926066637039185,,,0.9976635575294495,
2qh6,,,,,
2qhc,2.560673236846924,,,0.627761960029602,
2qhn,0.3614705801010132,,,0.997802197933197,
2qhy,1.0569908618927002,,,0.8602050542831421,
2qhz,0.4108595848083496,,,0.9803677797317505,
2qi0,1.4482355117797852,,,0.8212489485740662,
2qi1,1.525928258895874,,,0.7856255173683167,
2qi3,1.3851252794265747,,,0.8121801614761353,
2qi5,0.8558284640312195,,,0.8991897106170654,
2qic,,,,,
2qiq,0.8918494582176208,,,0.9095454812049866,
2qju,0.8657979369163513,,,0.9023297429084778,
2qk5,,,,,
2qky,,,,,
2ql5,,,,,
2ql7,,,,,
2ql9,,,,,
2qlb,,,,,
2qlf,,,,,
2qlj,,,,,
2qlm,1.1646544933319092,,,0.8209677338600159,
2qln,0.9294382333755493,,,0.8556673526763916,
2qm7,,,,,
2qmd,,,,,
2qmf,,,,,
2qmj,,,,,
2qn1,3.7323126792907715,,,0.45124804973602295,
2qn2,4.280630111694336,,,0.33680057525634766,
2qn3,1.5336488485336304,,,0.763224184513092,
2qnb,,,,,
2qnn,,,,,
2qnx,,,,,
2qnz,,,,,
2qo1,,,,,
2qo8,1.9585334062576294,,,0.8870614171028137,
2qoa,,,,,
2qoe,,,,,
2qoh,,,,,
2qp8,,,,,
2qpj,0.935238778591156,,,0.8645526170730591,
2qpq,,,,,
2qpu,,,,,
2qrh,1.4405771493911743,,,0.789910614490509,
2qrk,0.6543049216270447,,,0.9363468885421753,
2qrl,0.1722598820924759,,,1.0,
2qrm,1.0585328340530396,,,0.8702152967453003,
2qrp,1.2653553485870361,,,0.831556499004364,
2qrq,1.0852285623550415,,,0.8445558547973633,
2qt5,,,,,
2qt9,,,,,
2qtb,,,,,
2qtg,,,,,
2qtt,0.9160140156745911,,,0.8932968378067017,
2qu6,,,,,
2qv7,3.676525115966797,,,0.4843243360519409,
2qve,,,,,
2qw1,4.149073600769043,,,0.45028409361839294,
2qwb,,,,,
2qwc,1.3906445503234863,,,0.83740234375,
2qwd,0.8111523389816284,,,0.9189913868904114,
2qwe,,,,,
2qwf,1.1917712688446045,,,0.8189922571182251,
2qwg,1.5609612464904785,,,0.7546641826629639,
2qx0,,,,,
2qzk,2.422281503677368,,,0.6329491138458252,
2qzl,0.8344373106956482,,,0.9149895906448364,
2qzr,2.225188732147217,,,0.8130000233650208,
2qzx,,,,,
2r03,,,,,
2r0h,,,,,
2r0u,1.665553092956543,,,0.741990864276886,
2r0y,,,,,
2r1w,,,,,
2r1x,,,,,
2r1y,,,,,
2r23,,,,,
2r2b,,,,,
2r3c,,,,,
2r3f,0.5180938839912415,,,0.9619728922843933,
2r3g,5.86667013168335,,,0.2899082601070404,
2r3h,0.35985833406448364,,,0.9846311211585999,
2r3j,1.0748341083526611,,,0.9087733030319214,
2r3k,0.5141568779945374,,,0.9781249761581421,
2r3m,0.7114839553833008,,,0.9498730897903442,
2r3n,0.9607239365577698,,,0.9147058725357056,
2r3o,1.023232102394104,,,0.913385808467865,
2r3p,0.6417384147644043,,,0.9666203260421753,
2r3t,1.0480161905288696,,,0.8591402173042297,
2r3y,,,,,
2r4b,,,,,
2r4f,,,,,
2r58,0.4936041533946991,,,0.9617021083831787,
2r5a,0.32473328709602356,,,1.0,
2r5q,,,,,
2r6f,,,,,
2r6n,1.618822693824768,,,0.7284023761749268,
2r6w,,,,,
2r75,1.121525526046753,,,0.862610399723053,
2r7g,,,,,
2r8q,,,,,
2r9b,,,,,
2r9m,,,,,
2ra6,,,,,
2rc8,,,,,
2rc9,,,,,
2rcb,,,,,
2rcn,1.2467055320739746,,,0.8887381553649902,
2rcu,,,,,
2rcw,0.4483626186847687,,,0.9836409687995911,
2rcx,,,,,
2reg,,,,,
2rf2,0.9140059947967529,,,0.873229444026947,
2rfy,,,,,
2rg5,0.5275673270225525,,,0.962193489074707,
2rg6,,,,,
2rgu,,,,,
2ri9,,,,,
2ria,,,,,
2rib,,,,,
2rin,,,,,
2rio,,,,,
2rip,0.6267943382263184,,,0.9319213032722473,
2rjp,,,,,
2rjr,1.6660692691802979,,,0.7504990100860596,
2rjs,,,,,
2rk7,,,,,
2rk8,,,,,
2rka,,,,,
2rkd,0.6117041707038879,,,0.9466192126274109,
2rkf,1.25026535987854,,,0.8352223038673401,
2rkg,0.8383467197418213,,,0.8855777978897095,
2rkm,,,,,
2rkn,,,,,
2rku,1.2093812227249146,,,0.829865038394928,
2rly,,,,,
2rm0,,,,,
2rnw,,,,,
2rnx,,,,,
2rol,,,,,
2rox,,,,,
2rqu,,,,,
2rvn,,,,,
2sfp,,,,,
2sim,1.4733837842941284,,,0.7962297797203064,
2srt,,,,,
2std,0.23994548618793488,,,1.0,
2tpi,,,,,
2tsr,,,,,
2upj,4.741604328155518,,,0.4379611015319824,
2usn,6.48817253112793,,,0.5176281929016113,
2uuo,1.9253101348876953,,,0.7853773832321167,
2uup,1.1673578023910522,,,0.833116888999939,
2uvm,,,,,
2uw8,6.418940544128418,,,0.3465058207511902,
2uwd,0.6496226787567139,,,0.9430758953094482,
2uwl,0.460428386926651,,,0.9719387888908386,
2uwo,0.6237796545028687,,,0.9468896985054016,
2uwp,0.5706541538238525,,,0.9558638334274292,
2uxi,,,,,
2uxu,,,,,
2uy3,0.16135120391845703,,,1.0,
2uy5,2.4415128231048584,,,0.642961859703064,
2uyi,,,,,
2uym,,,,,
2uyn,,,,,
2uyw,,,,,
2uz6,,,,,
2uz9,0.25838544964790344,,,0.9941314458847046,
2uzb,,,,,
2uzd,,,,,
2uzj,,,,,
2uzl,,,,,
2v00,0.3482065200805664,,,0.9911556839942932,
2v0z,,,,,
2v10,,,,,
2v11,,,,,
2v12,,,,,
2v13,1.1609821319580078,,,0.8336693644523621,
2v16,,,,,
2v22,,,,,
2v25,,,,,
2v2c,0.28530269861221313,,,1.0,
2v2h,,,,,
2v2q,,,,,
2v2v,,,,,
2v3d,,,,,
2v3e,,,,,
2v3u,0.7379871606826782,,,0.9360294342041016,
2v54,,,,,
2v57,,,,,
2v58,,,,,
2v59,,,,,
2v5a,0.630667507648468,,,0.9328829050064087,
2v7d,,,,,
2v83,,,,,
2v95,6.700801372528076,,,0.34609755873680115,
2va5,0.7745943665504456,,,0.9413506984710693,
2vb8,,,,,
2vba,0.9341702461242676,,,0.9391509294509888,
2vc7,,,,,
2vc9,0.9592517018318176,,,0.8808793425559998,
2vcg,,,,,
2vd1,1.535370945930481,,,0.8799999952316284,
2veu,2.334782600402832,,,0.8303179740905762,
2vew,,,,,
2vey,1.156276822090149,,,0.848024308681488,
2vf6,0.2172365039587021,,,1.0,
2vfk,1.3368663787841797,,,0.7954071164131165,
2vfz,,,,,
2vgc,0.5568127632141113,,,0.9576271176338196,
2vh0,1.939092755317688,,,0.8036750555038452,
2vh6,0.9637104272842407,,,0.8945783376693726,
2vi5,,,,,
2vin,0.7642176151275635,,,0.9012141227722168,
2vio,0.4772825539112091,,,0.9811828136444092,
2vip,0.8025360107421875,,,0.8866231441497803,
2viq,1.0425382852554321,,,0.8455555438995361,
2viw,4.225831508636475,,,0.6154494285583496,
2viz,0.7988013029098511,,,0.9178187251091003,
2vj6,0.9564699530601501,,,0.886188268661499,
2vj8,5.594409942626953,,,0.30020371079444885,
2vjx,,,,,
2vk2,0.38345521688461304,,,0.988095223903656,
2vk6,1.3824247121810913,,,0.7950160503387451,
2vl1,,,,,
2vl4,,,,,
2vl8,,,,,
2vmc,,,,,
2vmd,85.4944076538086,,,0.0,
2vmf,,,,,
2vnf,,,,,
2vnp,,,,,
2vo5,,,,,
2vo7,,,,,
2vpe,,,,,
2vpn,,,,,
2vpo,,,,,
2vpp,,,,,
2vqj,0.7189387083053589,,,0.9581005573272705,
2vqm,2.695101022720337,,,0.9044871926307678,
2vqt,,,,,
2vr3,,,,,
2vr4,,,,,
2vrj,,,,,
2vsl,,,,,
2vt3,,,,,
2vth,0.45476338267326355,,,0.9692874550819397,
2vti,0.873440146446228,,,0.9056316614151001,
2vtl,0.28025341033935547,,,0.9965517520904541,
2vtn,0.2867686152458191,,,0.9925438761711121,
2vto,0.5790824294090271,,,0.9547756910324097,
2vtp,0.5511252880096436,,,0.9663394093513489,
2vtq,0.642870306968689,,,0.945195198059082,
2vtr,0.1908736526966095,,,1.0,
2vts,0.620588481426239,,,0.9448249340057373,
2vtt,0.44468235969543457,,,0.9755747318267822,
2vu3,0.700016975402832,,,0.9364598989486694,
2vur,,,,,
2vv9,1.085553526878357,,,0.9059571623802185,
2vvc,,,,,
2vvn,,,,,
2vvo,,,,,
2vvt,,,,,
2vvu,0.9921603798866272,,,0.919549286365509,
2vvv,1.2857444286346436,,,0.8895055651664734,
2vw1,1.366430401802063,,,0.881465494632721,
2vw5,,,,,
2vwc,2.146967649459839,,,0.5958475470542908,
2vwl,1.6138765811920166,,,0.816494345664978,
2vwm,,,,,
2vwn,1.3675583600997925,,,0.8488151431083679,
2vwo,1.5157321691513062,,,0.8344465494155884,
2vwu,0.6118239760398865,,,0.9700910449028015,
2vwv,,,,,
2vx9,6.5798563957214355,,,0.375,
2vxa,,,,,
2vxj,,,,,
2vxn,0.273218035697937,,,1.0,
2vyt,,,,,
2vzr,,,,,
2w06,2.0091288089752197,,,0.7919730544090271,
2w08,,,,,
2w0p,,,,,
2w0s,,,,,
2w0x,0.5008783340454102,,,0.9704670310020447,
2w0z,,,,,
2w10,,,,,
2w12,2.097986936569214,,,0.7989904880523682,
2w1g,,,,,
2w1h,0.2217576801776886,,,0.9981002807617188,
2w1i,,,,,
2w26,0.9858806133270264,,,0.8918322324752808,
2w2u,,,,,
2w3k,1.0423767566680908,,,0.902211606502533,
2w3o,,,,,
2w47,,,,,
2w4i,,,,,
2w4x,0.7288432121276855,,,0.9370155334472656,
2w5i,,,,,
2w66,,,,,
2w67,,,,,
2w68,,,,,
2w6c,1.8390127420425415,,,0.7045735716819763,
2w6m,,,,,
2w6o,,,,,
2w6t,,,,,
2w6u,,,,,
2w70,,,,,
2w76,,,,,
2w77,,,,,
2w7y,,,,,
2w85,,,,,
2w87,,,,,
2w8f,,,,,
2w8j,0.47336965799331665,,,0.9731183052062988,
2w8w,0.5856831073760986,,,0.9473947882652283,
2w92,0.825599193572998,,,0.9126074314117432,
2w97,,,,,
2w9h,0.6313567757606506,,,0.9601727724075317,
2w9r,,,,,
2wa3,0.27683156728744507,,,1.0,
2wa4,,,,,
2wa8,,,,,
2wb5,,,,,
2wbb,,,,,
2wbd,,,,,
2wbg,,,,,
2wc3,,,,,
2wc4,,,,,
2wca,0.6554921269416809,,,0.9403553009033203,
2wcg,,,,,
2wd3,2.621661901473999,,,0.7083333134651184,
2wd7,,,,,
2we3,1.352080225944519,,,0.8100719451904297,
2weg,0.49369922280311584,,,0.9798507690429688,
2weh,0.4634536802768707,,,0.9630681872367859,
2wej,0.2958886921405792,,,1.0,
2weo,0.46353697776794434,,,0.971969723701477,
2weq,,,,,
2wey,,,,,
2wf1,0.9119060039520264,,,0.8802904486656189,
2wf2,1.3223903179168701,,,0.8172926306724548,
2wf3,1.0508558750152588,,,0.8805418610572815,
2wf4,0.7240052819252014,,,0.9535590410232544,
2wf5,0.8077404499053955,,,0.9214285612106323,
2wfj,,,,,
2wgi,,,,,
2wgj,,,,,
2who,,,,,
2wi1,1.1782573461532593,,,0.860497236251831,
2wi4,0.8314864039421082,,,0.8941571116447449,
2wi7,0.9823617935180664,,,0.8911719918251038,
2wib,,,,,
2wic,,,,,
2wig,,,,,
2wij,,,,,
2wik,,,,,
2wj2,,,,,
2wjg,,,,,
2wji,,,,,
2wk2,,,,,
2wk6,,,,,
2wkt,,,,,
2wky,,,,,
2wl5,,,,,
2wly,,,,,
2wlz,,,,,
2wm0,,,,,
2wmr,0.3631488084793091,,,0.9801912307739258,
2wmw,0.5693385601043701,,,0.9747596383094788,
2wn9,,,,,
2wnj,,,,,
2wnl,,,,,
2wo8,,,,,
2won,0.31506451964378357,,,0.9936327338218689,
2woq,0.6743268966674805,,,0.9373649954795837,
2wp1,,,,,
2wpa,,,,,
2wpb,,,,,
2wq4,,,,,
2wqp,0.6482678651809692,,,0.9199867248535156,
2wr8,30.2812557220459,,,0.0,
2wsx,,,,,
2wtc,0.9074450135231018,,,0.9034369587898254,
2wtj,0.6314657330513,,,0.9293388724327087,
2wtx,,,,,
2wuf,1.636057734489441,,,0.7385550737380981,
2wuu,,,,,
2wvt,,,,,
2wvz,,,,,
2ww2,0.8628131747245789,,,0.9096572995185852,
2wwj,,,,,
2wxj,0.977141797542572,,,0.8672707676887512,
2wxk,0.7715543508529663,,,0.9319018125534058,
2wxn,1.5139715671539307,,,0.8129058480262756,
2wxv,,,,,
2wyf,,,,,
2wyg,1.6236315965652466,,,0.8096280097961426,
2wyi,,,,,
2wyj,0.7504656314849854,,,0.9353396892547607,
2wyn,,,,,
2wzf,0.7435895800590515,,,0.9292993545532227,
2wzm,,,,,
2wzy,,,,,
2x00,,,,,
2x09,,,,,
2x2c,,,,,
2x2k,0.5799292325973511,,,0.9535573124885559,
2x2l,0.9716045260429382,,,0.8914048075675964,
2x2r,,,,,
2x39,1.3070800304412842,,,0.8380408883094788,
2x3t,,,,,
2x4o,,,,,
2x4r,,,,,
2x4s,,,,,
2x4t,,,,,
2x4u,,,,,
2x4z,0.6785789728164673,,,0.9381281137466431,
2x52,,,,,
2x6e,0.7852422595024109,,,0.9431547522544861,
2x6f,,,,,
2x6i,,,,,
2x6j,,,,,
2x6w,,,,,
2x6x,,,,,
2x6y,,,,,
2x7c,,,,,
2x7d,,,,,
2x7s,,,,,
2x7t,,,,,
2x7x,,,,,
2x81,0.7504253387451172,,,0.912216305732727,
2x85,,,,,
2x8d,0.27708983421325684,,,0.9981435537338257,
2x8e,0.3718269169330597,,,0.9881404042243958,
2x8i,0.621748685836792,,,0.936956524848938,
2x8z,0.9915939569473267,,,0.8662790656089783,
2x97,0.8105699419975281,,,0.9262632131576538,
2x9e,0.8178921937942505,,,0.9448732137680054,
2xab,,,,,
2xae,,,,,
2xaf,,,,,
2xag,,,,,
2xah,,,,,
2xaj,,,,,
2xaq,,,,,
2xas,,,,,
2xb7,0.7610906958580017,,,0.973042368888855,
2xb8,1.20657479763031,,,0.8271918892860413,
2xb9,,,,,
2xbj,1.649750828742981,,,0.8285123705863953,
2xbx,0.8264240622520447,,,0.9172727465629578,
2xc0,0.4990009665489197,,,0.9647519588470459,
2xc4,0.5383167862892151,,,0.9712148904800415,
2xch,1.0719685554504395,,,0.8382740616798401,
2xcn,,,,,
2xcs,11.346386909484863,,,0.02963194064795971,
2xd6,1.5655895471572876,,,0.7287999987602234,
2xd9,,,,,
2xda,1.1042996644973755,,,0.8727830648422241,
2xdk,0.5772563219070435,,,0.9480712413787842,
2xdl,0.7417988181114197,,,0.921842634677887,
2xdm,,,,,
2xdw,,,,,
2xej,3.317941188812256,,,0.806921660900116,
2xel,0.7885708808898926,,,0.9276315569877625,
2xez,0.5884467959403992,,,0.9358407258987427,
2xf0,0.4047810137271881,,,0.9664328694343567,
2xfi,0.8588094115257263,,,0.8882259130477905,
2xfj,0.7923186421394348,,,0.9060062170028687,
2xg5,11.441743850708008,,,0.12531250715255737,
2xg9,,,,,
2xgm,,,,,
2xgo,2.001551628112793,,,0.7904320955276489,
2xgs,,,,,
2xh5,,,,,
2xhm,0.9547219276428223,,,0.8837988972663879,
2xhr,1.2259129285812378,,,0.8439626097679138,
2xhs,,,,,
2xht,0.5789980888366699,,,0.9407767057418823,
2xhx,,,,,
2xi7,,,,,
2xib,,,,,
2xii,,,,,
2xix,3.784714698791504,,,0.4618181884288788,
2xiz,0.3311328887939453,,,0.9975247383117676,
2xj1,0.9842347502708435,,,0.8683643937110901,
2xj2,1.8626456260681152,,,0.7807080745697021,
2xj7,,,,,
2xjg,0.6216773986816406,,,0.9251618385314941,
2xjj,,,,,
2xk1,,,,,
2xk3,0.9291824102401733,,,0.8705287575721741,
2xk4,0.7219208478927612,,,0.9417197704315186,
2xk7,0.9627772569656372,,,0.9175295829772949,
2xk8,0.8031695485115051,,,0.9148010015487671,
2xkc,0.6608089804649353,,,0.9649999737739563,
2xl2,,,,,
2xl3,,,,,
2xlc,,,,,
2xln,,,,,
2xm1,,,,,
2xm2,,,,,
2xml,,,,,
2xn3,0.9567427635192871,,,0.8702290058135986,
2xnb,0.7303668856620789,,,0.921595573425293,
2xne,0.9257107377052307,,,0.9667721390724182,
2xni,1.5724456310272217,,,0.7545180916786194,
2xnm,1.8426883220672607,,,0.7822234034538269,
2xno,0.8678988218307495,,,0.9313077926635742,
2xnp,0.7579637169837952,,,0.9245714545249939,
2xo8,,,,,
2xow,0.5993562340736389,,,0.9501915574073792,
2xp2,1.3171335458755493,,,0.8218978047370911,
2xp3,0.33681806921958923,,,0.9950494766235352,
2xp4,0.7841212153434753,,,0.9007537961006165,
2xp5,0.22138652205467224,,,0.999315083026886,
2xp6,0.3908315896987915,,,0.982375979423523,
2xp8,0.5756966471672058,,,0.9502164721488953,
2xpa,0.5126603245735168,,,0.9675052165985107,
2xpb,0.3600785732269287,,,0.9937388300895691,
2xpc,1.5173474550247192,,,0.7871951460838318,
2xqq,,,,,
2xrw,,,,,
2xsb,0.8875164985656738,,,0.9150110483169556,
2xtn,1.7446948289871216,,,0.7897561192512512,
2xto,,,,,
2xu1,,,,,
2xu3,,,,,
2xu4,,,,,
2xu5,0.9146422147750854,,,0.8911339044570923,
2xup,,,,,
2xuz,,,,,
2xv1,0.6205700635910034,,,0.9265850782394409,
2xwd,,,,,
2xwe,1.2531055212020874,,,0.8090766668319702,
2xx2,,,,,
2xx4,1.4319735765457153,,,0.7928870320320129,
2xxn,,,,,
2xxr,,,,,
2xxt,,,,,
2xxw,,,,,
2xxx,,,,,
2xxy,,,,,
2xy9,,,,,
2xyd,,,,,
2xyt,,,,,
2xyu,0.7450493574142456,,,0.931775689125061,
2xz5,,,,,
2xzc,,,,,
2xzw,,,,,
2y06,,,,,
2y07,,,,,
2y1x,,,,,
2y2h,,,,,
2y2j,1.8331708908081055,,,0.798113226890564,
2y2k,0.3891879618167877,,,0.9958419799804688,
2y2p,0.7597400546073914,,,0.9218472242355347,
2y36,,,,,
2y4k,,,,,
2y4l,,,,,
2y4m,,,,,
2y4s,,,,,
2y54,,,,,
2y55,,,,,
2y56,,,,,
2y57,,,,,
2y5f,,,,,
2y5g,,,,,
2y5h,,,,,
2y5k,,,,,
2y5l,,,,,
2y6d,1.9113168716430664,,,0.7211538553237915,
2y6o,1.810255527496338,,,0.7589605450630188,
2y6s,,,,,
2y76,1.573251485824585,,,0.8346100449562073,
2y7i,,,,,
2y7k,,,,,
2y7p,,,,,
2y7w,,,,,
2y7x,1.710599660873413,,,0.7910194396972656,
2y7z,0.6549668908119202,,,0.9380208253860474,
2y80,1.370073914527893,,,0.8102766871452332,
2y82,0.8490197062492371,,,0.906408965587616,
2y8c,,,,,
2y8i,14.964069366455078,,,0.16927480697631836,
2y8l,,,,,
2y8o,,,,,
2y8q,15.589896202087402,,,0.05534825846552849,
2y9g,,,,,
2ya6,,,,,
2ya8,,,,,
2yac,0.7791257500648499,,,0.9339080452919006,
2yay,1.8742071390151978,,,0.7678571343421936,
2yaz,,,,,
2yb0,,,,,
2yb9,0.7801902294158936,,,0.9170792102813721,
2ybp,,,,,
2ybs,,,,,
2yc0,0.3514878749847412,,,0.9917218685150146,
2yc3,0.36476320028305054,,,0.9934006333351135,
2yc5,0.8844876289367676,,,0.8827404379844666,
2ych,0.7843817472457886,,,0.9039818644523621,
2yde,,,,,
2ydi,0.5007510185241699,,,0.9889847040176392,
2ydj,,,,,
2ydk,0.4877494275569916,,,0.9827044010162354,
2ydm,0.925652265548706,,,0.8853427767753601,
2ydo,2.0914344787597656,,,0.698113203048706,
2ydt,,,,,
2ydv,1.1834708452224731,,,0.8425644636154175,
2ydw,,,,,
2yem,,,,,
2yer,0.30410870909690857,,,0.9991438388824463,
2yex,0.5334409475326538,,,0.9546247720718384,
2yfa,,,,,
2yfx,1.3820720911026,,,0.8414368629455566,
2yg2,,,,,
2yga,,,,,
2yge,,,,,
2ygf,,,,,
2ygu,,,,,
2yhd,19.150808334350586,,,0.0016685206210240722,
2yhw,1.2150850296020508,,,0.8531818389892578,
2yhy,1.0562719106674194,,,0.8782528042793274,
2yi5,0.8936868906021118,,,0.9295709133148193,
2yig,,,,,
2yiq,0.7410554885864258,,,0.9113429188728333,
2yiv,,,,,
2yj9,,,,,
2yjb,,,,,
2yjc,1.1380417346954346,,,0.8600109815597534,
2yjq,,,,,
2yjw,0.22959303855895996,,,1.0,
2yjx,0.787781834602356,,,0.9054232835769653,
2yk1,1.4956603050231934,,,0.7617481350898743,
2yk9,0.7330722212791443,,,0.9040470123291016,
2ykb,1.378245234489441,,,0.7868731617927551,
2yke,2.0442869663238525,,,0.7269357442855835,
2yki,1.7115620374679565,,,0.8200808763504028,
2ykj,1.3362689018249512,,,0.7917827367782593,
2ylc,,,,,
2yln,,,,,
2ylo,1.2366491556167603,,,0.8748142719268799,
2ylp,,,,,
2ym4,0.9557141661643982,,,0.9159544110298157,
2ym6,0.6182565093040466,,,0.9461538195610046,
2ym8,0.7206926941871643,,,0.9273415803909302,
2ymd,,,,,
2ymt,,,,,
2ynd,,,,,
2ynn,,,,,
2ynr,,,,,
2yns,,,,,
2yof,,,,,
2yog,,,,,
2yoj,,,,,
2yol,6.952493190765381,,,0.3080786168575287,
2ypi,,,,,
2ypo,,,,,
2ypp,,,,,
2yq6,,,,,
2yz3,,,,,
2z1w,0.3368059992790222,,,0.9954648613929749,
2z3z,1.5492795705795288,,,0.7834821343421936,
2z4r,,,,,
2z4w,,,,,
2z4y,,,,,
2z4z,,,,,
2z50,,,,,
2z52,,,,,
2z5o,,,,,
2z5t,,,,,
2z60,0.9075257182121277,,,0.9198520183563232,
2z6w,,,,,
2z7h,,,,,
2z7i,,,,,
2z8e,,,,,
2z92,1.2611576318740845,,,0.8602856993675232,
2z94,0.16553723812103271,,,1.0,
2z9g,0.46783021092414856,,,0.989130437374115,
2za3,,,,,
2za5,,,,,
2zas,0.49884748458862305,,,0.9693675637245178,
2zaz,1.9093424081802368,,,0.9030701518058777,
2zc9,7.78633975982666,,,0.19620980322360992,
2zcq,0.9888391494750977,,,0.8784194588661194,
2zdt,0.49013572931289673,,,0.9713438749313354,
2zdx,,,,,
2zfp,3.0422353744506836,,,0.7023141384124756,
2zg1,1.1030032634735107,,,0.8464095592498779,
2zg3,,,,,
2zga,4.308579921722412,,,0.650696873664856,
2zgm,,,,,
2zjw,4.486294746398926,,,0.3841632008552551,
2zkj,,,,,
2zlf,,,,,
2zmj,0.5605135560035706,,,0.9567757248878479,
2zmm,0.8213062286376953,,,0.9131016135215759,
2zn7,1.487306833267212,,,0.899935245513916,
2zns,0.7738057971000671,,,0.9099525809288025,
2znt,0.6642730236053467,,,0.9464524984359741,
2zof,,,,,
2zq0,,,,,
2zsc,,,,,
2zu3,,,,,
2zu4,4.714372158050537,,,0.6699010729789734,
2zu5,1.0457762479782104,,,0.89673912525177,
2zva,,,,,
2zvj,0.4586058259010315,,,0.9952493906021118,
2zwz,,,,,
2zx7,,,,,
2zx9,,,,,
2zxa,,,,,
2zxb,,,,,
2zxd,,,,,
2zxg,1.1087359189987183,,,0.8558052182197571,
2zy1,0.7666568160057068,,,0.9104938507080078,
2zym,,,,,
2zyn,,,,,
2zz1,,,,,
2zz2,,,,,
2zz6,,,,,
3a1c,,,,,
3a1d,,,,,
3a1e,,,,,
3a1s,,,,,
3a1t,0.808358907699585,,,0.9648829698562622,
3a29,,,,,
3a2o,,,,,
3a3y,1.711315393447876,,,0.6775956153869629,
3a4p,0.8056564331054688,,,0.9162198305130005,
3a6t,0.6638495326042175,,,0.9636363387107849,
3a9i,6.910067558288574,,,0.26216214895248413,
3abt,1.3684784173965454,,,0.8128370046615601,
3abu,,,,,
3adv,,,,,
3afk,,,,,
3ah8,,,,,
3ahn,,,,,
3aho,,,,,
3aid,,,,,
3aig,,,,,
3aje,0.835416853427887,,,0.9178370833396912,
3alt,,,,,
3amb,1.6571910381317139,,,0.8194282650947571,
3amv,0.912555992603302,,,0.9043321013450623,
3anq,,,,,
3anr,,,,,
3ans,,,,,
3ant,,,,,
3ao1,,,,,
3ao2,,,,,
3ao4,,,,,
3ao5,,,,,
3aox,1.573813796043396,,,0.8422496318817139,
3ap4,,,,,
3ap7,,,,,
3aqt,,,,,
3ara,,,,,
3arb,1.483405590057373,,,0.7883424758911133,
3ard,1.2300567626953125,,,0.8053769469261169,
3are,1.2108107805252075,,,0.8094892501831055,
3arf,11.442112922668457,,,0.29546502232551575,
3arg,1.3252073526382446,,,0.7940102219581604,
3arn,,,,,
3arx,,,,,
3ary,,,,,
3ask,,,,,
3asl,,,,,
3at1,,,,,
3at4,0.7588895559310913,,,0.9560906291007996,
3ati,0.16264444589614868,,,1.0,
3atk,0.59434574842453,,,0.9407467246055603,
3atm,0.21300727128982544,,,1.0,
3atp,,,,,
3atu,1.0000174045562744,,,0.8510584831237793,
3atv,0.9937821626663208,,,0.8658906817436218,
3atw,,,,,
3au6,3.1529157161712646,,,0.4963199198246002,
3av9,,,,,
3ava,,,,,
3avb,,,,,
3avf,,,,,
3avg,,,,,
3avh,,,,,
3avi,,,,,
3avj,,,,,
3avk,,,,,
3avl,,,,,
3avm,,,,,
3avn,,,,,
3avz,,,,,
3aw0,,,,,
3axk,,,,,
3ay9,1.0070431232452393,,,0.8643724918365479,
3aya,,,,,
3ayc,,,,,
3b0w,,,,,
3b1m,3.4165241718292236,,,0.5746394991874695,
3b1t,2.3727993965148926,,,0.8324427604675293,
3b1u,0.9682602286338806,,,0.8897415399551392,
3b26,0.4411919414997101,,,0.9702268242835999,
3b2t,,,,,
3b3c,0.5894045233726501,,,0.949999988079071,
3b3s,3.015016794204712,,,0.5196759104728699,
3b3w,5.896162033081055,,,0.36007463932037354,
3b3x,,,,,
3b50,,,,,
3b65,1.168205976486206,,,0.8519052863121033,
3b66,,,,,
3b67,1.08444344997406,,,0.8624260425567627,
3b7i,0.8964364528656006,,,0.9164285659790039,
3b7r,1.1611491441726685,,,0.875582754611969,
3b7u,5.780957221984863,,,0.5082237124443054,
3b8q,,,,,
3b8z,,,,,
3b92,1.600433349609375,,,0.7599264979362488,
3b95,,,,,
3b9g,,,,,
3b9s,,,,,
3bar,,,,,
3bb1,,,,,
3bbf,,,,,
3bc4,,,,,
3bc5,0.7867646813392639,,,0.9146788716316223,
3bcn,,,,,
3bcs,0.6949477195739746,,,0.9329172968864441,
3be9,0.6304413080215454,,,0.938866138458252,
3bet,1.1181280612945557,,,0.8966480493545532,
3bex,,,,,
3bf1,,,,,
3bft,,,,,
3bfu,,,,,
3bg8,0.16745325922966003,,,1.0,
3bgq,1.0383013486862183,,,0.8771056532859802,
3bgs,0.6183561682701111,,,0.9580258131027222,
3bh3,,,,,
3bhb,,,,,
3bhx,0.5228231549263,,,0.9787065982818604,
3bi0,0.7532652616500854,,,0.9213768243789673,
3bim,,,,,
3biz,0.7949009537696838,,,0.9398379325866699,
3bjc,0.3859997093677521,,,0.9923599362373352,
3bjm,,,,,
3bkk,1.1248258352279663,,,0.8540164828300476,
3bl0,0.2970737814903259,,,0.9939576983451843,
3bl2,,,,,
3bla,,,,,
3bls,,,,,
3blt,0.8759246468544006,,,0.8962963223457336,
3blu,0.19527991116046906,,,1.0,
3bm6,,,,,
3bm8,0.4427367150783539,,,0.9796037077903748,
3bm9,0.5357303619384766,,,0.9653699994087219,
3bmo,,,,,
3bmq,,,,,
3bmy,2.032468318939209,,,0.7845080494880676,
3bpc,,,,,
3br9,,,,,
3bra,0.33750981092453003,,,0.996052622795105,
3brn,,,,,
3bti,0.558249831199646,,,0.9774143099784851,
3btr,,,,,
3bu1,0.29774007201194763,,,1.0,
3buf,1.2083451747894287,,,0.8670886158943176,
3bug,0.5299153327941895,,,0.9712643623352051,
3buh,0.6374601125717163,,,0.9339762330055237,
3bum,,,,,
3bun,,,,,
3buw,,,,,
3bva,1.2848811149597168,,,0.8631933927536011,
3bx5,0.7323781847953796,,,0.9298975467681885,
3bxe,,,,,
3bxf,1.6288710832595825,,,0.6568287014961243,
3bxg,,,,,
3bxh,,,,,
3bxs,,,,,
3bym,3.681267499923706,,,0.5977500081062317,
3bys,1.266890525817871,,,0.8109375238418579,
3byu,1.2315917015075684,,,0.8529977202415466,
3bz3,1.9307711124420166,,,0.7194741368293762,
3bzf,,,,,
3bzi,,,,,
3c0z,,,,,
3c14,48.969722747802734,,,0.0,
3c1k,1.5435527563095093,,,0.806598961353302,
3c1n,,,,,
3c1x,0.6970252394676208,,,0.9388677477836609,
3c2f,4.756197452545166,,,0.5186915993690491,
3c2o,0.51483553647995,,,0.9779829382896423,
3c2u,,,,,
3c39,,,,,
3c3o,,,,,
3c3q,,,,,
3c3r,,,,,
3c43,,,,,
3c45,,,,,
3c4f,,,,,
3c4h,0.4543602168560028,,,0.9744318127632141,
3c52,,,,,
3c56,,,,,
3c5u,,,,,
3c6w,,,,,
3c79,,,,,
3c7p,1.4754642248153687,,,0.8662884831428528,
3c84,,,,,
3c8e,,,,,
3c9e,0.9525660276412964,,,0.8921302556991577,
3cbs,,,,,
3ccb,,,,,
3cct,,,,,
3ccw,,,,,
3ccz,,,,,
3cd0,,,,,
3cd5,,,,,
3cd7,,,,,
3ce0,0.7674881815910339,,,0.9633105993270874,
3cfn,,,,,
3cft,,,,,
3cfv,,,,,
3cgy,,,,,
3chp,1.078131079673767,,,0.8727924823760986,
3cib,,,,,
3cic,,,,,
3cid,,,,,
3cii,,,,,
3cj2,,,,,
3cj3,,,,,
3cj5,,,,,
3cjo,,,,,
3ck7,,,,,
3ck8,,,,,
3ckb,,,,,
3cke,,,,,
3ckp,,,,,
3ckt,1.0940200090408325,,,0.8241919875144958,
3cl0,0.6661795377731323,,,0.9264150857925415,
3clp,,,,,
3cm2,,,,,
3cm7,,,,,
3coj,,,,,
3cow,,,,,
3coy,,,,,
3cpc,,,,,
3cph,12.967632293701172,,,0.09847383946180344,
3cpj,38.5953254699707,,,0.0,
3cqu,1.1331250667572021,,,0.914383590221405,
3cqw,,,,,
3cs8,,,,,
3cth,0.7355871200561523,,,0.9161324501037598,
3ctj,,,,,
3ctt,,,,,
3cwe,2.5674896240234375,,,0.9296428561210632,
3cwk,0.6582346558570862,,,0.9295709133148193,
3cx9,23.714181900024414,,,0.0,
3cy2,0.5289667844772339,,,0.9461382031440735,
3cyz,,,,,
3czv,,,,,
3d0e,,,,,
3d14,0.5141159296035767,,,0.9591108560562134,
3d1e,,,,,
3d1f,,,,,
3d1g,,,,,
3d1x,,,,,
3d1y,3.547548294067383,,,0.5885125994682312,
3d25,,,,,
3d27,0.63154536485672,,,0.9470720887184143,
3d2e,,,,,
3d2t,,,,,
3d32,,,,,
3d3x,,,,,
3d4fa,2.2716805934906006,,,0.6862139701843262,
3d4fb,6.0739898681640625,,,0.3299120366573334,
3d4y,0.4909023344516754,,,0.9629629850387573,
3d4z,0.8397945165634155,,,0.8976833820343018,
3d50,1.4759024381637573,,,0.8900862336158752,
3d51,1.0650718212127686,,,0.8659999966621399,
3d5m,,,,,
3d62,0.47530603408813477,,,0.9788828492164612,
3d6o,1.4276820421218872,,,0.810520350933075,
3d6p,1.2607346773147583,,,0.8392045497894287,
3d6q,0.9939243793487549,,,0.9285714030265808,
3d78,,,,,
3d7b,0.7597496509552002,,,0.9535176157951355,
3d7d,,,,,
3d7f,2.6914520263671875,,,0.6435643434524536,
3d7g,0.8866949081420898,,,0.9002071619033813,
3d7h,1.199845790863037,,,0.8586660623550415,
3d7m,,,,,
3d83,1.5350208282470703,,,0.8080057501792908,
3d8w,0.7273474931716919,,,0.9225663542747498,
3d8y,0.840827226638794,,,0.9554020166397095,
3d8z,1.054990530014038,,,0.8797538876533508,
3d9v,,,,,
3d9z,0.36060038208961487,,,0.9933686852455139,
3da9,1.0007908344268799,,,0.8611111044883728,
3dab,,,,,
3daj,2.540769100189209,,,0.695873498916626,
3db6,2.54738450050354,,,0.6495766639709473,
3db8,2.194117784500122,,,0.7984567880630493,
3dbs,0.8012139797210693,,,0.9183804392814636,
3dbu,0.7488609552383423,,,0.9288840293884277,
3dc3,0.36415213346481323,,,0.9956395626068115,
3dcc,0.22872067987918854,,,1.0,
3dcq,3.8236289024353027,,,0.5991947054862976,
3dcr,,,,,
3dcs,0.9095343947410583,,,0.9572368264198303,
3dct,1.3213286399841309,,,0.8317916393280029,
3dcw,0.3024170398712158,,,0.995512843132019,
3dd0,0.18857379257678986,,,1.0,
3dd8,2.0706517696380615,,,0.697098970413208,
3dda,,,,,
3ddf,1.749245524406433,,,0.7280775904655457,
3ddg,0.786712646484375,,,0.9012711644172668,
3ddu,0.4450249969959259,,,0.9794022440910339,
3deh,1.2887256145477295,,,0.8008981943130493,
3dei,6.17988395690918,,,0.34882280230522156,
3dej,4.665221214294434,,,0.3892517685890198,
3dek,8.199301719665527,,,0.16762013733386993,
3dgl,3.811180353164673,,,0.7196969985961914,
3dgn,2.140418291091919,,,0.7675840854644775,
3dgo,3.9553017616271973,,,0.7700757384300232,
3dgq,6.736921787261963,,,0.2552681863307953,
3dhk,5.995384693145752,,,0.40559157729148865,
3di6,0.7637721300125122,,,0.9158228039741516,
3diw,,,,,
3djo,,,,,
3djp,,,,,
3djq,,,,,
3djv,,,,,
3djx,,,,,
3dk1,,,,,
3dkf,0.5242889523506165,,,0.9644808769226074,
3dkg,1.0171972513198853,,,0.9197635054588318,
3dkj,,,,,
3dla,,,,,
3dln,0.7652407884597778,,,0.916265070438385,
3dm6,,,,,
3dnd,1.1450989246368408,,,0.853672981262207,
3dng,,,,,
3dog,,,,,
3dow,,,,,
3doy,,,,,
3doz,,,,,
3dp0,2.1488096714019775,,,0.7440972328186035,
3dp2,,,,,
3dp4,0.20030620694160461,,,1.0,
3dp9,,,,,
3dpc,,,,,
3dpd,0.4370756447315216,,,0.9706196784973145,
3dpe,,,,,
3dpf,,,,,
3dpo,,,,,
3drf,,,,,
3drg,,,,,
3dri,,,,,
3ds0,,,,,
3ds1,,,,,
3ds3,,,,,
3ds4,,,,,
3ds6,,,,,
3dst,1.9544506072998047,,,0.7209529876708984,
3dsu,0.7830546498298645,,,0.9271019697189331,
3dt1,,,,,
3dux,4.511781215667725,,,0.6215277910232544,
3duy,,,,,
3dv1,,,,,
3dv5,,,,,
3dvp,,,,,
3dwb,2.066814661026001,,,0.7553072571754456,
3dx0,1.1449871063232422,,,0.83152174949646,
3dx1,0.7575689554214478,,,0.921999990940094,
3dx2,1.5481033325195312,,,0.7864271402359009,
3dx3,0.5306175351142883,,,0.9691358208656311,
3dx4,0.46317097544670105,,,0.9761072397232056,
3dxg,,,,,
3dxh,,,,,
3dxm,2.1049747467041016,,,0.6783167123794556,
3dy6,,,,,
3dz4,29.137800216674805,,,0.0,
3dzt,0.9235029816627502,,,0.8762755393981934,
3e0q,,,,,
3e12,,,,,
3e1r,,,,,
3e3b,1.1944434642791748,,,0.8346104621887207,
3e3c,,,,,
3e3u,,,,,
3e5u,,,,,
3e6y,,,,,
3e73,,,,,
3e7a,,,,,
3e7b,,,,,
3e7o,,,,,
3e81,,,,,
3e8n,0.615289032459259,,,0.9530051350593567,
3e8u,,,,,
3e92,8.855700492858887,,,0.1881386935710907,
3e93,0.7747400403022766,,,0.8893129825592041,
3e9i,,,,,
3eax,8.32889175415039,,,0.18588469922542572,
3eb1,2.5024924278259277,,,0.7403640151023865,
3ebh,1.1262586116790771,,,0.8606340885162354,
3ebi,1.3554550409317017,,,0.8373702168464661,
3ebl,,,,,
3ebp,1.2861636877059937,,,0.9323999881744385,
3ecn,,,,,
3eeb,,,,,
3efr,,,,,
3eft,1.4245253801345825,,,0.8554455637931824,
3eg6,,,,,
3egk,3.7184314727783203,,,0.5175691246986389,
3egt,,,,,
3ehn,,,,,
3eht,,,,,
3ehw,,,,,
3ehy,0.733280599117279,,,0.9178571701049805,
3eid,1.1818299293518066,,,0.9076776504516602,
3eio,,,,,
3ej1,,,,,
3ejp,0.46814247965812683,,,0.9644531011581421,
3ejs,1.4342442750930786,,,0.7666184902191162,
3ejt,1.1893385648727417,,,0.8374233245849609,
3eju,0.935623049736023,,,0.8823953866958618,
3eka,,,,,
3eko,,,,,
3ekq,1.4034837484359741,,,0.7839116454124451,
3eks,1.0726360082626343,,,0.8253588676452637,
3ekx,1.0299289226531982,,,0.852031409740448,
3el0,,,,,
3el1,1.4078102111816406,,,0.8046042323112488,
3el4,1.1158097982406616,,,0.8592801094055176,
3el7,0.6540214419364929,,,0.9308406710624695,
3el8,0.5547589063644409,,,0.9664391279220581,
3elc,,,,,
3elj,1.048507571220398,,,0.8832573890686035,
3elm,,,,,
3emg,0.8411078453063965,,,0.923274576663971,
3emh,,,,,
3eml,0.718764066696167,,,0.9320470094680786,
3eor,1.2452545166015625,,,0.9205729365348816,
3eou,0.30224284529685974,,,0.9923986196517944,
3eov,,,,,
3eq7,1.3117822408676147,,,0.8054421544075012,
3eq9,0.7720997929573059,,,0.9169719219207764,
3eqb,1.009598731994629,,,0.8494245409965515,
3eqs,,,,,
3er3,,,,,
3erd,,,,,
3ern,,,,,
3ery,,,,,
3esj,1.7507885694503784,,,0.835287868976593,
3ess,0.2584141492843628,,,1.0,
3eu5,0.8443239331245422,,,0.9081500768661499,
3eu7,,,,,
3evc,1.4112355709075928,,,0.820270299911499,
3evd,1.7240999937057495,,,0.7131924033164978,
3ew2,,,,,
3ewj,1.913110375404358,,,0.7999153733253479,
3ewu,,,,,
3ex2,,,,,
3ex3,,,,,
3eyd,1.2334926128387451,,,0.8596105575561523,
3eyf,,,,,
3eyg,0.8211953043937683,,,0.9203910827636719,
3eyl,,,,,
3eys,,,,,
3ezr,,,,,
3f07,,,,,
3f15,1.1435046195983887,,,0.8374645709991455,
3f33,3.7946414947509766,,,0.49124205112457275,
3f34,0.9024937748908997,,,0.8923766613006592,
3f35,1.3285950422286987,,,0.8061674237251282,
3f36,3.6411547660827637,,,0.4350329041481018,
3f37,1.1089214086532593,,,0.8605769276618958,
3f38,0.9588744044303894,,,0.8852040767669678,
3f39,2.6194591522216797,,,0.5864361524581909,
3f3a,,,,,
3f3c,0.6933844685554504,,,0.9426087141036987,
3f3d,9.514588356018066,,,0.1909722238779068,
3f3e,11.42944622039795,,,0.06884057819843292,
3f3u,,,,,
3f3v,,,,,
3f3w,,,,,
3f48,3.3367321491241455,,,0.48259052634239197,
3f5j,,,,,
3f5k,,,,,
3f5l,,,,,
3f68,1.234792947769165,,,0.8338305354118347,
3f6g,,,,,
3f6h,,,,,
3f70,,,,,
3f78,,,,,
3f7g,2.425483226776123,,,0.6614888906478882,
3f7h,,,,,
3f7i,,,,,
3f7u,,,,,
3f7z,,,,,
3f82,0.7681283950805664,,,0.9173497557640076,
3f8c,13.283529281616211,,,0.04722921922802925,
3f8e,0.6423379182815552,,,0.9554687738418579,
3f8f,1.4757763147354126,,,0.7852563858032227,
3f8w,,,,,
3f9w,,,,,
3fas,,,,,
3fat,,,,,
3fbr,,,,,
3fc1,1.5177158117294312,,,0.7617684602737427,
3fc8,,,,,
3fci,1.5212384462356567,,,0.8908882141113281,
3fck,7.8617987632751465,,,0.4704446792602539,
3fcl,,,,,
3fcq,0.35473981499671936,,,0.983208954334259,
3fdn,0.9910983443260193,,,0.8614245653152466,
3fdt,,,,,
3fed,1.016096830368042,,,0.9089958071708679,
3fee,0.2431635707616806,,,1.0,
3fei,0.34551113843917847,,,0.9971264600753784,
3fej,1.3809740543365479,,,0.8445639610290527,
3ff3,1.1562072038650513,,,0.8477011322975159,
3ff6,,,,,
3ffp,0.9870580434799194,,,0.939793586730957,
3fgc,0.6801339387893677,,,0.9407181739807129,
3fh5,0.8135302662849426,,,0.9164465069770813,
3fh7,0.665233850479126,,,0.9324191808700562,
3fh8,0.5872020721435547,,,0.9513981342315674,
3fhr,1.6041686534881592,,,0.8305960893630981,
3fi3,0.4900270402431488,,,0.9811703562736511,
3fj7,,,,,
3fjg,,,,,
3fjz,0.2562295198440552,,,1.0,
3fk1,0.28599128127098083,,,1.0,
3fkt,2.076681137084961,,,0.7218950986862183,
3fl5,0.5795683860778809,,,0.9638975262641907,
3fl9,,,,,
3fmq,,,,,
3fmr,,,,,
3fn0,,,,,
3fnm,,,,,
3fpd,,,,,
3fpm,,,,,
3fq7,,,,,
3fqa,0.204657644033432,,,1.0,
3fr4,0.4862266778945923,,,0.9736445546150208,
3fr5,0.8861397504806519,,,0.8762446641921997,
3frg,0.7303711175918579,,,0.9170939922332764,
3frz,0.7900828123092651,,,0.8993197083473206,
3ft2,,,,,
3ft3,,,,,
3ft4,,,,,
3ftq,,,,,
3fts,0.373653769493103,,,0.9878526926040649,
3ftv,1.316412091255188,,,0.8211130499839783,
3ftw,0.4114212393760681,,,0.9808070659637451,
3fu0,0.39306843280792236,,,0.989676833152771,
3fu3,,,,,
3fu5,1.1935291290283203,,,0.8719879388809204,
3fue,0.27641934156417847,,,0.9963017702102661,
3fuf,0.2592015862464905,,,1.0,
3fuh,0.49658799171447754,,,0.9736841917037964,
3fuj,0.6834016442298889,,,0.9603365659713745,
3fuk,1.4980155229568481,,,0.7564898133277893,
3ful,1.0877375602722168,,,0.8443995118141174,
3fum,1.2014336585998535,,,0.8401360511779785,
3fup,,,,,
3fuz,,,,,
3fv1,,,,,
3fv3,,,,,
3fv8,0.901922345161438,,,0.931277871131897,
3fvg,,,,,
3fvh,,,,,
3fvk,,,,,
3fvl,,,,,
3fvn,,,,,
3fw3,,,,,
3fw4,,,,,
3fwv,,,,,
3fxv,1.867401361465454,,,0.7976519465446472,
3fxw,1.6891297101974487,,,0.7755235433578491,
3fyj,0.8098442554473877,,,0.902466356754303,
3fyk,1.1596862077713013,,,0.8323063254356384,
3fz1,0.778303861618042,,,0.9347609281539917,
3fzs,0.664797842502594,,,0.9667539000511169,
3fzy,,,,,
3g08,1.884589433670044,,,0.7345753312110901,
3g0b,,,,,
3g0e,0.9079551696777344,,,0.9109697937965393,
3g0f,,,,,
3g0i,,,,,
3g0w,0.6281654834747314,,,0.9475228190422058,
3g19,,,,,
3g1d,,,,,
3g1m,0.9512035846710205,,,0.9077480435371399,
3g1v,,,,,
3g2h,0.8871063590049744,,,0.8971893787384033,
3g2i,0.5910654067993164,,,0.9519684910774231,
3g2j,0.7639821171760559,,,0.8922559022903442,
3g2k,1.0362536907196045,,,0.8462353944778442,
3g2n,0.9406833648681641,,,0.8890489935874939,
3g2s,,,,,
3g2t,,,,,
3g2u,,,,,
3g2v,,,,,
3g2w,,,,,
3g2y,,,,,
3g2z,,,,,
3g30,,,,,
3g31,,,,,
3g32,,,,,
3g34,,,,,
3g3d,,,,,
3g3m,0.7495913505554199,,,0.9264000058174133,
3g3r,,,,,
3g42,0.7579571008682251,,,0.943617045879364,
3g4f,,,,,
3g4k,,,,,
3g4l,,,,,
3g5k,,,,,
3g5v,,,,,
3g5y,,,,,
3g7l,,,,,
3g8e,,,,,
3g8o,,,,,
3g9l,,,,,
3ga5,,,,,
3gba,,,,,
3gbb,,,,,
3gbe,0.7000026702880859,,,0.9235782027244568,
3gc4,0.47858408093452454,,,0.9729064106941223,
3gc5,0.37844011187553406,,,0.9833585619926453,
3gc7,,,,,
3gcp,0.5790966153144836,,,0.9525446891784668,
3gcs,,,,,
3gcv,0.8495240807533264,,,0.9104265570640564,
3gds,,,,,
3gdt,,,,,
3gen,0.4865909516811371,,,0.9764516353607178,
3gep,,,,,
3gf2,1.347917079925537,,,0.7745398879051208,
3ggc,,,,,
3ggj,,,,,
3ggu,0.8383369445800781,,,0.8977384567260742,
3gi5,1.2620902061462402,,,0.8552278876304626,
3gjd,9.895560264587402,,,0.12757731974124908,
3gjq,,,,,
3gjs,,,,,
3gjt,,,,,
3gjw,0.2837355136871338,,,0.9986085295677185,
3gk1,0.5893352031707764,,,0.9673295617103577,
3gk2,1.1517428159713745,,,0.8547903895378113,
3gl6,,,,,
3gm0,0.41192805767059326,,,0.9733059406280518,
3gn7,1.3506790399551392,,,0.885169506072998,
3gnv,,,,,
3gnw,,,,,
3gol,,,,,
3gpe,,,,,
3gr2,0.5046334862709045,,,0.9210097789764404,
3gs6,0.44573506712913513,,,0.9685828685760498,
3gs7,,,,,
3gsg,,,,,
3gsm,0.912768542766571,,,0.8898176550865173,
3gt9,,,,,
3gtc,,,,,
3gus,,,,,
3guz,,,,,
3gv6,,,,,
3gv9,,,,,
3gvb,6.604048728942871,,,0.2400568127632141,
3gw5,,,,,
3gws,0.356253445148468,,,0.9858900308609009,
3gwt,0.6085421442985535,,,0.9503649473190308,
3gwu,1.7333401441574097,,,0.7159926295280457,
3gwv,0.8594954609870911,,,0.8978300094604492,
3gww,0.37806013226509094,,,0.9890710115432739,
3gwx,,,,,
3gx0,4.328064918518066,,,0.6608594655990601,
3gxt,,,,,
3gxy,,,,,
3gxz,,,,,
3h03,,,,,
3h06,,,,,
3h0b,,,,,
3h0v,29.54411506652832,,,0.0,
3h0z,,,,,
3h1z,,,,,
3h21,,,,,
3h2c,,,,,
3h2n,,,,,
3h3c,1.229380488395691,,,0.8917018175125122,
3h59,,,,,
3h5s,,,,,
3h6z,,,,,
3h78,,,,,
3h85,,,,,
3h91,,,,,
3h9k,,,,,
3hau,,,,,
3haw,2.105452537536621,,,0.7246351838111877,
3hb4,0.8825978636741638,,,0.8900119066238403,
3hb8,,,,,
3hbo,1.3459333181381226,,,0.832909107208252,
3hcm,,,,,
3hd3,,,,,
3hdk,2.1338858604431152,,,0.75239497423172,
3hdz,0.6890920400619507,,,0.9213043451309204,
3hfj,8.546340942382812,,,0.21350806951522827,
3hfz,,,,,
3hg1,,,,,
3hha,,,,,
3hik,,,,,
3hiv,,,,,
3hj0,,,,,
3hjo,,,,,
3hk1,1.0884367227554321,,,0.9011628031730652,
3hkn,,,,,
3hkq,1.4052690267562866,,,0.8178732991218567,
3hkt,,,,,
3hku,1.047664761543274,,,0.8890600800514221,
3hl5,,,,,
3hl7,1.3309710025787354,,,0.8858936429023743,
3hl8,,,,,
3hll,0.5030328035354614,,,0.9727272987365723,
3hlo,,,,,
3hng,0.267333447933197,,,1.0,
3hp2,0.4655607342720032,,,0.9800918698310852,
3hp5,1.535907506942749,,,0.7575210332870483,
3hq5,,,,,
3hqh,,,,,
3hqr,0.2043260782957077,,,1.0,
3hr1,0.7932750582695007,,,0.9225195050239563,
3hrb,0.8848950266838074,,,0.8953220844268799,
3hrf,18.173748016357422,,,0.005549389403313398,
3hs4,,,,,
3hu1,,,,,
3hu2,,,,,
3hu3,,,,,
3huc,7.063149452209473,,,0.46191513538360596,
3hv6,0.6397960186004639,,,0.949945867061615,
3hv7,0.45219796895980835,,,0.9900841116905212,
3hvh,0.9774221777915955,,,0.8926136493682861,
3hvj,,,,,
3hvk,0.6691998839378357,,,0.9358679056167603,
3hww,,,,,
3hx3,0.5222002863883972,,,0.8588342666625977,
3hxb,5.5125885009765625,,,0.28999999165534973,
3hxd,6.237747669219971,,,0.3495004177093506,
3hxf,8.479700088500977,,,0.15518257021903992,
3hy5,1.0791293382644653,,,0.8466386795043945,
3hy7,,,,,
3hzk,,,,,
3hzm,0.5934550166130066,,,0.9766082167625427,
3hzv,,,,,
3hzy,,,,,
3i02,,,,,
3i0r,0.9995436668395996,,,0.8702805042266846,
3i0s,1.166597843170166,,,0.8655462265014648,
3i1y,0.3290465772151947,,,0.9958620667457581,
3i25,,,,,
3i4a,,,,,
3i4y,0.5927924513816833,,,0.9620822668075562,
3i51,0.5024492740631104,,,0.9651898741722107,
3i5r,,,,,
3i6m,1.2587385177612305,,,0.8190559148788452,
3i6o,0.8063977956771851,,,0.906120777130127,
3i6z,1.3486385345458984,,,0.7863677740097046,
3i73,22.321453094482422,,,0.0,
3i7g,2.789243698120117,,,0.7863984704017639,
3i8t,,,,,
3i90,,,,,
3i91,,,,,
3i97,,,,,
3i9g,1.3446784019470215,,,0.8311648368835449,
3ia6,,,,,
3ibc,,,,,
3ibi,0.6356337070465088,,,0.9583333134651184,
3ibl,0.6697842478752136,,,0.9444444179534912,
3ibn,0.9898959994316101,,,0.9212018251419067,
3ibu,0.9394013285636902,,,0.9066416025161743,
3ie3,,,,,
3ieo,2.864690065383911,,,0.5857843160629272,
3iet,,,,,
3if7,0.7390322685241699,,,0.9413854479789734,
3ig1,0.45073235034942627,,,0.9969135522842407,
3ig6,,,,,
3ig7,1.13535475730896,,,0.8958333134651184,
3igg,0.45168375968933105,,,0.9798850417137146,
3igp,,,,,
3ihz,1.8605464696884155,,,0.7132952809333801,
3iit,1.4260677099227905,,,0.9086589217185974,
3iiw,,,,,
3ijg,6.798628807067871,,,0.24394463002681732,
3ijh,,,,,
3ijy,,,,,
3ikc,,,,,
3ikd,,,,,
3il5,,,,,
3il6,0.7091841697692871,,,0.8977407813072205,
3ilq,12.0203275680542,,,0.17990654706954956,
3imc,,,,,
3img,,,,,
3imy,0.17659510672092438,,,1.0,
3iof,0.2170991450548172,,,1.0,
3iog,2.615408182144165,,,0.6082352995872498,
3ioi,1.3997722864151,,,0.8274685144424438,
3ip5,1.4264442920684814,,,0.7575757503509521,
3ip6,2.0259909629821777,,,0.6313186883926392,
3ip8,0.2259903848171234,,,1.0,
3ip9,0.5928699374198914,,,0.9575757384300232,
3ipa,1.4373204708099365,,,0.755384624004364,
3iph,0.9546461701393127,,,0.897020697593689,
3ips,,,,,
3ipx,0.6046505570411682,,,0.9564831256866455,
3iqg,,,,,
3iqi,,,,,
3iqj,,,,,
3iqq,,,,,
3iqu,,,,,
3irx,2.5616226196289062,,,0.6813725233078003,
3isw,,,,,
3itc,0.3527243435382843,,,0.9955089688301086,
3ith,,,,,
3itu,,,,,
3iu7,,,,,
3iu9,0.2529425621032715,,,1.0,
3iuc,,,,,
3iut,0.5969715714454651,,,0.9560906291007996,
3ivc,,,,,
3ivg,1.4106080532073975,,,0.7990296483039856,
3ivh,0.7555534243583679,,,0.9199561476707458,
3ivq,,,,,
3ivx,,,,,
3iw4,,,,,
3iw5,0.9902482628822327,,,0.884861946105957,
3iw7,0.6144102215766907,,,0.9616013169288635,
3iw8,0.6101527810096741,,,0.960422158241272,
3iww,1.0357418060302734,,,0.8925372958183289,
3jdw,,,,,
3jq7,,,,,
3jq9,,,,,
3jqa,,,,,
3jqb,,,,,
3jqg,,,,,
3jrs,,,,,
3jrx,1.749941110610962,,,0.7835078239440918,
3jsi,,,,,
3jsw,,,,,
3juk,,,,,
3jvk,,,,,
3jwq,,,,,
3jy0,0.7972108721733093,,,0.9416835904121399,
3jyj,,,,,
3jyr,,,,,
3jzb,1.023952841758728,,,0.8529411554336548,
3jzc,0.7538882493972778,,,0.9157348275184631,
3jzf,0.7855798006057739,,,0.9276463985443115,
3jzg,,,,,
3jzh,,,,,
3jzj,,,,,
3jzk,1.5342639684677124,,,0.7446191906929016,
3jzo,,,,,
3jzp,,,,,
3jzq,,,,,
3jzr,,,,,
3jzs,,,,,
3k00,,,,,
3k02,,,,,
3k22,,,,,
3k23,,,,,
3k26,,,,,
3k27,,,,,
3k37,,,,,
3k3b,,,,,
3k3e,,,,,
3k3g,,,,,
3k3h,,,,,
3k3i,0.42735597491264343,,,0.97420334815979,
3k41,,,,,
3k4d,,,,,
3k4q,,,,,
3k54,1.8838976621627808,,,0.7508640289306641,
3k5d,,,,,
3k5f,,,,,
3k5g,,,,,
3k5i,,,,,
3k5k,,,,,
3k5u,0.7276613116264343,,,0.910287082195282,
3k5x,0.7603700160980225,,,0.9159836173057556,
3k7f,,,,,
3k83,,,,,
3k84,,,,,
3k8c,,,,,
3k8d,,,,,
3k8o,,,,,
3k99,,,,,
3ka2,,,,,
3kac,,,,,
3kad,1.1015818119049072,,,0.8815789222717285,
3kag,0.4389747083187103,,,0.9890804886817932,
3kb3,1.0813640356063843,,,0.8690476417541504,
3kb7,1.0949629545211792,,,0.8336021304130554,
3kbz,,,,,
3kd7,,,,,
3kdc,1.0891398191452026,,,0.8767550587654114,
3kdm,,,,,
3kdt,,,,,
3kec,,,,,
3ked,2.2965216636657715,,,0.7146596908569336,
3kej,,,,,
3kek,,,,,
3kf7,0.8286510109901428,,,0.9073834419250488,
3kfc,,,,,
3kga,0.8137180209159851,,,0.888920783996582,
3kgq,0.18879126012325287,,,1.0,
3khj,,,,,
3khv,0.4285620152950287,,,0.9979451894760132,
3kig,0.5167385339736938,,,0.9882698059082031,
3kiv,0.763117253780365,,,0.9309338331222534,
3kjd,,,,,
3kjf,1.0869799852371216,,,0.8740941882133484,
3kjn,4.980037689208984,,,0.515544056892395,
3kjq,1.1005120277404785,,,0.8625954389572144,
3kku,3.8777129650115967,,,0.6304794549942017,
3kl6,1.1250832080841064,,,0.89453125,
3kmc,0.5071277618408203,,,0.9649493098258972,
3kme,1.0108555555343628,,,0.8826836347579956,
3kmy,,,,,
3kpu,,,,,
3kpv,,,,,
3kpw,,,,,
3kqa,,,,,
3kqb,,,,,
3kqc,1.1489849090576172,,,0.8684815764427185,
3kqd,2.616330862045288,,,0.7666906118392944,
3kqe,1.599290370941162,,,0.7733827233314514,
3kqm,,,,,
3kqp,,,,,
3kqr,,,,,
3kqy,,,,,
3kr0,,,,,
3kr1,,,,,
3kr2,,,,,
3kr8,,,,,
3krl,,,,,
3krw,0.7131816744804382,,,0.9349696636199951,
3ksl,1.671826720237732,,,0.7858479022979736,
3ksq,3.7771215438842773,,,0.48006534576416016,
3kv2,,,,,
3kw9,0.5929182767868042,,,0.952404797077179,
3kwa,5.027697563171387,,,0.4414460361003876,
3kwb,,,,,
3kwf,,,,,
3kwj,,,,,
3kwz,1.9820767641067505,,,0.7105091214179993,
3kx1,5.682593822479248,,,0.6095545887947083,
3kyf,,,,,
3kyg,,,,,
3kyq,0.8331031203269958,,,0.8880331516265869,
3l0e,1.001049280166626,,,0.8762008547782898,
3l0k,,,,,
3l0n,,,,,
3l13,0.8855762481689453,,,0.9129213690757751,
3l17,1.4284727573394775,,,0.7979452013969421,
3l1n,1.8180710077285767,,,0.7416666746139526,
3l1s,,,,,
3l38,1.175938367843628,,,0.8198621273040771,
3l3a,1.1924208402633667,,,0.8175926208496094,
3l3l,0.49542587995529175,,,0.981448769569397,
3l3m,1.0947619676589966,,,0.8803050518035889,
3l3x,,,,,
3l4u,3.007554054260254,,,0.7397875785827637,
3l4w,,,,,
3l4z,1.423630952835083,,,0.7730891704559326,
3l58,,,,,
3l5r,1.3637744188308716,,,0.7658102512359619,
3l6f,,,,,
3l6h,0.21312597393989563,,,1.0,
3l6x,,,,,
3l79,0.9415397644042969,,,0.8925269842147827,
3l7a,1.0108691453933716,,,0.9022634029388428,
3l7b,0.5117602944374084,,,0.9542880058288574,
3l7c,0.7779842019081116,,,0.9085366129875183,
3l7d,2.0797667503356934,,,0.6970081329345703,
3l7g,,,,,
3l8x,0.7743579745292664,,,0.9128590226173401,
3l9l,,,,,
3l9m,,,,,
3l9n,3.8673932552337646,,,0.45961347222328186,
3lbl,,,,,
3lbz,,,,,
3lco,1.7885240316390991,,,0.808809757232666,
3ldq,0.9086022973060608,,,0.9248533844947815,
3ldw,,,,,
3le8,,,,,
3lf0,,,,,
3lfn,0.8758794069290161,,,0.9049510955810547,
3lfs,0.7363052368164062,,,0.9282786846160889,
3lgl,,,,,
3lgp,,,,,
3lgs,,,,,
3lhj,0.4573381543159485,,,0.9799883961677551,
3li2,,,,,
3lir,1.0445995330810547,,,0.9338235259056091,
3lj7,,,,,
3ljt,2.160238265991211,,,0.7312113046646118,
3ljz,,,,,
3lk0,,,,,
3lk1,0.3759017288684845,,,0.9930070042610168,
3ll8,,,,,
3lle,,,,,
3llm,,,,,
3lmk,,,,,
3lmp,1.1190288066864014,,,0.8698412775993347,
3lnz,,,,,
3lok,,,,,
3loo,,,,,
3lox,,,,,
3lp0,63.47024154663086,,,0.0,
3lp4,,,,,
3lp7,,,,,
3lpf,,,,,
3lpg,,,,,
3lpl,,,,,
3lpr,,,,,
3lq5,2.158151149749756,,,0.7703333497047424,
3lqj,,,,,
3lrh,,,,,
3ls4,12.636276245117188,,,0.0870818942785263,
3lvp,,,,,
3lvw,1.0986778736114502,,,0.8608617782592773,
3lw0,,,,,
3lxe,,,,,
3lxg,0.5574522018432617,,,0.9904494285583496,
3lxk,0.7004517912864685,,,0.9433895945549011,
3lxo,0.9393109679222107,,,0.8963302969932556,
3lzz,,,,,
3m11,0.7122572064399719,,,0.9325787425041199,
3m3r,,,,,
3m53,,,,,
3m54,,,,,
3m55,,,,,
3m57,,,,,
3m58,,,,,
3m59,,,,,
3m5a,,,,,
3m6p,,,,,
3m6q,1.9065427780151367,,,0.8058574795722961,
3m6r,,,,,
3m89,2.2654805183410645,,,0.6293436288833618,
3m8q,1.1811082363128662,,,0.8625812530517578,
3m8u,,,,,
3m96,0.8346775770187378,,,0.904599666595459,
3ma3,7.042616367340088,,,0.29229798913002014,
3mam,0.5667533278465271,,,0.9570610523223877,
3mb6,7.141885280609131,,,0.25992780923843384,
3mb7,0.7234556674957275,,,0.9329372048377991,
3mbp,,,,,
3mbz,3.531139373779297,,,0.4963276982307434,
3mct,0.12916724383831024,,,1.0,
3me9,,,,,
3mea,,,,,
3mfv,,,,,
3mfw,,,,,
3mhc,2.9399750232696533,,,0.7431694269180298,
3mhw,0.5382248163223267,,,0.9740259647369385,
3mi2,,,,,
3mi3,,,,,
3mj1,0.364414781332016,,,0.9936661720275879,
3mj5,,,,,
3mjl,,,,,
3mkf,0.5890306830406189,,,0.9754672646522522,
3mkn,,,,,
3mks,0.48778265714645386,,,0.9600591659545898,
3ml2,,,,,
3ml5,0.6525255441665649,,,0.9516752362251282,
3mlb,0.575353741645813,,,0.9523612260818481,
3mle,,,,,
3mmf,,,,,
3mna,,,,,
3moe,1.4579659700393677,,,0.8551136255264282,
3mof,,,,,
3moh,,,,,
3mp1,,,,,
3mp6,,,,,
3mpt,0.5531375408172607,,,0.950507640838623,
3mqf,,,,,
3mrt,,,,,
3mrv,,,,,
3ms7,,,,,
3ms9,,,,,
3msj,,,,,
3mt7,,,,,
3mt8,,,,,
3mta,,,,,
3mtb,,,,,
3mtd,,,,,
3muf,0.7195659279823303,,,0.9298418760299683,
3muk,,,,,
3mv5,0.9237039685249329,,,0.923160195350647,
3mvl,,,,,
3mvm,,,,,
3mww,25.00724220275879,,,0.0,
3mxc,,,,,
3mxd,,,,,
3mxf,0.6412032246589661,,,0.9634581208229065,
3mxr,2.127394676208496,,,0.7028301954269409,
3mxs,1.9597132205963135,,,0.7423245906829834,
3myq,1.212307095527649,,,0.8564162850379944,
3mz6,3.408996343612671,,,0.8947688341140747,
3mzc,,,,,
3n0h,,,,,
3n0n,,,,,
3n1c,,,,,
3n1v,,,,,
3n1w,0.48224541544914246,,,0.9592326283454895,
3n23,,,,,
3n35,0.8010411262512207,,,0.9042288661003113,
3n3g,23.79823112487793,,,0.0,
3n3l,,,,,
3n45,6.146872520446777,,,0.3086380958557129,
3n46,0.6665419340133667,,,0.9578853249549866,
3n49,0.46239063143730164,,,0.9755681753158569,
3n4c,0.7543296217918396,,,0.9133928418159485,
3n4l,,,,,
3n5k,,,,,
3n5u,,,,,
3n76,0.7053334712982178,,,0.9348371028900146,
3n7h,,,,,
3n7s,3.539217710494995,,,0.6281577348709106,
3n9r,,,,,
3n9s,,,,,
3nal,,,,,
3nam,1.2347276210784912,,,0.7898465394973755,
3nan,1.2964982986450195,,,0.7986196279525757,
3nb5,2.860044479370117,,,0.8058882355690002,
3nba,,,,,
3nc9,,,,,
3ncq,,,,,
3ncr,,,,,
3ncz,,,,,
3neo,,,,,
3nex,,,,,
3nf6,,,,,
3nf7,,,,,
3nf9,,,,,
3nfk,,,,,
3nfl,,,,,
3ng4,,,,,
3nga,,,,,
3nhi,0.915962815284729,,,0.871515154838562,
3nht,,,,,
3ni5,1.94268000125885,,,0.8615664839744568,
3nif,,,,,
3nii,,,,,
3nij,,,,,
3nik,,,,,
3nil,,,,,
3nim,,,,,
3nin,,,,,
3njq,,,,,
3nk8,0.2868203818798065,,,0.9965618848800659,
3nlb,0.9109156131744385,,,0.8894878625869751,
3nm6,0.2076227068901062,,,1.0,
3nmq,0.79802405834198,,,0.9071100950241089,
3nnu,1.3443989753723145,,,0.8323671221733093,
3nnw,0.5442504286766052,,,0.9635650515556335,
3nok,,,,,
3np7,,,,,
3np9,0.8582391142845154,,,0.8743671178817749,
3npa,1.1634135246276855,,,0.8497229814529419,
3nq3,1.0263209342956543,,,0.8469899892807007,
3nq9,5.7766876220703125,,,0.3078571557998657,
3ns9,0.8397430181503296,,,0.9253450632095337,
3nsh,,,,,
3nsn,,,,,
3ntp,1.2408487796783447,,,0.8063910007476807,
3nuy,2.9392929077148438,,,0.5952072739601135,
3nw3,,,,,
3nwb,,,,,
3nwe,,,,,
3nww,0.8507970571517944,,,0.8967446684837341,
3nxq,,,,,
3ny3,,,,,
3nyd,,,,,
3nyx,0.43490415811538696,,,0.984274685382843,
3nzi,,,,,
3nzu,0.5687171220779419,,,0.9423374533653259,
3o0e,,,,,
3o0j,,,,,
3o0u,1.2274601459503174,,,0.8042126893997192,
3o1d,,,,,
3o1e,,,,,
3o4k,9.555313110351562,,,0.09949362277984619,
3o4l,,,,,
3o64,2.1765050888061523,,,0.8132586479187012,
3o6l,,,,,
3o6m,,,,,
3o6t,,,,,
3o75,,,,,
3o7u,0.15657667815685272,,,1.0,
3o84,,,,,
3o86,,,,,
3o8h,1.9798282384872437,,,0.6754822731018066,
3o8p,0.5318010449409485,,,0.9651360511779785,
3o9b,1.2691570520401,,,0.8270964622497559,
3o9c,1.0197633504867554,,,0.8721340298652649,
3o9h,0.9338597059249878,,,0.9058614373207092,
3oay,,,,,
3ob0,,,,,
3obq,,,,,
3obu,,,,,
3obx,,,,,
3oc0,,,,,
3ocb,,,,,
3ocp,,,,,
3oct,0.9765716791152954,,,0.8624442219734192,
3ocz,1.3766368627548218,,,0.8320530652999878,
3odi,,,,,
3odl,,,,,
3odu,,,,,
3oe6,0.5469419360160828,,,0.9610894918441772,
3oe8,,,,,
3oe9,,,,,
3og7,0.6358669400215149,,,0.9578744769096375,
3ogp,,,,,
3ogq,,,,,
3ohf,,,,,
3ohh,,,,,
3ohi,,,,,
3oik,8.904655456542969,,,0.21298342943191528,
3oil,4.670042991638184,,,0.5038461685180664,
3oim,1.203768014907837,,,0.8334932923316956,
3oka,,,,,
3okc,1.1509227752685547,,,0.8351393342018127,
3okh,,,,,
3oki,,,,,
3okp,,,,,
3oku,0.9737486243247986,,,0.9219626188278198,
3okv,,,,,
3old,,,,,
3ole,,,,,
3olf,,,,,
3olg,,,,,
3oli,,,,,
3omm,,,,,
3oob,,,,,
3oq5,,,,,
3oqf,,,,,
3orn,,,,,
3ot3,5.45879602432251,,,0.42753201723098755,
3ot8,0.8013589978218079,,,0.9331316947937012,
3otf,0.677379846572876,,,0.9322396516799927,
3otq,0.39082974195480347,,,0.9979627728462219,
3otx,,,,,
3ouj,0.25330406427383423,,,1.0,
3ove,,,,,
3ovn,,,,,
3ovx,,,,,
3ow3,2.7154059410095215,,,0.5826427340507507,
3ow4,,,,,
3owd,0.7659009695053101,,,0.9091559648513794,
3owl,0.6445329785346985,,,0.9296375513076782,
3oxc,0.9150777459144592,,,0.885464608669281,
3oxi,0.31155887246131897,,,0.9972283840179443,
3oy0,2.5901389122009277,,,0.7524703741073608,
3oy8,,,,,
3oyp,,,,,
3oyq,1.329945683479309,,,0.8402777910232544,
3oyw,,,,,
3oz1,,,,,
3ozg,,,,,
3ozj,,,,,
3ozp,1.023822546005249,,,0.9335442781448364,
3p0g,1.4495856761932373,,,0.8083333373069763,
3p17,6.966104984283447,,,0.28104305267333984,
3p1d,,,,,
3p23,,,,,
3p2h,0.40162667632102966,,,0.9840067625045776,
3p3t,,,,,
3p3u,,,,,
3p4f,,,,,
3p4r,,,,,
3p4v,1.5791913270950317,,,0.8514150977134705,
3p4w,,,,,
3p50,,,,,
3p5k,1.911163330078125,,,0.8594398498535156,
3p78,0.8251797556877136,,,0.9323882460594177,
3p79,0.6819285154342651,,,0.9409385323524475,
3p7a,0.5534975528717041,,,0.9709302186965942,
3p7b,0.6562464237213135,,,0.9454697966575623,
3p7c,0.8627061247825623,,,0.9314956068992615,
3p7i,0.23027873039245605,,,1.0,
3p8e,,,,,
3p8h,,,,,
3p9h,,,,,
3p9l,,,,,
3p9m,,,,,
3pa8,,,,,
3pab,,,,,
3pax,0.32275253534317017,,,0.9962871074676514,
3pb3,,,,,
3pb7,1.4690194129943848,,,0.8455249667167664,
3pb8,1.6735219955444336,,,0.7247267961502075,
3pb9,0.24884916841983795,,,1.0,
3pbb,,,,,
3pcb,,,,,
3pcc,,,,,
3pce,,,,,
3pcf,,,,,
3pch,,,,,
3pcj,,,,,
3pck,,,,,
3pcn,,,,,
3pcu,1.2950286865234375,,,0.7881593704223633,
3pd2,,,,,
3pd4,,,,,
3pd9,,,,,
3pdh,,,,,
3pdq,,,,,
3pe1,0.37484365701675415,,,0.9862174391746521,
3pfp,,,,,
3pgu,0.26102200150489807,,,1.0,
3pi5,,,,,
3pix,0.36550095677375793,,,0.9960595369338989,
3piz,1.1366251707077026,,,0.9547545909881592,
3pj2,1.126796007156372,,,0.8730158805847168,
3pj8,1.3652732372283936,,,0.8462050557136536,
3pjg,,,,,
3pka,0.7131549119949341,,,0.9387633800506592,
3pkb,0.4341745674610138,,,0.9872372150421143,
3pkc,1.5230454206466675,,,0.8464325666427612,
3pkd,1.9556652307510376,,,0.8138360977172852,
3pke,1.6756991147994995,,,0.8504592180252075,
3pkn,,,,,
3pm1,5.767184734344482,,,0.27960172295570374,
3pn1,1.3694489002227783,,,0.8744460940361023,
3pn3,,,,,
3pn4,0.44286438822746277,,,0.9858179688453674,
3po6,,,,,
3poa,,,,,
3poz,0.8214159607887268,,,0.8958521485328674,
3pp1,0.7083424925804138,,,0.9359056353569031,
3ppk,,,,,
3ppm,,,,,
3ppo,,,,,
3ppp,,,,,
3ppq,,,,,
3ppr,,,,,
3pqz,,,,,
3pr0,,,,,
3prz,0.16990409791469574,,,1.0,
3ps6,0.5715371370315552,,,0.9524922370910645,
3psd,,,,,
3psl,,,,,
3ptg,0.4109160602092743,,,0.9911016821861267,
3pty,18.131399154663086,,,0.0,
3puk,,,,,
3pwh,0.7502545118331909,,,0.9363484382629395,
3pww,1.3575788736343384,,,0.8437219858169556,
3py0,0.7270694375038147,,,0.9308978915214539,
3pyy,,,,,
3pz3,3.506054401397705,,,0.4885011911392212,
3q1x,28.696067810058594,,,0.0,
3q2a,,,,,
3q2h,,,,,
3q2j,,,,,
3q2m,0.6773560047149658,,,0.9399092793464661,
3q3k,0.8582584857940674,,,0.8882499933242798,
3q3t,,,,,
3q4b,,,,,
3q4j,,,,,
3q4k,,,,,
3q4l,,,,,
3q5h,,,,,
3q5u,,,,,
3q6k,,,,,
3q6s,,,,,
3q6w,1.536465048789978,,,0.8397737741470337,
3q72,,,,,
3q7j,2.6156232357025146,,,0.6179385781288147,
3q7p,,,,,
3q7q,,,,,
3q8d,,,,,
3q8h,,,,,
3q92,,,,,
3qa2,,,,,
3qai,,,,,
3qbh,,,,,
3qc4,,,,,
3qc9,,,,,
3qce,,,,,
3qcf,,,,,
3qch,0.40702739357948303,,,0.9796466827392578,
3qci,1.3377110958099365,,,0.9095208048820496,
3qcl,0.8703936338424683,,,0.9077922105789185,
3qd0,1.0103373527526855,,,0.8841317296028137,
3qem,,,,,
3qfd,,,,,
3qfv,,,,,
3qfy,,,,,
3qfz,,,,,
3qg6,,,,,
3qgw,0.7436222434043884,,,0.9372977614402771,
3qgy,2.163248062133789,,,0.7755720019340515,
3qi1,1.1573591232299805,,,0.8550689220428467,
3qi3,,,,,
3qi4,,,,,
3qin,0.9547651410102844,,,0.908682644367218,
3qio,0.6130036115646362,,,0.970099687576294,
3qip,62.87760543823242,,,0.0,
3qiy,0.6208395957946777,,,0.942392885684967,
3qj0,1.0374470949172974,,,0.8809160590171814,
3qkk,4.42198371887207,,,0.4556737542152405,
3qkl,4.659839630126953,,,0.43165886402130127,
3qkm,4.306402683258057,,,0.5074059367179871,
3ql9,,,,,
3qlc,,,,,
3qlm,7.3619890213012695,,,0.2629654109477997,
3qmk,,,,,
3qnd,,,,,
3qnj,,,,,
3qo2,,,,,
3qo3,,,,,
3qo9,1.3723081350326538,,,0.8110706806182861,
3qox,0.6623828411102295,,,0.9306122660636902,
3qpn,0.23131561279296875,,,1.0,
3qpo,0.8095398545265198,,,0.9016335010528564,
3qpp,0.5146451592445374,,,0.9635167717933655,
3qqk,0.30921486020088196,,,0.9943181872367859,
3qri,,,,,
3qrj,,,,,
3qs4,,,,,
3qs5,10.750879287719727,,,0.14603960514068604,
3qs6,11.684101104736328,,,0.06291209161281586,
3qsd,0.8909459114074707,,,0.8975866436958313,
3qt6,,,,,
3qtf,1.057544231414795,,,0.8379999995231628,
3qto,4.342914581298828,,,0.4229494631290436,
3qtv,7.418463230133057,,,0.2471395879983902,
3que,2.2424163818359375,,,0.6399798393249512,
3qup,6.552181243896484,,,0.3165137469768524,
3qw6,,,,,
3qw8,,,,,
3qwc,9.940452575683594,,,0.20010845363140106,
3qx5,7.8575663566589355,,,0.23154489696025848,
3qx9,,,,,
3qzq,,,,,
3qzt,,,,,
3qzv,,,,,
3r00,0.20612673461437225,,,1.0,
3r01,0.18393798172473907,,,1.0,
3r0h,,,,,
3r0i,,,,,
3r17,1.2057586908340454,,,0.8846982717514038,
3r1v,,,,,
3r2y,1.6079083681106567,,,0.8312586545944214,
3r42,,,,,
3r4m,2.4364893436431885,,,0.8024096488952637,
3r4n,,,,,
3r4p,,,,,
3r5j,,,,,
3r5m,,,,,
3r5n,,,,,
3r5t,3.319288492202759,,,0.62451171875,
3r6g,,,,,
3r6u,0.9493548274040222,,,0.8686006665229797,
3r7b,,,,,
3r7n,,,,,
3r8u,1.8252394199371338,,,0.759393036365509,
3r8z,0.4652882218360901,,,0.9786282181739807,
3r92,1.3189470767974854,,,0.7832914590835571,
3r93,,,,,
3rbq,,,,,
3rbu,0.4605620801448822,,,0.9857010841369629,
3rcd,,,,,
3rcj,1.1251158714294434,,,0.8837962746620178,
3rdh,,,,,
3rdo,0.4704021215438843,,,0.9779260754585266,
3rdq,0.8643828630447388,,,0.8917682766914368,
3rdv,,,,,
3rey,0.6431967616081238,,,0.9171923995018005,
3rhk,,,,,
3ri1,,,,,
3rik,,,,,
3ril,,,,,
3rin,0.5789046883583069,,,0.9626604318618774,
3rjm,,,,,
3rjw,,,,,
3rkb,0.6204341053962708,,,0.9452614188194275,
3rl3,7.138848781585693,,,0.35202085971832275,
3rlp,,,,,
3rlq,,,,,
3rm9,,,,,
3ro4,0.556144654750824,,,0.9650493264198303,
3roc,0.7492772936820984,,,0.9329590201377869,
3rq7,,,,,
3rqe,,,,,
3rr4,0.3624381422996521,,,0.9832427501678467,
3rsb,,,,,
3rse,,,,,
3rsx,1.0158568620681763,,,0.8596882224082947,
3rt4,2.9975697994232178,,,0.6092603206634521,
3rt6,0.4161106050014496,,,0.9840989112854004,
3rt8,0.2652532160282135,,,1.0,
3rtf,,,,,
3rth,1.260798454284668,,,0.8251366019248962,
3rtm,4.072075366973877,,,0.45627209544181824,
3rtp,0.5438646078109741,,,0.9703733921051025,
3rtx,,,,,
3ru1,0.8881340026855469,,,0.8913043737411499,
3rup,,,,,
3rv3,,,,,
3rv4,2.0342965126037598,,,0.675000011920929,
3rv6,,,,,
3rvg,1.0752522945404053,,,0.9092888236045837,
3rvi,1.391440749168396,,,0.8275761008262634,
3rwc,,,,,
3rwe,,,,,
3rwf,,,,,
3rwg,,,,,
3rwh,,,,,
3rwi,,,,,
3rwj,,,,,
3rwp,2.936575412750244,,,0.6862637400627136,
3rx5,11.033940315246582,,,0.21511627733707428,
3rx7,2.9103169441223145,,,0.6183282732963562,
3rx8,,,,,
3rxa,0.7117277383804321,,,0.8987138271331787,
3rxd,0.35490337014198303,,,0.9933510422706604,
3rxf,0.3292793929576874,,,1.0,
3rxg,0.7042460441589355,,,0.9146706461906433,
3rxh,0.15454736351966858,,,1.0,
3rxi,0.25432252883911133,,,1.0,
3rxk,0.4349948465824127,,,0.9733073115348816,
3rxl,0.15506292879581451,,,1.0,
3rxm,0.22146004438400269,,,1.0,
3rxo,0.49336618185043335,,,0.9643705487251282,
3rxp,0.23617790639400482,,,1.0,
3ry8,,,,,
3ryy,,,,,
3rz3,,,,,
3rz9,,,,,
3rzb,0.32825466990470886,,,0.9969512224197388,
3rzi,,,,,
3s0b,0.17002902925014496,,,1.0,
3s0d,0.7777655720710754,,,0.9133738875389099,
3s0e,0.25942179560661316,,,1.0,
3s0j,0.7210046052932739,,,0.9244755506515503,
3s1g,0.20763732492923737,,,1.0,
3s1y,0.9040480256080627,,,0.8640235662460327,
3s3i,0.6683300733566284,,,0.9363442659378052,
3s3q,0.8496629595756531,,,0.8987206816673279,
3s3v,,,,,
3s56,,,,,
3s5y,,,,,
3s6t,1.5436692237854004,,,0.8717105388641357,
3s71,,,,,
3s72,0.3444981575012207,,,0.9972299337387085,
3s73,,,,,
3s74,,,,,
3s75,,,,,
3s76,0.12842540442943573,,,1.0,
3s77,,,,,
3s78,,,,,
3s7f,,,,,
3s8x,1.8677021265029907,,,0.7999049425125122,
3s9e,,,,,
3s9i,0.35401999950408936,,,0.990406334400177,
3s9t,0.6879151463508606,,,0.9205202460289001,
3s9y,,,,,
3sad,0.17701929807662964,,,1.0,
3sap,1.8094732761383057,,,0.8408679962158203,
3sax,1.7319375276565552,,,0.7984429001808167,
3sb0,0.3237803876399994,,,0.9957386255264282,
3sbh,0.8959183692932129,,,0.9344978332519531,
3sbi,0.21922829747200012,,,1.0,
3sc1,1.9735349416732788,,,0.8042596578598022,
3sdg,0.4496832489967346,,,0.9805458784103394,
3sfc,,,,,
3sff,1.326826572418213,,,0.8225057721138,
3sfg,,,,,
3sfh,0.6037323474884033,,,0.9495614171028137,
3sfi,1.4285774230957031,,,0.8028414845466614,
3sh1,,,,,
3sha,3.153754234313965,,,0.5296092629432678,
3shb,,,,,
3shc,4.688507556915283,,,0.3686586320400238,
3shy,0.7815905809402466,,,0.9094203114509583,
3shz,0.9652870893478394,,,0.9215016961097717,
3si3,7.04715633392334,,,0.23641304671764374,
3si4,8.346529960632324,,,0.20806793868541718,
3sie,,,,,
3sio,,,,,
3sji,1.3846487998962402,,,0.8197157979011536,
3sjo,,,,,
3ska,,,,,
3ske,,,,,
3skf,,,,,
3sl0,1.7025971412658691,,,0.8494094610214233,
3sl1,1.0301852226257324,,,0.9329954981803894,
3sl4,,,,,
3sl5,,,,,
3sl8,,,,,
3slz,,,,,
3sm0,0.6346887946128845,,,0.9460719227790833,
3sm1,,,,,
3smq,0.742448091506958,,,0.9335629940032959,
3snb,,,,,
3snc,,,,,
3snd,,,,,
3sni,,,,,
3so6,,,,,
3soq,,,,,
3sou,,,,,
3sov,,,,,
3sow,,,,,
3spf,2.063931703567505,,,0.732032835483551,
3srb,0.483297735452652,,,0.9801660776138306,
3src,0.37772849202156067,,,0.9890438318252563,
3str,1.2549593448638916,,,0.8536472916603088,
3su0,,,,,
3su1,1.573359727859497,,,0.8066335916519165,
3su2,1.3256670236587524,,,0.8436669707298279,
3su3,1.691375494003296,,,0.7715053558349609,
3su4,,,,,
3su5,1.6865814924240112,,,0.7900815010070801,
3su6,1.7066028118133545,,,0.7466722130775452,
3sur,1.0582516193389893,,,0.8595152497291565,
3sus,1.030542016029358,,,0.8654181361198425,
3sut,1.1331629753112793,,,0.8196078538894653,
3suu,0.6222783327102661,,,0.9474431872367859,
3suv,1.2579418420791626,,,0.8151183724403381,
3suw,0.6518757343292236,,,0.9563339948654175,
3sv2,7.568955421447754,,,0.25517383217811584,
3sv6,1.3617653846740723,,,0.8195159435272217,
3sv7,1.4343730211257935,,,0.7998897433280945,
3sv8,,,,,
3sv9,1.2513866424560547,,,0.860660195350647,
3sw2,2.0809853076934814,,,0.7768181562423706,
3sw8,0.5120717287063599,,,0.967293918132782,
3sw9,,,,,
3sww,,,,,
3sx4,,,,,
3sxu,,,,,
3sym,1.2405023574829102,,,0.845903754234314,
3syr,0.8195250630378723,,,0.9186789989471436,
3szb,,,,,
3szm,,,,,
3t01,0.24071988463401794,,,1.0,
3t03,,,,,
3t07,,,,,
3t0t,,,,,
3t1n,,,,,
3t2c,,,,,
3t2v,5.335123062133789,,,0.00932320486754179,
3t2w,0.8136038780212402,,,0.9196096658706665,
3t3d,0.7162922024726868,,,0.9285714030265808,
3t3e,0.2072121948003769,,,0.9893292784690857,
3t3g,0.6228408813476562,,,0.932692289352417,
3t3h,1.0611943006515503,,,0.8776671290397644,
3t3i,0.44313812255859375,,,0.9720744490623474,
3t3y,0.29571250081062317,,,1.0,
3t4n,1.7187998294830322,,,0.7012448310852051,
3t4p,,,,,
3t5i,,,,,
3t5u,,,,,
3t64,,,,,
3t6b,,,,,
3t6j,,,,,
3t6r,,,,,
3t70,,,,,
3t7g,,,,,
3t82,1.152794361114502,,,0.8464163541793823,
3t83,,,,,
3t84,1.0079314708709717,,,0.8934859037399292,
3t85,1.239859938621521,,,0.8344594836235046,
3t8s,1.2171143293380737,,,0.8404255509376526,
3ta0,,,,,
3tao,,,,,
3tay,,,,,
3tb6,,,,,
3tc5,1.711320400238037,,,0.7304572463035583,
3tcp,,,,,
3tcy,18.63446617126465,,,0.0,
3td4,,,,,
3tdh,1.4655890464782715,,,0.784820020198822,
3tdj,,,,,
3tdu,,,,,
3tdz,,,,,
3tf6,,,,,
3tf7,,,,,
3tfk,,,,,
3tg5,,,,,
3tgs,,,,,
3th0,,,,,
3thd,,,,,
3ti6,,,,,
3tif,,,,,
3tiz,0.3728947043418884,,,0.9862270355224609,
3tjh,,,,,
3tjm,,,,,
3tk2,25.06890296936035,,,0.0,
3tki,0.6558276414871216,,,0.9473167657852173,
3tku,,,,,
3tkw,1.409420371055603,,,0.8630841374397278,
3tlh,3.9505248069763184,,,0.6186507940292358,
3tmk,,,,,
3tne,,,,,
3tpp,0.7789501547813416,,,0.9225663542747498,
3tpr,0.8773935437202454,,,0.9057672619819641,
3tpx,,,,,
3ts4,4.539808750152588,,,0.5286219120025635,
3tsd,,,,,
3tsk,4.713819980621338,,,0.5006635785102844,
3tsz,,,,,
3tt0,,,,,
3tt4,0.6493563652038574,,,0.9688303470611572,
3ttm,,,,,
3ttn,,,,,
3ttz,,,,,
3tu1,1.0207488536834717,,,0.8862928152084351,
3tu9,,,,,
3tv4,,,,,
3tv5,,,,,
3tv7,,,,,
3tv8,,,,,
3tvc,0.5635631680488586,,,0.9829989075660706,
3tvl,,,,,
3twd,,,,,
3twj,,,,,
3twp,,,,,
3twr,,,,,
3tws,,,,,
3twu,,,,,
3twv,,,,,
3twx,,,,,
3txo,4.94071626663208,,,0.3629220128059387,
3ty0,,,,,
3tz0,0.3552192747592926,,,1.0,
3tz4,0.5102805495262146,,,0.9689306616783142,
3tza,,,,,
3tzd,,,,,
3tzm,1.4306645393371582,,,0.8238372206687927,
3u0d,,,,,
3u0p,,,,,
3u0t,,,,,
3u10,1.7693455219268799,,,0.7132688164710999,
3u15,,,,,
3u1y,,,,,
3u3f,,,,,
3u3u,1.16557776927948,,,0.8415805101394653,
3u3z,,,,,
3u4h,,,,,
3u4o,,,,,
3u4r,,,,,
3u51,,,,,
3u5l,1.9744105339050293,,,0.6894599199295044,
3u6a,,,,,
3u78,6.1970648765563965,,,0.2506393790245056,
3u7k,4.144676685333252,,,0.5696465969085693,
3u7l,1.2784689664840698,,,0.7569360733032227,
3u7m,0.9333493709564209,,,0.8311320543289185,
3u7n,,,,,
3u81,,,,,
3u8d,,,,,
3u8h,,,,,
3u8l,,,,,
3u90,0.6257438659667969,,,0.9375,
3u92,,,,,
3u93,,,,,
3u9c,,,,,
3u9n,7.0951056480407715,,,0.27254265546798706,
3u9q,0.4362598955631256,,,0.9915865659713745,
3ubx,,,,,
3ucj,,,,,
3ud7,,,,,
3uda,,,,,
3uda_2,,,,,
3udh,1.1201810836791992,,,0.8669833540916443,
3udj,1.3508961200714111,,,0.8452380895614624,
3udk,1.8125910758972168,,,0.6803746223449707,
3udm,3.1091480255126953,,,0.6123456954956055,
3udn,4.55295467376709,,,0.5872969627380371,
3udp,1.707702875137329,,,0.7074592113494873,
3udq,1.6735198497772217,,,0.7526564598083496,
3udr,0.8633675575256348,,,0.8762589693069458,
3udy,2.055135726928711,,,0.6702637672424316,
3ue4,,,,,
3ued,,,,,
3uef,,,,,
3ueo,,,,,
3uev,1.0930609703063965,,,0.8205645084381104,
3uew,1.2061439752578735,,,0.8670212626457214,
3uex,1.2637114524841309,,,0.857308566570282,
3uf9,,,,,
3ufl,,,,,
3ug2,0.9854579567909241,,,0.9366554021835327,
3uh4,,,,,
3uhm,2.039717435836792,,,0.6664626598358154,
3uib,1.0283328294754028,,,0.8607644438743591,
3uig,,,,,
3uih,,,,,
3uii,,,,,
3uij,,,,,
3uik,,,,,
3uj9,0.21249234676361084,,,1.0,
3ujc,0.5157199501991272,,,0.9594430923461914,
3ujd,0.16399776935577393,,,1.0,
3umo,,,,,
3ump,,,,,
3umq,10.566804885864258,,,0.004716981202363968,
3umx,0.8721680641174316,,,0.9103084206581116,
3unn,,,,,
3uo4,0.6159428358078003,,,0.9260274171829224,
3uo9,,,,,
3uod,0.5385704636573792,,,0.9583920836448669,
3uok,,,,,
3up2,0.5005428791046143,,,0.9690054655075073,
3upi,,,,,
3upk,,,,,
3upv,,,,,
3upz,0.7153682112693787,,,0.9189976453781128,
3uqg,,,,,
3uqp,,,,,
3ur0,,,,,
3ur9,,,,,
3uri,,,,,
3usn,,,,,
3usx,2.605130195617676,,,0.6343167424201965,
3uug,,,,,
3uuo,,,,,
3uvk,,,,,
3uvl,,,,,
3uvm,,,,,
3uvn,,,,,
3uvo,,,,,
3uvp,0.7655397653579712,,,0.9091726541519165,
3uvq,0.8800526261329651,,,0.8877601623535156,
3uvu,,,,,
3uvw,,,,,
3uvx,,,,,
3uw9,,,,,
3uxd,,,,,
3uxk,,,,,
3uxl,,,,,
3uxm,,,,,
3uyr,,,,,
3uyt,,,,,
3uz5,,,,,
3uzd,,,,,
3v0l,1.3125932216644287,,,0.8160418272018433,
3v0p,,,,,
3v1r,0.8842121958732605,,,0.9287709593772888,
3v2n,0.6032518148422241,,,0.9425926208496094,
3v2o,,,,,
3v2p,0.7935492396354675,,,0.9122889041900635,
3v2q,,,,,
3v2w,1.0091426372528076,,,0.8773792386054993,
3v2x,,,,,
3v30,,,,,
3v3b,,,,,
3v3q,,,,,
3v43,,,,,
3v4j,,,,,
3v4x,,,,,
3v51,0.6691688299179077,,,0.937901496887207,
3v5g,,,,,
3v5j,,,,,
3v5l,,,,,
3v5t,0.5632334351539612,,,0.9561952352523804,
3v66,5.224967002868652,,,0.33999142050743103,
3v6s,,,,,
3v78,,,,,
3v7s,0.9379468560218811,,,0.8558639287948608,
3v7t,,,,,
3v7x,2.0730249881744385,,,0.8509708642959595,
3v8w,,,,,
3vap,,,,,
3vb4,,,,,
3vb5,,,,,
3vb6,,,,,
3vb7,,,,,
3vbd,3.3803188800811768,,,0.6600840091705322,
3vbg,,,,,
3vbq,0.6350792050361633,,,0.9459654092788696,
3vbt,0.3395354151725769,,,0.9909470677375793,
3vbv,0.5304815173149109,,,0.9616883397102356,
3vbw,1.1236398220062256,,,0.8191340565681458,
3vbx,0.7789596915245056,,,0.9235127568244934,
3vby,0.4921616017818451,,,0.9756380319595337,
3vc4,0.2682681381702423,,,0.997171938419342,
3veh,,,,,
3veu,1.275248646736145,,,0.8892201781272888,
3vf3,1.0811200141906738,,,0.8381876945495605,
3vf5,1.2308872938156128,,,0.8216049671173096,
3vg1,0.6304625868797302,,,0.9535306096076965,
3vgc,0.9148246049880981,,,0.8993212580680847,
3vh9,0.15589578449726105,,,1.0,
3vha,1.6539138555526733,,,0.6704713106155396,
3vhc,1.3176178932189941,,,0.7804511189460754,
3vhk,0.3240835964679718,,,0.9971819519996643,
3vhu,2.013793706893921,,,0.6715059280395508,
3vjk,,,,,
3vjl,,,,,
3vjm,,,,,
3vo3,0.4945577383041382,,,0.9701417088508606,
3voz,1.9398223161697388,,,0.7062084078788757,
3vp1,1.1472322940826416,,,0.8321596384048462,
3vp2,19.42540740966797,,,0.0,
3vp3,20.18482208251953,,,0.0,
3vp4,0.7387633323669434,,,0.9233871102333069,
3vrt,1.155461072921753,,,0.8668224215507507,
3vru,0.7284948825836182,,,0.9189785718917847,
3vrv,0.6963514089584351,,,0.928367555141449,
3vrw,0.7403537034988403,,,0.9051339030265808,
3vry,,,,,
3vsw,,,,,
3vsx,,,,,
3vtb,0.6969390511512756,,,0.9288899898529053,
3vtc,0.5067664384841919,,,0.9622877240180969,
3vtd,0.6027323603630066,,,0.9441649913787842,
3vtr,,,,,
3vv7,1.7666890621185303,,,0.7522287964820862,
3vv8,1.7393444776535034,,,0.7603270411491394,
3vva,,,,,
3vvy,,,,,
3vvz,,,,,
3vw7,1.2210464477539062,,,0.800559401512146,
3vws,,,,,
3vx3,,,,,
3vyd,,,,,
3vye,,,,,
3vyf,,,,,
3vzg,,,,,
3w07,,,,,
3w0l,,,,,
3w2o,1.1034975051879883,,,0.8534161448478699,
3w2p,2.076624631881714,,,0.819562554359436,
3w2q,,,,,
3w2r,0.6306531429290771,,,0.941136360168457,
3w2s,0.8361775279045105,,,0.9056332111358643,
3w2t,,,,,
3w37,,,,,
3w55,1.1833146810531616,,,0.8579215407371521,
3w5t,1.1049318313598633,,,0.8367231488227844,
3w69,,,,,
3w9k,0.896091878414154,,,0.9142066240310669,
3w9r,0.5584394931793213,,,0.9596962332725525,
3wab,0.541578471660614,,,0.9611529111862183,
3wav,1.5723603963851929,,,0.8015503883361816,
3waw,1.7959425449371338,,,0.7459319233894348,
3wax,1.081395149230957,,,0.8681350350379944,
3way,0.7082329392433167,,,0.9143518805503845,
3wd9,,,,,
3wdz,,,,,
3we4,0.7688394784927368,,,0.9559999704360962,
3wf7,0.9183751344680786,,,0.8809523582458496,
3wff,,,,,
3wfg,1.0304162502288818,,,0.8550257682800293,
3wgw,,,,,
3wha,,,,,
3wi2,,,,,
3wix,,,,,
3wjw,0.8980296850204468,,,0.9170812368392944,
3wk4,0.601969301700592,,,0.9576771855354309,
3wk5,6.469954490661621,,,0.37295082211494446,
3wk6,0.6833296418190002,,,0.9320436716079712,
3wk7,0.5806059241294861,,,0.9562118053436279,
3wk8,1.9387407302856445,,,0.7470179200172424,
3wk9,0.3920646011829376,,,0.991134762763977,
3wka,0.48800933361053467,,,0.973347544670105,
3wkb,0.44216224551200867,,,0.9799771308898926,
3wkc,1.0461785793304443,,,0.8388429880142212,
3wkd,0.46171116828918457,,,0.9753717184066772,
3wke,1.459232211112976,,,0.8103271722793579,
3wmb,0.6784932613372803,,,0.9607942700386047,
3wmc,0.8465586304664612,,,0.9481382966041565,
3wnr,,,,,
3wns,,,,,
3wnt,,,,,
3wqh,,,,,
3wqv,,,,,
3wqw,,,,,
3ws8,,,,,
3ws9,,,,,
3wsy,,,,,
3wt5,3.4301705360412598,,,0.6694095134735107,
3wt7,0.7729896903038025,,,0.922095537185669,
3wtj,,,,,
3wtk,,,,,
3wtn,,,,,
3wto,,,,,
3wut,,,,,
3wuu,,,,,
3wuv,,,,,
3wv1,,,,,
3wv2,,,,,
3wv3,,,,,
3wvm,0.8422467112541199,,,0.8982300758361816,
3wyj,,,,,
3wyk,,,,,
3wyl,,,,,
3wym,,,,,
3wz6,5.664339065551758,,,0.31060606241226196,
3wzn,,,,,
3wzp,,,,,
3x1k,,,,,
3zbf,0.8857348561286926,,,0.8893312215805054,
3zc6,,,,,
3zdh,,,,,
3zh8,,,,,
3zhf,,,,,
3zhx,,,,,
3zi0,,,,,
3zi8,17.076173782348633,,,0.0005787037080153823,
3zj6,,,,,
3zj8,,,,,
3zjc,,,,,
3zk6,,,,,
3zke,,,,,
3zkf,,,,,
3zki,,,,,
3zll,,,,,
3zls,1.1143475770950317,,,0.9202806353569031,
3zlv,,,,,
3zlw,3.736815929412842,,,0.47647058963775635,
3zlx,1.9580782651901245,,,0.7940000295639038,
3zly,3.1500084400177,,,0.5739583373069763,
3zm4,0.9384825229644775,,,0.8662477731704712,
3zm5,0.7722092270851135,,,0.9107298254966736,
3zmg,0.6555337905883789,,,0.9739819169044495,
3zmh,,,,,
3zmi,0.915174663066864,,,0.887499988079071,
3zmj,0.22301085293293,,,1.0,
3zmm,,,,,
3zmp,,,,,
3zmq,,,,,
3zmt,,,,,
3zmv,,,,,
3zmz,,,,,
3znc,,,,,
3zo1,1.2581202983856201,,,0.8166666626930237,
3zo2,0.6516649127006531,,,0.9368000030517578,
3zo4,3.018620252609253,,,0.638359785079956,
3zot,0.3883897364139557,,,0.9956555962562561,
3zpq,,,,,
3zps,,,,,
3zpu,1.2475159168243408,,,0.828088104724884,
3zq9,,,,,
3zqe,2.6720314025878906,,,0.5284482836723328,
3zqt,4.771366119384766,,,0.35516178607940674,
3zrc,,,,,
3zrk,,,,,
3zrl,,,,,
3zrm,,,,,
3zsq,,,,,
3zst,,,,,
3zsw,,,,,
3zsx,,,,,
3zsy,,,,,
3zsz,,,,,
3zt1,,,,,
3zt2,,,,,
3zt3,,,,,
3zt4,,,,,
3ztc,,,,,
3ztd,,,,,
3ztx,,,,,
3zuk,,,,,
3zv7,0.6645628213882446,,,0.9309523701667786,
3zvt,,,,,
3zvv,0.16419261693954468,,,1.0,
3zvw,,,,,
3zvy,,,,,
3zw3,0.5289635062217712,,,0.9753344655036926,
3zxe,,,,,
3zxh,,,,,
3zxr,,,,,
3zxz,0.6901127099990845,,,0.9336734414100647,
3zya,0.900400698184967,,,0.8700274229049683,
3zyb,,,,,
3zyh,,,,,
3zyr,,,,,
3zyu,,,,,
3zze,0.8674248456954956,,,0.8917218446731567,
3zzf,,,,,
3zzh,3.416945695877075,,,0.35178571939468384,
4a0j,,,,,
4a22,,,,,
4a2a,,,,,
4a4e,,,,,
4a4f,,,,,
4a4g,,,,,
4a4l,0.6135679483413696,,,0.9584282636642456,
4a4o,0.7986039519309998,,,0.9491353034973145,
4a4v,,,,,
4a4x,0.7891542911529541,,,0.9244521260261536,
4a50,,,,,
4a51,,,,,
4a6b,1.22610604763031,,,0.8078528046607971,
4a6c,1.7276909351348877,,,0.7839391827583313,
4a6l,,,,,
4a6s,,,,,
4a6w,0.14527320861816406,,,1.0,
4a7b,,,,,
4a7c,1.301332950592041,,,0.8202781677246094,
4a7i,0.9827674031257629,,,0.8983585834503174,
4a95,,,,,
4a9c,,,,,
4a9m,,,,,
4a9n,,,,,
4a9r,1.591856837272644,,,0.8337191343307495,
4a9s,0.3282145857810974,,,1.0,
4a9u,0.6070138216018677,,,0.9829136729240417,
4aa0,0.8898842334747314,,,0.8898809552192688,
4aa1,,,,,
4aa5,1.0848667621612549,,,0.8813349604606628,
4aa7,,,,,
4aac,0.7428615093231201,,,0.9466975927352905,
4ab8,0.5159760117530823,,,0.9812231659889221,
4ab9,0.19705745577812195,,,1.0,
4aba,0.188600555062294,,,1.0,
4abb,0.1971762627363205,,,1.0,
4abd,0.25517988204956055,,,0.9993946552276611,
4abe,1.0160958766937256,,,0.9208144545555115,
4abf,0.14987872540950775,,,1.0,
4abh,0.34729334712028503,,,0.9893617033958435,
4abi,,,,,
4abk,1.0613988637924194,,,0.8799728751182556,
4abu,,,,,
4abv,,,,,
4aci,,,,,
4acu,3.6523449420928955,,,0.6519189476966858,
4ad2,,,,,
4ad3,,,,,
4ael,,,,,
4afe,1.3179230690002441,,,0.8672875165939331,
4afg,,,,,
4afh,,,,,
4afj,,,,,
4ag8,0.5791261792182922,,,0.9529339671134949,
4agd,0.9122569561004639,,,0.9684542417526245,
4agl,,,,,
4agm,,,,,
4agn,,,,,
4ago,,,,,
4agq,,,,,
4ahr,,,,,
4ahs,,,,,
4ahv,,,,,
4ai8,0.35927119851112366,,,0.9943365454673767,
4aif,,,,,
4aig,1.893834114074707,,,0.6746231317520142,
4aj2,,,,,
4aj4,,,,,
4aje,,,,,
4aji,,,,,
4ajk,,,,,
4ajl,,,,,
4ajn,,,,,
4ajo,,,,,
4ajw,,,,,
4akn,,,,,
4al4,,,,,
4alg,0.26596781611442566,,,1.0,
4alx,,,,,
4aml,,,,,
4amy,0.7949560284614563,,,0.9287652373313904,
4amz,0.4349578022956848,,,0.9764795303344727,
4an0,1.266523003578186,,,0.8534732460975647,
4an1,1.0836384296417236,,,0.8293433785438538,
4an9,,,,,
4anb,,,,,
4anq,1.6887400150299072,,,0.7734922766685486,
4aoc,,,,,
4aom,,,,,
4aph,,,,,
4apo,,,,,
4app,2.6546831130981445,,,0.7888067364692688,
4aq3,,,,,
4aq4,0.5405935049057007,,,0.9633182883262634,
4ark,1.1632637977600098,,,0.8350383639335632,
4aro,,,,,
4as9,,,,,
4asd,0.7229317426681519,,,0.9277663826942444,
4at3,2.5124359130859375,,,0.682519257068634,
4att,0.9828765392303467,,,0.8633027672767639,
4au8,,,,,
4auj,1.491166114807129,,,0.7195616960525513,
4auy,,,,,
4av0,,,,,
4avh,,,,,
4avi,,,,,
4avj,,,,,
4avt,,,,,
4avu,,,,,
4avw,,,,,
4awj,,,,,
4awk,4.106891632080078,,,0.5561290383338928,
4awm,,,,,
4axd,1.5038901567459106,,,0.7735326886177063,
4axm,,,,,
4ay5,,,,,
4ay6,,,,,
4ayp,,,,,
4ayq,0.9945699572563171,,,0.8918918967247009,
4ayr,,,,,
4ayt,1.3449128866195679,,,0.8292227387428284,
4ayu,,,,,
4ayv,1.1277986764907837,,,0.8419483304023743,
4ayw,1.4243040084838867,,,0.8146630525588989,
4ayx,0.8412476778030396,,,0.930084764957428,
4az0,0.6376289129257202,,,0.9553333520889282,
4az3,0.9362273216247559,,,0.9014806151390076,
4az5,0.8972378969192505,,,0.9130648374557495,
4azc,,,,,
4aze,,,,,
4azf,1.8980751037597656,,,0.6813793182373047,
4azg,,,,,
4azi,,,,,
4azp,,,,,
4azt,0.6186265349388123,,,0.9474169611930847,
4b00,1.930495023727417,,,0.7277887463569641,
4b05,1.8823109865188599,,,0.7472314238548279,
4b11,,,,,
4b12,,,,,
4b13,,,,,
4b14,,,,,
4b1c,0.2871466279029846,,,0.994991660118103,
4b1d,1.3018430471420288,,,0.8319149017333984,
4b2d,,,,,
4b2i,0.21790924668312073,,,1.0,
4b2l,0.12175349146127701,,,1.0,
4b32,0.21811608970165253,,,1.0,
4b34,0.5426269173622131,,,0.9676375389099121,
4b35,0.21622057259082794,,,1.0,
4b3c,0.25502321124076843,,,1.0,
4b3d,,,,,
4b3u,,,,,
4b4g,,,,,
4b4q,,,,,
4b5d,,,,,
4b5s,,,,,
4b5t,,,,,
4b5w,,,,,
4b60,,,,,
4b6e,,,,,
4b6o,1.6765328645706177,,,0.7247899174690247,
4b6p,1.4233781099319458,,,0.7949892282485962,
4b6r,,,,,
4b6s,,,,,
4b6u,,,,,
4b71,,,,,
4b73,,,,,
4b74,,,,,
4b76,,,,,
4b77,0.9306707978248596,,,0.8844444155693054,
4b7j,0.7450599670410156,,,0.9383628964424133,
4b7r,,,,,
4b7z,,,,,
4b80,,,,,
4b81,,,,,
4b82,,,,,
4b83,,,,,
4b84,,,,,
4b8o,,,,,
4b8p,,,,,
4b8y,,,,,
4b9h,,,,,
4b9k,,,,,
4b9z,,,,,
4bae,,,,,
4bb2,1.6774561405181885,,,0.7437315583229065,
4bb9,2.0900826454162598,,,0.6931993961334229,
4bbg,3.7183215618133545,,,0.5519828796386719,
4bc5,,,,,
4bcb,,,,,
4bcc,3.727112054824829,,,0.8519948720932007,
4bcd,1.6397310495376587,,,0.7830123901367188,
4bcf,,,,,
4bcg,,,,,
4bch,2.583557367324829,,,0.6769663095474243,
4bci,2.754045248031616,,,0.7386666536331177,
4bcj,1.095141887664795,,,0.849768877029419,
4bck,,,,,
4bcm,,,,,
4bcn,,,,,
4bcp,,,,,
4bcq,,,,,
4bcs,,,,,
4bcw,0.8832101225852966,,,0.8657289147377014,
4bd3,,,,,
4bda,0.6093382835388184,,,0.9414169192314148,
4bdc,0.27982935309410095,,,1.0,
4bdd,0.44730013608932495,,,0.9855072498321533,
4bde,0.27402567863464355,,,1.0,
4bdf,0.37766918540000916,,,0.9885057210922241,
4bdg,0.2390650510787964,,,1.0,
4bdh,0.21337153017520905,,,1.0,
4bdi,0.9020239114761353,,,0.9486873745918274,
4bds,0.25615280866622925,,,0.9957317113876343,
4bdt,2.883021116256714,,,0.7071773409843445,
4bea,,,,,
4bek,1.472852110862732,,,0.8507042527198792,
4bf1,0.3221953213214874,,,1.0,
4bf6,3.2489218711853027,,,0.7403100728988647,
4bfd,1.4606633186340332,,,0.83851158618927,
4bfr,,,,,
4bg1,0.39622214436531067,,,0.9892776608467102,
4bg6,,,,,
4bgg,,,,,
4bgk,,,,,
4bgm,0.7701566219329834,,,0.9203056693077087,
4bgx,,,,,
4bgy,,,,,
4bh3,,,,,
4bh4,,,,,
4bhf,0.7275512218475342,,,0.9291871786117554,
4bhi,1.0657987594604492,,,0.8767361044883728,
4bhz,0.33177459239959717,,,1.0,
4bi1,0.16006813943386078,,,1.0,
4bi2,0.1823999434709549,,,1.0,
4bi6,0.27895376086235046,,,1.0,
4bi7,0.7723008394241333,,,0.9390581846237183,
4bib,,,,,
4bic,,,,,
4bj8,,,,,
4bj9,,,,,
4bjx,1.5467251539230347,,,0.7186098694801331,
4bkt,,,,,
4blb,,,,,
4bnt,,,,,
4bnz,,,,,
4bo3,,,,,
4bo4,,,,,
4bo5,,,,,
4bo9,,,,,
4bpi,,,,,
4bqg,0.5736417174339294,,,0.9587852358818054,
4bqh,1.3835124969482422,,,0.8361959457397461,
4bqt,,,,,
4bqy,0.6087233424186707,,,0.9418181777000427,
4bs4,,,,,
4bs5,,,,,
4bsq,0.7422683238983154,,,0.9165596961975098,
4bt3,2.064293146133423,,,0.7176828980445862,
4bt4,0.583103358745575,,,0.9681302905082703,
4bt5,2.0199999809265137,,,0.7432432174682617,
4bt9,,,,,
4btb,,,,,
4bti,,,,,
4btk,0.5306880474090576,,,0.9466845989227295,
4btm,,,,,
4btt,,,,,
4btu,,,,,
4btw,,,,,
4buq,,,,,
4bv2,,,,,
4bvb,0.6886998414993286,,,0.9369286894798279,
4bw1,1.6874711513519287,,,0.7356660962104797,
4bw2,0.6721806526184082,,,0.9137254953384399,
4bw3,0.23380397260189056,,,1.0,
4bw4,0.48326995968818665,,,0.9846292734146118,
4bxn,,,,,
4bxu,,,,,
4byi,2.815899610519409,,,0.754755437374115,
4byj,1.5823665857315063,,,0.8298022747039795,
4bzn,1.500296950340271,,,0.8011958003044128,
4bzo,1.4288862943649292,,,0.8421391844749451,
4c0r,,,,,
4c16,,,,,
4c1d,,,,,
4c1e,,,,,
4c1f,0.7672268748283386,,,0.9183804392814636,
4c1g,0.8549308180809021,,,0.9013647437095642,
4c1h,2.0182652473449707,,,0.735049843788147,
4c1t,,,,,
4c1u,,,,,
4c1w,,,,,
4c1y,,,,,
4c36,0.5751389861106873,,,0.9514237642288208,
4c37,5.546108245849609,,,0.29754960536956787,
4c38,0.5177116990089417,,,0.966277003288269,
4c3k,,,,,
4c4f,0.565979540348053,,,0.9468267560005188,
4c4g,0.5697993040084839,,,0.9605262875556946,
4c4n,,,,,
4c5w,0.22901082038879395,,,1.0,
4c66,1.5380576848983765,,,0.7464285492897034,
4c68,,,,,
4c6u,1.2452311515808105,,,0.8515100479125977,
4c6v,1.2076817750930786,,,0.860973596572876,
4c6x,,,,,
4c6z,,,,,
4c70,,,,,
4c72,,,,,
4c73,,,,,
4c94,,,,,
4c9x,2.2256054878234863,,,0.7226744294166565,
4ca4,,,,,
4ca6,,,,,
4ca7,,,,,
4cae,,,,,
4cby,,,,,
4cc2,,,,,
4cc3,,,,,
4cc5,,,,,
4cc7,,,,,
4ccd,1.0891367197036743,,,0.8820638656616211,
4cd4,,,,,
4cd5,,,,,
4cd6,,,,,
4cd8,,,,,
4cdr,,,,,
4ce2,1.7088775634765625,,,0.6688790321350098,
4ceb,,,,,
4cff,,,,,
4cft,,,,,
4cgi,,,,,
4cgj,,,,,
4cig,,,,,
4cik,0.6986516118049622,,,0.9350489974021912,
4civ,0.8422119617462158,,,0.9126983880996704,
4ciw,1.3399995565414429,,,0.8209876418113708,
4cix,0.6187365651130676,,,0.9453924894332886,
4ciy,0.7994934916496277,,,0.9286723136901855,
4ciz,0.5583931803703308,,,0.9614197611808777,
4cj4,,,,,
4cjp,,,,,
4cjq,,,,,
4cjr,,,,,
4cki,1.2999675273895264,,,0.8115310072898865,
4ckr,0.6499295830726624,,,0.9379929900169373,
4cku,,,,,
4cl6,,,,,
4cli,0.8670626878738403,,,0.910639762878418,
4clj,2.0946574211120605,,,0.6934889554977417,
4cmo,0.817233145236969,,,0.8982334733009338,
4cnh,,,,,
4cp7,1.0718131065368652,,,0.8582589030265808,
4cpr,1.3459913730621338,,,0.804670512676239,
4cpt,1.1595187187194824,,,0.8498134613037109,
4cpw,1.3061443567276,,,0.8074427247047424,
4cpx,1.321851372718811,,,0.8033359050750732,
4cpy,,,,,
4cqe,,,,,
4cqf,,,,,
4cqg,0.7391600608825684,,,0.9427409172058105,
4cr9,0.21763876080513,,,1.0,
4cra,,,,,
4crd,0.49597835540771484,,,0.9649168252944946,
4crf,1.7615989446640015,,,0.7867581844329834,
4crl,1.9093503952026367,,,0.7691571116447449,
4csd,,,,,
4css,,,,,
4cst,,,,,
4csy,,,,,
4ctj,0.377154141664505,,,0.9921259880065918,
4cu7,0.8572166562080383,,,0.9185750484466553,
4cu8,0.8125028014183044,,,0.9211764931678772,
4cwf,6.261754035949707,,,0.22934472560882568,
4cwr,0.8102884888648987,,,0.9052132964134216,
4cws,0.6600021719932556,,,0.9537750482559204,
4cxw,0.4440280497074127,,,0.9839609265327454,
4cxx,0.7146008014678955,,,0.9305555820465088,
4cxy,0.5428943037986755,,,0.9750445485115051,
4cy1,,,,,
4d08,,,,,
4d09,,,,,
4d0w,3.1987662315368652,,,0.5137665271759033,
4d1b,0.47018861770629883,,,0.978215754032135,
4d1c,0.6868176460266113,,,0.9440433382987976,
4d1d,,,,,
4d1s,1.1766023635864258,,,0.8683273792266846,
4d1y,1.334462285041809,,,0.8410518169403076,
4d2d,,,,,
4d2r,0.7091001868247986,,,0.9455177783966064,
4d2s,0.8567898273468018,,,0.9154518842697144,
4d2t,,,,,
4d4d,,,,,
4d52,,,,,
4d62,36.907108306884766,,,0.0,
4d63,37.45240783691406,,,0.0,
4d83,,,,,
4d88,0.9897881746292114,,,0.8681902289390564,
4d89,1.1145380735397339,,,0.8748862743377686,
4d8c,,,,,
4d8i,,,,,
4d8s,0.6878640055656433,,,0.929896891117096,
4d8z,,,,,
4d9p,,,,,
4da5,,,,,
4daf,,,,,
4dai,,,,,
4db7,,,,,
4dbn,,,,,
4dcd,,,,,
4dce,,,,,
4dcs,0.9792850613594055,,,0.8989431858062744,
4dcv,1.2544634342193604,,,0.849711000919342,
4ddk,,,,,
4ddy,,,,,
4de0,,,,,
4de3,,,,,
4de5,,,,,
4de7,0.831233024597168,,,0.8941532373428345,
4deh,0.3951369524002075,,,0.9791666865348816,
4dei,0.8456135988235474,,,0.9577814340591431,
4del,0.22103790938854218,,,1.0,
4deu,,,,,
4dfb,,,,,
4dff,,,,,
4dfu,,,,,
4dfw,,,,,
4dgb,,,,,
4dgg,,,,,
4dgr,,,,,
4dhl,,,,,
4dhm,0.8451197147369385,,,0.8985329866409302,
4dho,2.047290325164795,,,0.7752347588539124,
4dhp,3.2419228553771973,,,0.6245192289352417,
4dhq,1.5003970861434937,,,0.8404392600059509,
4dhr,0.8179659843444824,,,0.8832873106002808,
4dhs,0.6349279880523682,,,0.9493243098258972,
4dhu,1.7602137327194214,,,0.7810026407241821,
4dij,,,,,
4dj7,,,,,
4djh,,,,,
4djr,1.0120054483413696,,,0.8861031532287598,
4djs,,,,,
4dko,,,,,
4dkp,,,,,
4dkt,,,,,
4dld,,,,,
4dli,,,,,
4dmw,0.7886710166931152,,,0.9108833074569702,
4dn0,,,,,
4do4,,,,,
4do5,,,,,
4dow,,,,,
4dpy,,,,,
4dq2,1.2065492868423462,,,0.8119941353797913,
4dr9,,,,,
4drm,2.2211718559265137,,,0.7173017263412476,
4drn,2.152167797088623,,,0.7352309226989746,
4dro,1.1740984916687012,,,0.8278495669364929,
4drp,2.7876548767089844,,,0.6826332211494446,
4ds1,,,,,
4dst,0.20549826323986053,,,1.0,
4dsy,0.7990754246711731,,,0.8646095991134644,
4dt2,,,,,
4dtk,0.5457963943481445,,,0.9639303684234619,
4dtt,,,,,
4du8,,,,,
4dv9,,,,,
4dve,,,,,
4dvi,,,,,
4dwb,0.9405861496925354,,,0.8999999761581421,
4dwk,,,,,
4dxg,,,,,
4dy6,,,,,
4dzy,0.1705596148967743,,,1.0,
4e0w,1.1065120697021484,,,0.8425233364105225,
4e0x,,,,,
4e1m,31.855928421020508,,,0.0,
4e1n,31.515308380126953,,,0.0,
4e1z,0.6682745218276978,,,0.9285714030265808,
4e34,,,,,
4e35,,,,,
4e3f,,,,,
4e3g,0.3091930150985718,,,1.0,
4e3i,,,,,
4e3j,,,,,
4e3k,,,,,
4e3l,,,,,
4e3o,,,,,
4e49,,,,,
4e4a,0.19202527403831482,,,1.0,
4e4l,,,,,
4e4n,,,,,
4e5d,0.44916751980781555,,,0.9734789133071899,
4e5f,,,,,
4e5g,,,,,
4e5h,1.4426020383834839,,,0.7864933013916016,
4e5j,,,,,
4e5w,,,,,
4e67,,,,,
4e6c,1.274628758430481,,,0.8467513918876648,
4e6d,,,,,
4e6q,,,,,
4e70,,,,,
4e81,,,,,
4e8w,,,,,
4e90,,,,,
4e96,,,,,
4e9c,,,,,
4e9d,,,,,
4e9u,0.8840110898017883,,,0.8996789455413818,
4ea1,0.8583683371543884,,,0.9140233993530273,
4ea2,1.1798242330551147,,,0.8186274766921997,
4ea3,,,,,
4eb9,,,,,
4ec0,2.764465093612671,,,0.8207908272743225,
4ec4,,,,,
4ede,1.6551703214645386,,,0.7379094958305359,
4edz,,,,,
4eeh,0.38869601488113403,,,0.9851379990577698,
4eej,,,,,
4eev,0.9535894393920898,,,0.8811812996864319,
4ef6,,,,,
4efg,1.2919267416000366,,,0.8045286536216736,
4efk,,,,,
4efs,,,,,
4eft,0.9940087795257568,,,0.869966447353363,
4efu,0.6797914505004883,,,0.9344380497932434,
4egh,0.5453913807868958,,,0.954081654548645,
4egi,0.22347505390644073,,,1.0,
4egk,2.0353503227233887,,,0.662466824054718,
4eh3,0.6917870044708252,,,0.9412915706634521,
4eh4,0.5496057868003845,,,0.9589372277259827,
4eh6,34.066287994384766,,,0.0,
4eh7,0.37808504700660706,,,0.9931250214576721,
4eh8,,,,,
4ehe,,,,,
4ehm,3.0290825366973877,,,0.5520304441452026,
4ehr,1.0907329320907593,,,0.8776721954345703,
4ehv,,,,,
4ehz,,,,,
4ei4,,,,,
4ej2,2.1767656803131104,,,0.7123059630393982,
4ej8,0.5804214477539062,,,0.9380165338516235,
4ejf,,,,,
4eke,0.9963991641998291,,,0.8743780851364136,
4eki,0.9770424365997314,,,0.857569694519043,
4eky,0.7227771282196045,,,0.9287014603614807,
4el0,0.589836061000824,,,0.9520235061645508,
4el5,0.6837706565856934,,,0.9220733642578125,
4el9,,,,,
4elb,,,,,
4ele,,,,,
4elf,,,,,
4elg,,,,,
4elh,,,,,
4em7,0.6605399250984192,,,0.9460470080375671,
4emt,3.7643380165100098,,,0.46727657318115234,
4en4,,,,,
4eny,0.4256983697414398,,,0.9718137383460999,
4eo4,,,,,
4eo6,,,,,
4eo8,,,,,
4eoi,,,,,
4eol,,,,,
4eon,,,,,
4eop,,,,,
4eos,,,,,
4eox,1.3726799488067627,,,0.8543425798416138,
4epy,0.8242856860160828,,,0.9231464862823486,
4eqj,,,,,
4er2,,,,,
4er4,,,,,
4ere,,,,,
4erk,1.0812337398529053,,,0.9260042309761047,
4erq,,,,,
4ery,,,,,
4erz,,,,,
4es0,,,,,
4esg,,,,,
4est,,,,,
4etz,,,,,
4eu0,3.961233377456665,,,0.41756758093833923,
4eu3,0.2557637393474579,,,1.0,
4euc,,,,,
4euo,0.2306910902261734,,,1.0,
4euv,3.193255662918091,,,0.5382462739944458,
4ew3,0.9372760057449341,,,0.9363884925842285,
4ewn,0.48210057616233826,,,0.9718379378318787,
4ewr,,,,,
4exg,0.778795599937439,,,0.9315642714500427,
4exh,,,,,
4exs,,,,,
4exz,1.3761873245239258,,,0.7146422863006592,
4eyj,0.6207537055015564,,,0.9498714804649353,
4eym,0.6555748581886292,,,0.9344745874404907,
4eyr,3.9129178524017334,,,0.5005030035972595,
4ezj,1.1186190843582153,,,0.8804086446762085,
4ezo,,,,,
4ezq,,,,,
4ezr,,,,,
4ezw,,,,,
4ezx,,,,,
4ezy,,,,,
4ezz,,,,,
4f08,,,,,
4f09,0.69130939245224,,,0.9402485489845276,
4f0c,,,,,
4f14,,,,,
4f1q,,,,,
4f20,,,,,
4f2w,,,,,
4f39,0.7412407994270325,,,0.9390756487846375,
4f3i,0.3662234842777252,,,0.9843453764915466,
4f49,,,,,
4f4p,0.8284693956375122,,,0.898084819316864,
4f5y,2.976736545562744,,,0.5506706237792969,
4f64,,,,,
4f6s,0.6845937967300415,,,0.9446721076965332,
4f6u,0.4391692280769348,,,0.978857159614563,
4f7j,0.5694831013679504,,,0.9634670615196228,
4f7l,0.5322700142860413,,,0.964606761932373,
4f7n,0.4450453519821167,,,0.9789473414421082,
4f8h,,,,,
4f9g,2.589534044265747,,,0.6284037828445435,
4f9u,,,,,
4f9v,,,,,
4f9w,0.49991101026535034,,,0.9500805139541626,
4fai,,,,,
4fbe,,,,,
4fbx,,,,,
4fcf,,,,,
4fcm,,,,,
4fcq,1.3442940711975098,,,0.8378176093101501,
4fe9,,,,,
4fem,,,,,
4fev,,,,,
4few,,,,,
4ffs,0.8378241062164307,,,0.9419127106666565,
4fgt,,,,,
4fgx,,,,,
4fgz,,,,,
4fhh,0.48821818828582764,,,0.9758155345916748,
4fhi,0.6539420485496521,,,0.9368715286254883,
4fht,,,,,
4fi9,,,,,
4fic,,,,,
4fiv,,,,,
4fk6,,,,,
4fkk,0.9319484829902649,,,0.9051302671432495,
4fl1,1.8014860153198242,,,0.734544038772583,
4fl2,,,,,
4fl3,,,,,
4fli,1.4368863105773926,,,0.8247663378715515,
4flj,1.5392587184906006,,,0.8769554495811462,
4flk,0.6236550807952881,,,0.9490678906440735,
4fm7,,,,,
4fm8,,,,,
4fmn,,,,,
4fmo,,,,,
4fmq,,,,,
4fmu,0.9798823595046997,,,0.8767211437225342,
4fnn,1.3290899991989136,,,0.8191609978675842,
4fns,,,,,
4fny,0.6679710745811462,,,0.9322404265403748,
4fnz,1.0300941467285156,,,0.8676199316978455,
4fob,0.8955583572387695,,,0.8932960629463196,
4fp1,,,,,
4frj,0.8960475921630859,,,0.8519917726516724,
4frk,1.0138535499572754,,,0.851488471031189,
4ft2,,,,,
4fvq,0.7053547501564026,,,0.9205127954483032,
4fvr,1.1447432041168213,,,0.8296459913253784,
4fxf,,,,,
4fxj,,,,,
4fxp,,,,,
4fxq,,,,,
4fxz,9.930032730102539,,,0.07644230872392654,
4fyh,,,,,
4fz3,,,,,
4fzj,,,,,
4g0a,,,,,
4g0k,,,,,
4g0l,,,,,
4g0p,0.8799989819526672,,,0.9085510969161987,
4g0q,0.8516122698783875,,,0.9154676198959351,
4g0y,0.6698981523513794,,,0.9553990364074707,
4g0z,1.1564544439315796,,,0.8877440094947815,
4g11,0.8093786835670471,,,0.9282820224761963,
4g19,,,,,
4g2f,0.5288535952568054,,,0.9705105423927307,
4g2l,,,,,
4g2y,0.633082926273346,,,0.9496830701828003,
4g3g,0.3115914762020111,,,0.9931087493896484,
4g4p,1.384869933128357,,,0.7666308879852295,
4g5f,,,,,
4g5y,,,,,
4g68,,,,,
4g8l,,,,,
4g8m,,,,,
4g8n,0.6851489543914795,,,0.938524603843689,
4g8o,7.455401420593262,,,0.21758508682250977,
4g8r,,,,,
4g8v,1.2141972780227661,,,0.8580870628356934,
4g8y,1.500283122062683,,,0.8224191069602966,
4g90,1.6207796335220337,,,0.8146616816520691,
4gao,,,,,
4gby,,,,,
4gbz,,,,,
4gd6,0.618381679058075,,,0.9449999928474426,
4ge1,,,,,
4ge2,1.1711786985397339,,,0.8371794819831848,
4ge4,,,,,
4gee,0.9412712454795837,,,0.8804794549942017,
4gfd,,,,,
4gfm,1.1848257780075073,,,0.8665094375610352,
4gfn,0.7499468922615051,,,0.9456360936164856,
4gfo,2.017564296722412,,,0.74303138256073,
4ggz,,,,,
4ght,,,,,
4gid,,,,,
4gih,0.6264218688011169,,,0.9566450715065002,
4gii,0.4359224736690521,,,0.982339084148407,
4gj2,,,,,
4gj3,,,,,
4gj7,,,,,
4gj8,,,,,
4gjb,,,,,
4gkc,,,,,
4gly,,,,,
4gm8,,,,,
4gmc,1.064513087272644,,,0.8711001873016357,
4gmy,0.7867171168327332,,,0.9495238065719604,
4gne,,,,,
4gnf,,,,,
4gng,,,,,
4gny,0.8189433217048645,,,0.883289098739624,
4gq4,0.4635098874568939,,,0.9742472171783447,
4gql,,,,,
4gqq,,,,,
4gr0,,,,,
4gr3,1.2742857933044434,,,0.8297784924507141,
4gr8,2.9969451427459717,,,0.845553457736969,
4gs8,,,,,
4gsy,,,,,
4guj,,,,,
4gv8,,,,,
4gvd,,,,,
4gvm,0.895992636680603,,,0.8729050159454346,
4gw1,,,,,
4gw5,,,,,
4gw6,2.4410459995269775,,,0.6212607026100159,
4gw8,0.5750432014465332,,,0.9600326418876648,
4gwi,,,,,
4gwk,,,,,
4gxl,,,,,
4gxs,,,,,
4gy5,,,,,
4gz3,,,,,
4gzp,0.6897978186607361,,,0.9300000071525574,
4gzt,,,,,
4gzw,,,,,
4gzx,,,,,
4h1j,1.2603158950805664,,,0.8250969052314758,
4h1m,0.6501566171646118,,,0.9312098622322083,
4h2m,,,,,
4h36,,,,,
4h38,0.8598149418830872,,,0.8980644941329956,
4h39,,,,,
4h3a,,,,,
4h3b,,,,,
4h3c,,,,,
4h3q,,,,,
4h42,1.1281673908233643,,,0.8545871376991272,
4h4d,,,,,
4h4e,,,,,
4h4m,1.1972475051879883,,,0.824367105960846,
4h5e,1.1956393718719482,,,0.8575649857521057,
4h71,9.536539077758789,,,0.2513698637485504,
4h75,,,,,
4h7q,0.46516039967536926,,,0.9742857217788696,
4h81,0.6189835071563721,,,0.9548457860946655,
4h85,0.4380080997943878,,,0.9794721603393555,
4hbm,,,,,
4hbn,1.316929578781128,,,0.7893432378768921,
4hbp,,,,,
4hbv,0.47251829504966736,,,0.9863636493682861,
4hbw,0.6387277245521545,,,0.9405370950698853,
4hby,0.622165858745575,,,0.9258177280426025,
4hco,15.88089656829834,,,0.009305210784077644,
4hcu,0.9962107539176941,,,0.8871058821678162,
4hcv,0.8499183654785156,,,0.9125993251800537,
4hcz,,,,,
4hdc,,,,,
4hej,0.5173094868659973,,,0.9560155272483826,
4hev,,,,,
4hfz,,,,,
4hg7,1.913134217262268,,,0.6707227230072021,
4hgc,,,,,
4hgl,0.23886415362358093,,,1.0,
4hgs,1.3407719135284424,,,0.8487085103988647,
4hgt,,,,,
4hhy,,,,,
4hhz,,,,,
4hkp,,,,,
4hlc,,,,,
4hld,,,,,
4hlg,,,,,
4hlm,,,,,
4hmk,,,,,
4hn2,,,,,
4hni,,,,,
4hnn,,,,,
4hod,10.027582168579102,,,0.12086956202983856,
4hp0,,,,,
4hpi,,,,,
4hpy,,,,,
4hra,,,,,
4hs6,,,,,
4hs8,,,,,
4hso,,,,,
4ht0,0.950565755367279,,,0.9028013348579407,
4ht2,,,,,
4ht6,,,,,
4htp,,,,,
4htx,,,,,
4hu1,,,,,
4hva,,,,,
4hvb,1.1388306617736816,,,0.8842530250549316,
4hvd,0.40848636627197266,,,0.9820075631141663,
4hvh,1.5571329593658447,,,0.8119800090789795,
4hvi,1.1570258140563965,,,0.8600562810897827,
4hvs,0.6342419981956482,,,0.9475469589233398,
4hw7,0.7064049243927002,,,0.9278742074966431,
4hwr,,,,,
4hwt,,,,,
4hxj,,,,,
4hxl,1.537077784538269,,,0.8020186424255371,
4hxm,0.5866617560386658,,,0.9667007923126221,
4hxs,0.8320693969726562,,,0.8919693827629089,
4hxw,1.5836395025253296,,,0.8514492511749268,
4hxz,,,,,
4hy1,,,,,
4hy5,,,,,
4hy9,,,,,
4hyb,,,,,
4hyf,,,,,
4hys,0.485420286655426,,,0.9657173156738281,
4hz5,,,,,
4hzm,,,,,
4hzz,0.4365939199924469,,,0.9866737723350525,
4i0d,1.2232131958007812,,,0.8680659532546997,
4i0f,2.732903242111206,,,0.6416566371917725,
4i0r,0.6088622212409973,,,0.9577235579490662,
4i0t,0.4122408330440521,,,0.9800156950950623,
4i0z,0.6895632147789001,,,0.9402756690979004,
4i11,2.752073287963867,,,0.6733576655387878,
4i12,0.7185133099555969,,,0.9295343160629272,
4i1c,0.492583304643631,,,0.9692202210426331,
4i1r,0.4768501818180084,,,0.9704049825668335,
4i2w,,,,,
4i2z,,,,,
4i31,,,,,
4i32,,,,,
4i33,,,,,
4i3z,,,,,
4i47,0.1829966902732849,,,1.0,
4i5c,,,,,
4i5m,1.042969822883606,,,0.8914201259613037,
4i5p,0.7974637746810913,,,0.9007601141929626,
4i6b,1.450289249420166,,,0.8373430967330933,
4i6h,1.458315372467041,,,0.8246505856513977,
4i6q,1.5401556491851807,,,0.804841160774231,
4i73,,,,,
4i74,1.2335801124572754,,,0.8097015023231506,
4i7b,,,,,
4i7d,,,,,
4i7j,,,,,
4i7k,,,,,
4i7l,,,,,
4i7m,,,,,
4i7p,,,,,
4i80,,,,,
4i8w,0.9957166314125061,,,0.8785387873649597,
4i9c,,,,,
4i9h,,,,,
4i9o,1.5510798692703247,,,0.7829086780548096,
4i9r,6.563063144683838,,,0.22678843140602112,
4i9s,6.90618371963501,,,0.20028409361839294,
4i9u,,,,,
4iaw,,,,,
4iax,1.018636703491211,,,0.9074504971504211,
4ibd,,,,,
4ibe,,,,,
4ibi,,,,,
4ibj,,,,,
4ibk,,,,,
4idn,,,,,
4ido,,,,,
4idt,,,,,
4idz,0.5248863101005554,,,0.9676656126976013,
4ie0,0.49588972330093384,,,0.965782105922699,
4ie5,0.4681464731693268,,,0.9721564054489136,
4ie6,0.7466992735862732,,,0.9047825932502747,
4igk,,,,,
4igq,,,,,
4ih3,,,,,
4ih6,,,,,
4ih7,,,,,
4iho,,,,,
4iic,,,,,
4iid,,,,,
4iie,,,,,
4iif,,,,,
4ijh,,,,,
4ijl,,,,,
4ijp,,,,,
4ijq,,,,,
4ikn,,,,,
4iku,0.633419930934906,,,0.9694767594337463,
4imq,,,,,
4imz,,,,,
4in9,,,,,
4inb,0.9167365431785583,,,0.8961377739906311,
4inh,,,,,
4io2,,,,,
4io3,,,,,
4io4,,,,,
4io5,,,,,
4io6,,,,,
4io7,,,,,
4ipi,,,,,
4ipj,0.7689310312271118,,,0.9525723457336426,
4ipn,,,,,
4ir5,1.0560665130615234,,,0.9100441336631775,
4ir6,0.5423391461372375,,,0.973437488079071,
4irx,,,,,
4is6,,,,,
4isu,,,,,
4ith,,,,,
4iti,,,,,
4itp,0.6234336495399475,,,0.9546979665756226,
4iu1,0.4537895917892456,,,0.9781553149223328,
4iur,,,,,
4iut,,,,,
4iuu,,,,,
4iuv,,,,,
4iva,0.5266034007072449,,,0.9751683473587036,
4ivb,,,,,
4ivc,,,,,
4ivd,,,,,
4ivk,0.9130063652992249,,,0.8877708911895752,
4iwd,2.828572988510132,,,0.6710633039474487,
4iwz,3.467951774597168,,,0.7264243364334106,
4iz0,,,,,
4izm,,,,,
4j03,1.5745676755905151,,,0.7335382103919983,
4j04,,,,,
4j06,,,,,
4j09,,,,,
4j0a,0.730267345905304,,,0.9250457286834717,
4j0p,1.4363183975219727,,,0.8291366696357727,
4j0r,0.5240259170532227,,,0.9636563658714294,
4j0s,0.4779551923274994,,,0.9817478060722351,
4j0y,1.1970632076263428,,,0.8816713690757751,
4j0z,2.1296348571777344,,,0.7312661409378052,
4j17,0.3910398781299591,,,0.9888167381286621,
4j1e,0.7764049172401428,,,0.9374176263809204,
4j1h,0.6728721261024475,,,0.9379240274429321,
4j26,,,,,
4j2c,,,,,
4j2t,,,,,
4j3i,1.2757441997528076,,,0.9166666865348816,
4j3j,,,,,
4j3u,,,,,
4j44,,,,,
4j45,,,,,
4j46,,,,,
4j47,,,,,
4j48,,,,,
4j52,1.335064172744751,,,0.8309294581413269,
4j5d,,,,,
4j5e,0.9763107895851135,,,0.8904793858528137,
4j73,,,,,
4j74,,,,,
4j77,,,,,
4j78,,,,,
4j79,,,,,
4j7d,3.335792303085327,,,0.5307080745697021,
4j7i,,,,,
4j82,,,,,
4j84,,,,,
4j86,,,,,
4j8b,,,,,
4j8g,,,,,
4j8r,,,,,
4j8t,,,,,
4j93,1.131840467453003,,,0.8522099256515503,
4j9a,,,,,
4jaz,0.7231644988059998,,,0.9227871894836426,
4jbl,1.9217376708984375,,,0.564039409160614,
4jbp,0.9008917212486267,,,0.8849614262580872,
4jbs,,,,,
4jc1,,,,,
4jck,,,,,
4jda,,,,,
4jdf,0.47464752197265625,,,0.9839572310447693,
4je7,,,,,
4je8,,,,,
4jfd,,,,,
4jfe,,,,,
4jff,,,,,
4jfi,,,,,
4jfj,0.9677283763885498,,,0.8796928524971008,
4jfk,2.0358242988586426,,,0.6730219125747681,
4jfl,1.9562608003616333,,,0.6845298409461975,
4jfm,6.299272060394287,,,0.5707217454910278,
4jfx,,,,,
4jg0,,,,,
4jg1,,,,,
4jg6,,,,,
4jg8,,,,,
4jgv,1.298845887184143,,,0.793181836605072,
4jh0,,,,,
4jhz,,,,,
4jib,,,,,
4jin,0.9424010515213013,,,0.875,
4jit,,,,,
4jiz,,,,,
4jj8,,,,,
4jje,,,,,
4jjq,,,,,
4jjs,1.1644294261932373,,,0.8175241351127625,
4jk5,,,,,
4jk6,,,,,
4jkt,,,,,
4jkw,2.820852518081665,,,0.5787139534950256,
4jlg,,,,,
4jlj,,,,,
4jlm,,,,,
4jln,,,,,
4jls,,,,,
4jmx,0.8145073056221008,,,0.893362820148468,
4jn4,,,,,
4jne,,,,,
4jnj,,,,,
4jog,,,,,
4joh,,,,,
4jpa,,,,,
4jps,0.7311384677886963,,,0.9335781335830688,
4jpy,24.17628288269043,,,0.0,
4jql,2.2307040691375732,,,0.6672932505607605,
4jr0,,,,,
4jr5,,,,,
4jsa,,,,,
4jsc,,,,,
4jsr,0.659639835357666,,,0.9356921315193176,
4jss,1.3182424306869507,,,0.7884615659713745,
4jt8,0.8116499185562134,,,0.9142335653305054,
4jt9,0.9414107203483582,,,0.9128590226173401,
4ju3,,,,,
4ju6,0.974758505821228,,,0.8931818008422852,
4ju7,0.7552456259727478,,,0.8671454191207886,
4jv7,5.477065563201904,,,0.3119906783103943,
4jv8,,,,,
4jve,4.786900043487549,,,0.42727771401405334,
4jvi,0.8291645050048828,,,0.9034515023231506,
4jwr,,,,,
4jx9,3.331049919128418,,,0.4908088147640228,
4jxs,0.7635473012924194,,,0.9306536912918091,
4jxv,,,,,
4jxw,,,,,
4jyb,,,,,
4jyc,,,,,
4jym,,,,,
4jyv,3.599783182144165,,,0.748275876045227,
4k0o,,,,,
4k0y,0.4989035129547119,,,0.9543229937553406,
4k18,0.6262323260307312,,,0.9593750238418579,
4k19,,,,,
4k1e,,,,,
4k2f,0.7365420460700989,,,0.9232418537139893,
4k2g,0.4280984401702881,,,0.9770709872245789,
4k2y,0.37838515639305115,,,0.9888059496879578,
4k3o,,,,,
4k3r,,,,,
4k42,,,,,
4k4e,,,,,
4k4j,0.40341347455978394,,,0.9800307154655457,
4k55,1.1546469926834106,,,0.9463768005371094,
4k5l,0.5606486797332764,,,0.9536637663841248,
4k5o,0.9987927079200745,,,0.8591492772102356,
4k5y,,,,,
4k5z,0.44146525859832764,,,0.9758453965187073,
4k60,0.5343696475028992,,,0.9793233275413513,
4k63,,,,,
4k64,,,,,
4k66,,,,,
4k67,,,,,
4k6u,,,,,
4k6v,,,,,
4k6y,,,,,
4k72,,,,,
4k76,,,,,
4k77,,,,,
4k78,,,,,
4k7i,,,,,
4k7n,,,,,
4k7o,,,,,
4k8a,,,,,
4k8o,2.318068742752075,,,0.7105262875556946,
4k8s,,,,,
4k9g,,,,,
4k9h,,,,,
4k9y,0.5426545739173889,,,0.9495074152946472,
4kab,,,,,
4kax,0.7680310606956482,,,0.930526852607727,
4kba,,,,,
4kbc,,,,,
4kbk,,,,,
4kby,5.573071002960205,,,0.30683666467666626,
4kc1,,,,,
4kc2,1.2068753242492676,,,0.8350067138671875,
4kc4,,,,,
4kcg,,,,,
4keq,,,,,
4kfp,,,,,
4kif,,,,,
4kil,0.5203340649604797,,,0.9619565010070801,
4kin,,,,,
4kip,,,,,
4kiq,,,,,
4kjv,1.4600244760513306,,,0.8595700263977051,
4klb,,,,,
4kln,,,,,
4km2,,,,,
4kmd,,,,,
4kn2,,,,,
4knb,,,,,
4kni,3.744249105453491,,,0.6669408082962036,
4knm,,,,,
4knr,0.7353106141090393,,,0.9349619150161743,
4knz,,,,,
4ko8,,,,,
4kom,,,,,
4kon,,,,,
4kot,,,,,
4kow,,,,,
4kox,,,,,
4kp0,0.5788844227790833,,,0.9682080745697021,
4kp4,1.2422720193862915,,,0.8295348882675171,
4kp8,,,,,
4kql,1.346496343612671,,,0.8183984756469727,
4kqp,,,,,
4krs,,,,,
4ks1,1.3905810117721558,,,0.8146701455116272,
4ks2,,,,,
4ks3,1.9952025413513184,,,0.7257019281387329,
4ks4,1.9114675521850586,,,0.6948767900466919,
4ks5,1.629802942276001,,,0.7413073778152466,
4ksp,,,,,
4ksq,,,,,
4ksy,,,,,
4ktc,,,,,
4ktu,,,,,
4kv9,,,,,
4kva,,,,,
4kwp,0.8886979222297668,,,0.9551886916160583,
4kx8,,,,,
4kxb,0.5466578602790833,,,0.958395779132843,
4kxl,,,,,
4kxm,,,,,
4kxn,,,,,
4kyh,0.5174104571342468,,,0.9788732528686523,
4kz0,0.6590854525566101,,,0.9326003789901733,
4kz3,,,,,
4kz6,0.917435348033905,,,0.883631706237793,
4kz7,,,,,
4kz8,,,,,
4kza,,,,,
4l10,,,,,
4l1a,2.168515920639038,,,0.6932432651519775,
4l1u,,,,,
4l2k,,,,,
4l32,,,,,
4l3p,0.6257146000862122,,,0.9491356611251831,
4l4z,,,,,
4l50,,,,,
4l51,,,,,
4l52,0.6843204498291016,,,0.965775728225708,
4l53,0.8868558406829834,,,0.927897572517395,
4l58,,,,,
4l5j,,,,,
4l6q,,,,,
4l6t,,,,,
4l70,0.6101076006889343,,,0.9551020264625549,
4l7b,1.8416976928710938,,,0.6830024719238281,
4l7c,,,,,
4l7d,,,,,
4l7f,,,,,
4l7g,1.287160038948059,,,0.8526951670646667,
4l7h,1.906814694404602,,,0.7459806799888611,
4l7r,1.5610296726226807,,,0.891406238079071,
4l8m,2.144904613494873,,,0.6912891864776611,
4l9i,,,,,
4la7,2.7518258094787598,,,0.6128048896789551,
4lar,0.31264737248420715,,,1.0,
4lbl,,,,,
4lbo,,,,,
4lbp,0.49588704109191895,,,0.9564515948295593,
4lbu,1.1921051740646362,,,0.858562707901001,
4lc7,0.6227663159370422,,,0.9642857313156128,
4led,,,,,
4len,,,,,
4lg6,,,,,
4lge,,,,,
4lgg,,,,,
4lgh,,,,,
4lgu,,,,,
4lh2,,,,,
4lh3,,,,,
4lh5,32.12089157104492,,,0.0,
4lh7,0.3391974866390228,,,0.99472576379776,
4lhv,,,,,
4li0,,,,,
4li7,,,,,
4lil,0.42824307084083557,,,0.9813916087150574,
4lj5,,,,,
4ljh,,,,,
4lk7,,,,,
4lke,,,,,
4lkg,,,,,
4lkh,1.44462251663208,,,0.769271969795227,
4lkj,,,,,
4lkk,,,,,
4lkl,,,,,
4lkm,,,,,
4lko,,,,,
4lkt,,,,,
4llj,0.2198837697505951,,,1.0,
4llp,,,,,
4llx,0.28711551427841187,,,0.9963942170143127,
4lm2,0.33221256732940674,,,0.9848484992980957,
4lm3,0.3158344626426697,,,0.9954819083213806,
4lm4,0.5585592985153198,,,0.9560931921005249,
4lm5,1.6538175344467163,,,0.7930194735527039,
4lmu,1.5868337154388428,,,0.7962538003921509,
4ln2,,,,,
4ln7,0.7518805861473083,,,0.9128329157829285,
4lnb,1.7409685850143433,,,0.7441016435623169,
4lng,1.0287622213363647,,,0.8494898080825806,
4lno,,,,,
4lnp,,,,,
4loh,2.600393533706665,,,0.6140574812889099,
4loo,0.867323100566864,,,0.9098297357559204,
4lov,0.8198904395103455,,,0.9033530354499817,
4loy,2.5325284004211426,,,0.7210379838943481,
4lp0,1.758607029914856,,,0.8720501661300659,
4lp9,,,,,
4lpb,0.5666697025299072,,,0.9492656588554382,
4lpf,0.37992995977401733,,,1.0,
4lps,,,,,
4lqg,1.28256094455719,,,0.8443649411201477,
4lqy,1.901381254196167,,,0.7299319505691528,
4lsj,,,,,
4luo,,,,,
4lv1,,,,,
4lv3,,,,,
4lv4,,,,,
4lvt,,,,,
4lwc,1.1012624502182007,,,0.8378839492797852,
4lwt,2.0668411254882812,,,0.650340735912323,
4lwu,2.2109997272491455,,,0.591549277305603,
4lwv,,,,,
4lxa,,,,,
4lxb,,,,,
4lxk,,,,,
4lxm,,,,,
4lxz,,,,,
4ly9,,,,,
4lyn,0.5981119871139526,,,0.9642857313156128,
4lys,2.408521890640259,,,0.5891265869140625,
4lzr,1.0756497383117676,,,0.8825364112854004,
4m0e,,,,,
4m0f,,,,,
4m0y,,,,,
4m0z,,,,,
4m12,,,,,
4m13,,,,,
4m14,,,,,
4m1j,23.546756744384766,,,0.0,
4m2r,1.3426883220672607,,,0.7883620858192444,
4m2u,0.6875221729278564,,,0.9164859056472778,
4m2v,0.5410546064376831,,,0.9654471278190613,
4m2w,1.3290255069732666,,,0.7881355881690979,
4m3e,0.7709900140762329,,,0.9202755689620972,
4m3m,3.043215036392212,,,0.7181318402290344,
4m3p,,,,,
4m4q,1.0511701107025146,,,0.8666338324546814,
4m5g,0.38416266441345215,,,0.9950381517410278,
4m5k,0.6344224810600281,,,0.9517730474472046,
4m5l,0.47322919964790344,,,0.9810956716537476,
4m5n,,,,,
4m5r,,,,,
4m5u,0.5381937623023987,,,0.9579107761383057,
4m6u,,,,,
4m7j,,,,,
4m7x,16.43817710876465,,,0.1484607756137848,
4m7y,,,,,
4m84,0.3583417236804962,,,0.9889525175094604,
4m8e,0.6665782928466797,,,0.9552669525146484,
4m8t,,,,,
4mao,,,,,
4mbi,0.7144717574119568,,,0.9597249627113342,
4mbl,0.9991352558135986,,,0.9071316719055176,
4mbp,,,,,
4mc1,,,,,
4mc2,,,,,
4mc6,1.1737533807754517,,,0.7942160367965698,
4mc9,,,,,
4mcb,,,,,
4mcc,,,,,
4md6,0.5532882809638977,,,0.9577625393867493,
4mdq,,,,,
4mdt,,,,,
4men,0.9992806315422058,,,0.9055793881416321,
4meo,0.698477566242218,,,0.9200000166893005,
4mep,0.846571147441864,,,0.8966292142868042,
4mfe,,,,,
4mg6,,,,,
4mg8,,,,,
4mga,,,,,
4mgv,5.696417808532715,,,0.37863704562187195,
4mha,,,,,
4mhy,0.476102739572525,,,0.9790528416633606,
4mhz,1.2688990831375122,,,0.8458844423294067,
4mi3,1.2396882772445679,,,0.8301205039024353,
4mi6,1.0377951860427856,,,0.8475991487503052,
4mi9,1.0724133253097534,,,0.8468858003616333,
4mib,,,,,
4mic,0.5126577019691467,,,0.9548192620277405,
4mji,,,,,
4mk0,0.9057704210281372,,,0.8787001371383667,
4mk1,,,,,
4mk2,0.28513363003730774,,,1.0,
4mk5,0.4074237644672394,,,0.9955621361732483,
4mk7,,,,,
4mk8,,,,,
4mk9,,,,,
4mlt,0.29402512311935425,,,1.0,
4mlx,0.28978779911994934,,,0.9962121248245239,
4mm4,,,,,
4mm5,1.8699394464492798,,,0.6811728477478027,
4mm8,0.8411456942558289,,,0.903329074382782,
4mm9,0.8297104239463806,,,0.913965106010437,
4mma,2.1647820472717285,,,0.6424278616905212,
4mme,,,,,
4mmf,,,,,
4mmm,,,,,
4mmp,,,,,
4mn3,,,,,
4mnp,0.7208279967308044,,,0.9378478527069092,
4mnq,,,,,
4mnva,,,,,
4mnvb,,,,,
4mnw,,,,,
4mnx,,,,,
4mny,,,,,
4mot,0.41815078258514404,,,0.993353009223938,
4mp2,1.0588734149932861,,,0.8366972208023071,
4mpe,0.6150100231170654,,,0.9387568831443787,
4mq1,,,,,
4mq2,,,,,
4mr4,1.3097444772720337,,,0.878923773765564,
4mr5,0.12764857709407806,,,1.0,
4mr6,1.1401516199111938,,,0.871996283531189,
4mrd,,,,,
4mrf,2.089827299118042,,,0.7228434681892395,
4mrg,0.5682329535484314,,,0.9433333277702332,
4mrh,1.0137754678726196,,,0.9102316498756409,
4mrw,2.4922757148742676,,,0.6885592937469482,
4mss,,,,,
4mvn,,,,,
4mvw,2.51336932182312,,,0.6341772079467773,
4mvy,2.609261989593506,,,0.6235923171043396,
4mw2,3.4551239013671875,,,0.4549461305141449,
4mw4,3.0656609535217285,,,0.5130533576011658,
4mw6,3.4436306953430176,,,0.47396811842918396,
4mw7,2.4084999561309814,,,0.6102941036224365,
4mw9,3.1895289421081543,,,0.5091637969017029,
4mwb,2.5531527996063232,,,0.6192411780357361,
4mwe,2.176072835922241,,,0.6520787477493286,
4mwq,0.5638322234153748,,,0.9672130942344666,
4mww,1.1513375043869019,,,0.8842592835426331,
4mx5,0.6069483160972595,,,0.9445793032646179,
4mx9,0.39491379261016846,,,0.9855595827102661,
4mxa,0.990842878818512,,,0.8678696155548096,
4mxc,0.7480303645133972,,,0.9502016305923462,
4my6,,,,,
4myd,,,,,
4myh,1.619677186012268,,,0.652402400970459,
4myq,0.33663249015808105,,,0.9902548789978027,
4mz4,,,,,
4mz5,,,,,
4mz6,,,,,
4mzh,,,,,
4mzj,,,,,
4mzk,,,,,
4mzl,,,,,
4mzo,,,,,
4mzs,,,,,
4n07,,,,,
4n1b,,,,,
4n1t,0.28169432282447815,,,0.9995164275169373,
4n5d,0.4949672520160675,,,0.9856060743331909,
4n5g,,,,,
4n5t,,,,,
4n6g,0.592193067073822,,,0.9509090781211853,
4n6h,0.6626946926116943,,,0.9351708292961121,
4n6y,,,,,
4n7g,,,,,
4n7h,,,,,
4n7j,4.643035888671875,,,0.4134103059768677,
4n7u,0.7269201278686523,,,0.949999988079071,
4n7y,,,,,
4n84,,,,,
4n8d,,,,,
4n8e,,,,,
4n98,0.34738191962242126,,,0.9942601919174194,
4n9e,,,,,
4na4,,,,,
4nah,,,,,
4nak,0.31305909156799316,,,0.9896593689918518,
4nal,0.41559016704559326,,,0.9709715843200684,
4nat,,,,,
4ncg,0.7881699800491333,,,0.9186102747917175,
4ncn,,,,,
4ndu,,,,,
4ngm,3.2682955265045166,,,0.6780458092689514,
4ngn,0.9260613918304443,,,0.8833333253860474,
4ngp,2.6593973636627197,,,0.674069881439209,
4ngq,0.6332933902740479,,,0.9576530456542969,
4ngr,1.3450052738189697,,,0.8419051766395569,
4ngt,3.881368637084961,,,0.5799689292907715,
4nh8,0.9693618416786194,,,0.9082568883895874,
4nhc,,,,,
4nhx,1.140990972518921,,,0.8447986841201782,
4nhy,,,,,
4nie,,,,,
4nj3,2.539105176925659,,,0.6925080418586731,
4nka,,,,,
4nkt,,,,,
4nl1,,,,,
4nld,,,,,
4nmo,,,,,
4nmp,,,,,
4nmq,,,,,
4nmr,,,,,
4nms,,,,,
4nmv,,,,,
4nni,,,,,
4nnr,,,,,
4non,,,,,
4np2,0.4886145293712616,,,0.9595375657081604,
4np3,0.8841032385826111,,,0.8728606104850769,
4np9,1.1305811405181885,,,0.8204057216644287,
4npv,0.4720897674560547,,,0.9744681119918823,
4nq6,1.0532640218734741,,,0.8397790193557739,
4nra,0.6054978966712952,,,0.9239482283592224,
4nrk,,,,,
4nrl,,,,,
4nrm,,,,,
4nro,0.41838404536247253,,,0.9920494556427002,
4nrp,0.1790391504764557,,,1.0,
4nrq,2.231673002243042,,,0.7081185579299927,
4nrt,6.480078220367432,,,0.37784090638160706,
4nud,3.786649227142334,,,0.7139376401901245,
4nue,2.269456386566162,,,0.7068106532096863,
4nuf,,,,,
4nus,1.0178802013397217,,,0.8416411280632019,
4nvq,,,,,
4nw5,,,,,
4nw7,0.7392352819442749,,,0.9399421215057373,
4nwd,0.700709342956543,,,0.9390547275543213,
4nwk,1.147848129272461,,,0.8395522236824036,
4nxr,,,,,
4nxs,,,,,
4nxu,,,,,
4nxv,,,,,
4ny3,,,,,
4nyf,0.965347170829773,,,0.8721441030502319,
4nyi,1.7310351133346558,,,0.8138801455497742,
4nyj,0.7753990292549133,,,0.9619422554969788,
4nyt,0.9661322832107544,,,0.9195205569267273,
4nzm,,,,,
4nzn,,,,,
4nzo,,,,,
4o04,0.8345925807952881,,,0.9230769276618958,
4o05,0.7984673380851746,,,0.9014970064163208,
4o07,1.0198924541473389,,,0.8603526949882507,
4o09,1.1801838874816895,,,0.8152173757553101,
4o0b,0.8099789023399353,,,0.892988920211792,
4o0r,0.6109012365341187,,,0.9685362577438354,
4o0z,,,,,
4o1d,,,,,
4o1l,,,,,
4o2b,,,,,
4o2c,,,,,
4o2e,,,,,
4o2f,,,,,
4o2p,,,,,
4o36,,,,,
4o3a,,,,,
4o3b,1.7268283367156982,,,0.6935679316520691,
4o3c,2.644420623779297,,,0.5640369057655334,
4o3t,,,,,
4o44,0.8790318965911865,,,0.900243878364563,
4o45,,,,,
4o4y,,,,,
4o5b,0.9734711050987244,,,0.9195945858955383,
4o61,,,,,
4o62,,,,,
4o71,,,,,
4o72,,,,,
4o74,,,,,
4o75,,,,,
4o78,,,,,
4o7a,,,,,
4o7d,0.8037371635437012,,,0.9171923995018005,
4o91,0.6698353886604309,,,0.9369092583656311,
4o9w,,,,,
4oag,,,,,
4oak,,,,,
4ob0,2.1667354106903076,,,0.6085271239280701,
4ob1,2.6466801166534424,,,0.5618728995323181,
4ob2,3.1756110191345215,,,0.5053353905677795,
4oba,,,,,
4obp,1.578898310661316,,,0.8447154760360718,
4obq,0.5997284650802612,,,0.960392415523529,
4oc0,0.9057114124298096,,,0.8927083611488342,
4oc1,0.9256664514541626,,,0.9037356376647949,
4oc2,0.48661020398139954,,,0.980134129524231,
4oc3,1.2803493738174438,,,0.8478354811668396,
4oc4,0.8490933179855347,,,0.8963684439659119,
4oc5,1.360877513885498,,,0.8067434430122375,
4occ,,,,,
4ock,1.5061894655227661,,,0.7978098392486572,
4ocp,1.6555193662643433,,,0.7171945571899414,
4ocq,1.0011999607086182,,,0.8676160573959351,
4oct,,,,,
4ocv,,,,,
4od7,,,,,
4ode,1.866529941558838,,,0.6916243433952332,
4odf,2.259676218032837,,,0.6492842435836792,
4odk,,,,,
4odl,,,,,
4odp,,,,,
4odq,,,,,
4oee,,,,,
4oeg,,,,,
4oel,,,,,
4oem,,,,,
4oeu,,,,,
4oew,0.49933770298957825,,,0.9797297120094299,
4ofb,,,,,
4ofl,,,,,
4og3,1.2080119848251343,,,0.8730828166007996,
4og4,2.7434475421905518,,,0.6110751032829285,
4og5,3.1117873191833496,,,0.5538366436958313,
4og7,2.891961097717285,,,0.5466439127922058,
4og8,1.3930689096450806,,,0.8525640964508057,
4ogi,,,,,
4ogn,0.9277670383453369,,,0.885869562625885,
4ogt,0.9449175596237183,,,0.8524436354637146,
4ogv,,,,,
4oi6,0.2171241044998169,,,1.0,
4ok3,0.6174683570861816,,,0.9490654468536377,
4okp,21.803232192993164,,,0.0,
4olc,,,,,
4old,,,,,
4omj,,,,,
4omk,,,,,
4onf,,,,,
4ono,,,,,
4oo9,1.7330265045166016,,,0.7483642101287842,
4ool,0.7679710984230042,,,0.9331658482551575,
4oon,0.8104913234710693,,,0.9370689392089844,
4oow,0.29653653502464294,,,0.9963592290878296,
4oq3,,,,,
4oq5,,,,,
4oq6,,,,,
4or6,,,,,
4oru,,,,,
4orx,12.107666969299316,,,0.11285240203142166,
4ory,,,,,
4os1,,,,,
4os2,,,,,
4os4,,,,,
4os5,,,,,
4os6,,,,,
4os7,,,,,
4osf,,,,,
4otw,1.9182543754577637,,,0.6419624090194702,
4ou3,,,,,
4oue,,,,,
4ouj,,,,,
4ov5,,,,,
4ovf,,,,,
4ow0,,,,,
4oya,,,,,
4oyb,,,,,
4oyi,,,,,
4oym,,,,,
4oyo,,,,,
4oys,2.0596749782562256,,,0.6998094320297241,
4oyt,,,,,
4oz2,0.4537312090396881,,,0.9821958541870117,
4oz3,,,,,
4ozj,2.301694393157959,,,0.659866452217102,
4ozl,1.7353074550628662,,,0.7807262539863586,
4ozn,,,,,
4p0a,,,,,
4p0b,,,,,
4p0v,0.8824138045310974,,,0.9411357045173645,
4p0w,2.0490946769714355,,,0.6727527976036072,
4p0x,,,,,
4p10,2.0869076251983643,,,0.7189516425132751,
4p3h,,,,,
4p45,3.3117260932922363,,,0.7360764741897583,
4p4d,0.8177282214164734,,,0.898329496383667,
4p4e,2.451204299926758,,,0.7018442749977112,
4p4j,0.932848334312439,,,0.9429976940155029,
4p4t,1.0395575761795044,,,0.9144431352615356,
4p58,0.1296195238828659,,,1.0,
4p6c,,,,,
4p6g,,,,,
4p6w,1.6383291482925415,,,0.7541102766990662,
4p6x,,,,,
4p73,,,,,
4p74,,,,,
4p75,,,,,
4p90,,,,,
4pax,0.1630515605211258,,,1.0,
4pb1,1.2821862697601318,,,0.8228744864463806,
4pb2,1.0845445394515991,,,0.8567864298820496,
4pce,0.35754063725471497,,,0.9819999933242798,
4pci,0.8790360689163208,,,0.8585608005523682,
4pcs,,,,,
4pct,,,,,
4pd5,1.0964925289154053,,,0.8635902404785156,
4pd6,0.9916166067123413,,,0.8887130618095398,
4pd7,0.9955729246139526,,,0.884782612323761,
4pd8,1.2679980993270874,,,0.8086472749710083,
4pda,1.0492141246795654,,,0.8628364205360413,
4pdk,,,,,
4pee,,,,,
4pf5,,,,,
4pft,,,,,
4pfu,,,,,
4pg9,,,,,
4pgb,,,,,
4pgc,,,,,
4pge,,,,,
4pgh,,,,,
4ph4,0.8860450983047485,,,0.8913872241973877,
4phu,1.094411849975586,,,0.9110915660858154,
4phv,,,,,
4phw,,,,,
4pid,0.48097464442253113,,,0.9743055701255798,
4pin,,,,,
4pio,,,,,
4piq,0.7724485397338867,,,0.9259694218635559,
4pkb,,,,,
4pkr,0.657503068447113,,,0.9435725212097168,
4pks,1.091403603553772,,,0.8989999890327454,
4pl0,,,,,
4pl3,,,,,
4pl6,,,,,
4pli,,,,,
4pmm,0.7605898380279541,,,0.9230009913444519,
4pn1,,,,,
4pnc,0.5266931056976318,,,0.9740802645683289,
4pni,0.6844618916511536,,,0.9405913949012756,
4pnl,,,,,
4pnm,,,,,
4pnn,,,,,
4pnq,,,,,
4pnr,,,,,
4pns,,,,,
4pnt,,,,,
4poh,0.8200154900550842,,,0.9221901893615723,
4pop,,,,,
4pp5,0.5767653584480286,,,0.9570086598396301,
4pp9,,,,,
4pqa,2.3439719676971436,,,0.6824712753295898,
4pqn,0.7134469747543335,,,0.9457259178161621,
4prb,,,,,
4prd,,,,,
4pre,,,,,
4prh,,,,,
4pri,,,,,
4prn,,,,,
4pry,,,,,
4ps0,,,,,
4ps1,,,,,
4psb,1.9484511613845825,,,0.6693548560142517,
4psh,,,,,
4psq,,,,,
4ptc,,,,,
4pte,,,,,
4pv5,1.8468170166015625,,,0.6866739988327026,
4pvo,3.5853054523468018,,,0.4308072626590729,
4pvt,,,,,
4px6,0.7449144721031189,,,0.9325293302536011,
4pxf,,,,,
4pxm,,,,,
4py1,3.8391897678375244,,,0.5285326242446899,
4py2,,,,,
4py4,,,,,
4pyo,,,,,
4pyv,,,,,
4pyx,2.0490286350250244,,,0.7141566276550293,
4pyy,1.7037817239761353,,,0.777057945728302,
4pz5,,,,,
4pz8,,,,,
4pzh,2.051421880722046,,,0.7368651628494263,
4q06,0.6142603754997253,,,0.9609872698783875,
4q07,0.4100484848022461,,,0.9766462445259094,
4q08,,,,,
4q09,1.098179578781128,,,0.9004629850387573,
4q0a,,,,,
4q0k,1.4027690887451172,,,0.775928795337677,
4q0l,,,,,
4q15,,,,,
4q18,,,,,
4q1a,,,,,
4q1b,,,,,
4q1f,,,,,
4q1n,,,,,
4q46,,,,,
4q4e,4.198511600494385,,,0.5914419889450073,
4q4i,,,,,
4q4o,0.9512244462966919,,,0.8534964919090271,
4q4p,0.3428947627544403,,,0.9934554696083069,
4q4q,0.4319922626018524,,,0.9923518300056458,
4q4r,0.47028636932373047,,,0.9816513657569885,
4q6d,0.4761640727519989,,,0.9847931861877441,
4q6f,,,,,
4q7p,0.25351861119270325,,,1.0,
4q7s,0.18125826120376587,,,1.0,
4q7v,0.1604786366224289,,,1.0,
4q7w,0.26770123839378357,,,1.0,
4q81,0.36534836888313293,,,0.980240523815155,
4q83,0.18530888855457306,,,1.0,
4q87,0.16883262991905212,,,1.0,
4q8x,1.1187551021575928,,,0.8278443217277527,
4q8y,0.18631845712661743,,,1.0,
4q90,0.14517062902450562,,,1.0,
4q93,0.6258358955383301,,,0.9514462947845459,
4q99,0.14510609209537506,,,1.0,
4q9m,,,,,
4q9o,,,,,
4q9s,,,,,
4q9y,0.3210621178150177,,,1.0,
4q9z,,,,,
4qaa,,,,,
4qag,,,,,
4qb3,0.24912665784358978,,,1.0,
4qbm,,,,,
4qc1,,,,,
4qem,0.41386333107948303,,,0.9768258333206177,
4qer,0.665271520614624,,,0.9407484531402588,
4qf7,,,,,
4qf8,0.92583829164505,,,0.9190751314163208,
4qfg,0.9519343376159668,,,0.9077328443527222,
4qfn,,,,,
4qfo,,,,,
4qfp,,,,,
4qfs,17.210468292236328,,,0.0015120967291295528,
4qgd,0.8707382678985596,,,0.9060364365577698,
4qgg,,,,,
4qgh,,,,,
4qgi,,,,,
4qh7,,,,,
4qh8,,,,,
4qhc,,,,,
4qht,,,,,
4qip,,,,,
4qir,,,,,
4qiy,,,,,
4qiz,,,,,
4qj0,,,,,
4qjm,5.055278301239014,,,0.38577982783317566,
4qjo,,,,,
4qjr,3.2105119228363037,,,0.5272494554519653,
4qjw,,,,,
4qjx,1.800047516822815,,,0.7811203598976135,
4qk4,,,,,
4qkd,,,,,
4qkx,2.1200551986694336,,,0.7171491980552673,
4ql8,0.7865283489227295,,,0.8936949968338013,
4qlk,,,,,
4qll,,,,,
4qme,,,,,
4qmm,1.3460001945495605,,,0.8603047728538513,
4qmn,1.0823163986206055,,,0.8682119250297546,
4qmq,0.9377313852310181,,,0.9059171676635742,
4qms,1.887336254119873,,,0.7048938870429993,
4qmx,1.2768011093139648,,,0.8377028703689575,
4qmz,1.5033948421478271,,,0.8931518197059631,
4qn7,,,,,
4qn9,,,,,
4qnb,,,,,
4qnu,,,,,
4qo4,2.7827396392822266,,,0.5259179472923279,
4qok,,,,,
4qp1,,,,,
4qpd,,,,,
4qpl,,,,,
4qq4,,,,,
4qq5,0.9044535160064697,,,0.8595022559165955,
4qqc,1.2435048818588257,,,0.8383771777153015,
4qqi,,,,,
4qr3,3.0416972637176514,,,0.7017353773117065,
4qr4,3.131211280822754,,,0.6410526037216187,
4qr5,0.56887286901474,,,0.9710424542427063,
4qrc,0.838151752948761,,,0.9210628271102905,
4qrh,,,,,
4qsu,0.3706636428833008,,,0.980861246585846,
4qsv,1.219557285308838,,,0.8512396812438965,
4qsw,,,,,
4qsx,0.9601094126701355,,,0.9090909361839294,
4qt0,,,,,
4qt2,3.4446849822998047,,,0.5486363768577576,
4qtl,3.200702428817749,,,0.6608204245567322,
4qtn,,,,,
4qyh,,,,,
4qzs,1.618970274925232,,,0.739533007144928,
4r06,1.096589207649231,,,0.8177965879440308,
4r0a,0.8955956101417542,,,0.902046799659729,
4r1e,,,,,
4r1y,1.183886170387268,,,0.8823845386505127,
4r3b,5.505300521850586,,,0.4084070920944214,
4r3c,,,,,
4r3w,,,,,
4r4q,,,,,
4r4t,0.8027107119560242,,,0.9202380776405334,
4r59,2.568986654281616,,,0.7570621371269226,
4r5a,5.426387786865234,,,0.45805811882019043,
4r5b,3.45629620552063,,,0.625,
4r5w,,,,,
4r5x,1.571271538734436,,,0.8156911730766296,
4r5y,,,,,
4r6e,,,,,
4r6v,0.9372537136077881,,,0.9156548380851746,
4r73,,,,,
4r74,,,,,
4r75,1.0878733396530151,,,0.8797070980072021,
4ra1,,,,,
4ra5,,,,,
4rab,,,,,
4rac,,,,,
4rad,,,,,
4ran,,,,,
4rao,,,,,
4raq,,,,,
4rce,0.6301680207252502,,,0.9523161053657532,
4rcg,1.309890866279602,,,0.8102648854255676,
4rcp,,,,,
4rd0,,,,,
4rd3,,,,,
4rd6,1.0978515148162842,,,0.8849306702613831,
4re2,1.3430970907211304,,,0.810251772403717,
4re3,0.6781576871871948,,,0.9383494853973389,
4re4,0.5347749590873718,,,0.9709762334823608,
4re9,,,,,
4res,,,,,
4ret,,,,,
4rfd,,,,,
4rfm,1.323713779449463,,,0.8855005502700806,
4rg0,1.4689280986785889,,,0.7749793529510498,
4rgd,1.5860899686813354,,,0.8022598624229431,
4rhu,,,,,
4rhx,,,,,
4rhy,,,,,
4rio,0.6688780188560486,,,0.9577603340148926,
4ris,,,,,
4riu,3.9500300884246826,,,0.7230215668678284,
4riv,,,,,
4rj3,0.6235710382461548,,,0.9062913656234741,
4rj8,6.229440689086914,,,0.32295817136764526,
4rkx,0.5943834185600281,,,0.9558139443397522,
4rlk,0.5735589265823364,,,0.953125,
4rlt,1.5710294246673584,,,0.8322740197181702,
4rlu,0.617435097694397,,,0.9311352372169495,
4rlw,1.6902005672454834,,,0.7591911554336548,
4rn0,,,,,
4rn1,,,,,
4rn2,,,,,
4rn4,1.564972996711731,,,0.8502824902534485,
4rpn,,,,,
4rpo,,,,,
4rpv,5.855540752410889,,,0.3156818151473999,
4rqi,,,,,
4rqk,18.269775390625,,,0.0002585315378382802,
4rr6,,,,,
4rrg,,,,,
4rrq,,,,,
4rs0,0.4310143291950226,,,0.9656750559806824,
4rse,,,,,
4rsk,1.356672763824463,,,0.7679533362388611,
4rsp,,,,,
4rt0,,,,,
4rt1,,,,,
4ruu,1.696458101272583,,,0.7316849827766418,
4rux,,,,,
4ruy,,,,,
4ruz,,,,,
4rvr,1.9167135953903198,,,0.7451076507568359,
4rvt,0.5642116665840149,,,0.9624999761581421,
4rwj,,,,,
4rwk,,,,,
4rwl,0.5805460810661316,,,0.9582338929176331,
4rww,,,,,
4rx5,,,,,
4rxc,,,,,
4rxd,,,,,
4rxz,,,,,
4ryl,0.4701264798641205,,,0.992514967918396,
4rz1,,,,,
4s3e,37.73475646972656,,,0.0,
4s3f,41.392208099365234,,,0.0,
4sga,,,,,
4std,,,,,
4tim,0.2684229910373688,,,1.0,
4tju,,,,,
4tjw,,,,,
4tjy,,,,,
4tjz,0.6611265540122986,,,0.9473684430122375,
4tk0,,,,,
4tk2,,,,,
4tk3,,,,,
4tk4,,,,,
4tk5,,,,,
4tkf,,,,,
4tkg,,,,,
4tkh,0.9969529509544373,,,0.8579545617103577,
4tkj,0.8892541527748108,,,0.8732876777648926,
4tkn,,,,,
4tky,,,,,
4tln,0.6185957789421082,,,0.9685583114624023,
4tlr,1.742709755897522,,,0.818498432636261,
4tmf,,,,,
4tmk,1.4675443172454834,,,0.796655535697937,
4tmp,,,,,
4tmr,,,,,
4tn2,0.7003968358039856,,,0.9028998017311096,
4tn4,,,,,
4to8,,,,,
4tpk,,,,,
4tpm,,,,,
4tq3,,,,,
4tqn,0.7702006101608276,,,0.9479798078536987,
4trw,,,,,
4trz,,,,,
4ts1,,,,,
4tsx,0.9554347395896912,,,0.8971630930900574,
4tt2,,,,,
4tte,0.5094950199127197,,,0.9661246538162231,
4ttv,,,,,
4tu4,0.35149505734443665,,,0.9959595799446106,
4tun,,,,,
4tw7,1.8982805013656616,,,0.7780748605728149,
4tw8,,,,,
4tw9,,,,,
4twt,,,,,
4tww,,,,,
4tx6,,,,,
4txc,1.8463953733444214,,,0.7465351819992065,
4txe,1.122145414352417,,,0.8629842400550842,
4txs,,,,,
4tyb,,,,,
4tyl,0.14362217485904694,,,1.0,
4tyt,0.3735233247280121,,,0.9911764860153198,
4tz2,2.1229865550994873,,,0.6591760516166687,
4tz8,0.5652053356170654,,,0.9568965435028076,
4tzm,,,,,
4tzn,,,,,
4tzq,,,,,
4u03,,,,,
4u0a,,,,,
4u0b,,,,,
4u0c,,,,,
4u0d,,,,,
4u0m,,,,,
4u0u,,,,,
4u0w,,,,,
4u1b,0.5659557580947876,,,0.9611368775367737,
4u2w,,,,,
4u2y,,,,,
4u44,0.4935701787471771,,,0.9682410359382629,
4u4s,,,,,
4u4x,,,,,
4u54,0.47786790132522583,,,0.9912587404251099,
4u5j,,,,,
4u68,,,,,
4u69,0.5412766933441162,,,0.9517195820808411,
4u6e,0.47382527589797974,,,0.9747058749198914,
4u6w,0.5201088786125183,,,0.9643691778182983,
4u6z,0.8708938360214233,,,0.9228231906890869,
4u70,0.6038414239883423,,,0.95168536901474,
4u71,1.0186997652053833,,,0.8859338164329529,
4u73,0.5789723992347717,,,0.9582278728485107,
4u7o,,,,,
4u7t,,,,,
4u7v,1.2894824743270874,,,0.8057500123977661,
4u82,1.2814311981201172,,,0.8325387239456177,
4u90,,,,,
4u91,,,,,
4ua8,,,,,
4uac,,,,,
4uat,,,,,
4uau,,,,,
4uc5,,,,,
4ucc,,,,,
4ucd,,,,,
4uce,,,,,
4uco,0.8872061371803284,,,0.9063962697982788,
4ucr,0.2985948920249939,,,1.0,
4ucs,0.28788068890571594,,,1.0,
4uct,28.860666275024414,,,0.0,
4ucu,4.540591239929199,,,0.492324560880661,
4ucv,0.24408139288425446,,,1.0,
4uda,1.1702146530151367,,,0.8436768054962158,
4udb,3.1968228816986084,,,0.5504351258277893,
4ue1,,,,,
4ufh,0.6074396371841431,,,0.9684343338012695,
4ufi,0.69013911485672,,,0.9308642148971558,
4ufj,1.1620784997940063,,,0.8667035102844238,
4ufk,0.7439528703689575,,,0.9375,
4ufl,1.2966713905334473,,,0.8653061389923096,
4ufm,0.9088230729103088,,,0.9041479825973511,
4ui5,,,,,
4ui6,,,,,
4uia,0.8390931487083435,,,0.8994728922843933,
4uib,4.6663055419921875,,,0.516331672668457,
4uil,,,,,
4uin,,,,,
4uit,1.076952576637268,,,0.8547207713127136,
4uiu,0.8359795808792114,,,0.9303797483444214,
4uiw,0.6031273007392883,,,0.9553695917129517,
4uix,,,,,
4uiz,0.8599346876144409,,,0.9290322661399841,
4uj1,7.10468864440918,,,0.2533906102180481,
4ujb,,,,,
4um9,,,,,
4uma,,,,,
4umb,,,,,
4umc,,,,,
4umn,,,,,
4unn,,,,,
4unp,0.18729659914970398,,,1.0,
4unq,,,,,
4uns,,,,,
4uof,,,,,
4uoh,,,,,
4up5,15.612245559692383,,,0.012704918161034584,
4ura,,,,,
4urk,2.36527943611145,,,0.7114472389221191,
4url,,,,,
4urm,,,,,
4urw,0.7330808043479919,,,0.9360576868057251,
4urx,1.8034048080444336,,,0.8702290058135986,
4us3,10.861350059509277,,,0.06641913950443268,
4us4,11.898689270019531,,,0.04607371613383293,
4usi,,,,,
4usj,,,,,
4usw,1.610229730606079,,,0.7862179279327393,
4utn,,,,,
4uu5,,,,,
4uuq,,,,,
4uv9,1.37289297580719,,,0.8591487407684326,
4uwg,1.1821919679641724,,,0.8685015439987183,
4uwk,1.2567075490951538,,,0.8689285516738892,
4uwl,1.4321515560150146,,,0.8102493286132812,
4ux4,,,,,
4ux9,,,,,
4uxb,,,,,
4uxj,,,,,
4uy1,,,,,
4uye,,,,,
4uzd,,,,,
4uzh,0.5986179113388062,,,0.9521158337593079,
4v05,,,,,
4v0i,,,,,
4v11,,,,,
4v1c,,,,,
4v1f,,,,,
4v24,,,,,
4v27,,,,,
4vgc,2.868248224258423,,,0.6081081032752991,
4w4v,0.6324416399002075,,,0.9616666436195374,
4w4w,10.262106895446777,,,0.20213964581489563,
4w4y,0.48547759652137756,,,0.9780284762382507,
4w4z,,,,,
4w50,,,,,
4w52,0.7123487591743469,,,0.9166666865348816,
4w53,0.2041027992963791,,,1.0,
4w54,0.3253183960914612,,,0.9919642806053162,
4w55,0.34317144751548767,,,0.9855182766914368,
4w57,0.3664454519748688,,,0.9887048006057739,
4w5j,,,,,
4w7t,0.6699343323707581,,,0.942187488079071,
4w9g,,,,,
4w9h,,,,,
4w9k,,,,,
4w9l,,,,,
4w9n,,,,,
4w9o,,,,,
4w9p,,,,,
4w9q,2.1421916484832764,,,0.7338129281997681,
4w9s,,,,,
4w9w,,,,,
4wa9,,,,,
4wbg,0.4581241011619568,,,0.990015983581543,
4wci,,,,,
4wcu,,,,,
4wef,,,,,
4wf2,,,,,
4wf6,0.3864842653274536,,,0.9778688549995422,
4wgi,,,,,
4wh7,2.1444973945617676,,,0.7202380895614624,
4whq,,,,,
4whr,,,,,
4whs,,,,,
4wi1,,,,,
4wj5,,,,,
4wj7,,,,,
4wk1,,,,,
4wk2,,,,,
4wk7,1.5169934034347534,,,0.7912198305130005,
4wkb,,,,,
4wkc,0.9549643397331238,,,0.9086055159568787,
4wke,0.7356876134872437,,,0.935161292552948,
4wkn,0.756572961807251,,,0.9296149015426636,
4wko,1.1564706563949585,,,0.8743811845779419,
4wkp,,,,,
4wks,,,,,
4wkt,,,,,
4wku,0.3959916830062866,,,0.9927113652229309,
4wkv,11.446702003479004,,,0.16867469251155853,
4wmv,0.21129335463047028,,,1.0,
4wmx,4.677414894104004,,,0.37975648045539856,
4wmy,,,,,
4wn0,0.5733590722084045,,,0.9948979616165161,
4wn1,1.3610563278198242,,,0.8292214870452881,
4wn5,,,,,
4wnm,1.0314120054244995,,,0.9147058725357056,
4wno,,,,,
4wnp,,,,,
4wop,,,,,
4wov,,,,,
4wpf,,,,,
4wq2,,,,,
4wr7,,,,,
4wri,,,,,
4wrq,,,,,
4wsj,,,,,
4wsk,1.311336874961853,,,0.8055555820465088,
4wtu,0.9693188667297363,,,0.9049080014228821,
4wup,,,,,
4wv6,,,,,
4wvu,,,,,
4ww6,,,,,
4ww8,,,,,
4wx4,0.4668421447277069,,,0.9730464816093445,
4wx6,,,,,
4wxi,0.6505282521247864,,,0.9445727467536926,
4wy1,4.496592044830322,,,0.5679065585136414,
4wy6,,,,,
4wym,,,,,
4wyp,,,,,
4wyy,,,,,
4wyz,,,,,
4wz4,,,,,
4wz5,,,,,
4wz6,1.2343400716781616,,,0.8814756870269775,
4x0f,,,,,
4x0z,,,,,
4x11,,,,,
4x13,,,,,
4x14,,,,,
4x1f,0.9005593657493591,,,0.8926056623458862,
4x1n,,,,,
4x1p,,,,,
4x1r,,,,,
4x1s,,,,,
4x24,,,,,
4x2i,0.6001254320144653,,,0.9376310110092163,
4x2l,,,,,
4x2s,,,,,
4x3i,,,,,
4x3k,,,,,
4x3t,,,,,
4x47,1.5494180917739868,,,0.7794871926307678,
4x48,,,,,
4x49,0.41603782773017883,,,0.9814453125,
4x50,,,,,
4x5p,,,,,
4x5r,,,,,
4x5y,0.7028229236602783,,,0.9328621625900269,
4x5z,1.2380563020706177,,,0.8358355164527893,
4x60,,,,,
4x6j,0.6486495733261108,,,0.9548611044883728,
4x6k,0.44462820887565613,,,0.9714452028274536,
4x6m,,,,,
4x6n,,,,,
4x6p,,,,,
4x6x,,,,,
4x6y,,,,,
4x7q,,,,,
4x8g,0.8524509072303772,,,0.8954599499702454,
4x8o,,,,,
4x8s,,,,,
4x8t,,,,,
4x8u,,,,,
4xbb,1.4254788160324097,,,0.8196067810058594,
4xbd,0.903626024723053,,,0.8815274238586426,
4xc2,,,,,
4xcb,,,,,
4xdo,,,,,
4xek,,,,,
4xg3,,,,,
4xg4,1.0957623720169067,,,0.8932361006736755,
4xg6,,,,,
4xg7,,,,,
4xg9,,,,,
4xhk,0.6883422136306763,,,0.9343575239181519,
4xhl,0.4191233813762665,,,0.9838501214981079,
4xhv,,,,,
4xip,1.2189741134643555,,,0.8064388036727905,
4xir,0.9299272298812866,,,0.8844273686408997,
4xit,1.1509078741073608,,,0.8051470518112183,
4xjr,,,,,
4xk9,,,,,
4xm6,1.7292827367782593,,,0.7302036285400391,
4xm7,0.6152587532997131,,,0.9549808502197266,
4xm8,0.784760594367981,,,0.9375,
4xmb,,,,,
4xmr,,,,,
4xnv,0.8581981658935547,,,0.9271186590194702,
4xnw,,,,,
4xo8,,,,,
4xoc,,,,,
4xoe,,,,,
4xpj,1.3239843845367432,,,0.8328431248664856,
4xqa,2.8952014446258545,,,0.6013266444206238,
4xqb,3.244819164276123,,,0.6261574029922485,
4xqu,,,,,
4xs2,,,,,
4xt2,,,,,
4xt9,0.7196090221405029,,,0.9403190612792969,
4xta,,,,,
4xtm,0.9934015870094299,,,0.8591223955154419,
4xtp,,,,,
4xtt,7.4010491371154785,,,0.2755298614501953,
4xtv,,,,,
4xty,,,,,
4xtz,,,,,
4xu0,,,,,
4xu2,,,,,
4xu3,,,,,
4xub,0.4610031247138977,,,0.9789377450942993,
4xue,,,,,
4xum,,,,,
4xuz,0.5332815051078796,,,0.965179979801178,
4xx9,19.632923126220703,,,0.00023992321803234518,
4xxh,,,,,
4xxs,1.9030073881149292,,,0.6925871968269348,
4xy8,0.36014965176582336,,,0.9922928810119629,
4y0a,,,,,
4y24,,,,,
4y29,0.49314093589782715,,,0.9760432839393616,
4y2j,0.3319937288761139,,,0.9886810779571533,
4y2p,0.4511520266532898,,,0.9864864945411682,
4y2q,0.32849374413490295,,,0.9983940124511719,
4y2s,0.5453251004219055,,,0.9693775177001953,
4y2u,0.5941581130027771,,,0.956970751285553,
4y2v,0.2711573541164398,,,0.9933155179023743,
4y2x,0.36949703097343445,,,0.9906198978424072,
4y2y,0.48842543363571167,,,0.9707964658737183,
4y32,,,,,
4y38,1.327561855316162,,,0.9245635867118835,
4y3b,,,,,
4y3j,4.137493133544922,,,0.5020790100097656,
4y3y,0.972172200679779,,,0.9074468016624451,
4y4g,2.029200315475464,,,0.7256857752799988,
4y4j,0.7816084623336792,,,0.878917396068573,
4y4v,,,,,
4y59,,,,,
4y5d,,,,,
4y5h,,,,,
4y5s,,,,,
4y62,,,,,
4y64,1.1246742010116577,,,0.8610692620277405,
4y6m,,,,,
4y6p,,,,,
4y6r,,,,,
4y6s,,,,,
4y73,,,,,
4y79,0.4647171199321747,,,0.9627329111099243,
4y7r,,,,,
4y8x,,,,,
4y8z,,,,,
4y94,,,,,
4ya8,,,,,
4yab,,,,,
4yad,,,,,
4yas,0.22579272091388702,,,1.0,
4yay,0.9980227947235107,,,0.8693390488624573,
4yb5,,,,,
4yb6,,,,,
4ybi,,,,,
4ybj,,,,,
4ybk,,,,,
4ybs,2.5163779258728027,,,0.879294753074646,
4ybt,2.2948687076568604,,,0.7757575511932373,
4yc0,0.2991921007633209,,,0.9922928810119629,
4ycl,0.5258922576904297,,,0.9534510374069214,
4ycm,,,,,
4ycn,,,,,
4ydq,,,,,
4yec,,,,,
4yee,,,,,
4yef,,,,,
4yes,0.6952407956123352,,,0.923397421836853,
4yff,,,,,
4ygf,,,,,
4yh4,0.6577795147895813,,,0.9329150319099426,
4yha,,,,,
4yhp,,,,,
4yhz,,,,,
4yih,,,,,
4yik,1.330062747001648,,,0.7911290526390076,
4yje,,,,,
4yjn,0.5386713147163391,,,0.9720416069030762,
4yk0,,,,,
4ykj,,,,,
4ykk,,,,,
4ylu,,,,,
4ym2,,,,,
4ym4,,,,,
4ymb,,,,,
4ymh,,,,,
4yml,1.1731306314468384,,,0.8587641716003418,
4ymx,,,,,
4ynd,1.4286861419677734,,,0.7929223775863647,
4ynk,0.5290879011154175,,,0.9646596908569336,
4ynl,,,,,
4yog,,,,,
4yoi,,,,,
4yoj,,,,,
4yoz,,,,,
4yp1,4.006083011627197,,,0.42384982109069824,
4yp8,,,,,
4ypf,0.5000309944152832,,,0.9604105353355408,
4yqm,,,,,
4yqu,,,,,
4yqv,,,,,
4yrc,,,,,
4yrd,,,,,
4yrg,0.21599678695201874,,,1.0,
4yrr,,,,,
4yrs,2.3906683921813965,,,0.6128884553909302,
4yrt,0.5434470176696777,,,0.9556354880332947,
4ysi,,,,,
4ysl,,,,,
4yuw,,,,,
4yux,,,,,
4yv0,,,,,
4yv1,,,,,
4yv2,,,,,
4yv5,,,,,
4yv9,,,,,
4yve,,,,,
4yvz,,,,,
4yw2,,,,,
4yw6,,,,,
4yw7,,,,,
4ywa,,,,,
4yx4,0.528307318687439,,,0.9661716222763062,
4yx9,,,,,
4yxd,,,,,
4yxu,,,,,
4yy6,,,,,
4yyi,,,,,
4yym,,,,,
4yyn,,,,,
4yyt,0.9258238077163696,,,0.9554597735404968,
4yz5,,,,,
4yz9,,,,,
4z07,,,,,
4z0d,,,,,
4z0e,,,,,
4z0k,,,,,
4z1s,,,,,
4z2o,,,,,
4z2p,,,,,
4z46,,,,,
4z6h,,,,,
4z7f,,,,,
4z7i,,,,,
4z7n,,,,,
4z7o,,,,,
4z7q,,,,,
4z89,,,,,
4z8a,,,,,
4z8d,,,,,
4z8m,,,,,
4z9l,,,,,
4za0,,,,,
4zam,1.4938322305679321,,,0.8403846025466919,
4zb8,4.7901763916015625,,,0.6175373196601868,
4zba,,,,,
4zcs,,,,,
4zcw,,,,,
4ze6,0.2491961568593979,,,1.0,
4zeb,,,,,
4zec,2.0215439796447754,,,0.7572603821754456,
4zed,,,,,
4zei,0.8042430877685547,,,0.9457116723060608,
4zek,0.8828552961349487,,,0.8891065716743469,
4zfi,,,,,
4zg6,,,,,
4zhl,,,,,
4zij,0.7371343970298767,,,0.9380530714988708,
4zip,0.7423830628395081,,,0.9218479990959167,
4zjc,0.9351227283477783,,,0.8879950642585754,
4zjj,,,,,
4zjr,,,,,
4zjw,1.6300909519195557,,,0.794175386428833,
4zk5,,,,,
4zki,1.141326665878296,,,0.8345627188682556,
4zla,,,,,
4zly,0.14606276154518127,,,1.0,
4zlz,0.3863607347011566,,,0.9901785850524902,
4zme,,,,,
4zmf,,,,,
4znx,,,,,
4zo5,0.6763368844985962,,,0.9348989129066467,
4zom,,,,,
4zow,0.5925114750862122,,,0.949999988079071,
4zpe,,,,,
4zpf,1.1560440063476562,,,0.8302778005599976,
4zpg,1.587517261505127,,,0.7777777910232544,
4zph,1.8665130138397217,,,0.8182565569877625,
4zro,,,,,
4zs2,1.2685402631759644,,,0.7966549396514893,
4zs3,0.7168565988540649,,,0.9004807472229004,
4zs9,,,,,
4zsg,,,,,
4zsh,0.4566960632801056,,,0.9899380803108215,
4zsj,,,,,
4zsm,,,,,
4zsp,,,,,
4zsq,,,,,
4zsr,,,,,
4zt3,2.1827375888824463,,,0.6669653654098511,
4zt4,2.641986608505249,,,0.6174418330192566,
4zt5,1.5093637704849243,,,0.7639925479888916,
4zt8,4.1298394203186035,,,0.43633177876472473,
4ztr,1.1047054529190063,,,0.8530318737030029,
4zts,0.983083188533783,,,0.852989137172699,
4zum,,,,,
4zun,,,,,
4zuo,,,,,
4zup,,,,,
4zuq,,,,,
4zur,,,,,
4zv1,1.4646766185760498,,,0.7905872464179993,
4zv2,1.674660325050354,,,0.727861762046814,
4zw3,0.44799065589904785,,,0.9834710955619812,
4zw5,0.8084036111831665,,,0.9105839133262634,
4zw6,0.9956938028335571,,,0.8980911374092102,
4zw7,0.8475539684295654,,,0.9113513231277466,
4zwx,2.6455276012420654,,,0.6681523323059082,
4zwy,,,,,
4zwz,,,,,
4zx0,3.9038755893707275,,,0.5729499459266663,
4zx1,2.786529541015625,,,0.6526479721069336,
4zx3,1.2628068923950195,,,0.8518224954605103,
4zy4,,,,,
4zy5,,,,,
4zyc,,,,,
4zyt,3.411308526992798,,,0.776976466178894,
4zyu,1.8936221599578857,,,0.8098434209823608,
4zyv,0.8793017268180847,,,0.9162843823432922,
4zyw,1.1715151071548462,,,0.894152045249939,
4zyx,0.6811994314193726,,,0.9486961364746094,
4zyy,0.6297689080238342,,,0.951295018196106,
4zyz,1.3026973009109497,,,0.8569347262382507,
4zz0,2.6016311645507812,,,0.8394182920455933,
4zz1,1.4071128368377686,,,0.8270053267478943,
4zzd,12.335956573486328,,,0.03193146362900734,
4zzx,,,,,
4zzz,,,,,
5a00,1.0149389505386353,,,0.9122023582458496,
5a0a,,,,,
5a0b,1.4862439632415771,,,0.753410279750824,
5a0c,,,,,
5a0e,,,,,
5a1f,0.15877921879291534,,,1.0,
5a2i,,,,,
5a2j,,,,,
5a3h,,,,,
5a3n,0.6606041193008423,,,0.9515873193740845,
5a3t,0.5873488783836365,,,0.9618902206420898,
5a3w,0.3643951416015625,,,0.9986072182655334,
5a3x,,,,,
5a46,,,,,
5a4c,,,,,
5a54,,,,,
5a5d,0.6896253228187561,,,0.9588091373443604,
5a5p,0.9627074003219604,,,0.8824362754821777,
5a5q,0.6252777576446533,,,0.9601955413818359,
5a5r,1.6375384330749512,,,0.7864842414855957,
5a5s,1.677382469177246,,,0.8336380124092102,
5a5v,0.6744389533996582,,,0.9310618042945862,
5a69,0.7598862051963806,,,0.926287055015564,
5a6a,,,,,
5a6b,,,,,
5a6h,,,,,
5a6k,,,,,
5a6n,0.7323341369628906,,,0.9515384435653687,
5a6x,,,,,
5a7c,,,,,
5a7i,,,,,
5a7j,,,,,
5a7y,,,,,
5a81,1.2189085483551025,,,0.8171992301940918,
5a82,0.9722787737846375,,,0.8584745526313782,
5a83,1.4243347644805908,,,0.8015191555023193,
5a85,,,,,
5a8y,0.8748837113380432,,,0.89883953332901,
5a8z,2.649348735809326,,,0.8090958595275879,
5a9u,1.1515629291534424,,,0.8248031735420227,
5aa8,1.714033842086792,,,0.7398022413253784,
5aa9,1.666351556777954,,,0.7470741271972656,
5aaa,1.7588847875595093,,,0.7970229983329773,
5aab,0.9517759084701538,,,0.903761088848114,
5aac,0.9616390466690063,,,0.8845864534378052,
5aae,0.2923380434513092,,,1.0,
5aag,,,,,
5ab1,,,,,
5ab9,,,,,
5aba,,,,,
5abe,,,,,
5abf,,,,,
5abg,,,,,
5abh,,,,,
5abp,,,,,
5abw,0.9044968485832214,,,0.8848897814750671,
5acw,,,,,
5acx,,,,,
5ad1,0.8236036896705627,,,0.9592675566673279,
5adq,0.5950031280517578,,,0.9513677954673767,
5aes,,,,,
5afj,,,,,
5afk,,,,,
5afl,1.991201639175415,,,0.7044354677200317,
5afm,,,,,
5afn,,,,,
5afx,,,,,
5agu,,,,,
5agv,,,,,
5ah2,,,,,
5ahu,,,,,
5ahw,,,,,
5ai1,,,,,
5ai5,0.5514499545097351,,,0.9748061895370483,
5ai6,0.41275307536125183,,,0.9728096723556519,
5ai9,0.6717398166656494,,,0.952654242515564,
5aia,1.3752590417861938,,,0.7949907183647156,
5aib,0.5261083841323853,,,0.9815068244934082,
5aic,0.5170664191246033,,,0.958984375,
5aip,0.12254772335290909,,,0.9145728349685669,
5ais,,,,,
5aiv,,,,,
5ajc,,,,,
5ajo,,,,,
5ajp,,,,,
5ak3,0.4698013365268707,,,0.9834558963775635,
5ak6,,,,,
5ake,0.663367509841919,,,0.9411027431488037,
5akg,1.8156770467758179,,,0.7278571724891663,
5akh,0.6186582446098328,,,0.946601927280426,
5aki,0.4854978322982788,,,0.9735738039016724,
5akj,0.3041989207267761,,,0.9927007555961609,
5akk,,,,,
5akl,0.46318313479423523,,,0.9741735458374023,
5aku,,,,,
5akw,,,,,
5akz,0.5211837291717529,,,0.9719178080558777,
5al2,,,,,
5al3,,,,,
5alb,1.1802221536636353,,,0.859570324420929,
5alc,1.7960212230682373,,,0.7743738889694214,
5ald,0.7303858399391174,,,0.9286447763442993,
5ale,1.152962565422058,,,0.8436806797981262,
5alg,1.7121304273605347,,,0.7158878445625305,
5alh,1.534958839416504,,,0.8039264678955078,
5all,0.57783442735672,,,0.9505987763404846,
5alm,8.759395599365234,,,0.3310023248195648,
5aln,0.5707365274429321,,,0.9500916004180908,
5alo,1.7794665098190308,,,0.7342105507850647,
5alr,0.47307470440864563,,,0.9866071343421936,
5als,0.7907706499099731,,,0.9318459630012512,
5alu,,,,,
5alx,0.7248445153236389,,,0.9333623647689819,
5aly,0.8029127717018127,,,0.8979820609092712,
5alz,0.9404647350311279,,,0.9273743033409119,
5am0,0.523845374584198,,,0.9620307087898254,
5am1,0.6223534941673279,,,0.9435995221138,
5am2,,,,,
5am3,0.6580967307090759,,,0.9395857453346252,
5am4,0.5600733757019043,,,0.9674796462059021,
5am5,,,,,
5amn,,,,,
5anq,,,,,
5ant,,,,,
5anu,0.492889404296875,,,0.9720534682273865,
5anv,1.2912952899932861,,,0.8882794380187988,
5aoi,0.21453306078910828,,,1.0,
5aok,,,,,
5aol,0.6916355490684509,,,0.9386304616928101,
5aom,,,,,
5ap0,1.2134361267089844,,,0.8892086148262024,
5ap3,1.562887191772461,,,0.8704481720924377,
5aph,1.8516112565994263,,,0.6712328791618347,
5apj,1.120011806488037,,,0.8537787795066833,
5aqk,,,,,
5aqn,,,,,
5aqo,,,,,
5aqp,,,,,
5aqr,,,,,
5aqz,0.6550665497779846,,,0.9423664212226868,
5ar4,,,,,
5ar5,,,,,
5av0,1.8635690212249756,,,0.6881762146949768,
5ave,2.327100992202759,,,0.610837459564209,
5avi,,,,,
5awj,0.5224342346191406,,,0.9507042169570923,
5ax3,1.4076985120773315,,,0.7881355881690979,
5axp,,,,,
5axq,0.6966392993927002,,,0.947629988193512,
5ayy,,,,,
5azf,,,,,
5azg,,,,,
5b0x,0.6157837510108948,,,0.9721373915672302,
5b1s,,,,,
5b2d,,,,,
5b4k,,,,,
5b4l,,,,,
5b56,,,,,
5b5b,,,,,
5b5f,,,,,
5b5g,,,,,
5b5o,,,,,
5b5p,,,,,
5bjt,,,,,
5bml,,,,,
5bnj,1.393433928489685,,,0.7740054726600647,
5bnm,1.462577223777771,,,0.8132737278938293,
5boj,,,,,
5bot,,,,,
5boy,,,,,
5bpe,,,,,
5bpp,1.322816252708435,,,0.8187689781188965,
5bqg,4.292870044708252,,,0.5171874761581421,
5bqh,7.924112796783447,,,0.399367094039917,
5brn,,,,,
5brz,,,,,
5bs0,,,,,
5bsk,,,,,
5btr,,,,,
5btv,,,,,
5btx,,,,,
5bue,0.5651089549064636,,,0.9546648859977722,
5buj,0.5251762270927429,,,0.9683206081390381,
5bvf,1.4486706256866455,,,0.7983871102333069,
5bvn,,,,,
5bvw,0.9530069828033447,,,0.9361567497253418,
5bwb,0.5814499855041504,,,0.9548611044883728,
5bwc,1.6352118253707886,,,0.780961811542511,
5byy,0.9775101542472839,,,0.9139893054962158,
5c0k,,,,,
5c0m,,,,,
5c11,,,,,
5c13,,,,,
5c1w,0.4231950640678406,,,0.9828178882598877,
5c1x,,,,,
5c1y,,,,,
5c20,1.0765131711959839,,,0.8756250143051147,
5c26,1.0298525094985962,,,0.9216772317886353,
5c2e,1.264453411102295,,,0.8541666865348816,
5c2h,0.45839011669158936,,,0.9730148911476135,
5c2o,,,,,
5c3p,,,,,
5c4k,16.774227142333984,,,0.01253481861203909,
5c4l,4.71530818939209,,,0.503367006778717,
5c4o,0.6889214515686035,,,0.9238693714141846,
5c4s,,,,,
5c4t,1.2924648523330688,,,0.8215555548667908,
5c5t,,,,,
5c6o,1.852113962173462,,,0.7744107842445374,
5c6p,2.1468687057495117,,,0.6288598775863647,
5c6v,,,,,
5c7a,,,,,
5c7b,,,,,
5c7c,,,,,
5c7d,,,,,
5c7e,,,,,
5c7f,,,,,
5c83,,,,,
5c84,,,,,
5c85,0.5729096531867981,,,0.9670417904853821,
5c87,0.450684517621994,,,0.9691176414489746,
5c8k,6.158653736114502,,,0.32515183091163635,
5cas,1.3092236518859863,,,0.8428738117218018,
5cbr,1.067285180091858,,,0.8829337358474731,
5cbs,,,,,
5cc2,,,,,
5ccm,1.3672409057617188,,,0.8294460773468018,
5ceh,0.6487398743629456,,,0.9625850319862366,
5cei,0.336683988571167,,,0.9914934039115906,
5cep,0.6387042999267578,,,0.9689952731132507,
5ceq,,,,,
5cf4,,,,,
5cf5,,,,,
5cf6,,,,,
5cf8,,,,,
5cfa,,,,,
5cil,,,,,
5cin,,,,,
5cj6,1.274329423904419,,,0.8091269731521606,
5cks,,,,,
5clm,0.3641934096813202,,,0.9947826266288757,
5cnj,,,,,
5cnm,1.0760639905929565,,,0.8590308427810669,
5cp5,0.36073416471481323,,,0.9963541626930237,
5cp9,0.24854931235313416,,,1.0,
5cpr,6.25457239151001,,,0.3638392984867096,
5cqt,0.7618674039840698,,,0.9501096606254578,
5cqx,,,,,
5cr7,1.9744844436645508,,,0.8589588403701782,
5cs2,,,,,
5cs5,0.9003282189369202,,,0.8852459192276001,
5cs6,,,,,
5csd,,,,,
5csh,,,,,
5cso,0.32091468572616577,,,0.9944547414779663,
5cst,0.8104913830757141,,,0.9254874587059021,
5csx,,,,,
5csz,,,,,
5ctb,,,,,
5ctc,,,,,
5cte,,,,,
5cu4,1.4778878688812256,,,0.8124385476112366,
5cuq,,,,,
5cvd,,,,,
5cw8,,,,,
5cxi,0.6305962204933167,,,0.9306265711784363,
5cy3,1.0625386238098145,,,0.8781296014785767,
5cy9,0.18329806625843048,,,1.0,
5cyv,,,,,
5czb,,,,,
5czm,1.8390846252441406,,,0.8379026651382446,
5d0c,1.4666577577590942,,,0.8953033089637756,
5d0j,,,,,
5d10,,,,,
5d12,,,,,
5d1j,0.7640397548675537,,,0.9147180318832397,
5d1r,,,,,
5d1s,0.4316609501838684,,,0.9803600907325745,
5d1u,0.5744363069534302,,,0.9620953798294067,
5d1w,,,,,
5d21,,,,,
5d29,0.7299105525016785,,,0.9489150047302246,
5d2a,,,,,
5d2r,,,,,
5d3c,1.9438910484313965,,,0.767346203327179,
5d3x,,,,,
5d6e,6.500613212585449,,,0.26936936378479004,
5d6f,2.7492053508758545,,,0.5995813608169556,
5d6p,,,,,
5d6q,0.3363618552684784,,,0.9981343150138855,
5d6y,,,,,
5d75,3.4479708671569824,,,0.45148515701293945,
5d7a,,,,,
5d7e,,,,,
5d9p,,,,,
5da3,0.8556174039840698,,,0.932572603225708,
5dah,,,,,
5db0,,,,,
5db2,0.4790230989456177,,,0.9801536202430725,
5db3,1.650265097618103,,,0.7434210777282715,
5dd0,,,,,
5dda,0.6091932058334351,,,0.9522515535354614,
5ddc,0.372199684381485,,,0.9873919486999512,
5ddd,0.5441159605979919,,,0.9665254354476929,
5dde,,,,,
5dex,1.246934175491333,,,0.8190743327140808,
5dfp,1.8844748735427856,,,0.8136871457099915,
5dg6,2.0848684310913086,,,0.7052206993103027,
5dgj,1.2459229230880737,,,0.8507556915283203,
5dgm,1.1320992708206177,,,0.8311744332313538,
5dh4,,,,,
5dhf,,,,,
5dhg,,,,,
5dhj,0.3613603115081787,,,0.9965674877166748,
5dhq,,,,,
5diq,0.7595673203468323,,,0.9395084977149963,
5dit,3.835322141647339,,,0.6257022619247437,
5div,0.7866435050964355,,,0.9492847919464111,
5dj5,0.6630391478538513,,,0.93359375,
5djv,0.2878413200378418,,,0.9911110997200012,
5dk4,,,,,
5dls,1.040435552597046,,,0.9566091895103455,
5dlv,,,,,
5dlx,1.9752449989318848,,,0.7362045645713806,
5dms,,,,,
5dnu,0.31650298833847046,,,0.9863387942314148,
5doh,,,,,
5dp4,,,,,
5dp6,,,,,
5dp7,0.841363787651062,,,0.9360047578811646,
5dp8,1.2591067552566528,,,0.842828094959259,
5dpa,1.464065670967102,,,0.8065476417541504,
5dpw,,,,,
5dpx,,,,,
5dqc,,,,,
5drc,,,,,
5dri,0.251886248588562,,,1.0,
5drq,1.7716312408447266,,,0.7506858706474304,
5drt,,,,,
5dry,,,,,
5dsx,,,,,
5dtj,,,,,
5dtq,,,,,
5dtr,,,,,
5dts,,,,,
5dus,0.853427529335022,,,0.9410664439201355,
5dv2,2.5821340084075928,,,0.6499277353286743,
5dv4,,,,,
5dw1,,,,,
5dwr,,,,,
5dx3,,,,,
5dx4,0.6126205921173096,,,0.9877907037734985,
5dxb,,,,,
5dxh,,,,,
5dy7,0.44925540685653687,,,0.9580000042915344,
5dya,1.0959105491638184,,,0.8618119359016418,
5dyo,,,,,
5dyw,,,,,
5dyy,,,,,
5e0a,0.6697084903717041,,,0.9319307208061218,
5e0g,1.810646891593933,,,0.7046195864677429,
5e0h,1.5823999643325806,,,0.6225319504737854,
5e0j,1.7091861963272095,,,0.713992714881897,
5e0l,,,,,
5e13,0.5669754147529602,,,0.9535783529281616,
5e1b,,,,,
5e1d,,,,,
5e1m,,,,,
5e1s,0.6489704251289368,,,0.946052610874176,
5e2m,,,,,
5e2n,,,,,
5e2o,,,,,
5e2p,,,,,
5e3a,,,,,
5e3g,0.17028836905956268,,,1.0,
5e6o,,,,,
5e73,2.0713095664978027,,,0.7651654481887817,
5e74,2.065502166748047,,,0.7847341299057007,
5e7n,0.9585411548614502,,,0.9143356680870056,
5e88,1.2031402587890625,,,0.8238095045089722,
5e8a,1.3910759687423706,,,0.8456973433494568,
5e8f,,,,,
5e8r,,,,,
5ea4,0.5530468225479126,,,0.9884428381919861,
5ea5,3.9059576988220215,,,0.44207316637039185,
5ea7,0.7333315014839172,,,0.996688723564148,
5eay,,,,,
5eb2,6.112939357757568,,,0.43409740924835205,
5eb3,0.398359090089798,,,0.9801762104034424,
5ece,,,,,
5ect,23.871662139892578,,,0.0027434842195361853,
5ecv,0.44188299775123596,,,0.9820234179496765,
5edb,0.2697402536869049,,,0.9978991746902466,
5edd,23.915597915649414,,,0.002057613106444478,
5edi,,,,,
5edl,0.6814141869544983,,,0.931034505367279,
5eds,1.8416794538497925,,,0.7623279690742493,
5ee7,3.4131898880004883,,,0.7875165939331055,
5ee8,1.3523662090301514,,,0.8260086178779602,
5eec,,,,,
5eei,,,,,
5eeq,,,,,
5efb,0.8844516277313232,,,0.9285010099411011,
5efc,6.46379280090332,,,0.30181199312210083,
5efh,,,,,
5efj,,,,,
5egs,,,,,
5eh5,0.28582337498664856,,,0.9937304258346558,
5eh7,0.3644479811191559,,,0.9947552680969238,
5eh8,0.3383922278881073,,,1.0,
5ehp,,,,,
5ehv,9.38380241394043,,,0.1855783313512802,
5ehw,0.44998279213905334,,,0.9838709831237793,
5ei2,0.36413443088531494,,,0.9919847249984741,
5ei6,0.3718423843383789,,,0.991525411605835,
5ei8,0.6062203049659729,,,0.9434640407562256,
5eif,0.6859992146492004,,,0.9386792182922363,
5eiw,0.4227961003780365,,,0.9970760345458984,
5eje,,,,,
5ejl,,,,,
5ekh,0.2145451456308365,,,1.0,
5ekj,1.4746627807617188,,,0.9034598469734192,
5ekm,4.134561538696289,,,0.7146365642547607,
5ekn,0.6671009659767151,,,0.9460382461547852,
5ekx,2.185476779937744,,,0.7255154848098755,
5el2,,,,,
5el9,32.046504974365234,,,0.0,
5eld,,,,,
5ele,,,,,
5elf,,,,,
5elq,,,,,
5elv,,,,,
5elw,39.826393127441406,,,0.0,
5ely,1.1821304559707642,,,0.8551255464553833,
5elz,15.992890357971191,,,0.1431000977754593,
5em9,,,,,
5ema,,,,,
5emb,,,,,
5emj,1.8496737480163574,,,0.7641562819480896,
5en3,,,,,
5enb,0.8618484735488892,,,0.8923948407173157,
5enc,0.7296538352966309,,,0.9719626307487488,
5ene,0.2525387704372406,,,1.0,
5enf,0.2108992636203766,,,1.0,
5enh,0.5785117745399475,,,0.9659532904624939,
5eni,1.0784852504730225,,,0.9008097052574158,
5enj,0.380130797624588,,,0.9945887327194214,
5enk,1.3172862529754639,,,0.8253323435783386,
5enm,,,,,
5eoc,,,,,
5eok,,,,,
5eou,0.8755812644958496,,,0.8961840867996216,
5ep7,1.2464158535003662,,,0.9250629544258118,
5epk,,,,,
5epl,,,,,
5epn,,,,,
5epr,0.5568814277648926,,,0.9504870176315308,
5eps,0.5575852990150452,,,0.9471726417541504,
5eq0,,,,,
5eqp,,,,,
5eqq,,,,,
5er1,11.550921440124512,,,0.20683856308460236,
5er2,1.0548368692398071,,,0.8842729926109314,
5es1,0.8671976327896118,,,0.9337121248245239,
5esq,,,,,
5est,0.9725877642631531,,,0.8707864880561829,
5eta,,,,,
5etb,0.3726418912410736,,,0.99842768907547,
5etf,,,,,
5eth,,,,,
5etl,,,,,
5etu,,,,,
5etx,,,,,
5eu1,,,,,
5eud,,,,,
5eue,,,,,
5euk,,,,,
5ev8,,,,,
5evb,3.4543282985687256,,,0.5618811845779419,
5evz,,,,,
5ewa,,,,,
5ewd,0.3975071907043457,,,0.987500011920929,
5ewh,2.551726818084717,,,0.6737056970596313,
5ewm,,,,,
5ewy,,,,,
5exl,1.0589691400527954,,,0.8432203531265259,
5exw,,,,,
5ey0,,,,,
5ey4,,,,,
5ey9,,,,,
5eyr,0.7885121703147888,,,0.939769983291626,
5eyz,,,,,
5ez0,,,,,
5ezx,1.1283280849456787,,,0.8679856061935425,
5ezz,1.4602923393249512,,,0.8145624399185181,
5f00,0.4905451834201813,,,0.9834410548210144,
5f01,1.4510866403579712,,,0.8413461446762085,
5f08,0.4175316393375397,,,0.985753059387207,
5f1c,,,,,
5f1h,,,,,
5f1j,,,,,
5f1u,,,,,
5f1v,,,,,
5f1x,,,,,
5f25,,,,,
5f2f,,,,,
5f2k,,,,,
5f2r,,,,,
5f2s,,,,,
5f2u,,,,,
5f2w,,,,,
5f32,,,,,
5f39,,,,,
5f3c,,,,,
5f3e,0.49898281693458557,,,0.9592592716217041,
5f3g,1.3924115896224976,,,0.8792974352836609,
5f3i,0.610785186290741,,,0.9365741014480591,
5f4n,0.6567563414573669,,,0.9521498084068298,
5f5b,,,,,
5f67,,,,,
5f6d,0.21650362014770508,,,1.0,
5f6u,1.1439807415008545,,,0.9213414788246155,
5f74,,,,,
5f8y,,,,,
5f90,,,,,
5f91,,,,,
5f94,,,,,
5f95,,,,,
5f9b,,,,,
5fah,1.049111008644104,,,0.8866040110588074,
5fb0,,,,,
5fb1,,,,,
5fb7,,,,,
5fbe,1.021552324295044,,,0.8751173615455627,
5fbi,1.1964207887649536,,,0.9709051847457886,
5fbo,3.378415107727051,,,0.5606741309165955,
5fck,1.1001564264297485,,,0.880885124206543,
5fcz,,,,,
5fdc,0.23365004360675812,,,1.0,
5fdi,2.8482587337493896,,,0.6402320861816406,
5fdo,,,,,
5fdr,,,,,
5fdz,,,,,
5fe6,0.8851202726364136,,,0.9330110549926758,
5fe7,0.20475012063980103,,,1.0,
5fh6,,,,,
5fh8,,,,,
5fhm,,,,,
5fhn,,,,,
5fho,,,,,
5fi2,,,,,
5fi6,,,,,
5fi7,,,,,
5fiv,4.081206798553467,,,0.6487101912498474,
5fjw,,,,,
5fjx,,,,,
5fky,,,,,
5fl0,,,,,
5fl1,,,,,
5flo,1.000077724456787,,,0.8951421976089478,
5flp,,,,,
5fls,0.4988528788089752,,,0.9915730357170105,
5fnd,0.8841255307197571,,,0.9381067752838135,
5fni,0.5099254250526428,,,0.9767726063728333,
5fnj,,,,,
5fnq,,,,,
5fnr,,,,,
5fns,,,,,
5fnt,,,,,
5foo,,,,,
5fot,,,,,
5fou,,,,,
5fov,,,,,
5fow,,,,,
5fox,,,,,
5fp0,0.8933680057525635,,,0.8952184319496155,
5fpi,,,,,
5fpk,,,,,
5fpu,1.3566081523895264,,,0.7914052605628967,
5fq9,,,,,
5fs5,,,,,
5fsb,,,,,
5fsc,,,,,
5fsl,0.2114371508359909,,,1.0,
