id,pose rmsd,pocket rmsd,qs score,lddt-pli,confidence
10gs,,,,,
11gs,,,,,
16pk,,,,,
184l,2.0410823822021484,,,0.6373762488365173,
185l,5.793076515197754,,,0.24730215966701508,
186l,0.8271895051002502,,,0.8994565010070801,
187l,2.8287363052368164,,,0.5705307126045227,
188l,1.4409849643707275,,,0.73549485206604,
1a07,,,,,
1a09,,,,,
1a0q,4.108304977416992,,,0.4565373659133911,
1a28,,,,,
1a30,,,,,
1a42,2.237783670425415,,,0.7344992160797119,
1a4g,,,,,
1a4h,1.789916753768921,,,0.6799501776695251,
1a4k,,,,,
1a4m,,,,,
1a4q,,,,,
1a4r,18.619274139404297,,,0.0345614030957222,
1a50,2.722066640853882,,,0.5618311762809753,
1a52,,,,,
1a7c,,,,,
1a7x,,,,,
1a85,,,,,
1a86,,,,,
1a8i,1.2449918985366821,,,0.768562376499176,
1a99,,,,,
1a9q,5.783487319946289,,,0.28057199716567993,
1a9u,8.217476844787598,,,0.1362484097480774,
1aaq,,,,,
1abf,,,,,
1abt,,,,,
1ad8,2.790210008621216,,,0.5745877027511597,
1add,2.662432909011841,,,0.5600845217704773,
1adl,,,,,
1ado,,,,,
1af2,20.005508422851562,,,0.0,
1af6,,,,,
1afk,,,,,
1afl,,,,,
1agm,,,,,
1ahx,,,,,
1ahy,,,,,
1ai4,5.936252117156982,,,0.2390151470899582,
1ai5,6.202001094818115,,,0.2545219659805298,
1ai7,5.006893634796143,,,0.3276869058609009,
1ajp,6.575437068939209,,,0.21740637719631195,
1ajq,1.9780302047729492,,,0.6543750166893005,
1akq,,,,,
1akr,2.5824599266052246,,,0.6174623370170593,
1akt,2.977358341217041,,,0.5526315569877625,
1aku,2.426164150238037,,,0.6045694351196289,
1akv,3.1906189918518066,,,0.5383184552192688,
1akw,2.9172024726867676,,,0.6040650606155396,
1al7,6.5836639404296875,,,0.25881683826446533,
1al8,2.9398725032806396,,,0.5813131332397461,
1alw,,,,,
1amk,3.1503121852874756,,,0.525627613067627,
1amn,3.185206890106201,,,0.5019329786300659,
1anf,,,,,
1ao0,,,,,
1apb,,,,,
1apv,,,,,
1apw,,,,,
1aq1,1.1000213623046875,,,0.8264508843421936,
1at5,,,,,
1at6,,,,,
1atl,,,,,
1au0,,,,,
1au2,4.852266788482666,,,0.3266574442386627,
1auj,,,,,
1avd,,,,,
1avn,3.5561540126800537,,,0.4193989038467407,
1aw1,,,,,
1awf,6.936342239379883,,,0.2714715600013733,
1awh,,,,,
1awi,,,,,
1ax0,1.6240304708480835,,,0.7386363744735718,
1ax1,,,,,
1ax2,,,,,
1axr,1.1118950843811035,,,0.846666693687439,
1axz,,,,,
1ayu,,,,,
1ayv,,,,,
1aze,,,,,
1azl,,,,,
1azm,2.248948574066162,,,0.5908119678497314,
1b05,,,,,
1b0f,2.924241542816162,,,0.572102427482605,
1b0h,,,,,
1b2h,,,,,
1b2i,,,,,
1b32,,,,,
1b39,,,,,
1b3f,,,,,
1b3g,,,,,
1b3h,,,,,
1b3l,,,,,
1b40,,,,,
1b46,,,,,
1b4d,2.2219436168670654,,,0.6452321410179138,
1b4h,,,,,
1b4z,,,,,
1b51,,,,,
1b52,,,,,
1b55,,,,,
1b56,4.238051414489746,,,0.46397942304611206,
1b57,,,,,
1b58,,,,,
1b5g,,,,,
1b5h,,,,,
1b5i,,,,,
1b5j,,,,,
1b6h,,,,,
1b6j,,,,,
1b74,,,,,
1b7h,,,,,
1b8n,1.593995213508606,,,0.7229817509651184,
1b8o,3.465691566467285,,,0.4425448477268219,
1b9j,,,,,
1b9s,2.9917054176330566,,,0.5161845684051514,
1b9t,4.404410362243652,,,0.3424731194972992,
1b9v,4.891164302825928,,,0.2945402264595032,
1ba8,4.106746196746826,,,0.4092920422554016,
1bap,,,,,
1bbz,,,,,
1bcd,2.8073229789733887,,,0.5774559378623962,
1bcj,,,,,
1bcu,3.9633469581604004,,,0.512499988079071,
1bdl,,,,,
1bdq,,,,,
1bdr,,,,,
1bgq,1.6026880741119385,,,0.7167448997497559,
1bhx,,,,,
1bil,,,,,
1bim,,,,,
1bio,3.1512200832366943,,,0.5441810488700867,
1biw,12.011549949645996,,,0.0648864209651947,
1bji,2.399345874786377,,,0.5988943576812744,
1bjr,,,,,
1bkj,,,,,
1bky,3.4884750843048096,,,0.4790268540382385,
1bl6,,,,,
1bl7,2.215672016143799,,,0.6128906011581421,
1bmk,3.947578191757202,,,0.3937408924102783,
1bmq,,,,,
1bn3,1.1328701972961426,,,0.8603773713111877,
1bnm,,,,,
1bnn,1.5081464052200317,,,0.7841506004333496,
1bnq,1.97482168674469,,,0.7180033922195435,
1bnt,0.573637068271637,,,0.9867346882820129,
1bnu,1.0510179996490479,,,0.8394454121589661,
1bnv,,,,,
1bnw,,,,,
1bo5,39.42011642456055,,,0.0,
1bp0,11.806777000427246,,,0.06357388198375702,
1bq3,,,,,
1bq4,30.431520462036133,,,0.0,
1bqn,2.572777032852173,,,0.5583916306495667,
1br8,,,,,
1bt6,,,,,
1btn,3.2592008113861084,,,0.466292142868042,
1bux,,,,,
1bv7,2.583259344100952,,,0.5676240921020508,
1bwb,5.638682842254639,,,0.34799420833587646,
1bwn,,,,,
1bxo,,,,,
1bxq,,,,,
1bzc,,,,,
1bzj,2.3494069576263428,,,0.6580419540405273,
1c12,6.470105171203613,,,0.3120967745780945,
1c29,2.096658945083618,,,0.7002881765365601,
1c3b,,,,,
1c3e,,,,,
1c3x,,,,,
1c4y,,,,,
1c5f,,,,,
1c5z,,,,,
1c7e,,,,,
1c7f,,,,,
1c84,1.6028251647949219,,,0.7343096137046814,
1c85,1.2033411264419556,,,0.8047263622283936,
1c86,2.7154648303985596,,,0.6187499761581421,
1c87,0.9118049144744873,,,0.8816666603088379,
1c88,2.4430174827575684,,,0.6427125334739685,
1c8l,,,,,
1c8v,2.474256753921509,,,0.6212011575698853,
1c9d,3.0239319801330566,,,0.5144171714782715,
1cbr,,,,,
1cbx,2.4293618202209473,,,0.5891376733779907,
1cea,,,,,
1ceb,,,,,
1cet,4.336542129516602,,,0.38566434383392334,
1cgl,,,,,
1ch8,3.641810178756714,,,0.46348533034324646,
1ci7,10.419899940490723,,,0.0622020959854126,
1cil,1.5110057592391968,,,0.7795918583869934,
1cim,1.125765085220337,,,0.819327712059021,
1cin,1.1531360149383545,,,0.8292553424835205,
1ciz,,,,,
1cj1,,,,,
1cka,,,,,
1ckb,,,,,
1clu,3.202303171157837,,,0.4891902506351471,
1cnw,,,,,
1cny,,,,,
1cp6,3.15730619430542,,,0.513671875,
1cpi,,,,,
1cps,,,,,
1cqp,,,,,
1cr6,,,,,
1cs4,48.171661376953125,,,0.0,
1ctr,5.581586837768555,,,0.32754629850387573,
1ctt,13.405713081359863,,,0.018634840846061707,
1ctu,10.323739051818848,,,0.08535598963499069,
1cw2,2.394599676132202,,,0.6411290168762207,
1cwb,,,,,
1cwc,,,,,
1cx9,2.8417747020721436,,,0.5297062993049622,
1cyn,,,,,
1czc,6.388504505157471,,,0.21792034804821014,
1cze,5.416463851928711,,,0.3150969445705414,
1czk,,,,,
1czl,,,,,
1czo,2.590254306793213,,,0.5981192588806152,
1czr,,,,,
1d04,,,,,
1d09,,,,,
1d1p,,,,,
1d2e,,,,,
1d2s,5.328202724456787,,,0.27944639325141907,
1d3q,3.205221652984619,,,0.6602813005447388,
1d4h,2.3360331058502197,,,0.6266708970069885,
1d4i,3.2455503940582275,,,0.47679439187049866,
1d4j,3.2071914672851562,,,0.49985843896865845,
1d4t,,,,,
1d4y,,,,,
1d6n,,,,,
1d6s,,,,,
1d6w,,,,,
1d7i,,,,,
1d7j,,,,,
1d8e,,,,,
1d9i,2.716597557067871,,,0.5632352828979492,
1dar,,,,,
1db1,2.4581284523010254,,,0.5992891192436218,
1db5,2.67818021774292,,,0.5605527758598328,
1dbb,5.5893707275390625,,,0.3113463521003723,
1dbj,4.102453231811523,,,0.43081918358802795,
1dbk,3.2597060203552246,,,0.4787299633026123,
1ddm,,,,,
1det,4.257184028625488,,,0.3125,
1df8,,,,,
1dg9,1.8468754291534424,,,0.7412621378898621,
1dmb,,,,,
1dmp,5.340851783752441,,,0.292086124420166,
1dmt,,,,,
1dqx,,,,,
1drj,,,,,
1drk,,,,,
1dth,,,,,
1dub,,,,,
1dud,9.271225929260254,,,0.16549648344516754,
1duv,,,,,
1dx6,1.3983449935913086,,,0.7936217188835144,
1dxp,,,,,
1dy4,,,,,
1dzj,,,,,
1dzk,,,,,
1dzm,,,,,
1dzp,,,,,
1e00,,,,,
1e02,,,,,
1e06,,,,,
1e1y,11.512954711914062,,,0.0711633637547493,
1e2k,,,,,
1e2l,,,,,
1e34,,,,,
1e3g,1.8966000080108643,,,0.6579973697662354,
1e3v,,,,,
1e4h,,,,,
1e5j,,,,,
1e66,4.60546875,,,0.3728029727935791,
1e6s,1.6542556285858154,,,0.7250922322273254,
1e72,1.5781738758087158,,,0.7354280352592468,
1eas,,,,,
1eb1,,,,,
1ebg,,,,,
1ebw,3.02276349067688,,,0.5070024132728577,
1eby,6.057334899902344,,,0.2501051425933838,
1ecv,0.9188804626464844,,,0.8703858852386475,
1eed,,,,,
1egh,,,,,
1ek1,,,,,
1ek2,,,,,
1ekb,,,,,
1ela,,,,,
1elr,,,,,
1els,2.1339635848999023,,,0.6355498433113098,
1em6,8.40622329711914,,,0.14198143780231476,
1ent,,,,,
1eoj,,,,,
1eol,,,,,
1eou,,,,,
1epo,,,,,
1epp,,,,,
1epq,,,,,
1erq,1.6993439197540283,,,0.7069219350814819,
1eve,3.9157183170318604,,,0.43879473209381104,
1evh,,,,,
1ew8,,,,,
1ew9,,,,,
1exv,,,,,
1exw,,,,,
1ez9,,,,,
1ezf,,,,,
1f1j,,,,,
1f2o,2.728464365005493,,,0.5910326242446899,
1f2p,2.567176342010498,,,0.5915178656578064,
1f3j,,,,,
1f40,,,,,
1f47,,,,,
1f4e,,,,,
1f4x,6.198454856872559,,,0.2694968581199646,
1f57,2.3461954593658447,,,0.6573660969734192,
1f73,,,,,
1f74,,,,,
1f7b,4.522495746612549,,,0.3652200400829315,
1f8a,,,,,
1f8b,3.236983060836792,,,0.4982541799545288,
1f8c,2.2752251625061035,,,0.6740451455116272,
1f8d,3.1592607498168945,,,0.503654956817627,
1f8e,2.301065683364868,,,0.6097152233123779,
1f90,,,,,
1f9e,,,,,
1f9g,4.086815357208252,,,0.44948631525039673,
1fao,,,,,
1fax,,,,,
1fbm,2.087472915649414,,,0.6503703594207764,
1fcx,3.1621174812316895,,,0.5002047419548035,
1fcy,3.6158595085144043,,,0.4519525170326233,
1fcz,2.6153879165649414,,,0.5763133764266968,
1fdq,,,,,
1fe3,3.7558021545410156,,,0.4176136255264282,
1ff1,,,,,
1fh7,,,,,
1fh8,,,,,
1fh9,,,,,
1fhd,,,,,
1fig,5.17175817489624,,,0.35739943385124207,
1fiv,,,,,
1fj4,,,,,
1fkb,,,,,
1fkf,6.790710926055908,,,0.20013995468616486,
1fki,,,,,
1fkn,,,,,
1fkw,1.0219359397888184,,,0.8624595403671265,
1flm,,,,,
1fmb,,,,,
1fo0,,,,,
1fo2,3.6163463592529297,,,0.47330594062805176,
1fo3,2.907830238342285,,,0.5209380388259888,
1fpc,,,,,
1fpi,,,,,
1fpp,4.895343780517578,,,0.4093364179134369,
1fpy,,,,,
1fq4,,,,,
1fq5,1.8516343832015991,,,0.6774247288703918,
1fq6,,,,,
1fq7,,,,,
1fq8,,,,,
1fsg,,,,,
1fsw,,,,,
1fsy,,,,,
1ft7,,,,,
1ftj,,,,,
1ftk,5.80896520614624,,,0.27251023054122925,
1ftm,,,,,
1fv0,5.828115940093994,,,0.11920434981584549,
1fv9,2.1750364303588867,,,0.6449903845787048,
1fvt,2.446680784225464,,,0.6885837912559509,
1fw0,4.903656005859375,,,0.338156133890152,
1fwe,2.1933741569519043,,,0.6241319179534912,
1fwv,,,,,
1fyr,,,,,
1fzk,,,,,
1fzo,,,,,
1fzq,1.8534687757492065,,,0.7042253613471985,
1g1d,,,,,
1g27,,,,,
1g2a,,,,,
1g2o,,,,,
1g37,,,,,
1g3f,,,,,
1g3m,,,,,
1g42_a,,,,,
1g42_b,,,,,
1g45,1.4403979778289795,,,0.75,
1g46,1.5275932550430298,,,0.7639186382293701,
1g48,2.055689573287964,,,0.7074148058891296,
1g4j,,,,,
1g4o,0.9359074234962463,,,0.9145077466964722,
1g50,,,,,
1g52,0.7112389206886292,,,0.9312499761581421,
1g53,1.5431772470474243,,,0.7556818127632141,
1g54,1.4614964723587036,,,0.8144859671592712,
1g5f,1.8179974555969238,,,0.7298136353492737,
1g5s,1.5593855381011963,,,0.7478474974632263,
1g6g,,,,,
1g6s,3.033055543899536,,,0.532099723815918,
1g74,,,,,
1g7g,,,,,
1g7p,,,,,
1g7q,,,,,
1g7v,,,,,
1g85,,,,,
1g9r,,,,,
1g9s,7.0566325187683105,,,0.1515679508447647,
1g9t,3.7887401580810547,,,0.38649940490722656,
1ga8,,,,,
1ga9,,,,,
1gag,,,,,
1gah,,,,,
1gai,,,,,
1gar,,,,,
1gbt,2.90710711479187,,,0.5428109765052795,
1gca,,,,,
1gcz,,,,,
1gfw,2.7424018383026123,,,0.5492318272590637,
1gfy,0.8038603663444519,,,0.8837579488754272,
1ggd,,,,,
1ggn,8.308000564575195,,,0.20363165438175201,
1gmy,,,,,
1gni,,,,,
1gnj,,,,,
1gny,,,,,
1gpk,1.7263344526290894,,,0.6907796263694763,
1gpn,2.196715831756592,,,0.6409825086593628,
1gpy,28.27566146850586,,,0.0,
1grp,8.44905948638916,,,0.0690854862332344,
1gsz,,,,,
1gt1,,,,,
1gt3,,,,,
1gt4,,,,,
1gt5,,,,,
1gu1,,,,,
1gu3,,,,,
1gui,,,,,
1guw,,,,,
1gux,,,,,
1gvk,,,,,
1gvw,,,,,
1gwm,,,,,
1gwq,,,,,
1gwr,,,,,
1gwv,,,,,
1gww,,,,,
1gx0,,,,,
1gx4,,,,,
1gx8,4.9176435470581055,,,0.34001195430755615,
1gym,5.462350368499756,,,0.35737180709838867,
1gyx,13.163056373596191,,,0.053402647376060486,
1gz9,,,,,
1gzc,,,,,
1gzg,17.022363662719727,,,0.0008090615156106651,
1h00,,,,,
1h01,,,,,
1h08,,,,,
1h0a,,,,,
1h0r,3.058267116546631,,,0.5093220472335815,
1h0w,,,,,
1h1b,,,,,
1h1h,,,,,
1h1p,,,,,
1h1q,,,,,
1h1r,,,,,
1h1s,,,,,
1h22,7.430037498474121,,,0.19254085421562195,
1h23,,,,,
1h24,,,,,
1h27,,,,,
1h2k,2.0770394802093506,,,0.6503667235374451,
1h2t,,,,,
1h35,,,,,
1h37,,,,,
1h39,,,,,
1h3a,,,,,
1h3c,,,,,
1h3h,,,,,
1h46,,,,,
1h4n,3.12807035446167,,,0.527429461479187,
1h5u,13.554443359375,,,0.028733765706419945,
1h5v,,,,,
1h60,3.780656099319458,,,0.4708879292011261,
1h61,3.7337472438812256,,,0.47740963101387024,
1h62,2.593899965286255,,,0.5692508816719055,
1h6h,,,,,
1h79,,,,,
1h8y,,,,,
1h9l,,,,,
1hbj,8.478350639343262,,,0.15644067525863647,
1hbv,4.164887428283691,,,0.39827126264572144,
1hc9,,,,,
1hee,,,,,
1hef,,,,,
1heg,,,,,
1hge,,,,,
1hgi,,,,,
1hgj,,,,,
1hgt,,,,,
1hi3,,,,,
1hi4,3.933875799179077,,,0.38978829979896545,
1hi5,10.221969604492188,,,0.12336504459381104,
1hih,,,,,
1hiv,,,,,
1hk3,,,,,
1hk5,13.190770149230957,,,0.040447898209095,
1hkj,,,,,
1hkk,,,,,
1hkm,,,,,
1hlf,6.513853073120117,,,0.18817445635795593,
1hlk,,,,,
1hmr,5.970743656158447,,,0.24940617382526398,
1hms,,,,,
1hmt,3.494764804840088,,,0.4510309398174286,
1hn2,,,,,
1hn4,,,,,
1hnn,,,,,
1hos,,,,,
1hp5,2.706822633743286,,,0.6212000250816345,
1hpx,,,,,
1hqf,,,,,
1hqg,,,,,
1hqh,,,,,
1hrn,,,,,
1hsh,,,,,
1hte,7.0466203689575195,,,0.28525933623313904,
1htf,,,,,
1hti,2.4019551277160645,,,0.5864055156707764,
1hty,8.261398315429688,,,0.22465035319328308,
1hv5,,,,,
1hvj,,,,,
1hvk,,,,,
1hwr,5.356165885925293,,,0.3208566904067993,
1hww,4.007437229156494,,,0.4069400727748871,
1hxb,,,,,
1hxk,3.796562433242798,,,0.4703703820705414,
1hxw,,,,,
1hyo,,,,,
1i1e,,,,,
1i2s,,,,,
1i37,1.5033224821090698,,,0.7544581890106201,
1i41,,,,,
1i43,,,,,
1i48,,,,,
1i5h,,,,,
1i5r,,,,,
1i6v,13.14561653137207,,,0.06688596308231354,
1i7i,,,,,
1i7z,,,,,
1i80,,,,,
1i8i,,,,,
1i8j,,,,,
1i8z,3.238783597946167,,,0.5502976179122925,
1i90,2.35062313079834,,,0.5989747643470764,
1i91,1.8040382862091064,,,0.7310892343521118,
1i9l,,,,,
1i9n,1.2242074012756348,,,0.8719059228897095,
1i9o,,,,,
1i9p,1.3998485803604126,,,0.8130208253860474,
1i9q,,,,,
1iau,,,,,
1ibc,,,,,
1ibg,9.423662185668945,,,0.178507998585701,
1icj,,,,,
1ida,8.574565887451172,,,0.15328611433506012,
1idb,6.456841468811035,,,0.231745645403862,
1ie9,,,,,
1iem,,,,,
1iep,,,,,
1iew,3.34721302986145,,,0.5289373993873596,
1if7,,,,,
1igb,,,,,
1igj,,,,,
1iht,,,,,
1ii5,4.6964497566223145,,,0.33741259574890137,
1iig,2.9426400661468506,,,0.5033186078071594,
1iih,1.5975764989852905,,,0.7372978925704956,
1iiq,,,,,
1ijr,4.326150894165039,,,0.39017608761787415,
1ik4,,,,,
1ikt,7.652514457702637,,,0.22154779732227325,
1ikx,1.408617377281189,,,0.7687841653823853,
1iky,5.379343509674072,,,0.30011093616485596,
1il3,2.5304391384124756,,,0.6363179087638855,
1il4,1.8478288650512695,,,0.7190775871276855,
1il9,,,,,
1ilh,,,,,
1ilq,,,,,
1imx,7.3299150466918945,,,0.355187326669693,
1ing,,,,,
1inh,,,,,
1inq,,,,,
1iq1,,,,,
1is0,,,,,
1it6,,,,,
1iup,,,,,
1ivp,,,,,
1iwq,,,,,
1iy7,3.5225942134857178,,,0.4589707851409912,
1j01,1.5934901237487793,,,0.8211920261383057,
1j17,1.5737831592559814,,,0.7183350324630737,
1j19,,,,,
1j4p,,,,,
1j4q,,,,,
1j5i,,,,,
1jak,2.2844462394714355,,,0.6873003244400024,
1jao,,,,,
1jaq,,,,,
1jcx,,,,,
1jd0,,,,,
1jet,,,,,
1jeu,,,,,
1jev,,,,,
1jfh,,,,,
1jgl,8.894498825073242,,,0.14641819894313812,
1jh1,5.780203819274902,,,0.3248865306377411,
1jii,,,,,
1jij,2.742683172225952,,,0.5445754528045654,
1jik,,,,,
1jil,,,,,
1jj9,4.265254974365234,,,0.45932304859161377,
1jjk,,,,,
1jjt,,,,,
1jk7,5.1844024658203125,,,0.3192974030971527,
1jld,7.124511241912842,,,0.22422298789024353,
1jlr,,,,,
1jmf,6.2245259284973145,,,0.21709677577018738,
1jmg,6.450293064117432,,,0.2098408043384552,
1jmi,5.454675197601318,,,0.2895331382751465,
1jmq,,,,,
1jn2,8.392993927001953,,,0.1593637466430664,
1joc,,,,,
1joj,,,,,
1jp5,,,,,
1jpl,,,,,
1jq8,,,,,
1jq9,,,,,
1jr1,,,,,
1jrs,,,,,
1jt1,5.162192344665527,,,0.2575593888759613,
1juf,,,,,
1juj,,,,,
1juq,,,,,
1jut,,,,,
1juy,,,,,
1jvp,6.303177833557129,,,0.27876630425453186,
1jvu,12.489167213439941,,,0.05837484449148178,
1jwm,,,,,
1jyi,,,,,
1jzs,9.53975772857666,,,0.10018797218799591,
1k1o,,,,,
1k1y,,,,,
1k2i,3.6169261932373047,,,0.47731316089630127,
1k3n,,,,,
1k3q,,,,,
1k3t,19.52776527404785,,,0.0,
1k4g,2.3326661586761475,,,0.6265197396278381,
1k4h,2.570054531097412,,,0.6188589334487915,
1k9q,,,,,
1k9r,,,,,
1kc5,,,,,
1kc7,5.503083229064941,,,0.3348861336708069,
1kcs,,,,,
1kdk,5.229372978210449,,,0.26545894145965576,
1kdw,,,,,
1kf0,3.706022262573242,,,0.50048828125,
1kjr,,,,,
1kl3,,,,,
1klg,,,,,
1klu,,,,,
1km3,2.755063533782959,,,0.5359792113304138,
1kmv,2.575410842895508,,,0.5840336084365845,
1kmy,4.405645370483398,,,0.37729549407958984,
1kna,,,,,
1kne,,,,,
1koj,,,,,
1kpm,11.31160831451416,,,0.077187180519104,
1kqb,,,,,
1kr3,,,,,
1kti,1.7604435682296753,,,0.7193295359611511,
1kug,,,,,
1kui,,,,,
1kuk,,,,,
1kv1,1.3955333232879639,,,0.797897219657898,
1kv2,2.8073878288269043,,,0.6288563013076782,
1kv5,,,,,
1kyv,,,,,
1kz8,,,,,
1kzk,3.67983078956604,,,0.43979987502098083,
1l0a,,,,,
1l2s,,,,,
1l5r,28.480289459228516,,,0.0,
1l5s,,,,,
1l6s,,,,,
1l83,9.97359848022461,,,0.09798994660377502,
1l8g,1.3611481189727783,,,0.7851382493972778,
1laf,,,,,
1lah,4.942379474639893,,,0.35154828429222107,
1lan,,,,,
1lb6,,,,,
1lbf,,,,,
1lbk,,,,,
1lcj,,,,,
1lcp,,,,,
1ld7,2.357445478439331,,,0.6151260733604431,
1ld8,2.262624979019165,,,0.667391300201416,
1lee,3.9695656299591064,,,0.4360294044017792,
1leg,,,,,
1lek,,,,,
1lf8,,,,,
1lf9,,,,,
1lfo,,,,,
1lgt,,,,,
1lgw,4.923766613006592,,,0.2934560179710388,
1lhd,,,,,
1lhf,,,,,
1lhg,2.1378142833709717,,,0.6780089735984802,
1lhu,6.969362735748291,,,0.1969328075647354,
1lhv,4.74360990524292,,,0.31563499569892883,
1lhw,7.209927082061768,,,0.18695993721485138,
1li2,15.751420974731445,,,0.0024937656708061695,
1li3,3.122349262237549,,,0.5120252966880798,
1li6,3.033374309539795,,,0.5123355388641357,
1ljt,,,,,
1lke,2.2547688484191895,,,0.6402702927589417,
1ll4,,,,,
1llb,,,,,
1lnm,4.782769203186035,,,0.31807228922843933,
1lol,,,,,
1loq,2.9844748973846436,,,0.45395633578300476,
1lor,3.2991092205047607,,,0.44044503569602966,
1los,,,,,
1lox,4.7896833419799805,,,0.329104483127594,
1lq2,3.210195779800415,,,0.5380755662918091,
1lst,,,,,
1lt5,,,,,
1lvc,,,,,
1lxf,,,,,
1lxh,,,,,
1lyb,,,,,
1lyx,1.9819262027740479,,,0.6938271522521973,
1lzo,,,,,
1lzq,,,,,
1m0b,,,,,
1m0n,13.269692420959473,,,0.028524409979581833,
1m0o,7.959320068359375,,,0.1586107611656189,
1m0q,10.107701301574707,,,0.08775575459003448,
1m13,,,,,
1m2r,1.727088451385498,,,0.664050817489624,
1m2x,,,,,
1m4h,,,,,
1m5c,2.8776755332946777,,,0.5665658116340637,
1m5d,2.6478259563446045,,,0.5911999940872192,
1m5e,,,,,
1m5f,,,,,
1m5w,,,,,
1m6p,,,,,
1m7d,,,,,
1m7i,,,,,
1m7y,5.531652927398682,,,0.28559088706970215,
1m9n,,,,,
1mai,,,,,
1mcz,,,,,
1mdl,,,,,
1me3,3.687101364135742,,,0.48937612771987915,
1me4,,,,,
1me7,8.402441024780273,,,0.08660314232110977,
1me8,7.48322057723999,,,0.13935810327529907,
1mem,,,,,
1meu,4.300600051879883,,,0.34215065836906433,
1mf4,,,,,
1mfa,,,,,
1mfd,,,,,
1mfg,,,,,
1mh5,,,,,
1mik,,,,,
1mj7,,,,,
1mkd,,,,,
1ml1,,,,,
1mm6,,,,,
1mm7,,,,,
1mmp,,,,,
1mmq,,,,,
1mmr,,,,,
1mn9,,,,,
1mns,3.400550603866577,,,0.4910714328289032,
1moq,8.162775993347168,,,0.15649762749671936,
1mpl,,,,,
1mq1,,,,,
1mqd,,,,,
1mqg,,,,,
1mqh,1.9031808376312256,,,0.7017937302589417,
1mqi,1.9429426193237305,,,0.6735209226608276,
1mqj,1.7253673076629639,,,0.7288206219673157,
1mrn,,,,,
1mrs,4.134913921356201,,,0.3906843960285187,
1mrw,,,,,
1ms0,,,,,
1ms6,,,,,
1ms7,,,,,
1msn,3.0707974433898926,,,0.5194239616394043,
1mto,,,,,
1mu6,,,,,
1mu8,2.150485038757324,,,0.6586345434188843,
1mui,,,,,
1mv0,,,,,
1mwn,,,,,
1mwt,,,,,
1mxo,,,,,
1mxu,,,,,
1my2,,,,,
1my3,,,,,
1my4,,,,,
1my8,,,,,
1mzc,,,,,
1n1m,,,,,
1n1t,,,,,
1n1v,2.2526233196258545,,,0.6304877996444702,
1n2v,2.585930109024048,,,0.5841346383094788,
1n3i,,,,,
1n3w,,,,,
1n3z,3.323129415512085,,,0.46569401025772095,
1n43,,,,,
1n4h,2.412064790725708,,,0.6008541584014893,
1n4k,,,,,
1n51,,,,,
1n5z,,,,,
1n7i,,,,,
1n7j,,,,,
1n7t,,,,,
1n8u,,,,,
1n8v,,,,,
1n94,8.748973846435547,,,0.1315789520740509,
1n95,5.465261459350586,,,0.29437869787216187,
1n9a,,,,,
1n9m,,,,,
1nc3,,,,,
1nc6,5.244185447692871,,,0.4365384578704834,
1ndj,,,,,
1ndy,,,,,
1nf8,5.275249481201172,,,0.2895665466785431,
1nfs,,,,,
1nfw,1.4752767086029053,,,0.7924743294715881,
1nh0,,,,,
1nhg,,,,,
1nhv,,,,,
1nhw,,,,,
1nhx,2.350769519805908,,,0.5908248424530029,
1ni1,,,,,
1nj5,5.261663913726807,,,0.3037537634372711,
1nja,8.230746269226074,,,0.17741116881370544,
1njb,9.71126937866211,,,0.11505682021379471,
1njc,8.236507415771484,,,0.1401209682226181,
1njd,8.999807357788086,,,0.14043062925338745,
1nje,,,,,
1njj,,,,,
1njt,,,,,
1nju,,,,,
1nki,,,,,
1nkm,,,,,
1nl6,,,,,
1nlj,,,,,
1nlp,,,,,
1nlt,,,,,
1nm6,7.351611614227295,,,0.19584138691425323,
1nmk,,,,,
1nnb,,,,,
1nnk,1.439352035522461,,,0.7966760993003845,
1nnu,,,,,
1no6,2.3721861839294434,,,0.5805255770683289,
1no9,2.697929859161377,,,0.5970744490623474,
1noi,,,,,
1noj,1.861907958984375,,,0.6934782862663269,
1nok,1.763477087020874,,,0.7066605687141418,
1nox,15.116283416748047,,,0.026790596544742584,
1np0,,,,,
1npa,3.1497397422790527,,,0.5420858263969421,
1npw,,,,,
1npz,,,,,
1nq0,7.755399703979492,,,0.17904804646968842,
1nq7,2.857529878616333,,,0.5338827967643738,
1ntk,,,,,
1nu3,,,,,
1nu8,,,,,
1nvq,0.9385746121406555,,,0.8634886145591736,
1nvr,1.0558017492294312,,,0.8471121191978455,
1nvs,2.536024808883667,,,0.5551219582557678,
1nw4,,,,,
1nxy,,,,,
1ny0,,,,,
1ny2,,,,,
1nym,1.971036672592163,,,0.6647173762321472,
1nyx,,,,,
1nyy,2.005523204803467,,,0.6954458951950073,
1nz7,,,,,
1o0f,,,,,
1o0h,,,,,
1o0m,,,,,
1o0n,,,,,
1o0o,,,,,
1o1s,6.125718593597412,,,0.24170616269111633,
1o41,3.1285815238952637,,,0.5045824646949768,
1o42,,,,,
1o47,2.6796326637268066,,,0.5785714387893677,
1o49,,,,,
1o4b,,,,,
1o4d,3.4396469593048096,,,0.5118243098258972,
1o4e,4.639971733093262,,,0.33119267225265503,
1o4f,5.032196044921875,,,0.2471395879983902,
1o4g,2.74920392036438,,,0.5228426456451416,
1o4l,2.869720935821533,,,0.6246943473815918,
1o4m,1.8511593341827393,,,0.6623931527137756,
1o4n,2.0864226818084717,,,0.6952054500579834,
1o4o,,,,,
1o4p,2.9346957206726074,,,0.5772151947021484,
1o4q,2.9387803077697754,,,0.4903640151023865,
1o5m,4.957798957824707,,,0.41022247076034546,
1o5p,,,,,
1o6h,,,,,
1o6i,,,,,
1o79,,,,,
1o7o,,,,,
1o8b,,,,,
1o9e,,,,,
1oay,,,,,
1oba,,,,,
1obx,,,,,
1ocn,,,,,
1ocq,,,,,
1od8,,,,,
1odj,,,,,
1ody,6.84320068359375,,,0.2161206305027008,
1oe0,,,,,
1oe7,,,,,
1oe8,,,,,
1oeb,,,,,
1ofz,,,,,
1ogd,,,,,
1ogg,,,,,
1ogx,,,,,
1ogz,6.776821136474609,,,0.19592198729515076,
1oh4,,,,,
1oif,,,,,
1oim,,,,,
1oiu,,,,,
1oj5,,,,,
1okl,2.0934314727783203,,,0.6526032090187073,
1oko,,,,,
1okx,,,,,
1okz,1.6932001113891602,,,0.7370426654815674,
1ol1,,,,,
1olx,,,,,
1om9,,,,,
1ong,4.673648357391357,,,0.3103448152542114,
1onh,3.994178056716919,,,0.39298245310783386,
1onp,,,,,
1opi,,,,,
1oq5,2.2338409423828125,,,0.6809391975402832,
1ork,11.535604476928711,,,0.05741716921329498,
1orw,,,,,
1os0,4.793498992919922,,,0.4001201093196869,
1osg,,,,,
1oth,7.398942947387695,,,0.18667344748973846,
1ouy,7.893260478973389,,,0.11522773653268814,
1ov3,,,,,
1ove,1.7537072896957397,,,0.7684471607208252,
1ow4,,,,,
1ow6,,,,,
1ow7,,,,,
1ow8,,,,,
1ox9,,,,,
1oxg,,,,,
1oxn,,,,,
1oxq,,,,,
1oy7,,,,,
1oyn,,,,,
1ozv,,,,,
1p02,,,,,
1p03,,,,,
1p04,,,,,
1p05,,,,,
1p06,,,,,
1p0y,,,,,
1p10,,,,,
1p17,,,,,
1p19,,,,,
1p1n,5.161614418029785,,,0.3265179693698883,
1p1o,2.648756980895996,,,0.5945945978164673,
1p1q,,,,,
1p28,,,,,
1p2g,,,,,
1p4u,,,,,
1p6d,,,,,
1p6e,6.038366794586182,,,0.22688719630241394,
1p93,,,,,
1pau,,,,,
1pb8,5.2899250984191895,,,0.32894736528396606,
1pbk,,,,,
1pbq,,,,,
1pcg,,,,,
1pdq,,,,,
1pdz,1.712320327758789,,,0.7029850482940674,
1pf7,2.5995359420776367,,,0.572377622127533,
1pfu,,,,,
1pg2,4.72598934173584,,,0.41999998688697815,
1pgp,,,,,
1phw,5.450882911682129,,,0.21077586710453033,
1pi5,,,,,
1pig,,,,,
1pk0,,,,,
1pkx,,,,,
1pme,7.35114049911499,,,0.21583986282348633,
1pmn,3.157055139541626,,,0.4904336631298065,
1pmu,6.933699607849121,,,0.28549107909202576,
1pmv,1.331039309501648,,,0.75,
1pop,,,,,
1pot,3.4051527976989746,,,0.49500831961631775,
1ppi,,,,,
1ppk,,,,,
1ppl,,,,,
1ppw,,,,,
1ppx,,,,,
1pr1,,,,,
1pr5,,,,,
1prl,,,,,
1prm,,,,,
1ps3,3.9842722415924072,,,0.41154971718788147,
1pum,,,,,
1pun,,,,,
1puq,,,,,
1pus,,,,,
1pvn,,,,,
1pw6,,,,,
1pwp,,,,,
1pwq,,,,,
1pwy,3.2710039615631104,,,0.48775774240493774,
1px4,,,,,
1pxh,,,,,
1pxi,2.5186362266540527,,,0.563715934753418,
1pxj,2.432319164276123,,,0.6132734417915344,
1pxk,1.1160014867782593,,,0.8545966148376465,
1py1,,,,,
1pyw,,,,,
1pz5,,,,,
1q0b,,,,,
1q1g,,,,,
1q1y,,,,,
1q3d,,,,,
1q41,,,,,
1q4k,,,,,
1q4l,,,,,
1q4w,2.020676374435425,,,0.6588645577430725,
1q54,,,,,
1q5l,,,,,
1q63,3.6861677169799805,,,0.45895060896873474,
1q65,2.2209014892578125,,,0.6029411554336548,
1q6k,,,,,
1q6m,,,,,
1q72,5.748089790344238,,,0.25529801845550537,
1q7a,5.192181587219238,,,0.3543814420700073,
1q8t,2.281787872314453,,,0.5886402726173401,
1q8u,,,,,
1q8w,1.6456725597381592,,,0.6981208920478821,
1q91,3.101466417312622,,,0.47863247990608215,
1q95,,,,,
1q9m,,,,,
1qaw,,,,,
1qbq,4.482818603515625,,,0.3847222328186035,
1qca,17.75593376159668,,,0.002682403428480029,
1qf0,,,,,
1qf1,,,,,
1qf5,,,,,
1qfs,,,,,
1qft,,,,,
1qi0,,,,,
1qin,,,,,
1qiw,,,,,
1qji,,,,,
1qk3,,,,,
1qk4,,,,,
1qka,,,,,
1qkb,,,,,
1qkn,5.276870250701904,,,0.2606907784938812,
1qkt,6.420528888702393,,,0.23555956780910492,
1qku,,,,,
1ql7,8.321269035339355,,,0.15011636912822723,
1ql9,2.2233684062957764,,,0.6039325594902039,
1qm4,4.568436622619629,,,0.4608778655529022,
1qm5,,,,,
1qng,,,,,
1qnh,,,,,
1qon,4.620846271514893,,,0.33210331201553345,
1qpb,,,,,
1qpe,,,,,
1qpf,,,,,
1qpl,,,,,
1qq9,2.9960665702819824,,,0.5583573579788208,
1qr3,,,,,
1qs4,21.75425148010254,,,0.0,
1qsc,,,,,
1qti,1.08041250705719,,,0.8040030002593994,
1qtn,,,,,
1qvt,17.864822387695312,,,0.009085212834179401,
1qvu,14.720865249633789,,,0.05144777521491051,
1qw7,,,,,
1qwe,,,,,
1qwf,,,,,
1qwu,3.9833264350891113,,,0.4393564462661743,
1qx1,3.1656482219696045,,,0.519569456577301,
1qxl,,,,,
1qxw,,,,,
1qxy,3.832324981689453,,,0.42915308475494385,
1qxz,2.176459550857544,,,0.603481650352478,
1qy1,4.666247367858887,,,0.346834272146225,
1qy2,4.138304710388184,,,0.3937247097492218,
1qyg,3.1040637493133545,,,0.5077937841415405,
1r17,,,,,
1r1h,,,,,
1r1j,2.280078649520874,,,0.6303219199180603,
1r2b,,,,,
1r4w,,,,,
1r58,,,,,
1r5g,,,,,
1r5n,3.794543981552124,,,0.47361359000205994,
1r5v,,,,,
1r5w,,,,,
1r5y,2.5562005043029785,,,0.5692239999771118,
1r6g,3.2009849548339844,,,0.4619807004928589,
1r6z,,,,,
1r78,1.607472538948059,,,0.723901093006134,
1r9l,3.0634639263153076,,,0.5601464509963989,
1rbo,,,,,
1rbp,9.24526596069336,,,0.15333637595176697,
1rdi,,,,,
1rdj,,,,,
1rdl,27.256874084472656,,,0.0,
1rdn,,,,,
1rdt,26.0518741607666,,,0.0,
1re1,2.9011313915252686,,,0.5859497785568237,
1rek,6.053391933441162,,,0.27168816328048706,
1rgk,2.566173553466797,,,0.5560253858566284,
1rgl,2.0119996070861816,,,0.6729678511619568,
1rhj,,,,,
1rhk,,,,,
1rhm,,,,,
1rhq,,,,,
1rhr,,,,,
1rhu,,,,,
1rin,,,,,
1rjk,2.3894174098968506,,,0.6885830760002136,
1rlp,,,,,
1rm8,,,,,
1rmz,1.4533904790878296,,,0.7810107469558716,
1rne,,,,,
1rnm,5.85294771194458,,,0.36793893575668335,
1rnt,1.8773574829101562,,,0.6609792113304138,
1ro6,,,,,
1ro7,,,,,
1rpf,4.131972789764404,,,0.38192611932754517,
1rpj,3.0202698707580566,,,0.5391790866851807,
1rq2,1.8412455320358276,,,0.41739895939826965,
1rr6,2.617863416671753,,,0.5700704455375671,
1rri,14.411690711975098,,,0.0180608369410038,
1rrw,14.346792221069336,,,0.011819484643638134,
1rry,15.934210777282715,,,0.013020833022892475,
1rs4,20.941726684570312,,,0.0068155452609062195,
1rsi,22.513370513916016,,,0.0,
1rt9,3.2445414066314697,,,0.524104654788971,
1rti,5.694878578186035,,,0.2992251515388489,
1rtl,,,,,
1rv1,,,,,
1rw8,2.539320707321167,,,0.6054216623306274,
1rwx,4.734338283538818,,,0.385519802570343,
1ryf,,,,,
1ryh,,,,,
1rzx,,,,,
1s17,,,,,
1s19,2.329725742340088,,,0.5979981422424316,
1s39,1.6693857908248901,,,0.7217090129852295,
1s3k,,,,,
1s50,5.186328411102295,,,0.3123980462551117,
1s5z,19.446697235107422,,,0.0,
1s63,,,,,
1s64,,,,,
1s89,,,,,
1s9t,,,,,
1s9v,,,,,
1sb1,4.025887489318848,,,0.441971093416214,
1sdu,4.808932781219482,,,0.3282414376735687,
1sdv,2.851710557937622,,,0.5673137903213501,
1sgu,2.9809350967407227,,,0.5216975212097168,
1sh9,,,,,
1shd,,,,,
1siv,5.846752166748047,,,0.2972494661808014,
1sj0,3.271860122680664,,,0.4953213930130005,
1sje,,,,,
1sjh,,,,,
1sl3,,,,,
1sld,,,,,
1sle,,,,,
1slg,,,,,
1sln,,,,,
1sm3,,,,,
1sme,,,,,
1snk,,,,,
1soj,,,,,
1sps,,,,,
1sqb,41.57844543457031,,,0.0,
1sqc,,,,,
1sqn,,,,,
1sqp,22.87311363220215,,,0.0033638321328908205,
1sr7,,,,,
1sre,,,,,
1srg,,,,,
1sri,,,,,
1ssq,,,,,
1std,3.854020357131958,,,0.38863107562065125,
1stp,3.6493453979492188,,,0.45265424251556396,
1str,,,,,
1sts,,,,,
1sv3,4.060235023498535,,,0.4534261226654053,
1sw1,,,,,
1sw2,2.221714735031128,,,0.6835511922836304,
1swg,,,,,
1swi,6.376314640045166,,,0.21396397054195404,
1swk,,,,,
1swn,,,,,
1swp,,,,,
1swr,,,,,
1syh,1.569843053817749,,,0.7399425506591797,
1syi,,,,,
1syo,,,,,
1sz0,,,,,
1t08,,,,,
1t29,,,,,
1t31,,,,,
1t37,,,,,
1t46,12.749784469604492,,,0.16999445855617523,
1t48,3.0169458389282227,,,0.5057077407836914,
1t4s,,,,,
1t4v,5.037418365478516,,,0.3949579894542694,
1t5a,,,,,
1t5f,,,,,
1t69,,,,,
1t79,,,,,
1t7d,,,,,
1t7f,,,,,
1t7r,,,,,
1ta2,,,,,
1ta6,,,,,
1tbz,,,,,
1tc1,,,,,
1tcw,,,,,
1td7,4.368991374969482,,,0.34429529309272766,
1tet,,,,,
1tfq,,,,,
1tft,,,,,
1tfz,8.17530345916748,,,0.2065584808588028,
1thr,,,,,
1ths,,,,,
1thz,,,,,
1tka,,,,,
1tkt,2.065452814102173,,,0.6440828442573547,
1tkx,3.8656489849090576,,,0.4569999873638153,
1tl1,2.550367832183838,,,0.5676567554473877,
1tl3,1.3352093696594238,,,0.8165562748908997,
1tl7,,,,,
1tl9,,,,,
1tlp,,,,,
1tmm,,,,,
1tng,,,,,
1tni,,,,,
1tnj,,,,,
1tnk,,,,,
1tnl,,,,,
1tog,,,,,
1toi,2.5899658203125,,,0.4829670190811157,
1toj,3.386760950088501,,,0.35742971301078796,
1tok,,,,,
1tom,2.953505516052246,,,0.5116686224937439,
1tou,,,,,
1tpw,,,,,
1tpz,,,,,
1tq4,2.503556728363037,,,0.5979105830192566,
1tqf,9.085033416748047,,,0.17007149755954742,
1tr7,,,,,
1trd,13.010713577270508,,,0.05000000074505806,
1tsi,3.5393145084381104,,,0.40928271412849426,
1tsv,9.128045082092285,,,0.13110047578811646,
1tsy,11.675106048583984,,,0.06399177014827728,
1tt1,,,,,
1ttm,2.952883243560791,,,0.5498338937759399,
1tu6,,,,,
1tuf,,,,,
1tv6,3.470571279525757,,,0.5022897720336914,
1tve,,,,,
1tvo,5.032754898071289,,,0.33088234066963196,
1tvr,,,,,
1txr,3.5633773803710938,,,0.4342403709888458,
1tyn,6.307409763336182,,,0.3579021990299225,
1tyr,,,,,
1tys,7.195601463317871,,,0.19989877939224243,
1u0g,,,,,
1u2r,5.216087818145752,,,0.3399566411972046,
1u2y,3.4157540798187256,,,0.46276596188545227,
1u32,5.425661563873291,,,0.2694512605667114,
1u33,,,,,
1u3r,,,,,
1u59,1.734924554824829,,,0.711922287940979,
1u65,13.10381031036377,,,0.10252497345209122,
1u8t,,,,,
1u9l,,,,,
1ua4,3.5843000411987305,,,0.4477832615375519,
1ucn,,,,,
1udt,2.7722630500793457,,,0.5876451730728149,
1uef,,,,,
1ugp,3.8381450176239014,,,0.3804347813129425,
1ugw,,,,,
1ugx,,,,,
1ugy,,,,,
1uh1,,,,,
1uho,2.9987354278564453,,,0.5939112305641174,
1ui0,,,,,
1uj0,,,,,
1uj5,3.037632942199707,,,0.5396341681480408,
1uj6,4.195018768310547,,,0.42259085178375244,
1ujj,,,,,
1ujk,,,,,
1uk1,,,,,
1ukh,,,,,
1ukt,,,,,
1ule,,,,,
1ulg,,,,,
1uml,,,,,
1umw,,,,,
1ung,,,,,
1unl,24.257781982421875,,,0.0,
1uod,,,,,
1uom,3.767835855484009,,,0.46527180075645447,
1uou,2.5435075759887695,,,0.6219857931137085,
1upf,,,,,
1upk,,,,,
1ur9,,,,,
1urc,,,,,
1urg,,,,,
1usi,,,,,
1usk,,,,,
1utc,,,,,
1utj,,,,,
1utl,1.8709508180618286,,,0.680059552192688,
1utm,3.0329761505126953,,,0.4825129508972168,
1uto,1.7970705032348633,,,0.6871727705001831,
1utp,2.485490083694458,,,0.5926966071128845,
1utr,,,,,
1utt,3.9956436157226562,,,0.43744874000549316,
1uv5,0.8840438723564148,,,0.9080267548561096,
1uv6,,,,,
1uvs,,,,,
1uvt,,,,,
1uw6,,,,,
1uwb,1.6105122566223145,,,0.7616192102432251,
1uwf,1.8450889587402344,,,0.6858364939689636,
1uwt,,,,,
1uwu,,,,,
1ux7,,,,,
1uxa,,,,,
1uxb,,,,,
1uy7,,,,,
1uy9,1.7266215085983276,,,0.6950240731239319,
1uyc,0.9499831199645996,,,0.872053861618042,
1uyd,1.4135122299194336,,,0.8097439408302307,
1uyf,,,,,
1uyg,1.0454769134521484,,,0.8614457845687866,
1uyk,1.4109013080596924,,,0.7773752212524414,
1uym,1.4321832656860352,,,0.8384100794792175,
1uys,,,,,
1uz1,,,,,
1uz4,1.8603795766830444,,,0.7147239446640015,
1uz8,,,,,
1v0k,,,,,
1v0l,,,,,
1v0m,,,,,
1v0n,,,,,
1v0p,,,,,
1v11,,,,,
1v16,8.362129211425781,,,0.1517457515001297,
1v1j,,,,,
1v1k,,,,,
1v1m,,,,,
1v2k,8.170658111572266,,,0.16085271537303925,
1v3x,3.306353807449341,,,0.48762157559394836,
1v48,,,,,
1v79,3.0701234340667725,,,0.5175644159317017,
1v7a,3.178680419921875,,,0.4961498975753784,
1vcj,5.614993572235107,,,0.27543604373931885,
1vcu,,,,,
1vea,,,,,
1veb,3.5459413528442383,,,0.4515323042869568,
1vgc,5.4350128173828125,,,0.40041494369506836,
1vik,,,,,
1vj5,3.0981712341308594,,,0.5417808294296265,
1vjc,,,,,
1vkj,,,,,
1vot,2.868255853652954,,,0.5435656905174255,
1vwf,,,,,
1vyf,,,,,
1vyg,4.000819206237793,,,0.4232456088066101,
1vyj,,,,,
1vyw,,,,,
1vyz,1.6579328775405884,,,0.7705419659614563,
1w10,,,,,
1w13,4.167169570922852,,,0.47587916254997253,
1w14,3.186593532562256,,,0.5164048075675964,
1w1d,,,,,
1w1g,,,,,
1w1p,,,,,
1w1t,,,,,
1w1v,,,,,
1w1y,,,,,
1w25,,,,,
1w2g,,,,,
1w2h,,,,,
1w2x,,,,,
1w31,6.624442100524902,,,0.20256167650222778,
1w3j,,,,,
1w3k,,,,,
1w3l,,,,,
1w4o,14.884316444396973,,,0.022187499329447746,
1w4p,,,,,
1w4q,,,,,
1w51,4.139073371887207,,,0.4029255211353302,
1w5v,3.933671236038208,,,0.4196555018424988,
1w5w,4.1271538734436035,,,0.40807437896728516,
1w5x,,,,,
1w5y,7.115774154663086,,,0.19901645183563232,
1w6j,8.013103485107422,,,0.20333746075630188,
1w6y,9.304766654968262,,,0.1161593571305275,
1w70,,,,,
1w76,,,,,
1w7h,4.191443920135498,,,0.36749571561813354,
1w80,,,,,
1w83,10.162034034729004,,,0.19355979561805725,
1w84,3.8748602867126465,,,0.4234790802001953,
1w8l,2.447436809539795,,,0.5578175783157349,
1w8m,2.9870169162750244,,,0.5200276374816895,
1way,6.116588115692139,,,0.307124525308609,
1wbg,2.7257626056671143,,,0.6064029932022095,
1wbo,5.717074394226074,,,0.26051780581474304,
1wbs,8.36910629272461,,,0.22138157486915588,
1wbt,,,,,
1wbv,1.647861123085022,,,0.7245315909385681,
1wbw,1.8869637250900269,,,0.6870315074920654,
1wcc,3.5978124141693115,,,0.44864049553871155,
1wcq,,,,,
1wdn,,,,,
1wdq,,,,,
1wdr,,,,,
1wdy,,,,,
1we2,3.626448392868042,,,0.4366602599620819,
1wkm,,,,,
1wm1,5.230179309844971,,,0.26897090673446655,
1ws1,,,,,
1ws4,,,,,
1ws5,,,,,
1wug,,,,,
1wvc,,,,,
1wvj,2.0999667644500732,,,0.6269841194152832,
1wzy,,,,,
1x07,4.793901443481445,,,0.3976910710334778,
1x1z,,,,,
1x38,2.9380733966827393,,,0.5524333715438843,
1x39,3.3821640014648438,,,0.5423634052276611,
1x6u,5.754421234130859,,,0.24423709511756897,
1x70,,,,,
1x78,,,,,
1x7b,,,,,
1x7e,,,,,
1x7q,,,,,
1x81,6.1164751052856445,,,0.23452970385551453,
1x8d,,,,,
1x8j,,,,,
1x8r,3.3571395874023438,,,0.481967955827713,
1x8t,3.8873562812805176,,,0.41608238220214844,
1x9d,,,,,
1xa5,6.381775856018066,,,0.23723118007183075,
1xb7,,,,,
1xbb,7.288872718811035,,,0.3130319118499756,
1xbc,2.0443027019500732,,,0.6736760139465332,
1xd0,,,,,
1xdd,,,,,
1xdg,,,,,
1xff,,,,,
1xge,3.727452516555786,,,0.45028141140937805,
1xh3,,,,,
1xh4,3.2895164489746094,,,0.5019933581352234,
1xh5,3.268813371658325,,,0.4740164279937744,
1xh7,4.075210094451904,,,0.3835078477859497,
1xhm,,,,,
1xhy,4.395159721374512,,,0.39376676082611084,
1xjd,1.5388821363449097,,,0.7727760076522827,
1xk9,,,,,
1xlz,,,,,
1xm6,,,,,
1xmy,,,,,
1xn0,,,,,
1xn2,,,,,
1xn3,,,,,
1xnx,,,,,
1xnz,1.3111714124679565,,,0.7942386865615845,
1xo2,4.389145851135254,,,0.3807574212551117,
1xoe,1.802587628364563,,,0.7042483687400818,
1xog,,,,,
1xom,,,,,
1xon,,,,,
1xoq,,,,,
1xor,,,,,
1xos,2.6562681198120117,,,0.5243455767631531,
1xow,1.15096914768219,,,0.8334532380104065,
1xoz,5.742188453674316,,,0.292391300201416,
1xr8,,,,,
1xr9,,,,,
1xs7,,,,,
1xsc,,,,,
1xt8,,,,,
1xud,,,,,
1xxe,,,,,
1xz8,14.484723091125488,,,0.05543633922934532,
1y0l,,,,,
1y0x,6.730227947235107,,,0.21196512877941132,
1y19,,,,,
1y20,6.810469150543213,,,0.26207244396209717,
1y2a,,,,,
1y2b,,,,,
1y2c,,,,,
1y2f,,,,,
1y2h,,,,,
1y3a,,,,,
1y3n,,,,,
1y3p,,,,,
1y4z,,,,0.0,
1y6q,,,,,
1y8o,17.684511184692383,,,0.0005885814898647368,
1y8p,17.92518424987793,,,0.0008135750540532172,
1y91,2.205540657043457,,,0.6228771209716797,
1ybg,,,,,
1yc1,5.381451606750488,,,0.29681816697120667,
1yc4,1.6481393575668335,,,0.745954692363739,
1yc5,2.197770118713379,,,0.5681818127632141,
1yci,,,,,
1ycm,,,,,
1yda,1.2441051006317139,,,0.7847877144813538,
1ydb,2.1009206771850586,,,0.6499999761581421,
1ydd,1.6764740943908691,,,0.7511086463928223,
1ydk,,,,,
1ydr,,,,,
1yet,2.209710121154785,,,0.5677789449691772,
1yfz,,,,,
1yi3,5.01462459564209,,,0.3536509871482849,
1ykp,,,,,
1ylv,5.84893274307251,,,0.34532374143600464,
1yly,,,,,
1ym1,,,,,
1ym2,,,,,
1ym4,,,,,
1yms,,,,,
1ymx,,,,,
1ynd,,,,,
1yon,1.8168177604675293,,,0.72611004114151,
1you,,,,,
1yq7,,,,,
1yqj,5.205520153045654,,,0.3657214343547821,
1yqy,,,,,
1yrs,,,,,
1ysg,,,,,
1yt9,,,,,
1yvf,4.826824188232422,,,0.35593682527542114,
1yvm,3.3149125576019287,,,0.5730616450309753,
1yvz,3.1571402549743652,,,0.5678223967552185,
1yw7,2.6703646183013916,,,0.5912256240844727,
1yw8,4.659509658813477,,,0.41816142201423645,
1ywh,,,,,
1ywi,,,,,
1yxd,,,,,
1yy4,,,,,
1yy6,,,,,
1yye,,,,,
1yyr,,,,,
1yys,16.55263900756836,,,0.017921147868037224,
1yz3,,,,,
1z2b,,,,,
1z3j,,,,,
1z3t,,,,,
1z3v,,,,,
1z4n,,,,,
1z4o,,,,,
1z4u,10.761568069458008,,,0.05147946998476982,
1z6d,,,,,
1z6e,2.07949161529541,,,0.7290061712265015,
1z6f,,,,,
1z6s,,,,,
1z95,2.901183605194092,,,0.5587982535362244,
1z9h,,,,,
1z9y,,,,,
1zaf,,,,,
1zaj,,,,,
1zc9,,,,,
1zd2,5.98382043838501,,,0.3403819799423218,
1zd3,2.065629005432129,,,0.6613029837608337,
1zd4,2.4066812992095947,,,0.6575919985771179,
1zd5,8.65291690826416,,,0.2760752737522125,
1ze8,2.3408451080322266,,,0.6903409361839294,
1zfq,,,,,
1zgb,8.92414665222168,,,0.1551891416311264,
1zgi,2.075763702392578,,,0.6576719284057617,
1zgv,6.011795997619629,,,0.31110572814941406,
1zh7,,,,,
1zhk,,,,,
1zhl,,,,,
1zhy,,,,,
1zkk,,,,,
1zkl,1.1421452760696411,,,0.8126506209373474,
1zkn,,,,,
1zky,,,,,
1zm6,,,,,
1zm7,,,,,
1zoe,2.7460057735443115,,,0.5460766553878784,
1zog,,,,,
1zoh,,,,,
1zom,,,,,
1zpb,2.1317477226257324,,,0.6739704608917236,
1zpc,3.5350818634033203,,,0.5129533410072327,
1zsb,1.35184907913208,,,0.8132754564285278,
1zsh,,,,,
1zsr,,,,,
1ztq,,,,,
1zub,,,,,
1zuc,,,,,
1zxv,,,,,
1zyj,2.994683027267456,,,0.46240106225013733,
1zyr,,,,,
1zz1,,,,,
1zz2,11.614768981933594,,,0.11607669293880463,
1zz3,,,,,
1zzl,2.193526268005371,,,0.6465102434158325,
220l,3.3781676292419434,,,0.5313588976860046,
223l,8.853717803955078,,,0.13938619196414948,
2a0t,,,,,
2a25,,,,,
2a2g,,,,,
2a3i,,,,,
2a3w,,,,,
2a3x,,,,,
2a4g,,,,,
2a4l,1.5849735736846924,,,0.7740811109542847,
2a4m,16.6900634765625,,,0.0010427528759464622,
2a4q,16.8443603515625,,,0.01392233557999134,
2a4z,0.9271529912948608,,,0.8784658312797546,
2a58,,,,,
2a5b,10.50887680053711,,,0.10298507660627365,
2a5c,,,,,
2a5s,6.827359676361084,,,0.2192913442850113,
2a5u,3.042269706726074,,,0.5662460327148438,
2a8g,4.583374500274658,,,0.3490044176578522,
2a8h,,,,,
2aa6,,,,,
2aa9,3.8266489505767822,,,0.4405737817287445,
2aac,,,,,
2aay,2.8841042518615723,,,0.5595505833625793,
2ad5,,,,,
2ada,1.9623175859451294,,,0.6671994924545288,
2adu,3.758406162261963,,,0.5043010711669922,
2ael,16.092283248901367,,,0.006365740671753883,
2aez,,,,,
2afw,,,,,
2afx,,,,,
2agv,,,,,
2ai7,2.421379566192627,,,0.5940909385681152,
2ai8,,,,,
2aia,,,,,
2aie,2.799913167953491,,,0.5752066373825073,
2aig,,,,,
2aj8,,,,,
2ajb,,,,,
2al5,,,,,
2alv,3.774411678314209,,,0.44355401396751404,
2am1,4.124077320098877,,,0.4595703184604645,
2am2,4.068080902099609,,,0.4100719392299652,
2am4,,,,,
2am9,2.7403812408447266,,,0.5451174378395081,
2ama,1.613798975944519,,,0.7496454119682312,
2amt,,,,,
2amv,4.703784465789795,,,0.35776278376579285,
2an5,,,,,
2ao6,1.2266086339950562,,,0.7787356376647949,
2aoc,,,,,
2aod,,,,,
2aoe,,,,,
2aof,,,,,
2aog,,,,,
2aoh,,,,,
2aoi,,,,,
2aoj,,,,,
2aow,,,,,
2aox,,,,,
2aq7,,,,,
2aq9,,,,,
2aqb,,,,,
2arm,,,,,
2asu,,,,,
2ath,,,,,
2auc,,,,,
2aux,4.692895412445068,,,0.3620488941669464,
2auz,2.8169054985046387,,,0.5812146663665771,
2avi,,,,,
2avm,5.512508869171143,,,0.31612148880958557,
2avo,3.3192598819732666,,,0.4820895493030548,
2ax6,4.752660274505615,,,0.3561881184577942,
2ay1,,,,,
2ay2,1.9500330686569214,,,0.6942488551139832,
2ay3,,,,,
2ay4,2.381444215774536,,,0.6601239442825317,
2ay6,5.7412214279174805,,,0.3342140018939972,
2ay7,,,,,
2ay8,,,,,
2az5,,,,,
2az8,,,,,
2az9,8.42418098449707,,,0.22130681574344635,
2azc,,,,,
2azm,,,,,
2azr,1.5181670188903809,,,0.7448412775993347,
2b17,2.605924367904663,,,0.5972973108291626,
2b1g,,,,,
2b1i,,,,,
2b1p,3.049536943435669,,,0.5928446054458618,
2b1q,,,,,
2b1r,,,,,
2b1v,,,,,
2b2v,,,,,
2b4l,3.3089096546173096,,,0.5411255359649658,
2b4m,,,,,
2b54,6.763670444488525,,,0.3332647979259491,
2b5j,4.436065673828125,,,0.4283596873283386,
2b7a,,,,,
2b7f,,,,,
2b8l,2.371251344680786,,,0.6405923366546631,
2b8v,2.235942840576172,,,0.6424880623817444,
2b9a,,,,,
2baj,2.1138556003570557,,,0.6859439611434937,
2bal,9.047728538513184,,,0.16241039335727692,
2ban,4.882769584655762,,,0.35109788179397583,
2bba,,,,,
2bcd,,,,,
2bdl,,,,,
2be2,1.663633108139038,,,0.7399364113807678,
2bes,,,,,
2bet,,,,,
2bgd,1.5537117719650269,,,0.7818118929862976,
2bgn,,,,,
2bgr,,,,,
2bjm,3.3734962940216064,,,0.4686206877231598,
2bkt,,,,,
2bkz,,,,,
2bmk,,,,,
2bmz,,,,,
2bo4,,,,,
2boh,2.0871663093566895,,,0.6439066529273987,
2boi,,,,,
2boj,,,,,
2bpv,5.408141613006592,,,0.26678764820098877,
2bpy,,,,,
2bq6,2.445821523666382,,,0.6034269332885742,
2bqv,2.5716066360473633,,,0.5332380533218384,
2bqw,6.001302242279053,,,0.38226979970932007,
2br6,3.872429132461548,,,0.4468664824962616,
2brb,1.9342612028121948,,,0.6756569743156433,
2brm,1.2737202644348145,,,0.7977828979492188,
2brp,,,,,
2bt9,,,,,
2btr,1.6569852828979492,,,0.7571790814399719,
2bts,1.7954543828964233,,,0.6608061790466309,
2buv,4.693610191345215,,,0.38968122005462646,
2bv4,,,,,
2bvd,4.990714073181152,,,0.380884051322937,
2bvx,2.0420045852661133,,,0.6732394099235535,
2bw7,,,,,
2bxt,3.7991557121276855,,,0.47487330436706543,
2byr,,,,,
2bys,,,,,
2bz8,,,,,
2bza,1.288988471031189,,,0.7772346138954163,
2bzz,6.62984561920166,,,0.2101283222436905,
2c1a,,,,,
2c1b,,,,,
2c1p,,,,,
2c1q,6.786625862121582,,,0.23380281031131744,
2c2l,,,,,
2c3l,2.7308037281036377,,,0.6166943311691284,
2c4v,3.1481146812438965,,,0.4945255517959595,
2c57,,,,,
2c5o,,,,,
2c68,1.7566726207733154,,,0.7224264740943909,
2c69,1.4029805660247803,,,0.7613932490348816,
2c6g,3.846620798110962,,,0.48339319229125977,
2c6i,7.41799783706665,,,0.29326531291007996,
2c6k,5.742006778717041,,,0.3468036651611328,
2c6l,6.529481410980225,,,0.3120659589767456,
2c6o,6.711207866668701,,,0.2914937734603882,
2c80,,,,,
2c90,,,,,
2c92,,,,,
2c94,,,,,
2c97,,,,,
2c9b,,,,,
2c9d,,,,,
2ca8,,,,,
2cbj,,,,,
2cbs,2.9550726413726807,,,0.4986225962638855,
2cbu,,,,,
2cbv,,,,,
2cbz,3.118053436279297,,,0.4813237190246582,
2ccs,1.136025309562683,,,0.8570247888565063,
2cct,0.8329260349273682,,,0.9022634029388428,
2ccu,4.679953575134277,,,0.479467511177063,
2ce9,,,,,
2ceq,,,,,
2cer,,,,,
2ces,,,,,
2cet,,,,,
2cex,18.469629287719727,,,0.0,
2cgw,2.9247934818267822,,,0.5383435487747192,
2cgx,3.120389461517334,,,0.5328185558319092,
2cht,,,,,
2chz,3.6644647121429443,,,0.47600242495536804,
2cia,,,,,
2cji,3.591073751449585,,,0.4317406117916107,
2ckm,,,,,
2clf,,,,,
2clh,1.7591350078582764,,,0.7025966048240662,
2cli,2.290381669998169,,,0.6236616969108582,
2clk,2.8449511528015137,,,0.5578703880310059,
2cll,4.204485893249512,,,0.41515013575553894,
2clm,2.120805501937866,,,0.6073216795921326,
2clo,2.8151957988739014,,,0.5293489694595337,
2cm8,3.383908271789551,,,0.48533618450164795,
2cma,6.502927303314209,,,0.3395230770111084,
2cmb,,,,,
2cmc,,,,,
2cmf,,,,,
2cmo,15.937091827392578,,,0.04907677322626114,
2cn8,,,,,
2cne,,,,,
2cnf,4.059450626373291,,,0.4749999940395355,
2csm,9.172738075256348,,,0.11172741651535034,
2csn,1.6823647022247314,,,0.7544204592704773,
2ctc,3.201472759246826,,,0.48792487382888794,
2cv3,,,,,
2d06,,,,,
2d0k,,,,,
2d1x,,,,,
2d2v,,,,,
2d3u,,,,,
2d3z,,,,,
2dbl,,,,,
2ddf,,,,,
2dri,,,,,
2ds1,1.0015596151351929,,,0.8911392688751221,
2dua,2.1366279125213623,,,0.625,
2duv,4.3791985511779785,,,0.3853488266468048,
2dwx,,,,,
2dxs,,,,,
2e1w,3.9575915336608887,,,0.42842742800712585,
2e27,,,,,
2e2r,2.9826183319091797,,,0.5438718795776367,
2e5y,,,,,
2e7f,,,,,
2e7l,,,,,
2e91,,,,,
2e92,,,,,
2e94,,,,,
2e95,,,,,
2e99,,,,,
2e9d,,,,,
2e9o,2.4685676097869873,,,0.6533181071281433,
2ea2,5.115017890930176,,,0.3262448012828827,
2eep,4.488884449005127,,,0.3559711277484894,
2eg8,,,,,
2ei6,2.442429304122925,,,0.5638157725334167,
2epn,,,,,
2er0,,,,,
2er6,,,,,
2er9,,,,,
2esm,,,,,
2etk,,,,,
2etm,,,,,
2etr,,,,,
2eum,,,,,
2evc,1.4000768661499023,,,0.7811488509178162,
2evl,,,,,
2evm,1.5406571626663208,,,0.7514619827270508,
2evo,,,,,
2ew5,6.906971454620361,,,0.2501879632472992,
2ew6,6.2631659507751465,,,0.25846701860427856,
2ewa,5.9847612380981445,,,0.3575025200843811,
2ewb,7.132212162017822,,,0.20304568111896515,
2ews,,,,,
2ewy,,,,,
2exg,,,,,
2exm,1.156907320022583,,,0.8301486372947693,
2ez5,,,,,
2ez7,4.659457683563232,,,0.35497236251831055,
2f01,,,,,
2f18,2.463934898376465,,,0.6280487775802612,
2f1a,3.3317196369171143,,,0.49045801162719727,
2f1b,1.6222552061080933,,,0.753398060798645,
2f2h,,,,,
2f3e,,,,,
2f3f,,,,,
2f3r,,,,,
2f5t,,,,,
2f6j,,,,,
2f7o,0.8048759698867798,,,0.9198564887046814,
2f7p,2.88716721534729,,,0.5968364477157593,
2f8i,,,,,
2f9k,4.4558939933776855,,,0.38927942514419556,
2fah,,,,,
2fai,,,,,
2fb8,,,,,
2fda,,,,,
2fdd,3.4182403087615967,,,0.46360382437705994,
2fde,2.818936347961426,,,0.6138851046562195,
2fdp,,,,,
2ff1,,,,,
2ff2,,,,,
2fgh,,,,,
2fgu,,,,,
2fgv,,,,,
2fhy,,,,,
2fj0,5.404082775115967,,,0.3173491358757019,
2fkf,,,,,
2fl2,,,,,
2fl5,,,,,
2fle,6.6980156898498535,,,0.21241766214370728,
2flh,,,,,
2flr,4.776240348815918,,,0.3933955430984497,
2flu,,,,,
2fm2,,,,,
2fmb,,,,,
2fme,,,,,
2fo4,,,,,
2fpz,,,,,
2fq6,,,,,
2fqt,16.21843719482422,,,0.03630862385034561,
2fqw,2.681622266769409,,,0.5741205811500549,
2fqx,2.641580581665039,,,0.5787712931632996,
2fqy,2.3249449729919434,,,0.6168009042739868,
2fr3,2.8663909435272217,,,0.5179504156112671,
2fsv,6.269583225250244,,,0.2812022268772125,
2ftd,,,,,
2fv5,,,,,
2fv9,,,,,
2fw3,4.27018928527832,,,0.3836206793785095,
2fw6,16.11097526550293,,,0.004324324429035187,
2fwp,16.208253860473633,,,0.0037499999161809683,
2fwy,,,,,
2fwz,1.5365854501724243,,,0.7472826242446899,
2fx7,,,,,
2fx9,,,,,
2fxr,,,,,
2fxu,,,,,
2fyv,4.754389762878418,,,0.3478260934352875,
2fzc,,,,,
2fzk,,,,,
2g0h,,,,,
2g19,2.2260959148406982,,,0.5982567071914673,
2g1q,,,,,
2g1r,,,,,
2g1y,,,,,
2g24,25.63296890258789,,,0.004065040498971939,
2g5p,,,,,
2g5t,22.885988235473633,,,0.0012812300119549036,
2g63,,,,,
2g6p,2.6170520782470703,,,0.6069424748420715,
2g6q,,,,,
2g71,,,,,
2g72,,,,,
2g78,2.5577609539031982,,,0.5347633361816406,
2g79,3.084590196609497,,,0.5128205418586731,
2g83,,,,,
2g8n,,,,,
2g8r,,,,,
2g94,,,,,
2g9q,4.712146759033203,,,0.3544372320175171,
2g9r,3.8259167671203613,,,0.4565085172653198,
2g9u,3.0242671966552734,,,0.5785006880760193,
2g9v,1.8501877784729004,,,0.6748071908950806,
2gbf,21.876800537109375,,,0.0,
2gbg,21.72907066345215,,,0.0,
2gbi,22.04230499267578,,,0.00043277553049847484,
2gd8,,,,,
2gej,10.2098970413208,,,0.17814892530441284,
2gek,13.670146942138672,,,0.036020584404468536,
2gfa,,,,,
2gfk,,,,,
2gfs,9.34217357635498,,,0.19741378724575043,
2gg0,4.150832653045654,,,0.3767465054988861,
2gg3,2.103024482727051,,,0.639616072177887,
2gg5,1.6448938846588135,,,0.7171828746795654,
2gg7,6.6267991065979,,,0.2153846174478531,
2ggb,3.7958121299743652,,,0.438043475151062,
2ggu,,,,,
2gh6,,,,,
2gh7,,,,,
2gh9,,,,,
2gj4,37.98979187011719,,,0.0,
2gj5,,,,,
2gkl,2.7285866737365723,,,0.532489001750946,
2gl0,,,,,
2glp,,,,,
2gm1,,,,,
2gm9,37.41065979003906,,,0.0,
2gmx,,,,,
2gnf,3.2278215885162354,,,0.4674831032752991,
2gni,1.0590736865997314,,,0.827235758304596,
2gnj,1.7949215173721313,,,0.7124808430671692,
2go4,,,,,
2gtk,2.0943808555603027,,,0.6580957174301147,
2gtv,,,,,
2gvv,3.287965774536133,,,0.5065261125564575,
2gyi,,,,,
2gz2,,,,,
2gz7,5.048254489898682,,,0.2950432598590851,
2gzl,23.077810287475586,,,0.0,
2h13,,,,,
2h15,1.419722080230713,,,0.730654776096344,
2h2d,,,,,
2h2g,,,,,
2h3e,,,,,
2h42,,,,,
2h4g,1.9837955236434937,,,0.6584124565124512,
2h4k,,,,,
2h4n,2.2220113277435303,,,0.6068129539489746,
2h5a,2.8068466186523438,,,0.5164884328842163,
2h5d,,,,,
2h5e,,,,,
2h5i,,,,,
2h5j,,,,,
2h65,,,,,
2h6b,,,,,
2h6k,,,,,
2h6t,,,,,
2h96,,,,,
2h9m,,,,,
2h9n,,,,,
2h9p,,,,,
2h9t,,,,,
2ha0,,,,,
2ha2,,,,,
2ha3,,,,,
2ha4,,,,,
2ha5,,,,,
2ha6,,,,,
2ha7,,,,,
2hah,,,,,
2hai,3.9005160331726074,,,0.38088566064834595,
2haw,,,,,
2hb1,2.2916150093078613,,,0.6225489974021912,
2hd1,,,,,
2hdq,,,,,
2hds,,,,,
2hf8,,,,,
2hh5,,,,,
2hha,,,,,
2hiw,,,,,
2hjb,,,,,
2hkf,,,,,
2hm1,,,,,
2hmb,3.374143600463867,,,0.4964412748813629,
2hmu,,,,,
2hmv,,,,,
2hmw,,,,,
2hnc,2.2127552032470703,,,0.6391820311546326,
2hnx,4.8255743980407715,,,0.36725351214408875,
2hny,2.8805153369903564,,,0.5788369178771973,
2hob,,,,,
2hoc,,,,,
2hog,1.836190938949585,,,0.7592262029647827,
2hqu,,,,,
2hr6,10.56098461151123,,,0.1351054459810257,
2hrm,10.44809627532959,,,0.2062615156173706,
2hvx,4.299154758453369,,,0.364824116230011,
2hw2,8.08720874786377,,,0.12862595915794373,
2hwg,,,,,
2hwp,,,,,
2hyy,,,,,
2hz0,,,,,
2hz4,,,,,
2hzi,,,,,
2hzl,,,,,
2hzn,2.1077334880828857,,,0.6346153616905212,
2hzy,,,,,
2i0g,,,,,
2i0h,,,,,
2i0v,5.494390487670898,,,0.4383561611175537,
2i0y,5.769761085510254,,,0.3163129985332489,
2i1m,5.746517181396484,,,0.32225993275642395,
2i2c,,,,,
2i3h,,,,,
2i3i,,,,,
2i3v,,,,,
2i3z,21.104827880859375,,,0.0006056934944353998,
2i40,,,,,
2i4t,,,,,
2i4w,,,,,
2i5f,,,,,
2i5j,5.696957588195801,,,0.3400000035762787,
2i6b,,,,,
2i72,,,,,
2idk,,,,,
2ie4,26.31098175048828,,,0.0,
2ig0,,,,,
2igv,,,,,
2igw,,,,,
2igx,,,,,
2ihj,4.198240280151367,,,0.42959314584732056,
2ihq,1.0456622838974,,,0.8367537260055542,
2iit,,,,,
2iiv,,,,,
2ima,,,,,
2imd,,,,,
2io6,,,,,
2ioa,,,,,
2iok,,,,,
2ipo,,,,,
2irz,,,,,
2isc,,,,,
2isv,,,,,
2isw,2.237243890762329,,,0.6433823704719543,
2it4,14.526558876037598,,,0.01424870453774929,
2ito,2.565182685852051,,,0.6991421580314636,
2ity,2.1981966495513916,,,0.7787396311759949,
2itz,2.646064043045044,,,0.5658036470413208,
2iu0,,,,,
2iv9,,,,,
2ivu,,,,,
2ivz,,,,,
2iw6,,,,,
2iyf,,,,,
2izl,,,,,
2izx,,,,,
2j27,,,,,
2j2u,1.7050056457519531,,,0.6890690326690674,
2j34,3.0671541690826416,,,0.4913063943386078,
2j47,3.8396623134613037,,,0.4646511673927307,
2j4a,2.060065269470215,,,0.6506410241127014,
2j4g,,,,,
2j4i,,,,,
2j4k,,,,,
2j4q,19.77180290222168,,,0.00013616557407658547,
2j4z,,,,,
2j50,,,,,
2j62,,,,,
2j75,,,,,
2j77,,,,,
2j78,,,,,
2j79,,,,,
2j7b,,,,,
2j7d,,,,,
2j7e,,,,,
2j7f,,,,,
2j7g,,,,,
2j7h,,,,,
2j7w,4.984291076660156,,,0.2888889014720917,
2j7x,2.0592756271362305,,,0.6564801335334778,
2j83,,,,,
2j87,,,,,
2j94,2.945131301879883,,,0.525770902633667,
2j95,1.8235477209091187,,,0.711416482925415,
2j9a,,,,,
2j9h,,,,,
2j9l,,,,,
2ja3,,,,,
2jal,,,,,
2jbk,2.9827840328216553,,,0.5697226524353027,
2jbl,,,,,
2jbo,1.414084553718567,,,0.810546875,
2jbp,,,,,
2jbu,,,,,
2jc0,,,,,
2jdh,,,,,
2jdl,,,,,
2jdm,,,,,
2jdn,,,,,
2jdo,4.430404186248779,,,0.35041937232017517,
2jdp,,,,,
2jdt,2.7249977588653564,,,0.5750781893730164,
2jdu,,,,,
2jdy,,,,,
2jew,,,,,
2jf4,,,,,
2jfh,,,,,
2jg0,2.830928087234497,,,0.547950804233551,
2jg8,16.53495979309082,,,0.0,
2jgs,,,,,
2jh0,,,,,
2jh5,3.866624116897583,,,0.46028971672058105,
2jh6,4.0191755294799805,,,0.4124879539012909,
2jiw,,,,,
2jj3,,,,,
2jjb,,,,,
2jjk,,,,,
2jjr,6.842639446258545,,,0.25784754753112793,
2jk9,,,,,
2jke,,,,,
2jkh,2.9661011695861816,,,0.4948979616165161,
2jko,1.7969025373458862,,,0.669242262840271,
2jkp,,,,,
2jkq,6.6639323234558105,,,0.23322580754756927,
2jkr,,,,,
2jkt,,,,,
2jnp,,,,,
2jo9,,,,,
2joa,,,,,
2jq9,,,,,
2jqi,,,,,
2jqk,,,,,
2jql,,,,,
2jsd,,,,,
2jst,,,,,
2jup,,,,,
2jxr,,,,,
2k00,,,,,
2k0g,,,,,
2k0x,,,,,
2k1q,,,,,
2k2g,,,,,
2k2r,,,,,
2k3w,,,,,
2k46,,,,,
2k4i,,,,,
2kbr,,,,,
2kbs,,,,,
2kdh,,,,,
2ke1,,,,,
2kgi,,,,,
2khh,,,,,
2knh,,,,,
2ko7,,,,,
2koh,,,,,
2kp8,,,,,
2ks9,,,,,
2ksp,,,,,
2kup,,,,,
2kvm,,,,,
2l0i,,,,,
2l12,,,,,
2l1b,,,,,
2l3r,,,,,
2l6e,,,,,
2l6j,,,,,
2l7u,,,,,
2l8j,,,,,
2l98,,,,,
2las,,,,,
2lbm,,,,,
2lbv,,,,,
2lcs,,,,,
2lct,,,,,
2lha,,,,,
2liq,,,,,
2lkk,,,,,
2lko,,,,,
2ll6,,,,,
2ll7,,,,,
2lpr,,,,,
2lsr,,,,,
2lsv,,,,,
2ltv,,,,,
2ltw,,,,,
2ltx,,,,,
2lty,,,,,
2ly0,,,,,
2lya,,,,,
2lyb,,,,,
2m0o,,,,,
2m0v,,,,,
2m3o,,,,,
2m41,,,,,
2mas,,,,,
2mc1,,,,,
2mg5,,,,,
2mip,,,,,
2mji,,,,,
2mkr,,,,,
2mlm,,,,,
2mnz,,,,,
2mow,,,,,
2mps,,,,,
2ms4,,,,,
2mwy,,,,,
2n0u,,,,,
2n27,,,,,
2n3k,,,,,
2n8t,,,,,
2n9e,,,,,
2n9x,,,,,
2ncz,,,,,
2nd0,,,,,
2ndf,,,,,
2ndg,,,,,
2ndo,,,,,
2nm1,,,,,
2nn8,,,,,
2nnd,4.135640621185303,,,0.3977046012878418,
2nng,1.3581956624984741,,,0.7715736031532288,
2nnk,5.994248867034912,,,0.2367105334997177,
2nnp,4.848135948181152,,,0.4114583432674408,
2nns,,,,,
2np9,,,,,
2nq6,2.3029325008392334,,,0.649227499961853,
2nq7,1.761704921722412,,,0.7141756415367126,
2nsj,3.753101348876953,,,0.4732142984867096,
2nsl,4.3356099128723145,,,0.37988996505737305,
2nsx,,,,,
2nt7,4.291064739227295,,,0.3801843225955963,
2nta,1.6731644868850708,,,0.7242957949638367,
2ntf,,,,,
2nv7,,,,,
2nw4,1.8233048915863037,,,0.7239776849746704,
2nwl,,,,,
2nwn,,,,,
2nww,,,,,
2nxd,,,,,
2nyr,,,,,
2o1c,,,,,
2o1v,,,,,
2o2u,4.031096458435059,,,0.4681818187236786,
2o3p,1.6503326892852783,,,0.7360031008720398,
2o3z,,,,,
2o4h,,,,,
2o4j,,,,,
2o4r,1.378986120223999,,,0.7422839403152466,
2o4s,,,,,
2o4z,2.183924913406372,,,0.6785714030265808,
2o63,7.191021919250488,,,0.2288622111082077,
2o65,7.097863674163818,,,0.19348327815532684,
2o7e,,,,,
2o7v,,,,,
2o9a,,,,,
2o9i,,,,,
2o9j,3.615616798400879,,,0.4545454680919647,
2o9r,,,,,
2o9v,,,,,
2oa0,3.762228488922119,,,0.4698886573314667,
2oax,,,,,
2obf,,,,,
2obo,,,,,
2oc0,,,,,
2oc1,,,,,
2oc4,3.1906516551971436,,,0.5208944082260132,
2oc7,11.855549812316895,,,0.08083631843328476,
2oc9,2.1121225357055664,,,0.7081339955329895,
2odd,,,,,
2oei,,,,,
2of2,7.298884868621826,,,0.28697749972343445,
2off,,,,,
2ogy,,,,,
2ohk,,,,,
2ohm,1.2395272254943848,,,0.8074712753295898,
2ohp,,,,,
2ohq,,,,,
2oht,3.097628355026245,,,0.4895833432674408,
2ohu,5.0887131690979,,,0.2997997999191284,
2ohv,,,,,
2oi0,3.1930694580078125,,,0.49865591526031494,
2oi2,5.550755500793457,,,0.2743757367134094,
2oi3,,,,,
2oi9,,,,,
2oiq,28.294639587402344,,,0.0,
2oj9,2.267134189605713,,,0.7153263688087463,
2ojg,1.441186785697937,,,0.7799422740936279,
2oji,1.800938367843628,,,0.7485074400901794,
2ojj,2.0286002159118652,,,0.7164135575294495,
2olb,,,,,
2ole,,,,,
2on3,,,,,
2on6,2.6493403911590576,,,0.5823129415512085,
2onb,11.041423797607422,,,0.09779614210128784,
2ooz,9.459687232971191,,,0.050806451588869095,
2op3,,,,,
2op9,,,,,
2opb,,,,,
2oph,,,,,
2oq6,,,,,
2oqi,,,,0.0,
2or4,2.0088982582092285,,,0.7079759836196899,
2or9,,,,,
2ork,,,,,
2os9,,,,,
2osm,2.0121891498565674,,,0.6333865523338318,
2ot1,,,,,
2ov4,4.551708221435547,,,0.3772277235984802,
2ovq,,,,,
2ovv,3.0333948135375977,,,0.5504617691040039,
2ovy,2.5028481483459473,,,0.574999988079071,
2ow2,,,,,
2ow6,3.806882858276367,,,0.4517374634742737,
2ow7,6.448564529418945,,,0.21157167851924896,
2ow9,,,,,
2oxd,2.1789846420288086,,,0.6115145087242126,
2oxn,4.1833953857421875,,,0.39168038964271545,
2oxx,2.5024216175079346,,,0.5605263113975525,
2oxy,,,,,
2oyk,,,,,
2oyl,,,,,
2oz2,,,,,
2oz7,2.3502931594848633,,,0.6134953498840332,
2p09,6.289212703704834,,,0.29481130838394165,
2p0d,,,,,
2p0x,,,,,
2p15,,,,,
2p1c,,,,,
2p2a,12.412440299987793,,,0.04889768362045288,
2p3a,,,,,
2p3c,,,,,
2p3g,5.357964038848877,,,0.30602988600730896,
2p3i,7.785215377807617,,,0.21223261952400208,
2p4j,,,,,
2p4s,,,,,
2p4y,,,,,
2p53,,,,,
2p7a,2.5158252716064453,,,0.6156812310218811,
2p7g,3.2942962646484375,,,0.5299999713897705,
2p93,1.6602766513824463,,,0.6891891956329346,
2p94,1.2293580770492554,,,0.8316481113433838,
2p99,1.275734305381775,,,0.78899085521698,
2p9a,3.328709602355957,,,0.489633172750473,
2pax,4.4908270835876465,,,0.42002686858177185,
2pbw,,,,,
2peh,,,,,
2pem,,,,,
2pfy,,,,,
2pg2,,,,,
2ph6,,,,,
2ph8,2.7745933532714844,,,0.5655422806739807,
2ph9,,,,,
2phb,2.3430421352386475,,,0.6136178970336914,
2piy,,,,,
2piz,,,,,
2pj0,,,,,
2pj1,,,,,
2pj2,,,,,
2pj3,,,,,
2pj4,,,,,
2pj5,,,,,
2pj6,,,,,
2pj7,,,,,
2pj8,,,,,
2pj9,3.5466341972351074,,,0.4944915175437927,
2pja,,,,,
2pjc,,,,,
2pjl,,,,,
2pmc,,,,,
2pmk,5.729764461517334,,,0.26883116364479065,
2pnx,,,,,
2poq,4.087015151977539,,,0.39502426981925964,
2pou,0.7220911383628845,,,0.9442800879478455,
2pq9,2.7350845336914062,,,0.5669522285461426,
2pqb,,,,,
2pqc,2.873915433883667,,,0.5502439141273499,
2pqj,,,,,
2pql,3.738337755203247,,,0.4614197611808777,
2pr9,,,,,
2pri,29.361175537109375,,,0.0,
2prj,0.9575362205505371,,,0.8458408713340759,
2psv,2.351321220397949,,,0.6278908252716064,
2psx,,,,,
2ptz,1.7861169576644897,,,0.6754201650619507,
2pu0,2.9413163661956787,,,0.5452508926391602,
2pu1,2.0409109592437744,,,0.6868836283683777,
2pu2,,,,,
2puy,,,,,
2pv1,,,,,
2pv2,,,,,
2pv3,,,,,
2pvh,5.416388034820557,,,0.3535598814487457,
2pvj,5.4618072509765625,,,0.36446359753608704,
2pvk,6.085737228393555,,,0.3143181800842285,
2pvl,2.169755458831787,,,0.6272348165512085,
2pvm,2.4727582931518555,,,0.5851989984512329,
2pvn,4.001236438751221,,,0.40172696113586426,
2pvu,4.587366104125977,,,0.3782467544078827,
2pvv,4.099980354309082,,,0.4173167049884796,
2pwd,,,,,
2pwg,,,,,
2pwr,4.56300163269043,,,0.36507073044776917,
2py4,10.998817443847656,,,0.1640511006116867,
2pyi,2.9484944343566895,,,0.561170220375061,
2pyn,,,,,
2pyy,,,,,
2pze,,,,,
2pzi,,,,,
2q1l,,,,,
2q2a,,,,,
2q2c,,,,,
2q2y,,,,,
2q2z,,,,,
2q38,,,,,
2q3z,,,,,
2q54,,,,,
2q5k,,,,,
2q63,6.8308000564575195,,,0.21107864379882812,
2q64,4.94436502456665,,,0.29725611209869385,
2q6f,,,,,
2q6h,,,,,
2q72,,,,,
2q7o,3.4493839740753174,,,0.456094354391098,
2q7q,,,,,
2q7y,,,,,
2q80,,,,,
2q88,7.373277187347412,,,0.16718362271785736,
2q89,7.171989917755127,,,0.2197432816028595,
2q8h,3.9913413524627686,,,0.3814984858036041,
2q8i,6.7578840255737305,,,0.1896481215953827,
2q8s,,,,,
2q8z,,,,,
2q93,1.5975983142852783,,,0.7563725709915161,
2q94,2.4695725440979004,,,0.5864285826683044,
2q96,3.0193965435028076,,,0.5031055808067322,
2q9m,,,,,
2q9n,5.957374572753906,,,0.2113526612520218,
2q9y,14.86221981048584,,,0.019059721380472183,
2qaf,,,,,
2qbq,3.2174479961395264,,,0.47854292392730713,
2qbs,1.7593588829040527,,,0.6984829306602478,
2qbw,,,,,
2qbx,,,,,
2qc6,2.8327441215515137,,,0.5697773694992065,
2qcd,,,,,
2qcf,3.267787218093872,,,0.5065963268280029,
2qcg,,,,,
2qci,,,,,
2qcm,,,,,
2qcn,,,,,
2qd6,1.5944674015045166,,,0.7652885317802429,
2qd9,3.666869640350342,,,0.42606931924819946,
2qdt,2.0803141593933105,,,0.6639072895050049,
2qe2,,,,,
2qf6,,,,,
2qfo,29.41910171508789,,,0.0,
2qg0,,,,,
2qg2,4.750193119049072,,,0.3910658359527588,
2qh6,,,,,
2qhc,,,,,
2qhn,1.0102919340133667,,,0.8898747563362122,
2qhy,3.3035881519317627,,,0.4575639069080353,
2qhz,1.9030849933624268,,,0.6777359843254089,
2qi0,1.8643980026245117,,,0.7323190569877625,
2qi1,2.0986130237579346,,,0.6578431129455566,
2qi3,2.0281171798706055,,,0.6030762195587158,
2qi5,4.426517009735107,,,0.36235955357551575,
2qic,,,,,
2qiq,,,,,
2qju,,,,,
2qk5,,,,,
2qki,,,,,
2qky,,,,,
2ql5,,,,,
2ql7,,,,,
2ql9,,,,,
2qlb,,,,,
2qlf,,,,,
2qlj,,,,,
2qlm,1.9034937620162964,,,0.7202941179275513,
2qln,2.971406936645508,,,0.5412303805351257,
2qm7,,,,,
2qmd,,,,,
2qmf,,,,,
2qmj,,,,,
2qn1,19.30696678161621,,,0.0,
2qn2,17.966171264648438,,,0.0001312335953116417,
2qn3,2.3491973876953125,,,0.6563238501548767,
2qnb,,,,,
2qnn,,,,,
2qnx,,,,,
2qnz,,,,,
2qo1,,,,,
2qo8,2.3042354583740234,,,0.673713207244873,
2qoa,,,,,
2qoe,,,,,
2qoh,,,,,
2qp8,,,,,
2qpj,,,,,
2qpq,,,,,
2qpu,,,,,
2qrh,1.6683660745620728,,,0.7159090638160706,
2qrk,5.175910949707031,,,0.27539780735969543,
2qrl,2.128028392791748,,,0.6245928406715393,
2qrm,2.6618521213531494,,,0.5672613382339478,
2qrp,2.3837902545928955,,,0.6564258933067322,
2qrq,2.0132853984832764,,,0.6686708927154541,
2qt5,,,,,
2qt9,,,,,
2qtb,,,,,
2qtg,,,,,
2qtt,4.280339241027832,,,0.3992404043674469,
2qu6,,,,,
2qv7,9.740691184997559,,,0.13958990573883057,
2qve,,,,,
2qw1,5.013293743133545,,,0.38352271914482117,
2qwb,,,,,
2qwc,2.472672939300537,,,0.5890804529190063,
2qwd,1.976778507232666,,,0.6901751160621643,
2qwe,2.714815855026245,,,0.5707482695579529,
2qwf,3.088411331176758,,,0.5053443908691406,
2qwg,1.5939165353775024,,,0.7755101919174194,
2qx0,,,,,
2qzk,5.099786758422852,,,0.33594194054603577,
2qzl,,,,,
2qzr,,,,,
2qzx,,,,,
2r03,,,,,
2r0h,,,,,
2r0u,1.4556041955947876,,,0.8114144206047058,
2r0y,,,,,
2r1w,,,,,
2r1x,,,,,
2r1y,,,,,
2r23,,,,,
2r2b,,,,,
2r3c,,,,,
2r3f,1.4747143983840942,,,0.7568005323410034,
2r3g,4.9885430335998535,,,0.3883587718009949,
2r3h,1.6566312313079834,,,0.7504408955574036,
2r3j,5.864538192749023,,,0.3423076868057251,
2r3k,1.386488914489746,,,0.8218706846237183,
2r3m,0.9489734768867493,,,0.868881106376648,
2r3n,1.3665440082550049,,,0.80800461769104,
2r3o,1.633601427078247,,,0.7884160876274109,
2r3p,1.1881675720214844,,,0.8356868028640747,
2r3t,,,,,
2r3y,,,,,
2r4b,,,,,
2r4f,,,,,
2r58,12.245176315307617,,,0.035625774413347244,
2r5a,12.742926597595215,,,0.02069425955414772,
2r5q,,,,,
2r6f,,,,,
2r6n,1.8756422996520996,,,0.6827309131622314,
2r6w,,,,,
2r75,,,,,
2r7g,,,,,
2r8q,,,,,
2r9b,,,,,
2r9m,,,,,
2ra6,,,,,
2rc8,,,,,
2rc9,,,,,
2rcb,,,,,
2rcn,6.593015193939209,,,0.2271062284708023,
2rcu,,,,,
2rcw,1.3791539669036865,,,0.8393987417221069,
2rcx,,,,,
2reg,,,,,
2rf2,3.794753313064575,,,0.42259520292282104,
2rfy,,,,,
2rg5,2.674842119216919,,,0.5335858464241028,
2rg6,,,,,
2rgu,,,,,
2ri9,,,,,
2ria,,,,,
2rib,,,,,
2rin,,,,,
2rio,,,,,
2rip,4.21004581451416,,,0.4895833432674408,
2rjp,,,,,
2rjr,24.541658401489258,,,0.0,
2rjs,,,,,
2rk7,,,,,
2rk8,,,,,
2rka,,,,,
2rkd,2.9142260551452637,,,0.5521907210350037,
2rkf,,,,,
2rkg,5.769872188568115,,,0.24313446879386902,
2rkm,,,,,
2rkn,,,,,
2rku,6.216640472412109,,,0.24392582476139069,
2rly,,,,,
2rm0,,,,,
2rnw,,,,,
2rnx,,,,,
2rol,,,,,
2rox,,,,,
2rqu,,,,,
2rvn,,,,,
2sfp,,,,,
2sim,1.9091835021972656,,,0.6597222089767456,
2srt,,,,,
2std,3.875772714614868,,,0.40950921177864075,
2tpi,,,,,
2tsr,,,,,
2upj,4.6816582679748535,,,0.3849206268787384,
2usn,10.018858909606934,,,0.11194895952939987,
2uuo,2.2694973945617676,,,0.6357039213180542,
2uup,3.203613758087158,,,0.5104493498802185,
2uvm,,,,,
2uw8,5.883601665496826,,,0.28098592162132263,
2uwd,2.469109296798706,,,0.5946930050849915,
2uwl,,,,,
2uwo,1.8735326528549194,,,0.7123218178749084,
2uwp,,,,,
2uxi,,,,,
2uxu,,,,,
2uy3,2.8217196464538574,,,0.5539772510528564,
2uy5,5.846949100494385,,,0.351257860660553,
2uyi,,,,,
2uym,,,,,
2uyn,,,,,
2uyw,,,,,
2uz6,,,,,
2uz9,3.1508944034576416,,,0.5134453773498535,
2uzb,,,,,
2uzd,,,,,
2uzj,,,,,
2uzl,,,,,
2v00,2.859388828277588,,,0.5783898234367371,
2v0z,,,,,
2v10,,,,,
2v11,,,,,
2v12,,,,,
2v13,,,,,
2v16,,,,,
2v22,,,,,
2v25,,,,,
2v2c,1.7202544212341309,,,0.7062647938728333,
2v2h,,,,,
2v2q,,,,,
2v2v,,,,,
2v3d,,,,,
2v3e,,,,,
2v3u,7.265514373779297,,,0.21696428954601288,
2v54,,,,,
2v57,,,,,
2v58,,,,,
2v59,,,,,
2v5a,25.517597198486328,,,0.0,
2v7d,,,,,
2v83,,,,,
2v95,4.573365688323975,,,0.34043002128601074,
2va5,5.798453330993652,,,0.2715395390987396,
2vb8,,,,,
2vba,2.4645700454711914,,,0.6039232015609741,
2vc7,,,,,
2vc9,3.0159900188446045,,,0.500806450843811,
2vcg,,,,,
2vd1,20.46514892578125,,,0.029302459210157394,
2veu,6.508571624755859,,,0.2961229979991913,
2vew,2.624721050262451,,,0.5956607460975647,
2vey,2.870189905166626,,,0.585049033164978,
2vf6,,,,,
2vfk,2.864250898361206,,,0.5556438565254211,
2vfz,,,,,
2vgc,1.5230170488357544,,,0.7952830195426941,
2vh0,1.4273179769515991,,,0.7408565878868103,
2vh6,0.910666286945343,,,0.8822233080863953,
2vi5,,,,,
2vin,,,,,
2vio,2.2650623321533203,,,0.6265709400177002,
2vip,2.5370264053344727,,,0.5713324546813965,
2viq,3.8899354934692383,,,0.47994986176490784,
2viw,4.236692428588867,,,0.3966321349143982,
2viz,,,,,
2vj6,2.7241506576538086,,,0.5826848149299622,
2vj8,3.892894744873047,,,0.4757194221019745,
2vjx,,,,,
2vk2,2.7656474113464355,,,0.5744360685348511,
2vk6,2.439579963684082,,,0.5997942090034485,
2vl1,,,,,
2vl4,,,,,
2vl8,,,,,
2vle,,,,,
2vmc,,,,,
2vmd,33.75536346435547,,,0.0,
2vmf,,,,,
2vnf,,,,,
2vnp,,,,,
2vo5,,,,,
2vo7,,,,,
2vpe,,,,,
2vpn,,,,,
2vpo,,,,,
2vpp,,,,,
2vqj,3.1967883110046387,,,0.48713719844818115,
2vqm,2.408398389816284,,,0.5646718144416809,
2vqt,,,,,
2vr3,,,,,
2vr4,,,,,
2vrj,,,,,
2vsl,,,,,
2vt3,,,,,
2vth,2.674039840698242,,,0.5535373091697693,
2vti,7.03239107131958,,,0.2542457580566406,
2vtl,1.607457160949707,,,0.797520637512207,
2vtn,4.059299468994141,,,0.45868515968322754,
2vto,7.33646821975708,,,0.25965961813926697,
2vtp,2.808786630630493,,,0.5958942770957947,
2vtq,1.6247133016586304,,,0.727419376373291,
2vtr,3.353971004486084,,,0.5339313745498657,
2vts,6.104307174682617,,,0.32218125462532043,
2vtt,1.225282907485962,,,0.846784770488739,
2vu3,1.2894096374511719,,,0.8183673620223999,
2vur,,,,,
2vv9,2.654329299926758,,,0.6050651669502258,
2vvc,,,,,
2vvn,,,,,
2vvo,,,,,
2vvt,,,,,
2vvu,2.5918822288513184,,,0.5654761791229248,
2vvv,,,,,
2vw1,2.025115728378296,,,0.6586466431617737,
2vw5,,,,,
2vwc,1.7496075630187988,,,0.7180790901184082,
2vwl,3.475966453552246,,,0.471250981092453,
2vwm,,,,,
2vwn,2.020803928375244,,,0.6919013857841492,
2vwo,1.8867805004119873,,,0.7030423283576965,
2vwu,3.110236883163452,,,0.5540338754653931,
2vwv,,,,,
2vx9,12.896841049194336,,,0.07710978388786316,
2vxa,,,,,
2vxj,,,,,
2vxn,2.4659879207611084,,,0.623913049697876,
2vyt,,,,,
2vzr,,,,,
2w06,1.609935998916626,,,0.7335329055786133,
2w08,,,,,
2w0p,,,,,
2w0s,,,,,
2w0x,3.0587353706359863,,,0.5240778923034668,
2w0z,,,,,
2w10,,,,,
2w12,,,,,
2w1g,,,,,
2w1h,0.8078137040138245,,,0.9294605851173401,
2w1i,,,,,
2w26,0.8641927242279053,,,0.9034285545349121,
2w2u,,,,,
2w3k,2.1802337169647217,,,0.6613338589668274,
2w3o,,,,,
2w47,,,,,
2w4i,,,,,
2w4x,3.1717355251312256,,,0.4841911792755127,
2w5i,,,,,
2w66,,,,,
2w67,,,,,
2w68,,,,,
2w6c,,,,,
2w6m,,,,,
2w6o,,,,,
2w6t,,,,,
2w6u,,,,,
2w70,,,,,
2w76,,,,,
2w77,,,,,
2w78,,,,,
2w7y,,,,,
2w85,,,,,
2w87,,,,,
2w8f,,,,,
2w8j,,,,,
2w8w,,,,,
2w92,1.8044551610946655,,,0.7151015400886536,
2w97,,,,,
2w9h,3.7793214321136475,,,0.4306095838546753,
2w9r,,,,,
2wa3,3.238920211791992,,,0.48838290572166443,
2wa4,,,,,
2wa8,,,,,
2wb5,,,,,
2wbb,,,,,
2wbd,,,,,
2wbg,,,,,
2wc3,,,,,
2wc4,,,,,
2wca,8.125654220581055,,,0.24842436611652374,
2wcg,,,,,
2wd3,4.996118068695068,,,0.40847155451774597,
2wd7,,,,,
2we3,,,,,
2weg,2.1933460235595703,,,0.6091463565826416,
2weh,1.986803412437439,,,0.6776807904243469,
2wej,2.9982893466949463,,,0.5885416865348816,
2weo,2.4852001667022705,,,0.5763546824455261,
2weq,1.966785192489624,,,0.6431236863136292,
2wey,,,,,
2wf1,2.4426674842834473,,,0.6252525448799133,
2wf2,,,,,
2wf3,3.0450997352600098,,,0.5252695679664612,
2wf4,,,,,
2wf5,3.204662561416626,,,0.4984035789966583,
2wfj,,,,,
2wgi,,,,,
2wgj,2.824540615081787,,,0.5605158805847168,
2who,,,,,
2wi1,4.294835090637207,,,0.42151162028312683,
2wi4,1.3073756694793701,,,0.8198784589767456,
2wi7,2.007302761077881,,,0.6742957830429077,
2wib,,,,,
2wic,2.5274622440338135,,,0.6060000061988831,
2wig,,,,,
2wij,,,,,
2wik,,,,,
2wj2,,,,,
2wjg,,,,,
2wji,,,,,
2wk2,,,,,
2wk6,,,,,
2wkt,,,,,
2wky,,,,,
2wl5,,,,,
2wly,,,,,
2wlz,,,,,
2wm0,,,,,
2wmr,1.1963814496994019,,,0.877525269985199,
2wmw,1.6817888021469116,,,0.7520747184753418,
2wn9,,,,,
2wnj,,,,,
2wnl,,,,,
2wo8,,,,,
2won,6.085250377655029,,,0.27250802516937256,
2woq,4.245217800140381,,,0.4000000059604645,
2wp1,,,,,
2wpa,,,,,
2wpb,,,,,
2wq4,,,,,
2wqp,5.226237773895264,,,0.3170009255409241,
2wr8,11.384531021118164,,,0.09824640303850174,
2wsx,,,,,
2wtc,0.6310837268829346,,,0.9354560971260071,
2wtj,8.344897270202637,,,0.26927193999290466,
2wtx,,,,,
2wuf,20.319395065307617,,,0.0032012194860726595,
2wuu,,,,,
2wva,,,,,
2wvt,,,,,
2wvz,,,,,
2ww0,,,,,
2ww2,18.315908432006836,,,0.0014204545877873898,
2wwj,,,,,
2wxj,2.1358208656311035,,,0.6486607193946838,
2wxk,3.9228098392486572,,,0.4418850243091583,
2wxn,1.7976922988891602,,,0.7019895911216736,
2wxv,,,,,
2wyf,,,,,
2wyg,2.0682497024536133,,,0.6196780800819397,
2wyi,,,,,
2wyj,,,,,
2wyn,,,,,
2wzf,4.33482551574707,,,0.38386523723602295,
2wzm,,,,,
2wzs,,,,,
2wzy,,,,,
2x00,,,,,
2x09,,,,,
2x2c,,,,,
2x2i,,,,,
2x2k,6.09753942489624,,,0.32894736528396606,
2x2l,7.087364673614502,,,0.29804161190986633,
2x2r,,,,,
2x39,,,,,
2x3t,,,,,
2x4o,,,,,
2x4r,,,,,
2x4s,,,,,
2x4t,,,,,
2x4u,,,,,
2x4z,1.7243643999099731,,,0.7296703457832336,
2x52,,,,,
2x6e,2.4252068996429443,,,0.6106927990913391,
2x6f,,,,,
2x6i,,,,,
2x6j,,,,,
2x6w,,,,,
2x6x,,,,,
2x6y,,,,,
2x7c,,,,,
2x7d,,,,,
2x7s,,,,,
2x7t,1.965528130531311,,,0.7264554500579834,
2x7x,,,,,
2x81,4.597385883331299,,,0.407681941986084,
2x85,,,,,
2x8d,1.5298551321029663,,,0.7526150345802307,
2x8e,3.83023738861084,,,0.5191780924797058,
2x8i,1.552761435508728,,,0.7567771077156067,
2x8z,3.2911970615386963,,,0.49406933784484863,
2x97,,,,,
2x9e,1.9293246269226074,,,0.8002439141273499,
2xab,,,,,
2xae,,,,,
2xaf,,,,,
2xag,,,,,
2xah,,,,,
2xaj,,,,,
2xaq,,,,,
2xas,,,,,
2xb7,2.6844305992126465,,,0.6237040758132935,
2xb8,3.592910051345825,,,0.5362200140953064,
2xb9,,,,,
2xbj,2.0106003284454346,,,0.7095854878425598,
2xbx,1.4109500646591187,,,0.822510838508606,
2xc0,2.7029902935028076,,,0.5917119383811951,
2xc4,1.7752903699874878,,,0.7110055685043335,
2xch,6.527718544006348,,,0.28844383358955383,
2xcn,,,,,
2xcs,7.661812782287598,,,0.15003006160259247,
2xd6,0.8135178089141846,,,0.9130824208259583,
2xd9,,,,,
2xda,3.769136428833008,,,0.5421753525733948,
2xdk,3.010634660720825,,,0.5561855435371399,
2xdl,2.600755453109741,,,0.5706075429916382,
2xdm,,,,,
2xdw,,,,,
2xej,,,,,
2xel,19.135623931884766,,,0.0,
2xez,5.489048480987549,,,0.39687055349349976,
2xf0,4.574914455413818,,,0.3564167618751526,
2xfi,4.047329425811768,,,0.4319736957550049,
2xfj,,,,,
2xg5,8.025322914123535,,,0.17459736764431,
2xg9,,,,,
2xgm,,,,,
2xgo,7.257692813873291,,,0.17995594441890717,
2xgs,,,,,
2xh5,,,,,
2xhm,,,,,
2xhr,2.494985580444336,,,0.6050724387168884,
2xhs,,,,,
2xht,2.687589168548584,,,0.6374788284301758,
2xhx,,,,,
2xi7,,,,,
2xib,,,,,
2xii,,,,,
2xix,4.243214130401611,,,0.3840000033378601,
2xiz,2.1388518810272217,,,0.7021126747131348,
2xj1,4.970248222351074,,,0.4115423262119293,
2xj2,2.19555926322937,,,0.6667762994766235,
2xj7,,,,,
2xjg,2.682051420211792,,,0.5900423526763916,
2xjj,,,,,
2xk1,,,,,
2xk3,1.2401719093322754,,,0.8357142806053162,
2xk4,1.0786614418029785,,,0.8426269888877869,
2xk7,0.6310725808143616,,,0.9766104221343994,
2xk8,2.148409843444824,,,0.6607505083084106,
2xkc,1.2847946882247925,,,0.8294993042945862,
2xl2,,,,,
2xl3,,,,,
2xlc,,,,,
2xln,,,,,
2xm1,,,,,
2xm2,,,,,
2xml,,,,,
2xn3,6.326737403869629,,,0.19140969216823578,
2xnb,1.6033308506011963,,,0.7324262857437134,
2xne,1.720518708229065,,,0.6829268336296082,
2xni,,,,,
2xnm,,,,,
2xno,,,,,
2xnp,,,,,
2xo8,,,,,
2xow,3.977940082550049,,,0.4005201458930969,
2xp2,2.061962842941284,,,0.6609396934509277,
2xp3,3.2010245323181152,,,0.5240480899810791,
2xp4,1.8971211910247803,,,0.6666666865348816,
2xp5,2.1891539096832275,,,0.6341584324836731,
2xp6,1.1138423681259155,,,0.8544226288795471,
2xp8,2.9874165058135986,,,0.5304762125015259,
2xpa,2.2847037315368652,,,0.6343856453895569,
2xpb,6.441386699676514,,,0.32025760412216187,
2xpc,,,,,
2xqq,,,,,
2xrw,,,,,
2xsb,3.4098711013793945,,,0.4485688805580139,
2xtn,3.930671453475952,,,0.4244094491004944,
2xto,,,,,
2xu1,,,,,
2xu3,,,,,
2xu4,,,,,
2xu5,,,,,
2xup,,,,,
2xuz,5.68159818649292,,,0.27618521451950073,
2xv1,6.708741188049316,,,0.21411554515361786,
2xwd,,,,,
2xwe,8.79581356048584,,,0.06954436749219894,
2xx2,,,,,
2xx4,1.1764013767242432,,,0.8562215566635132,
2xxn,,,,,
2xxr,,,,,
2xxt,,,,,
2xxw,,,,,
2xxx,,,,,
2xxy,,,,,
2xy9,,,,,
2xyd,,,,,
2xyt,,,,,
2xyu,3.8867855072021484,,,0.4891146719455719,
2xz5,,,,,
2xzc,,,,,
2xzw,,,,,
2y06,,,,,
2y07,,,,,
2y1x,,,,,
2y2h,,,,,
2y2j,4.964582443237305,,,0.36517614126205444,
2y2k,4.702014446258545,,,0.37449392676353455,
2y2p,4.053110599517822,,,0.3708609342575073,
2y36,,,,,
2y4k,,,,,
2y4l,,,,,
2y4m,,,,,
2y4s,,,,,
2y54,,,,,
2y55,,,,,
2y56,,,,,
2y57,,,,,
2y5f,,,,,
2y5g,,,,,
2y5h,,,,,
2y5k,,,,,
2y5l,,,,,
2y6d,,,,,
2y6o,2.2663443088531494,,,0.591928243637085,
2y6s,,,,,
2y76,,,,,
2y7i,,,,,
2y7k,,,,,
2y7p,,,,,
2y7w,,,,,
2y7x,1.6357004642486572,,,0.6884199976921082,
2y7z,2.6955556869506836,,,0.6048232913017273,
2y80,2.855541467666626,,,0.6064453125,
2y82,1.8602147102355957,,,0.6825471520423889,
2y8c,,,,,
2y8i,6.799881458282471,,,0.2527492642402649,
2y8l,,,,,
2y8o,,,,,
2y8q,10.315497398376465,,,0.08844911307096481,
2y9g,,,,,
2ya6,,,,,
2ya8,,,,,
2yac,1.7743141651153564,,,0.7350917458534241,
2yay,,,,,
2yaz,,,,,
2yb0,,,,,
2yb9,5.015291213989258,,,0.3679645359516144,
2ybp,,,,,
2ybs,,,,,
2yc0,2.523563861846924,,,0.6239554286003113,
2yc3,8.25999927520752,,,0.13805346190929413,
2yc5,5.8417253494262695,,,0.30624380707740784,
2ych,3.987685203552246,,,0.422237366437912,
2yde,,,,,
2ydi,,,,,
2ydj,,,,,
2ydk,1.089254379272461,,,0.867521345615387,
2ydm,2.5356032848358154,,,0.5838264226913452,
2ydo,3.4299492835998535,,,0.45757997035980225,
2ydt,,,,,
2ydv,2.53471302986145,,,0.5676884055137634,
2ydw,,,,,
2yem,,,,,
2yer,4.859171390533447,,,0.43742790818214417,
2yex,1.1103264093399048,,,0.8502475023269653,
2yfa,,,,,
2yfx,1.7017619609832764,,,0.7379153966903687,
2yg2,,,,,
2yga,,,,,
2yge,,,,,
2ygf,,,,,
2ygu,,,,,
2yhd,18.29738426208496,,,0.0002837684587575495,
2yhw,4.913175582885742,,,0.33703702688217163,
2yhy,5.380426406860352,,,0.31439852714538574,
2yi5,1.3103822469711304,,,0.8363338708877563,
2yig,,,,,
2yiq,3.713531255722046,,,0.4736842215061188,
2yiv,,,,,
2yj9,,,,,
2yjb,,,,,
2yjc,,,,,
2yjq,,,,,
2yjw,0.6762744188308716,,,0.9447368383407593,
2yjx,,,,,
2yk1,5.152917385101318,,,0.3152332305908203,
2yk9,6.8035783767700195,,,0.2809959352016449,
2ykb,,,,,
2yke,2.5962955951690674,,,0.575576901435852,
2yki,2.197434663772583,,,0.6176108121871948,
2ykj,5.42959451675415,,,0.31314167380332947,
2ylc,,,,,
2yln,,,,,
2ylo,14.232280731201172,,,0.01884288713335991,
2ylp,,,,,
2ym4,1.0131714344024658,,,0.8520194888114929,
2ym6,2.5380170345306396,,,0.5557634830474854,
2ym8,2.9264707565307617,,,0.5772988796234131,
2ymd,,,,,
2ymt,,,,,
2ynd,,,,,
2ynn,,,,,
2ynr,,,,,
2yns,,,,,
2yof,,,,,
2yog,,,,,
2yoj,,,,,
2yol,,,,,
2ypi,,,,,
2ypo,,,,,
2ypp,,,,,
2yq6,,,,,
2yz3,,,,,
2z1w,2.344921350479126,,,0.5907039642333984,
2z3z,3.546962022781372,,,0.4577777683734894,
2z4r,,,,,
2z4y,,,,,
2z4z,,,,,
2z50,,,,,
2z52,,,,,
2z5o,,,,,
2z5t,,,,,
2z60,1.087882399559021,,,0.8431315422058105,
2z6w,,,,,
2z7h,,,,,
2z7i,,,,,
2z8e,,,,,
2z92,3.0669631958007812,,,0.5042694211006165,
2z94,1.3282217979431152,,,0.7772727012634277,
2z9g,2.608577251434326,,,0.5981734991073608,
2za3,,,,,
2za5,,,,,
2zas,2.3911807537078857,,,0.6100460290908813,
2zaz,3.6305091381073,,,0.4027423560619354,
2zc9,1.5046457052230835,,,0.7784730792045593,
2zcq,5.806286334991455,,,0.27179357409477234,
2zdt,7.182591438293457,,,0.2688027620315552,
2zdx,,,,,
2zfp,,,,,
2zg1,5.471066951751709,,,0.338016539812088,
2zg3,,,,,
2zga,5.540656566619873,,,0.2968009412288666,
2zgm,,,,,
2zit,,,,,
2zjw,9.864517211914062,,,0.08353293687105179,
2zkj,,,,,
2zlf,,,,,
2zmj,4.236734390258789,,,0.40433526039123535,
2zmm,2.372068166732788,,,0.5852908492088318,
2zn7,1.580407738685608,,,0.7737247943878174,
2zns,4.977814674377441,,,0.3481717109680176,
2znt,,,,,
2zof,,,,,
2zq0,,,,,
2zsc,,,,,
2zu3,,,,,
2zu4,,,,,
2zu5,,,,,
2zva,2.367893695831299,,,0.616725742816925,
2zvj,4.3067731857299805,,,0.40257880091667175,
2zwz,,,,,
2zx7,,,,,
2zx9,,,,,
2zxa,,,,,
2zxb,,,,,
2zxd,,,,,
2zxg,,,,,
2zy1,4.396694660186768,,,0.39095187187194824,
2zym,,,,,
2zyn,,,,,
2zz1,,,,,
2zz2,,,,,
2zz6,,,,,
3a1c,,,,,
3a1d,,,,,
3a1e,,,,,
3a1s,,,,,
3a1t,5.551314353942871,,,0.3190261125564575,
3a29,,,,,
3a2o,,,,,
3a3y,4.960570812225342,,,0.2269613891839981,
3a4p,3.308159112930298,,,0.4839096963405609,
3a6t,3.5503149032592773,,,0.4794303774833679,
3a9i,6.377234935760498,,,0.2000868022441864,
3abt,,,,,
3abu,,,,,
3adv,,,,,
3afk,,,,,
3ah8,,,,,
3ahn,,,,,
3aho,,,,,
3aid,,,,,
3aig,5.314090728759766,,,0.32637232542037964,
3aje,2.1602184772491455,,,0.6123529672622681,
3alt,,,,,
3amb,2.710620880126953,,,0.6041220426559448,
3amv,13.967280387878418,,,0.03505586460232735,
3anq,,,,,
3anr,,,,,
3ans,,,,,
3ant,,,,,
3ao1,,,,,
3ao2,,,,,
3ao4,,,,,
3ao5,,,,,
3aox,4.861064910888672,,,0.399350643157959,
3ap4,,,,,
3ap7,,,,,
3aqt,,,,,
3ara,,,,,
3arb,,,,,
3ard,,,,,
3are,7.786567687988281,,,0.22639484703540802,
3arf,,,,,
3arg,,,,,
3arn,,,,,
3arx,,,,,
3ary,,,,,
3ask,,,,,
3asl,,,,,
3at1,,,,,
3at4,2.6412320137023926,,,0.60149085521698,
3ati,2.6664652824401855,,,0.6487341523170471,
3atk,2.1577987670898438,,,0.675000011920929,
3atm,1.960052728652954,,,0.7088675498962402,
3atp,,,,,
3atu,2.0489094257354736,,,0.668207049369812,
3atv,2.1631038188934326,,,0.6554680466651917,
3atw,,,,,
3au6,33.769378662109375,,,0.0,
3av9,,,,,
3ava,,,,,
3avb,,,,,
3avf,,,,,
3avg,,,,,
3avh,,,,,
3avi,,,,,
3avj,,,,,
3avk,,,,,
3avl,,,,,
3avm,,,,,
3avn,,,,,
3avz,,,,,
3aw0,,,,,
3axk,,,,,
3axm,,,,,
3ay9,2.5155029296875,,,0.5821167826652527,
3aya,,,,,
3ayc,,,,,
3az9,,,,,
3aza,,,,,
3azb,,,,,
3b0w,,,,,
3b1m,,,,,
3b1t,7.037118911743164,,,0.2633433938026428,
3b1u,6.77782678604126,,,0.2669830024242401,
3b26,21.891460418701172,,,0.0,
3b2t,,,,,
3b3c,,,,,
3b3s,,,,,
3b3w,,,,,
3b3x,,,,,
3b50,2.0914816856384277,,,0.628819465637207,
3b65,3.7520241737365723,,,0.43564146757125854,
3b66,,,,,
3b67,7.4393110275268555,,,0.16101208329200745,
3b7i,,,,,
3b7r,7.306223392486572,,,0.25195035338401794,
3b7u,5.728484153747559,,,0.3059768080711365,
3b82,,,,,
3b8h,,,,,
3b8q,,,,,
3b8z,,,,,
3b92,4.028496742248535,,,0.44309210777282715,
3b95,,,,,
3b9g,,,,,
3b9s,,,,,
3bar,,,,,
3bb1,,,,,
3bbf,,,,,
3bc4,,,,,
3bc5,5.152189254760742,,,0.29670974612236023,
3bcn,,,,,
3bcs,7.169898509979248,,,0.15418586134910583,
3be9,4.757387161254883,,,0.3311423361301422,
3bet,1.5933263301849365,,,0.7072784900665283,
3bex,,,,,
3bf1,,,,,
3bft,,,,,
3bfu,,,,,
3bg8,,,,,
3bgq,5.259061336517334,,,0.3642086386680603,
3bgs,3.9810993671417236,,,0.46616020798683167,
3bh3,,,,,
3bhb,,,,,
3bhx,6.118962287902832,,,0.3280632495880127,
3bi0,,,,,
3bim,,,,,
3biz,2.5770554542541504,,,0.6206721067428589,
3bjc,3.1093244552612305,,,0.5284730792045593,
3bjm,,,,,
3bkk,2.740290880203247,,,0.5356861352920532,
3bl0,1.425455927848816,,,0.7826370596885681,
3bl2,,,,,
3bla,,,,,
3bls,,,,,
3blt,6.907454967498779,,,0.2748579680919647,
3blu,4.628690719604492,,,0.41537800431251526,
3bm6,,,,,
3bm8,5.098999977111816,,,0.3384491205215454,
3bm9,6.54801607131958,,,0.25452351570129395,
3bmo,,,,,
3bmq,,,,,
3bmy,1.1452205181121826,,,0.8838424682617188,
3bpc,,,,,
3br9,,,,,
3bra,5.630034446716309,,,0.34223300218582153,
3brn,,,,,
3bti,,,,,
3btr,,,,,
3bu1,2.2264466285705566,,,0.61888587474823,
3buf,3.777815341949463,,,0.40657439827919006,
3bug,4.438831329345703,,,0.38115763664245605,
3buh,3.7238810062408447,,,0.4679621756076813,
3bum,,,,,
3bun,,,,,
3buw,,,,,
3bva,,,,,
3bx5,1.797865629196167,,,0.741916835308075,
3bxe,,,,,
3bxf,7.775026321411133,,,0.15494458377361298,
3bxg,,,,,
3bxh,,,,,
3bxs,,,,,
3bym,2.0490927696228027,,,0.7279748320579529,
3bys,2.4098289012908936,,,0.5878332257270813,
3byu,1.9550495147705078,,,0.7030128836631775,
3bz3,5.203513145446777,,,0.31298699975013733,
3bzf,,,,,
3bzi,,,,,
3c0z,,,,,
3c14,39.93583297729492,,,0.0,
3c1k,,,,,
3c1n,,,,,
3c1x,3.033555746078491,,,0.5736624002456665,
3c2f,8.05385684967041,,,0.11536631733179092,
3c2o,5.484784126281738,,,0.28328612446784973,
3c2u,,,,,
3c39,,,,,
3c3o,,,,,
3c3q,,,,,
3c3r,,,,,
3c43,,,,,
3c45,,,,,
3c4f,,,,,
3c4h,3.7890007495880127,,,0.4928707182407379,
3c52,,,,,
3c56,,,,,
3c5u,,,,,
3c6w,,,,,
3c79,,,,,
3c7p,1.4792007207870483,,,0.7603719830513,
3c84,,,,,
3c8e,,,,,
3c9e,,,,,
3cbs,,,,,
3ccb,,,,,
3cct,,,,,
3ccw,,,,,
3ccz,,,,,
3cd0,,,,,
3cd5,,,,,
3cd7,,,,,
3ce0,2.5558958053588867,,,0.6076073050498962,
3cfn,,,,,
3cft,,,,,
3cfv,,,,,
3cgy,,,,,
3chp,6.437686443328857,,,0.26089364290237427,
3cib,,,,,
3cic,,,,,
3cid,,,,,
3cii,,,,,
3cj2,,,,,
3cj3,,,,,
3cj5,,,,,
3cjo,,,,,
3ck7,,,,,
3ck8,,,,,
3ckb,,,,,
3cke,,,,,
3ckp,,,,,
3ckt,4.47674560546875,,,0.3804347813129425,
3cl0,,,,,
3cl2,,,,,
3clp,,,,,
3cm2,,,,,
3cm7,,,,,
3coj,,,,,
3cow,,,,,
3coy,,,,,
3cpc,,,,,
3cph,50.09219741821289,,,0.0,
3cpj,38.10419464111328,,,0.0,
3cqu,1.0582923889160156,,,0.8587267398834229,
3cqw,1.6705679893493652,,,0.7175425291061401,
3cs8,,,,,
3cth,6.534041881561279,,,0.2772045135498047,
3ctj,2.480064630508423,,,0.6118485927581787,
3ctt,,,,,
3cwe,3.5925440788269043,,,0.5337909460067749,
3cwk,2.8530805110931396,,,0.50951087474823,
3cx9,8.130992889404297,,,0.11719337850809097,
3cy2,5.061300277709961,,,0.322265625,
3cyz,,,,,
3czv,,,,,
3d0e,,,,,
3d14,6.545411586761475,,,0.26327115297317505,
3d1e,,,,,
3d1f,,,,,
3d1g,,,,,
3d1x,5.030544757843018,,,0.3170025050640106,
3d1y,3.4423561096191406,,,0.44842007756233215,
3d25,,,,,
3d27,2.302248239517212,,,0.5903024673461914,
3d2e,,,,,
3d2t,,,,,
3d32,,,,,
3d3x,,,,,
3d4fa,,,,,
3d4fb,5.566565036773682,,,0.3025606572628021,
3d4y,1.2090269327163696,,,0.832198441028595,
3d4z,0.9316759705543518,,,0.87548828125,
3d50,3.9845876693725586,,,0.40709877014160156,
3d51,1.9399265050888062,,,0.6916342377662659,
3d5m,,,,,
3d62,3.9364986419677734,,,0.35251450538635254,
3d6o,15.570985794067383,,,0.0054133860394358635,
3d6p,20.251726150512695,,,0.0,
3d6q,20.26577377319336,,,0.0,
3d78,,,,,
3d7b,15.931953430175781,,,0.004307374358177185,
3d7d,2.9505481719970703,,,0.5597826242446899,
3d7f,2.5450997352600098,,,0.6223984360694885,
3d7g,,,,,
3d7h,3.9690041542053223,,,0.4047777056694031,
3d7m,2.2041051387786865,,,0.6277821660041809,
3d83,5.603916168212891,,,0.27007898688316345,
3d8w,1.639912724494934,,,0.7233201861381531,
3d8y,15.65024185180664,,,0.0026578071992844343,
3d8z,,,,,
3d9v,,,,,
3d9z,2.1921942234039307,,,0.6497092843055725,
3da9,2.61696457862854,,,0.5911270976066589,
3dab,,,,,
3daj,,,,,
3db6,,,,,
3db8,2.2798287868499756,,,0.6009389758110046,
3dbs,2.9762866497039795,,,0.49974358081817627,
3dbu,1.4968183040618896,,,0.7485576868057251,
3dc3,2.1143007278442383,,,0.6809954643249512,
3dcc,1.1189004182815552,,,0.8331408500671387,
3dcq,,,,,
3dcr,,,,,
3dcs,2.7402520179748535,,,0.5935039520263672,
3dct,2.172729730606079,,,0.6636751890182495,
3dcw,2.2730350494384766,,,0.5905172228813171,
3dd0,1.3022637367248535,,,0.8107476830482483,
3dd8,2.54067063331604,,,0.6189883947372437,
3dda,,,,,
3ddf,1.150681734085083,,,0.7971869111061096,
3ddg,1.2736504077911377,,,0.853462815284729,
3ddu,4.928337574005127,,,0.3788209557533264,
3deh,4.693821907043457,,,0.0,
3dei,,,,,
3dej,11.007543563842773,,,0.06412572413682938,
3dek,6.637197494506836,,,0.11711280792951584,
3dgl,6.46987247467041,,,0.24200518429279327,
3dgn,6.264171600341797,,,0.26012536883354187,
3dgo,6.453388214111328,,,0.25,
3dgq,7.075997352600098,,,0.1487179547548294,
3dhk,,,,,
3di6,2.238267421722412,,,0.601482629776001,
3diw,,,,,
3djo,,,,,
3djp,,,,,
3djq,,,,,
3djv,,,,,
3djx,,,,,
3dk1,1.4374823570251465,,,0.7802148461341858,
3dkf,5.825250148773193,,,0.23606346547603607,
3dkg,5.855837345123291,,,0.26180386543273926,
3dkj,,,,,
3dla,,,,,
3dln,4.187414169311523,,,0.41101694107055664,
3dm6,,,,,
3dnd,1.9731804132461548,,,0.6541849970817566,
3dng,,,,,
3dog,,,,,
3dow,,,,,
3doy,,,,,
3doz,,,,,
3dp0,8.127039909362793,,,0.16594694554805756,
3dp2,,,,,
3dp4,5.504044532775879,,,0.3212139308452606,
3dp9,,,,,
3dpc,,,,,
3dpd,3.6086251735687256,,,0.46526655554771423,
3dpe,4.335500717163086,,,0.3756975531578064,
3dpf,,,,,
3dpo,,,,,
3drf,,,,,
3drg,,,,,
3dri,,,,,
3ds0,,,,,
3ds1,,,,,
3ds3,,,,,
3ds4,,,,,
3ds6,,,,,
3dst,5.220014572143555,,,0.33607399463653564,
3dsu,4.952737808227539,,,0.3446691036224365,
3dt1,,,,,
3dux,2.288166046142578,,,0.5868998169898987,
3duy,,,,,
3dv1,,,,,
3dv5,,,,,
3dvp,,,,,
3dwb,,,,,
3dx0,1.6001230478286743,,,0.7303030490875244,
3dx1,1.3527107238769531,,,0.8008021116256714,
3dx2,1.7051070928573608,,,0.7484970092773438,
3dx3,1.3340742588043213,,,0.7939189076423645,
3dx4,2.360089063644409,,,0.651260495185852,
3dxg,,,,,
3dxh,,,,,
3dxj,,,,,
3dxm,14.210527420043945,,,0.013832997530698776,
3dy6,,,,,
3dyo,,,,,
3dz4,,,,,
3dzt,3.8075764179229736,,,0.43926939368247986,
3e0q,,,,,
3e12,,,,,
3e1r,,,,,
3e3b,2.4634265899658203,,,0.6272522807121277,
3e3c,,,,,
3e3u,,,,,
3e5u,,,,,
3e6y,,,,,
3e73,,,,,
3e7a,,,,,
3e7b,,,,,
3e7o,,,,,
3e81,,,,,
3e8n,4.53881311416626,,,0.34928929805755615,
3e8u,,,,,
3e92,4.322806358337402,,,0.35530972480773926,
3e93,3.532501220703125,,,0.4417952299118042,
3e9i,,,,,
3eax,,,,,
3eb1,4.582759857177734,,,0.3565693497657776,
3ebh,,,,,
3ebi,4.563112258911133,,,0.387585312128067,
3ebl,,,,,
3ebp,12.665241241455078,,,0.03182125836610794,
3ecn,,,,,
3eeb,,,,,
3efr,,,,,
3eft,2.954274892807007,,,0.5268115997314453,
3eg6,,,,,
3egk,,,,,
3egt,,,,,
3ehn,,,,,
3eht,,,,,
3ehw,,,,,
3ehy,2.521620988845825,,,0.6253644227981567,
3eid,23.590700149536133,,,0.003219574922695756,
3eio,,,,,
3ej1,,,,,
3ejp,2.2315220832824707,,,0.7196509838104248,
3ejs,2.0509800910949707,,,0.6373134255409241,
3ejt,,,,,
3eju,,,,,
3eka,,,,,
3eko,,,,,
3ekq,6.545021057128906,,,0.2574024200439453,
3eks,3.9441821575164795,,,0.39367571473121643,
3ekx,,,,,
3el0,6.026329517364502,,,0.2509746551513672,
3el1,,,,,
3el4,,,,,
3el7,1.3808393478393555,,,0.7961783409118652,
3el8,19.519611358642578,,,0.00010438413301017135,
3elc,,,,,
3elj,2.665039539337158,,,0.6016160845756531,
3elm,,,,,
3emg,6.993675708770752,,,0.21256157755851746,
3emh,,,,,
3eml,3.685823917388916,,,0.4658273458480835,
3eor,25.366987228393555,,,0.0,
3eou,0.7216755151748657,,,0.9297839403152466,
3eov,,,,,
3eq7,3.581697940826416,,,0.5106761455535889,
3eq9,,,,,
3eqb,8.118706703186035,,,0.1875549703836441,
3eql,,,,,
3eqs,,,,,
3er3,,,,,
3erd,,,,,
3ern,,,,,
3ery,,,,,
3esj,11.462397575378418,,,0.11531279236078262,
3ess,4.521856784820557,,,0.3286479115486145,
3eu5,6.233020782470703,,,0.21673306822776794,
3eu7,,,,,
3evc,14.063326835632324,,,0.0040462426841259,
3evd,14.10930347442627,,,0.020998023450374603,
3ew2,,,,,
3ewj,18.04513168334961,,,0.01906028389930725,
3ewu,,,,,
3ex2,,,,,
3ex3,,,,,
3eyd,,,,,
3eyf,,,,,
3eyg,1.2637271881103516,,,0.8142665028572083,
3eyl,,,,,
3eys,,,,,
3ezr,,,,,
3f07,,,,,
3f15,1.633078932762146,,,0.7749999761581421,
3f33,8.021621704101562,,,0.1875,
3f34,7.600306034088135,,,0.21068702638149261,
3f35,7.085722923278809,,,0.21791666746139526,
3f36,6.6789445877075195,,,0.26102086901664734,
3f37,8.957983016967773,,,0.17788460850715637,
3f38,8.131064414978027,,,0.18621867895126343,
3f39,8.836719512939453,,,0.11505682021379471,
3f3a,,,,,
3f3c,,,,,
3f3d,3.2655632495880127,,,0.5230326056480408,
3f3e,3.3413121700286865,,,0.5,
3f3u,,,,,
3f3v,,,,,
3f3w,,,,,
3f48,3.8931472301483154,,,0.469451367855072,
3f5j,,,,,
3f5k,,,,,
3f5l,,,,,
3f5p,,,,,
3f68,3.443819046020508,,,0.49673202633857727,
3f6g,,,,,
3f6h,,,,,
3f70,,,,,
3f78,,,,,
3f7g,18.015953063964844,,,0.0010841283947229385,
3f7h,,,,,
3f7i,,,,,
3f7u,,,,,
3f7z,,,,,
3f82,,,,,
3f8c,14.526095390319824,,,0.10317115485668182,
3f8e,7.2458672523498535,,,0.2253134846687317,
3f8f,1.9682960510253906,,,0.6048718094825745,
3f8w,,,,,
3f9w,,,,,
3fa3,,,,,
3fas,,,,,
3fat,,,,,
3fbr,,,,,
3fc1,,,,,
3fc8,,,,,
3fci,8.758075714111328,,,0.16160565614700317,
3fck,4.782628059387207,,,0.4895833432674408,
3fcl,,,,,
3fcq,2.732692003250122,,,0.5272045135498047,
3fdn,2.5030436515808105,,,0.6846107244491577,
3fdt,,,,,
3fed,,,,,
3fee,2.3758702278137207,,,0.6733333468437195,
3fei,10.137834548950195,,,0.15491372346878052,
3fej,7.468448162078857,,,0.2189754694700241,
3ff3,4.301251411437988,,,0.38429054617881775,
3ff6,,,,,
3ffp,2.405247688293457,,,0.6291887164115906,
3fgc,15.755372047424316,,,0.008303677663207054,
3fh5,4.5767035484313965,,,0.40789473056793213,
3fh7,3.9788060188293457,,,0.43934598565101624,
3fh8,3.400435447692871,,,0.5128079056739807,
3fhr,1.0150887966156006,,,0.8439849615097046,
3fi3,,,,,
3fj7,,,,,
3fjg,,,,,
3fjz,3.586926221847534,,,0.4696652591228485,
3fk1,,,,,
3fkt,4.066967487335205,,,0.42377200722694397,
3fl5,2.6092824935913086,,,0.5705357193946838,
3fl9,,,,,
3fmq,,,,,
3fmr,,,,,
3fn0,,,,,
3fnm,,,,,
3fpd,,,,,
3fpm,,,,,
3fq7,,,,,
3fqa,3.4164814949035645,,,0.48496660590171814,
3fr4,3.370943069458008,,,0.4416482448577881,
3fr5,1.6031771898269653,,,0.7474424839019775,
3frg,2.290630578994751,,,0.6521260738372803,
3frz,3.9644999504089355,,,0.4711538553237915,
3ft2,,,,,
3ft3,,,,,
3ft4,,,,,
3ftq,,,,,
3fts,10.313041687011719,,,0.1801130473613739,
3ftv,5.931154727935791,,,0.3081818222999573,
3ftw,6.491794109344482,,,0.25913915038108826,
3fu0,5.567872047424316,,,0.33140209317207336,
3fu3,,,,,
3fu5,2.3082168102264404,,,0.6333954930305481,
3fue,4.638381481170654,,,0.38275548815727234,
3fuf,4.529690742492676,,,0.3492509424686432,
3fuh,5.490249156951904,,,0.3545871675014496,
3fuj,6.633808135986328,,,0.26587700843811035,
3fuk,3.0778164863586426,,,0.551251232624054,
3ful,7.38533878326416,,,0.22209903597831726,
3fum,6.4991912841796875,,,0.25772419571876526,
3fup,,,,,
3fuz,,,,,
3fv1,,,,,
3fv3,,,,,
3fv8,2.4576098918914795,,,0.6544766426086426,
3fvg,,,,,
3fvh,,,,,
3fvk,,,,,
3fvl,,,,,
3fvn,,,,,
3fw3,,,,,
3fw4,,,,,
3fwv,,,,,
3fxv,,,,,
3fxw,2.509577751159668,,,0.5930493474006653,
3fyj,1.751865029335022,,,0.6955804824829102,
3fyk,0.9976676106452942,,,0.8590425252914429,
3fz1,1.1428813934326172,,,0.8265977501869202,
3fzs,2.8168952465057373,,,0.5577538013458252,
3fzy,,,,,
3g08,,,,,
3g0b,,,,,
3g0e,1.6732796430587769,,,0.7043393850326538,
3g0f,,,,,
3g0i,,,,,
3g0w,0.8365920782089233,,,0.8944925665855408,
3g19,,,,,
3g1d,,,,,
3g1m,6.236199855804443,,,0.25206610560417175,
3g1v,,,,,
3g2h,2.1207568645477295,,,0.6809252500534058,
3g2i,1.1143848896026611,,,0.8276487588882446,
3g2j,2.434358596801758,,,0.5366528630256653,
3g2k,1.8187534809112549,,,0.7142509818077087,
3g2n,1.262276291847229,,,0.7977684736251831,
3g2s,,,,,
3g2t,,,,,
3g2u,,,,,
3g2v,,,,,
3g2w,,,,,
3g2y,,,,,
3g2z,,,,,
3g30,,,,,
3g31,,,,,
3g32,,,,,
3g34,,,,,
3g3d,,,,,
3g3m,3.3540215492248535,,,0.46842411160469055,
3g3r,,,,,
3g42,,,,,
3g4f,,,,,
3g4k,,,,,
3g4l,,,,,
3g5k,,,,,
3g5v,,,,,
3g5y,,,,,
3g7l,,,,,
3g8e,,,,,
3g8o,,,,,
3g9l,3.214324951171875,,,0.5364536643028259,
3ga5,,,,,
3gba,,,,,
3gbb,,,,,
3gbe,2.798015832901001,,,0.5593869686126709,
3gc4,5.222395420074463,,,0.34929078817367554,
3gc5,1.2734416723251343,,,0.77513587474823,
3gc7,4.566396236419678,,,0.34771454334259033,
3gcp,8.783576965332031,,,0.18432027101516724,
3gcs,11.487287521362305,,,0.1440129429101944,
3gcv,2.0769119262695312,,,0.6378281712532043,
3gds,,,,,
3gdt,,,,,
3gen,2.254476547241211,,,0.6821022629737854,
3gep,,,,,
3gf2,12.632889747619629,,,0.052439022809267044,
3ggc,,,,,
3ggj,,,,,
3ggu,3.55222749710083,,,0.44819021224975586,
3gi5,4.00806999206543,,,0.4378109574317932,
3gjd,3.3529508113861084,,,0.5128571391105652,
3gjq,,,,,
3gjs,,,,,
3gjt,,,,,
3gjw,1.3713029623031616,,,0.7716262936592102,
3gk1,8.163053512573242,,,0.27738264203071594,
3gk2,11.44204044342041,,,0.1029069796204567,
3gl6,,,,,
3gm0,5.9306321144104,,,0.33528196811676025,
3gn7,1.9119638204574585,,,0.6940298676490784,
3gnv,,,,,
3gnw,,,,,
3gol,,,,,
3gpe,,,,,
3gpj,,,,,
3gr2,28.681020736694336,,,0.0,
3gs6,4.233084201812744,,,0.4098360538482666,
3gs7,,,,,
3gsg,,,,,
3gsm,2.555091381072998,,,0.5982142686843872,
3gt9,,,,,
3gtc,,,,,
3gus,,,,,
3guz,,,,,
3gv6,,,,,
3gv9,,,,,
3gvb,12.821640968322754,,,0.03540175035595894,
3gw5,,,,,
3gwt,,,,,
3gwu,5.316015720367432,,,0.3580508530139923,
3gwv,5.746233940124512,,,0.29355669021606445,
3gww,7.193731307983398,,,0.22380749881267548,
3gwx,,,,,
3gx0,,,,,
3gxt,,,,,
3gxy,,,,,
3gxz,,,,,
3h03,,,,,
3h06,,,,,
3h0b,,,,,
3h0v,4.37264347076416,,,0.3493114411830902,
3h0z,,,,,
3h1z,,,,,
3h21,,,,,
3h2c,,,,,
3h2n,,,,,
3h3c,1.28299081325531,,,0.819888710975647,
3h59,,,,,
3h5s,,,,,
3h6z,,,,,
3h78,,,,,
3h85,,,,,
3h91,,,,,
3h9k,,,,,
3hau,,,,,
3haw,,,,,
3hb4,4.375085830688477,,,0.31450995802879333,
3hb8,,,,,
3hbo,,,,,
3hcm,,,,,
3hd3,,,,,
3hdk,,,,,
3hdz,5.158671855926514,,,0.382121205329895,
3hfj,6.84244441986084,,,0.25,
3hfz,,,,,
3hg1,,,,,
3hha,,,,,
3hhm,,,,,
3hik,,,,,
3hiv,,,,,
3hj0,,,,,
3hjo,,,,,
3hk1,4.959297180175781,,,0.37641510367393494,
3hkn,,,,,
3hkq,2.4881503582000732,,,0.6244444251060486,
3hkt,,,,,
3hku,1.955406904220581,,,0.6540858745574951,
3hl5,,,,,
3hl7,5.087677955627441,,,0.3529411852359772,
3hl8,,,,,
3hll,3.0362792015075684,,,0.47702568769454956,
3hlo,,,,,
3hng,1.8749974966049194,,,0.6893423795700073,
3hp2,11.155735969543457,,,0.13253477215766907,
3hp5,2.714909791946411,,,0.5301724076271057,
3hq5,,,,,
3hqh,,,,,
3hqr,3.3717997074127197,,,0.46863800287246704,
3hr1,2.781998872756958,,,0.595829427242279,
3hrb,7.596181392669678,,,0.19646860659122467,
3hrf,,,,,
3hs4,,,,,
3hu1,,,,,
3hu2,,,,,
3hu3,,,,,
3huc,7.429779529571533,,,0.28599801659584045,
3hv6,,,,,
3hv7,1.7509748935699463,,,0.7147207856178284,
3hvh,4.755983352661133,,,0.46695759892463684,
3hvj,,,,,
3hvk,3.970677614212036,,,0.4591388404369354,
3hww,,,,,
3hx3,2.3191463947296143,,,0.5693456530570984,
3hxb,,,,,
3hxd,,,,,
3hxf,,,,,
3hy5,,,,,
3hy7,,,,,
3hzk,,,,,
3hzm,3.7657382488250732,,,0.48492908477783203,
3hzv,,,,,
3hzy,,,,,
3i02,,,,,
3i0r,,,,,
3i0s,3.606483221054077,,,0.5376142859458923,
3i1y,,,,,
3i25,,,,,
3i3b,,,,,
3i3d,,,,,
3i4a,,,,,
3i4y,5.6336445808410645,,,0.313353568315506,
3i51,6.515117168426514,,,0.24075444042682648,
3i5r,,,,,
3i6m,,,,,
3i6o,6.274259090423584,,,0.22532467544078827,
3i6z,,,,,
3i73,21.279890060424805,,,0.0042307693511247635,
3i7g,19.816783905029297,,,0.0,
3i8t,,,,,
3i90,,,,,
3i91,,,,,
3i97,,,,,
3i9g,3.293989419937134,,,0.5492213368415833,
3ia6,,,,,
3ibc,,,,,
3ibi,2.398754596710205,,,0.5933734774589539,
3ibl,1.6003737449645996,,,0.70168536901474,
3ibn,2.6937906742095947,,,0.6132978796958923,
3ibu,1.7249513864517212,,,0.7598039507865906,
3ie3,,,,,
3ieo,,,,,
3iet,,,,,
3if7,,,,,
3ig1,5.8729987144470215,,,0.28710246086120605,
3ig6,,,,,
3ig7,1.4424636363983154,,,0.7991347312927246,
3igg,1.5256701707839966,,,0.7693430781364441,
3igp,,,,,
3ihz,,,,,
3iit,2.170009136199951,,,0.61421799659729,
3iiw,,,,,
3ijg,17.59263801574707,,,0.00028604117687791586,
3ijh,,,,,
3ijy,,,,,
3ikc,,,,,
3ikd,,,,,
3il5,,,,,
3il6,3.93239164352417,,,0.4204055368900299,
3ilq,,,,,
3imc,,,,,
3img,,,,,
3iof,3.5027759075164795,,,0.4636894762516022,
3iog,3.0119636058807373,,,0.5099337697029114,
3ioi,4.235415458679199,,,0.41847825050354004,
3ip5,4.660306453704834,,,0.41267943382263184,
3ip6,3.9558355808258057,,,0.4535984992980957,
3ip8,2.206650495529175,,,0.6590909361839294,
3ip9,4.893462657928467,,,0.4357142746448517,
3ipa,3.840728998184204,,,0.4653652310371399,
3iph,2.7317962646484375,,,0.5762665271759033,
3ips,,,,,
3ipx,1.9222376346588135,,,0.6704215407371521,
3iqg,,,,,
3iqi,,,,,
3iqj,,,,,
3iqq,,,,,
3iqu,,,,,
3irx,,,,,
3iss,,,,,
3isw,,,,,
3itc,2.5377516746520996,,,0.6063829660415649,
3ith,,,,,
3itu,,,,,
3iu7,,,,,
3iu9,4.165460586547852,,,0.4080381393432617,
3iuc,,,,,
3iut,,,,,
3ivc,,,,,
3ivg,,,,,
3ivh,,,,,
3ivq,,,,,
3ivv,,,,,
3ivx,,,,,
3iw4,,,,,
3iw5,3.1516711711883545,,,0.4811893105506897,
3iw7,6.300580978393555,,,0.2163461595773697,
3iw8,7.8777570724487305,,,0.22586633265018463,
3iww,,,,,
3jdw,,,,,
3jq7,,,,,
3jq9,,,,,
3jqa,,,,,
3jqb,,,,,
3jqg,,,,,
3jrs,,,,,
3jrx,8.466731071472168,,,0.12646695971488953,
3jsi,,,,,
3jsw,,,,,
3juk,,,,,
3jvk,,,,,
3jwq,,,,,
3jy0,1.9176496267318726,,,0.6666666865348816,
3jyj,,,,,
3jyr,,,,,
3jzf,,,,,
3jzg,,,,,
3jzh,,,,,
3jzj,,,,,
3jzk,5.020646572113037,,,0.2695463299751282,
3jzo,,,,,
3jzp,,,,,
3jzq,,,,,
3jzr,,,,,
3jzs,,,,,
3k00,,,,,
3k02,,,,,
3k22,,,,,
3k23,,,,,
3k26,,,,,
3k27,,,,,
3k37,,,,,
3k39,,,,,
3k3a,,,,,
3k3b,,,,,
3k3e,,,,,
3k3g,,,,,
3k3h,,,,,
3k3i,2.2698724269866943,,,0.667639434337616,
3k41,,,,,
3k4d,,,,,
3k4q,,,,,
3k54,2.4001669883728027,,,0.5985603332519531,
3k5d,,,,,
3k5f,,,,,
3k5g,,,,,
3k5i,,,,,
3k5k,,,,,
3k5u,5.602130889892578,,,0.3949197828769684,
3k5x,,,,,
3k7f,,,,,
3k83,,,,,
3k84,,,,,
3k8c,,,,,
3k8d,,,,,
3k8o,,,,,
3k99,,,,,
3ka2,,,,,
3kac,,,,,
3kad,2.7364022731781006,,,0.5571191906929016,
3kag,4.247641563415527,,,0.35223764181137085,
3kb3,3.854219913482666,,,0.3858773112297058,
3kb7,6.155616283416748,,,0.3027097284793854,
3kbz,,,,,
3kc3,,,,,
3kd7,,,,,
3kdc,,,,,
3kdm,,,,,
3kdt,,,,,
3kec,,,,,
3ked,2.8587098121643066,,,0.5525404214859009,
3kej,,,,,
3kek,,,,,
3kf7,3.460508108139038,,,0.5118392109870911,
3kfc,,,,,
3kga,5.301063060760498,,,0.4197588264942169,
3kgq,3.0755138397216797,,,0.5695142149925232,
3khj,,,,,
3khv,,,,,
3kig,2.7002861499786377,,,0.5741822719573975,
3kiv,,,,,
3kjd,,,,,
3kjf,,,,,
3kjn,3.215388774871826,,,0.4698103666305542,
3kjq,2.3005049228668213,,,0.6548076868057251,
3kku,,,,,
3kl6,2.961439609527588,,,0.5033444762229919,
3kmc,10.513714790344238,,,0.06999211013317108,
3kme,23.198104858398438,,,0.0,
3kmy,,,,,
3kpu,,,,,
3kpv,,,,,
3kpw,,,,,
3kqa,,,,,
3kqb,1.7382651567459106,,,0.755323052406311,
3kqc,1.6374506950378418,,,0.7420419454574585,
3kqd,2.1819167137145996,,,0.6824561357498169,
3kqe,2.092562198638916,,,0.7375372052192688,
3kqm,,,,,
3kqp,,,,,
3kqr,,,,,
3kqy,,,,,
3kr0,,,,,
3kr1,,,,,
3kr2,,,,,
3kr8,,,,,
3krd,,,,,
3krl,,,,,
3krw,7.350616455078125,,,0.2192154973745346,
3ksl,,,,,
3ksq,,,,,
3kv2,,,,,
3kw9,2.411557674407959,,,0.6783154010772705,
3kwa,4.435135364532471,,,0.35296541452407837,
3kwb,,,,,
3kwf,,,,,
3kwj,,,,,
3kwz,7.9877471923828125,,,0.204627126455307,
3kx1,7.677058219909668,,,0.3671671152114868,
3kyf,,,,,
3kyg,,,,,
3kyq,4.2280659675598145,,,0.3815999925136566,
3l0e,3.931086301803589,,,0.38637715578079224,
3l0k,,,,,
3l0n,,,,,
3l13,2.4219279289245605,,,0.5735446810722351,
3l17,2.420654296875,,,0.6313928365707397,
3l1n,24.598325729370117,,,0.0,
3l1s,,,,,
3l2y,,,,,
3l38,6.626008987426758,,,0.21848739683628082,
3l3a,1.9628689289093018,,,0.6935867071151733,
3l3l,2.504068374633789,,,0.616909384727478,
3l3m,1.222084641456604,,,0.8418635129928589,
3l3x,,,,,
3l4u,,,,,
3l4w,,,,,
3l4z,3.591520071029663,,,0.4535236954689026,
3l58,,,,,
3l5r,7.837212562561035,,,0.22586484253406525,
3l6f,,,,,
3l6h,3.0495638847351074,,,0.5131856799125671,
3l6x,,,,,
3l79,6.491510391235352,,,0.18033801019191742,
3l7a,3.087237596511841,,,0.5105285048484802,
3l7b,11.00066089630127,,,0.06672131270170212,
3l7c,10.540238380432129,,,0.07550644874572754,
3l7d,8.854912757873535,,,0.18237560987472534,
3l7g,,,,,
3l8x,1.7738447189331055,,,0.7374847531318665,
3l9l,,,,,
3l9m,,,,,
3l9n,,,,,
3lbl,10.654497146606445,,,0.05671296268701553,
3lbz,,,,,
3lco,,,,,
3ldq,2.3890628814697266,,,0.7228915691375732,
3ldw,,,,,
3le8,,,,,
3lf0,,,,,
3lfn,1.3560988903045654,,,0.8079374432563782,
3lfs,1.2146235704421997,,,0.8157051205635071,
3lgl,,,,,
3lgp,,,,,
3lgs,,,,,
3lhj,3.037964105606079,,,0.5032439231872559,
3li2,,,,,
3lir,2.6022698879241943,,,0.6019737124443054,
3lj7,,,,,
3ljt,,,,,
3ljz,,,,,
3lk0,,,,,
3lk1,12.085444450378418,,,0.0994444414973259,
3ll8,,,,,
3lle,,,,,
3llm,,,,,
3lmk,,,,,
3lmp,7.585139274597168,,,0.245365172624588,
3lnz,,,,,
3lok,,,,,
3loo,,,,,
3lox,,,,,
3lp0,1.9542405605316162,,,0.6918429136276245,
3lp4,,,,,
3lp7,,,,,
3lpf,,,,,
3lpg,,,,,
3lpl,,,,,
3lpr,,,,,
3lq5,9.027525901794434,,,0.21879509091377258,
3lqj,,,,,
3lrh,,,,,
3ls4,4.490577220916748,,,0.3472222089767456,
3lvp,,,,,
3lvw,5.342182636260986,,,0.3208042085170746,
3lw0,,,,,
3lxe,,,,,
3lxg,1.8784925937652588,,,0.7419659495353699,
3lxk,1.7550255060195923,,,0.7290322780609131,
3lxo,2.356412410736084,,,0.6355932354927063,
3lzz,,,,,
3m11,,,,,
3m3r,,,,,
3m53,,,,,
3m54,,,,,
3m55,,,,,
3m57,,,,,
3m58,,,,,
3m59,,,,,
3m5a,,,,,
3m6p,,,,,
3m6q,,,,,
3m6r,,,,,
3m89,9.81265926361084,,,0.12190812826156616,
3m8q,4.270730495452881,,,0.41639450192451477,
3m8u,,,,,
3m96,3.0566234588623047,,,0.5318750143051147,
3ma3,4.245786190032959,,,0.49512743949890137,
3mam,3.0468807220458984,,,0.5070028305053711,
3mb6,4.519779205322266,,,0.3917197585105896,
3mb7,4.46171760559082,,,0.4140070974826813,
3mbp,,,,,
3mct,2.0085458755493164,,,0.6594339609146118,
3me9,,,,,
3mea,,,,,
3mfv,,,,,
3mfw,,,,,
3mg0,,,,,
3mg4,,,,,
3mg8,,,,,
3mhc,2.57841157913208,,,0.5540780425071716,
3mhw,1.4776709079742432,,,0.795034646987915,
3mi2,,,,,
3mi3,,,,,
3mj1,1.7257697582244873,,,0.8429054021835327,
3mj5,,,,,
3mjl,,,,,
3mkn,,,,,
3mks,15.89954662322998,,,0.005451713223010302,
3ml2,,,,,
3ml5,2.1539366245269775,,,0.5940082669258118,
3mlb,,,,,
3mle,,,,,
3mmf,,,,,
3mna,,,,,
3moe,1.9512460231781006,,,0.6712158918380737,
3mof,,,,,
3moh,,,,,
3mp1,,,,,
3mp6,,,,,
3mpt,4.877837657928467,,,0.3723270297050476,
3mqf,,,,,
3mrt,,,,,
3mrv,,,,,
3ms7,,,,,
3ms9,,,,,
3msj,,,,,
3mt7,,,,,
3mt8,,,,,
3mta,,,,,
3mtb,,,,,
3mtd,,,,,
3muf,,,,,
3muk,,,,,
3muz,,,,,
3mv0,,,,,
3mv5,3.3313443660736084,,,0.4699999988079071,
3mvl,,,,,
3mvm,,,,,
3mww,40.61600112915039,,,0.0,
3mxc,,,,,
3mxd,3.7236251831054688,,,0.4424290359020233,
3mxf,3.1477644443511963,,,0.5415624976158142,
3myq,2.715740919113159,,,0.5670199394226074,
3mz6,3.9542195796966553,,,0.4655044376850128,
3mzc,,,,,
3n0h,,,,,
3n0n,,,,,
3n1c,,,,,
3n1v,,,,,
3n1w,4.560800075531006,,,0.40706318616867065,
3n23,,,,,
3n2c,,,,,
3n35,1.0736994743347168,,,0.8629213571548462,
3n3g,26.25075912475586,,,0.0,
3n3l,,,,,
3n45,7.994652271270752,,,0.20000000298023224,
3n46,4.153620719909668,,,0.4019549787044525,
3n49,2.5811591148376465,,,0.5913978219032288,
3n4c,6.375322341918945,,,0.23082254827022552,
3n4l,,,,,
3n5k,,,,,
3n5u,,,,,
3n76,3.064615488052368,,,0.5746197700500488,
3n7a,,,,,
3n7h,,,,,
3n7s,10.584680557250977,,,0.04298553988337517,
3n8n,,,,,
3n9r,,,,,
3n9s,,,,,
3nal,,,,,
3nam,,,,,
3nan,,,,,
3nb5,3.4498603343963623,,,0.6094262003898621,
3nba,,,,,
3nc9,,,,,
3ncq,,,,,
3ncr,,,,,
3ncz,,,,,
3neo,,,,,
3nex,,,,,
3nf6,,,,,
3nf7,,,,,
3nf9,,,,,
3nfk,,,,,
3nfl,,,,,
3ng4,,,,,
3nga,,,,,
3nhi,3.2071268558502197,,,0.4910106956958771,
3nht,,,,,
3ni5,2.8439838886260986,,,0.5371983647346497,
3nif,,,,,
3nii,,,,,
3nij,,,,,
3nik,,,,,
3nil,,,,,
3nim,,,,,
3nin,,,,,
3njq,,,,,
3nk8,3.3066413402557373,,,0.5356060862541199,
3nlb,7.0349884033203125,,,0.3415929079055786,
3nm6,3.7132890224456787,,,0.4541139304637909,
3nmq,1.8610899448394775,,,0.6758278012275696,
3nnu,6.723344326019287,,,0.26654064655303955,
3nnw,1.52385413646698,,,0.7693761587142944,
3nok,,,,,
3np7,,,,,
3np9,1.390936017036438,,,0.7476274967193604,
3npa,2.6531524658203125,,,0.5521300435066223,
3nq3,4.7017340660095215,,,0.37445175647735596,
3nq9,2.5165460109710693,,,0.5310402512550354,
3ns9,,,,,
3nsh,,,,,
3nsn,,,,,
3ntp,,,,,
3nuy,2.723418951034546,,,0.5417771935462952,
3nw3,,,,,
3nwb,,,,,
3nwe,,,,,
3nww,,,,,
3nxq,,,,,
3ny3,,,,,
3nyd,,,,,
3nyx,2.9175496101379395,,,0.584919810295105,
3nzi,,,,,
3nzu,2.1806492805480957,,,0.6586121320724487,
3o0e,,,,,
3o0j,5.2951507568359375,,,0.2756849229335785,
3o0u,1.6914035081863403,,,0.7439180612564087,
3o1d,,,,,
3o1e,,,,,
3o4k,,,,,
3o4l,,,,,
3o64,,,,,
3o6l,,,,,
3o6m,,,,,
3o6t,,,,,
3o75,,,,,
3o7u,2.6670608520507812,,,0.604651153087616,
3o84,,,,,
3o86,,,,,
3o8h,10.4683198928833,,,0.08147495985031128,
3o8p,3.0246315002441406,,,0.49115854501724243,
3o9b,,,,,
3o9c,,,,,
3o9h,,,,,
3oay,,,,,
3ob0,,,,,
3obq,,,,,
3obu,,,,,
3obx,,,,,
3oc0,,,,,
3ocb,,,,,
3ocp,,,,,
3oct,3.4304940700531006,,,0.4691252112388611,
3ocz,3.0485830307006836,,,0.5110593438148499,
3odi,,,,,
3odl,,,,,
3odu,,,,,
3oe6,4.752440929412842,,,0.3004385828971863,
3oe8,,,,,
3oe9,,,,,
3oeu,,,,,
3og7,5.859674453735352,,,0.2836240828037262,
3ogm,,,,,
3ogp,,,,,
3ogq,3.107736349105835,,,0.5461817979812622,
3ohf,,,,,
3ohh,,,,,
3ohi,,,,,
3oik,1.6573309898376465,,,0.7789661288261414,
3oil,3.260735273361206,,,0.5136632323265076,
3oim,2.2087998390197754,,,0.6943027377128601,
3oka,,,,,
3okc,13.159461975097656,,,0.011228230781853199,
3okh,,,,,
3oki,,,,,
3okp,,,,,
3oku,2.3884265422821045,,,0.563309371471405,
3okv,,,,,
3old,,,,,
3ole,,,,,
3olf,,,,,
3olg,,,,,
3oli,,,,,
3omm,,,,,
3oob,,,,,
3oq5,,,,,
3oqf,,,,,
3orn,7.274205684661865,,,0.19510190188884735,
3ot3,1.7468615770339966,,,0.7755028605461121,
3ot8,2.0839908123016357,,,0.7290189266204834,
3otf,2.424814462661743,,,0.5822821259498596,
3otq,4.1644697189331055,,,0.4220077097415924,
3otx,,,,,
3ouj,3.294959306716919,,,0.48866090178489685,
3ove,,,,,
3ovn,,,,,
3ovx,,,,,
3ow3,3.3643507957458496,,,0.4622756838798523,
3ow4,,,,,
3owd,,,,,
3owl,5.74076509475708,,,0.2993420958518982,
3oxc,,,,,
3oxi,2.81123423576355,,,0.5209029912948608,
3oy0,2.0262129306793213,,,0.7093373537063599,
3oy8,,,,,
3oyp,,,,,
3oyq,,,,,
3oyw,,,,,
3oz1,,,,,
3ozg,,,,,
3ozj,,,,,
3ozp,7.814840316772461,,,0.21870170533657074,
3p0g,,,,,
3p17,1.7021102905273438,,,0.7008771896362305,
3p1d,,,,,
3p23,,,,,
3p2h,,,,,
3p3t,,,,,
3p3u,,,,,
3p4f,,,,,
3p4r,,,,,
3p4v,2.107529878616333,,,0.6778017282485962,
3p4w,,,,,
3p50,,,,,
3p5k,3.4250340461730957,,,0.5062137246131897,
3p78,3.2429144382476807,,,0.4847169816493988,
3p79,2.6793012619018555,,,0.5974264740943909,
3p7a,1.0919172763824463,,,0.8266304135322571,
3p7b,1.6608259677886963,,,0.7172446846961975,
3p7c,1.8132823705673218,,,0.7010717391967773,
3p7i,4.37516450881958,,,0.40066224336624146,
3p8e,,,,,
3p8h,,,,,
3p9h,,,,,
3p9l,,,,,
3p9m,,,,,
3pa8,,,,,
3pab,,,,,
3pax,2.527381420135498,,,0.6097701191902161,
3pb3,,,,,
3pb7,4.695112228393555,,,0.4141009747982025,
3pb8,4.529041290283203,,,0.38461539149284363,
3pb9,1.6716350317001343,,,0.6877636909484863,
3pbb,,,,,
3pcb,,,,,
3pcc,,,,,
3pce,,,,,
3pcf,,,,,
3pch,,,,,
3pcj,,,,,
3pck,,,,,
3pcn,,,,,
3pcu,,,,,
3pd2,,,,,
3pd4,,,,,
3pd9,,,,,
3pdh,,,,,
3pdq,,,,,
3pe1,2.7916762828826904,,,0.5904058814048767,
3pfp,,,,,
3pgu,,,,,
3pi5,,,,,
3pix,1.665305256843567,,,0.720992386341095,
3piz,7.507020473480225,,,0.3077971637248993,
3pj2,4.167208194732666,,,0.37383395433425903,
3pj8,1.1252306699752808,,,0.8269484639167786,
3pjg,,,,,
3pka,3.525362491607666,,,0.43503937125205994,
3pkb,,,,,
3pkc,4.589217662811279,,,0.41609442234039307,
3pkd,2.611607074737549,,,0.6039445400238037,
3pke,3.108783006668091,,,0.4903184175491333,
3pkn,,,,,
3pm1,10.733879089355469,,,0.05951591581106186,
3pn1,2.141026735305786,,,0.6668806076049805,
3pn3,,,,,
3pn4,,,,,
3po6,,,,,
3poa,,,,,
3poz,,,,,
3pp1,10.001904487609863,,,0.12581565976142883,
3ppk,,,,,
3ppm,,,,,
3ppo,,,,,
3ppp,,,,,
3ppq,,,,,
3ppr,,,,,
3pqz,,,,,
3pr0,,,,,
3prz,2.9373788833618164,,,0.5355227589607239,
3ps6,3.263672351837158,,,0.4903734028339386,
3psd,,,,,
3psl,,,,,
3ptg,4.631863594055176,,,0.3368232846260071,
3pty,7.817374229431152,,,0.21120689809322357,
3puk,,,,,
3pwh,5.675827980041504,,,0.32154515385627747,
3pww,,,,,
3py0,1.1461997032165527,,,0.8312183022499084,
3pyy,,,,,
3pz3,6.601979732513428,,,0.215160071849823,
3q1x,15.632051467895508,,,0.004127358552068472,
3q2a,,,,,
3q2h,,,,,
3q2j,,,,,
3q2m,5.366966247558594,,,0.2579113841056824,
3q3k,2.4755096435546875,,,0.583832323551178,
3q3t,,,,,
3q4b,,,,,
3q4j,,,,,
3q4k,,,,,
3q4l,,,,,
3q5h,,,,,
3q5u,,,,,
3q6k,,,,,
3q6s,,,,,
3q6w,2.148267984390259,,,0.7451838850975037,
3q72,,,,,
3q7j,,,,,
3q7p,,,,,
3q7q,,,,,
3q8d,,,,,
3q8h,,,,,
3q92,,,,,
3qa2,,,,,
3qai,,,,,
3qbh,,,,,
3qc4,,,,,
3qc9,,,,,
3qce,,,,,
3qcf,,,,,
3qch,4.7442216873168945,,,0.3795279860496521,
3qci,8.499385833740234,,,0.1388888955116272,
3qcl,6.675207614898682,,,0.2432432472705841,
3qd0,3.023206949234009,,,0.4712897539138794,
3qem,,,,,
3qfd,,,,,
3qfv,,,,,
3qfy,,,,,
3qfz,,,,,
3qg6,,,,,
3qgw,18.091245651245117,,,0.005085653159767389,
3qgy,20.704740524291992,,,0.0,
3qi1,,,,,
3qi3,,,,,
3qi4,,,,,
3qin,5.346844673156738,,,0.3336849510669708,
3qio,2.90921950340271,,,0.5714980363845825,
3qip,7.7575554847717285,,,0.2400990128517151,
3qiy,4.3152875900268555,,,0.40175801515579224,
3qj0,4.21881103515625,,,0.3855210542678833,
3qkk,,,,,
3qkl,,,,,
3qkm,,,,,
3ql9,,,,,
3qlc,,,,,
3qlm,7.016984462738037,,,0.23970746994018555,
3qmk,,,,,
3qnd,,,,,
3qnj,,,,,
3qo2,,,,,
3qo3,,,,,
3qo9,,,,,
3qox,2.3335041999816895,,,0.6364864706993103,
3qpn,2.192875623703003,,,0.7103230357170105,
3qpo,2.479158401489258,,,0.6420454382896423,
3qpp,7.729618549346924,,,0.22489161789417267,
3qqk,1.0557124614715576,,,0.8513132929801941,
3qri,,,,,
3qrj,,,,,
3qs4,,,,,
3qs5,5.429226398468018,,,0.29547762870788574,
3qs6,,,,,
3qsd,4.788859844207764,,,0.3525703251361847,
3qt6,,,,,
3qtf,1.4247063398361206,,,0.798602283000946,
3qto,2.267984390258789,,,0.6072186827659607,
3qtv,,,,,
3que,,,,,
3qup,1.7792783975601196,,,0.7175438404083252,
3qw6,,,,,
3qw8,,,,,
3qwc,,,,,
3qx5,,,,,
3qx9,,,,,
3qzq,,,,,
3qzt,,,,,
3qzv,,,,,
3r00,1.5549651384353638,,,0.7215346693992615,
3r01,0.9021710753440857,,,0.876884400844574,
3r0h,,,,,
3r0i,,,,,
3r17,2.144320487976074,,,0.6538800597190857,
3r1v,,,,,
3r2b,,,,,
3r2y,2.1106560230255127,,,0.6788665652275085,
3r42,,,,,
3r4m,1.3335344791412354,,,0.8215909004211426,
3r4n,,,,,
3r4p,,,,,
3r5j,,,,,
3r5m,,,,,
3r5n,,,,,
3r5t,,,,,
3r6g,,,,,
3r6u,3.215747117996216,,,0.5764627456665039,
3r7b,,,,,
3r7n,,,,,
3r8u,1.8281872272491455,,,0.7192623019218445,
3r8z,0.9171077609062195,,,0.8856736421585083,
3r92,1.0909336805343628,,,0.8574244379997253,
3r93,,,,,
3rbq,,,,,
3rbu,,,,,
3rcd,,,,,
3rcj,6.52999210357666,,,0.27798277139663696,
3rdh,,,,,
3rdo,3.4617526531219482,,,0.47783252596855164,
3rdq,3.169945478439331,,,0.5045372247695923,
3rdv,,,,,
3rey,3.234391689300537,,,0.556186854839325,
3rhk,,,,,
3ri1,,,,,
3rik,,,,,
3ril,,,,,
3rin,3.641085386276245,,,0.4560839831829071,
3rjm,,,,,
3rjw,,,,,
3rkb,0.61272794008255,,,0.9397394061088562,
3rl3,8.865402221679688,,,0.18634259700775146,
3rlp,,,,,
3rlq,,,,,
3rm9,,,,,
3ro4,2.29949951171875,,,0.6857923269271851,
3roc,4.6608967781066895,,,0.3682771325111389,
3rq7,,,,,
3rqe,,,,,
3rqw,,,,,
3rr4,1.6162166595458984,,,0.778192400932312,
3rsb,,,,,
3rse,,,,,
3rsx,1.9454946517944336,,,0.6726653575897217,
3rt4,11.779308319091797,,,0.029801979660987854,
3rt6,1.9670599699020386,,,0.6788347959518433,
3rt8,1.0835063457489014,,,0.8680927157402039,
3rtf,,,,,
3rth,4.092774868011475,,,0.4064245820045471,
3rtm,4.390625476837158,,,0.3266233801841736,
3rtp,,,,,
3rtx,,,,,
3ru1,,,,,
3rup,,,,,
3rv3,,,,,
3rv4,12.505309104919434,,,0.10381913930177689,
3rv6,,,,,
3rvg,1.4420008659362793,,,0.7896716594696045,
3rvi,,,,,
3rwc,,,,,
3rwe,,,,,
3rwf,,,,,
3rwg,,,,,
3rwh,,,,,
3rwi,,,,,
3rwj,,,,,
3rwp,1.3127522468566895,,,0.8121516108512878,
3rx5,5.259410858154297,,,0.2661365866661072,
3rx7,,,,,
3rx8,,,,,
3rxa,2.0458168983459473,,,0.7069733142852783,
3rxd,0.8597326278686523,,,0.8924999833106995,
3rxf,1.3380749225616455,,,0.7889273166656494,
3rxg,1.9222468137741089,,,0.6851032376289368,
3rxh,1.5991008281707764,,,0.7433035969734192,
3rxi,2.045012950897217,,,0.6812896132469177,
3rxk,1.8754699230194092,,,0.7506009340286255,
3rxl,2.0277962684631348,,,0.6927207708358765,
3rxm,1.4650877714157104,,,0.7402746081352234,
3rxo,1.6320098638534546,,,0.7291666865348816,
3rxp,2.318666696548462,,,0.6628878116607666,
3ry8,,,,,
3ryy,,,,,
3rz3,,,,,
3rz9,,,,,
3rzb,1.4896739721298218,,,0.7239583134651184,
3rzi,,,,,
3s0b,1.020896315574646,,,0.8496310114860535,
3s0d,3.119499921798706,,,0.4926966428756714,
3s0e,4.599772930145264,,,0.35490694642066956,
3s0j,2.8633995056152344,,,0.5318030714988708,
3s1g,2.459507942199707,,,0.6495535969734192,
3s1y,2.7620773315429688,,,0.5523684024810791,
3s3i,4.422029495239258,,,0.36469632387161255,
3s3q,,,,,
3s3v,,,,,
3s56,,,,,
3s5y,,,,,
3s6t,6.725442409515381,,,0.2689136862754822,
3s71,,,,,
3s72,2.1269543170928955,,,0.6829004287719727,
3s73,,,,,
3s74,,,,,
3s75,,,,,
3s76,1.2015939950942993,,,0.814754068851471,
3s77,,,,,
3s78,,,,,
3s7f,,,,,
3s8x,0.9642014503479004,,,0.9038076400756836,
3s9e,,,,,
3s9i,,,,,
3s9t,3.3639628887176514,,,0.4830623269081116,
3s9y,,,,,
3sad,2.5795204639434814,,,0.5936073064804077,
3sap,3.32328462600708,,,0.624798059463501,
3sax,3.2111730575561523,,,0.4873867928981781,
3sb0,2.7402944564819336,,,0.5550675392150879,
3sbh,2.9560089111328125,,,0.5424836874008179,
3sbi,2.3984129428863525,,,0.6575875282287598,
3sc1,3.004577875137329,,,0.5381646752357483,
3sdg,,,,,
3sdi,,,,,
3sdk,,,,,
3sfc,,,,,
3sff,3.9362950325012207,,,0.4331875741481781,
3sfg,,,,,
3sfh,3.8879010677337646,,,0.44866588711738586,
3sfi,5.838959217071533,,,0.3031567633152008,
3sh1,,,,,
3sha,1.7757673263549805,,,0.7126725316047668,
3shb,,,,,
3shc,2.167957067489624,,,0.6364416480064392,
3shj,,,,,
3shy,,,,,
3shz,2.7265844345092773,,,0.6388174891471863,
3si3,2.1066336631774902,,,0.6298308968544006,
3si4,,,,,
3sie,,,,,
3sio,,,,,
3sji,3.041288137435913,,,0.552610456943512,
3sjo,,,,,
3ska,,,,,
3ske,,,,,
3skf,,,,,
3sl0,,,,,
3sl1,3.0378506183624268,,,0.5244227647781372,
3sl4,,,,,
3sl5,,,,,
3sl8,,,,,
3slz,7.904778003692627,,,0.2188623696565628,
3sm0,,,,,
3sm1,,,,,
3smq,21.790122985839844,,,0.0,
3snb,,,,,
3snc,,,,,
3snd,,,,,
3sni,,,,,
3so6,,,,,
3soq,,,,,
3sou,,,,,
3sov,,,,,
3sow,,,,,
3spf,,,,,
3srb,7.077455997467041,,,0.20264965295791626,
3src,7.395161151885986,,,0.25092023611068726,
3stj,,,,,
3str,3.2211384773254395,,,0.5030819177627563,
3su0,,,,,
3su1,2.2371532917022705,,,0.5942544937133789,
3su2,3.0895490646362305,,,0.5476394891738892,
3su3,4.373048305511475,,,0.3214285671710968,
3su4,,,,,
3su5,4.236260890960693,,,0.37708333134651184,
3su6,3.1144614219665527,,,0.49453672766685486,
3sur,2.449422836303711,,,0.6277429461479187,
3sus,2.073917865753174,,,0.6934038996696472,
3sut,3.9527695178985596,,,0.468151330947876,
3suu,,,,,
3suv,1.087306022644043,,,0.8307482004165649,
3suw,1.5151922702789307,,,0.7409326434135437,
3sv2,2.1058995723724365,,,0.6691343784332275,
3sv6,,,,,
3sv7,,,,,
3sv8,,,,,
3sv9,,,,,
3sw2,2.815267562866211,,,0.5231481194496155,
3sw8,3.6097147464752197,,,0.46337366104125977,
3sw9,,,,,
3sww,,,,,
3sx4,,,,,
3sxu,,,,,
3sym,5.791245460510254,,,0.21099554002285004,
3syr,5.516289234161377,,,0.2514718174934387,
3sz9,,,,,
3szb,,,,,
3szm,,,,,
3t01,10.547574996948242,,,0.10183486342430115,
3t03,,,,,
3t07,,,,,
3t08,,,,,
3t09,,,,,
3t0b,,,,,
3t0d,,,,,
3t0t,,,,,
3t1n,,,,,
3t2c,,,,,
3t2p,,,,,
3t2q,,,,,
3t2v,,,,,
3t2w,3.720860719680786,,,0.4354724884033203,
3t3d,3.6236214637756348,,,0.42040708661079407,
3t3e,10.571919441223145,,,0.0768638327717781,
3t3g,3.3029651641845703,,,0.4573744833469391,
3t3h,2.8603482246398926,,,0.5243093967437744,
3t3i,15.245511054992676,,,0.006478873081505299,
3t3y,6.709033489227295,,,0.27541208267211914,
3t4n,4.604428768157959,,,0.34395501017570496,
3t4p,,,,,
3t5i,,,,,
3t5u,,,,,
3t64,,,,,
3t6b,,,,,
3t6j,,,,,
3t6r,,,,,
3t70,,,,,
3t7g,,,,,
3t82,,,,,
3t83,,,,,
3t84,3.1522607803344727,,,0.5273076891899109,
3t85,,,,,
3t8s,,,,,
3t8w,,,,,
3ta0,,,,,
3tao,,,,,
3tay,,,,,
3tb6,,,,,
3tc5,,,,,
3tcg,,,,,
3tcp,,,,,
3tcy,5.980428218841553,,,0.2751256227493286,
3td4,,,,,
3tdh,5.544411659240723,,,0.28195318579673767,
3tdj,,,,,
3tdu,,,,,
3tdz,,,,,
3tf6,,,,,
3tf7,,,,,
3tfk,,,,,
3tg5,,,,,
3tgs,,,,,
3th0,,,,,
3thd,,,,,
3ti6,,,,,
3tif,,,,,
3tiz,6.958094596862793,,,0.28251007199287415,
3tjh,,,,,
3tjm,,,,,
3tk2,0.9033958315849304,,,0.8877550959587097,
3tki,1.4246078729629517,,,0.7885293960571289,
3tku,,,,,
3tkw,2.348531484603882,,,0.553640604019165,
3tlh,,,,,
3tmk,,,,,
3tne,,,,,
3tpp,3.7419891357421875,,,0.5313342213630676,
3tpr,,,,,
3tpx,,,,,
3ts4,,,,,
3tsd,,,,,
3tsk,4.4424519538879395,,,0.44487178325653076,
3tsz,,,,,
3tt0,,,,,
3tt4,3.7897231578826904,,,0.5528169274330139,
3ttm,,,,,
3ttn,,,,,
3ttz,,,,,
3tu1,6.535563945770264,,,0.22482788562774658,
3tu9,,,,,
3tv4,,,,,
3tv5,,,,,
3tv7,,,,,
3tv8,,,,,
3tvc,2.285818576812744,,,0.6472477316856384,
3tvl,,,,,
3twd,,,,,
3twj,,,,,
3twp,,,,,
3twr,,,,,
3tws,,,,,
3twu,,,,,
3twv,,,,,
3twx,,,,,
3txo,4.976538181304932,,,0.3323529362678528,
3ty0,,,,,
3tz0,,,,,
3tz4,2.3967719078063965,,,0.625308632850647,
3tza,,,,,
3tzd,,,,,
3tzm,7.628705978393555,,,0.17362236976623535,
3u0d,,,,,
3u0p,,,,,
3u0t,,,,,
3u10,1.2688742876052856,,,0.7897727489471436,
3u15,,,,,
3u1y,,,,,
3u3f,,,,,
3u3u,4.332202434539795,,,0.35563725233078003,
3u3z,,,,,
3u4h,,,,,
3u4o,,,,,
3u4r,,,,,
3u51,,,,,
3u5l,1.629743218421936,,,0.7074861526489258,
3u6a,,,,,
3u78,8.122767448425293,,,0.15703517198562622,
3u7k,,,,,
3u7l,,,,,
3u7m,2.7956926822662354,,,0.5560526251792908,
3u7n,4.107174873352051,,,0.461649090051651,
3u81,,,,,
3u8d,,,,,
3u8h,,,,,
3u8l,,,,,
3u90,6.6641130447387695,,,0.21653543412685394,
3u92,,,,,
3u93,,,,,
3u9c,,,,,
3u9n,7.4834489822387695,,,0.2713128626346588,
3u9q,7.761937141418457,,,0.17358803749084473,
3ubx,,,,,
3ucj,,,,,
3ud7,,,,,
3uda,,,,,
3uda_2,,,,,
3udh,3.1540493965148926,,,0.49166667461395264,
3udj,,,,,
3udk,,,,,
3udm,1.176005244255066,,,0.8297720551490784,
3udn,2.108670473098755,,,0.7119693160057068,
3udp,1.353350281715393,,,0.819738507270813,
3udq,3.1596643924713135,,,0.44938793778419495,
3udr,,,,,
3udy,2.331960678100586,,,0.6465311050415039,
3ue4,,,,,
3ued,,,,,
3uef,,,,,
3ueo,,,,,
3uev,4.265383243560791,,,0.41277259588241577,
3uew,2.276393175125122,,,0.608433723449707,
3uex,3.673530340194702,,,0.4599708914756775,
3uf9,,,,,
3ufl,6.291281223297119,,,0.32965490221977234,
3ug2,3.4220244884490967,,,0.5003197193145752,
3uh4,,,,,
3uhm,1.5236693620681763,,,0.749366283416748,
3uib,8.466009140014648,,,0.1268075704574585,
3uig,,,,,
3uih,,,,,
3uii,,,,,
3uij,,,,,
3uik,,,,,
3uj9,1.8261829614639282,,,0.6885162591934204,
3ujc,2.3672444820404053,,,0.6209055781364441,
3ujd,2.8985838890075684,,,0.5426716208457947,
3umo,,,,,
3ump,,,,,
3umq,4.506118297576904,,,0.0010638297535479069,
3umx,1.2613804340362549,,,0.8592791557312012,
3unn,,,,,
3uo4,7.43622350692749,,,0.27478259801864624,
3uo9,,,,,
3uod,6.568670272827148,,,0.2814195156097412,
3uok,,,,,
3up2,6.954385280609131,,,0.30203619599342346,
3upi,,,,,
3upk,,,,,
3upv,,,,,
3upz,2.529268741607666,,,0.5978062152862549,
3uqg,,,,,
3uqp,,,,,
3ur0,,,,,
3ur9,,,,,
3uri,,,,,
3usn,,,,,
3usx,6.33034610748291,,,0.05833333358168602,
3uug,,,,,
3uuo,,,,,
3uvk,,,,,
3uvl,,,,,
3uvm,,,,,
3uvn,,,,,
3uvo,,,,,
3uvp,2.6431660652160645,,,0.5802401900291443,
3uvq,,,,,
3uvu,,,,,
3uvw,,,,,
3uvx,,,,,
3uw9,,,,,
3uxd,,,,,
3uxk,,,,,
3uxl,,,,,
3uxm,,,,,
3uyr,,,,,
3uyt,,,,,
3uz5,,,,,
3uzd,,,,,
3v0l,,,,,
3v0p,,,,,
3v1r,4.067111968994141,,,0.42938312888145447,
3v2n,,,,,
3v2o,,,,,
3v2p,20.903276443481445,,,0.14775051176548004,
3v2q,,,,,
3v2w,4.811493396759033,,,0.356689453125,
3v2x,,,,,
3v30,,,,,
3v3b,,,,,
3v3q,,,,,
3v43,,,,,
3v4j,,,,,
3v4t,,,,,
3v4x,,,,,
3v51,4.754528522491455,,,0.41152969002723694,
3v5g,,,,,
3v5j,,,,,
3v5l,,,,,
3v5t,2.4385180473327637,,,0.6596547961235046,
3v66,6.797067642211914,,,0.1685502678155899,
3v6s,,,,,
3v78,,,,,
3v7s,9.335426330566406,,,0.1254734843969345,
3v7t,,,,,
3v7x,2.701620578765869,,,0.6350245475769043,
3v8w,,,,,
3vap,,,,,
3vb4,,,,,
3vb5,,,,,
3vb6,,,,,
3vb7,,,,,
3vbd,3.082735776901245,,,0.6487500071525574,
3vbg,,,,,
3vbq,1.6284605264663696,,,0.7561132311820984,
3vbt,4.489135265350342,,,0.375,
3vbv,4.45272159576416,,,0.32689210772514343,
3vbw,1.343756079673767,,,0.743261456489563,
3vbx,3.4873926639556885,,,0.47394677996635437,
3vby,5.044529438018799,,,0.3108424246311188,
3vc4,3.0778377056121826,,,0.4871688783168793,
3vd4,,,,,
3vd7,,,,,
3vd9,,,,,
3vdb,,,,,
3vdc,,,,,
3veh,,,,,
3veu,,,,,
3vf3,,,,,
3vf5,,,,,
3vg1,3.9088141918182373,,,0.41678470373153687,
3vgc,3.2177622318267822,,,0.4997069239616394,
3vh9,2.5462911128997803,,,0.5295064449310303,
3vha,1.028228521347046,,,0.8028169274330139,
3vhc,3.5970661640167236,,,0.4216666519641876,
3vhk,4.3266520500183105,,,0.4315628111362457,
3vhu,1.4136673212051392,,,0.7786082625389099,
3vjk,,,,,
3vjl,,,,,
3vjm,,,,,
3vo3,1.513331413269043,,,0.735084593296051,
3voz,14.816412925720215,,,0.010321101173758507,
3vp1,14.067726135253906,,,0.024170273914933205,
3vp2,18.832666397094727,,,0.0,
3vp3,,,,,
3vp4,20.699806213378906,,,0.0,
3vrt,1.630728840827942,,,0.740314781665802,
3vru,1.6602554321289062,,,0.7169811129570007,
3vrv,1.6007388830184937,,,0.7581383585929871,
3vrw,,,,,
3vry,,,,,
3vsw,,,,,
3vsx,,,,,
3vtb,3.4889564514160156,,,0.5017135143280029,
3vtc,4.308596134185791,,,0.39676305651664734,
3vtd,3.9034788608551025,,,0.4167242646217346,
3vtr,,,,,
3vv7,6.962401866912842,,,0.23016701638698578,
3vv8,5.448564052581787,,,0.2929322421550751,
3vva,,,,,
3vvy,,,,,
3vvz,,,,,
3vw7,7.667724609375,,,0.22002112865447998,
3vws,,,,,
3vx3,,,,,
3vyd,,,,,
3vye,,,,,
3vyf,,,,,
3vzg,,,,,
3w07,,,,,
3w0l,,,,,
3w2o,,,,,
3w2p,,,,,
3w2q,4.355227470397949,,,0.4415322542190552,
3w2r,3.2295045852661133,,,0.5052521228790283,
3w2s,3.154465436935425,,,0.5446860194206238,
3w2t,,,,,
3w37,,,,,
3w55,,,,,
3w5n,,,,,
3w5t,1.9344969987869263,,,0.7094524502754211,
3w69,,,,,
3w9k,4.383234024047852,,,0.4531438946723938,
3w9r,1.9967494010925293,,,0.6263686418533325,
3wab,4.473781108856201,,,0.348673939704895,
3wav,4.64208459854126,,,0.36194029450416565,
3waw,6.5059895515441895,,,0.26945245265960693,
3wax,4.604711532592773,,,0.36702126264572144,
3way,3.8230667114257812,,,0.4558303952217102,
3wd9,,,,,
3wdz,,,,,
3we4,5.380341053009033,,,0.3075000047683716,
3wf7,5.535146236419678,,,0.3633268475532532,
3wff,1.1535686254501343,,,0.8155487775802612,
3wfg,3.9734466075897217,,,0.42577093839645386,
3wgw,,,,,
3wha,,,,,
3wi2,,,,,
3wix,,,,,
3wjw,3.274430751800537,,,0.45854923129081726,
3wk4,3.2316277027130127,,,0.5485015511512756,
3wk5,2.315704822540283,,,0.5579216480255127,
3wk6,3.6455118656158447,,,0.4767441749572754,
3wk7,1.3914543390274048,,,0.7545537352561951,
3wk8,4.531599998474121,,,0.3790801167488098,
3wk9,4.504018306732178,,,0.43926331400871277,
3wka,3.7140090465545654,,,0.4781250059604645,
3wkb,10.557117462158203,,,0.0768229141831398,
3wkc,3.9457781314849854,,,0.37594839930534363,
3wkd,7.2050981521606445,,,0.13972972333431244,
3wke,6.0233588218688965,,,0.3656403124332428,
3wmb,4.630588531494141,,,0.43778109550476074,
3wmc,3.212212324142456,,,0.5619015097618103,
3wnr,,,,,
3wns,,,,,
3wnt,,,,,
3wqh,,,,,
3wqv,,,,,
3wqw,,,,,
3ws8,,,,,
3ws9,,,,,
3wsy,,,,,
3wt5,2.937199592590332,,,0.5063042044639587,
3wt7,1.1051408052444458,,,0.8381605744361877,
3wtj,,,,,
3wtk,,,,,
3wtn,,,,,
3wto,,,,,
3wut,,,,,
3wuu,,,,,
3wuv,,,,,
3wv1,,,,,
3wv2,,,,,
3wv3,,,,,
3wvm,,,,,
3wyj,,,,,
3wyk,,,,,
3wyl,,,,,
3wym,,,,,
3wz6,,,,,
3wzn,,,,,
3wzp,,,,,
3x1k,,,,,
3zbf,2.7608838081359863,,,0.6639049053192139,
3zc6,,,,,
3zdg,,,,,
3zdh,,,,,
3zh8,,,,,
3zha,,,,,
3zhf,,,,,
3zhx,,,,,
3zi0,12.790419578552246,,,0.03905419632792473,
3zi8,10.445307731628418,,,0.08291666954755783,
3zj6,,,,,
3zj8,,,,,
3zjc,,,,,
3zk6,,,,,
3zke,,,,,
3zkf,,,,,
3zki,,,,,
3zll,,,,,
3zls,1.4057948589324951,,,0.7547059059143066,
3zlv,,,,,
3zlw,6.387272834777832,,,0.23771022260189056,
3zlx,,,,,
3zly,2.282848596572876,,,0.5856481194496155,
3zm4,4.472774028778076,,,0.3564935028553009,
3zm5,,,,,
3zmg,7.515709400177002,,,0.23699817061424255,
3zmh,,,,,
3zmi,5.246328353881836,,,0.27971091866493225,
3zmj,,,,,
3zmm,,,,,
3zmp,,,,,
3zmq,,,,,
3zmt,,,,,
3zmv,,,,,
3zmz,,,,,
3znc,,,,,
3zo1,0.9222831726074219,,,0.8597464561462402,
3zo2,1.0881739854812622,,,0.8451128005981445,
3zo4,2.252657175064087,,,0.6604517102241516,
3zot,5.5642805099487305,,,0.2664913833141327,
3zpq,,,,,
3zps,,,,,
3zpu,,,,,
3zq9,,,,,
3zqe,16.46676254272461,,,0.0029761905316263437,
3zqt,4.576936721801758,,,0.3604734539985657,
3zrc,,,,,
3zrk,,,,,
3zrl,,,,,
3zrm,,,,,
3zsq,,,,,
3zst,,,,,
3zsw,,,,,
3zsx,,,,,
3zsy,,,,,
3zsz,,,,,
3zt1,,,,,
3zt2,,,,,
3zt3,,,,,
3zt4,,,,,
3ztc,,,,,
3ztd,,,,,
3ztx,,,,,
3zuk,,,,,
3zv7,2.0293774604797363,,,0.7045454382896423,
3zvt,,,,,
3zvv,2.535861015319824,,,0.5873684287071228,
3zvw,,,,,
3zvy,,,,,
3zw3,1.9575902223587036,,,0.6804315447807312,
3zxe,,,,,
3zxh,,,,,
3zxr,,,,,
3zxz,6.621434688568115,,,0.22291196882724762,
3zya,7.872950077056885,,,0.14861950278282166,
3zyb,,,,,
3zyh,,,,,
3zyr,,,,,
3zyu,,,,,
3zze,6.0999226570129395,,,0.27535587549209595,
3zzf,,,,,
3zzh,11.380938529968262,,,0.11452353745698929,
4a0j,,,,,
4a22,,,,,
4a2a,,,,,
4a4e,,,,,
4a4f,,,,,
4a4g,,,,,
4a4l,1.6190606355667114,,,0.7717923521995544,
4a4o,1.6895930767059326,,,0.7204063534736633,
4a4v,,,,,
4a4x,2.4167404174804688,,,0.6169856190681458,
4a50,,,,,
4a51,,,,,
4a6b,,,,,
4a6c,5.960268974304199,,,0.3441573977470398,
4a6l,,,,,
4a6s,,,,,
4a6w,2.793834924697876,,,0.5943562388420105,
4a7b,,,,,
4a7c,6.008014678955078,,,0.3073485493659973,
4a7i,2.1052370071411133,,,0.6595744490623474,
4a95,,,,,
4a9c,,,,,
4a9m,,,,,
4a9n,,,,,
4a9r,3.0791335105895996,,,0.6175656914710999,
4a9s,3.276823043823242,,,0.5575471520423889,
4a9u,2.6722497940063477,,,0.5544058680534363,
4aa0,2.957932710647583,,,0.532608687877655,
4aa1,,,,,
4aa5,1.4178156852722168,,,0.7777129411697388,
4aa7,,,,,
4aac,2.1396820545196533,,,0.6623786687850952,
4ab8,2.1515896320343018,,,0.6217830777168274,
4ab9,1.1254693269729614,,,0.8091965913772583,
4aba,1.7941148281097412,,,0.7265625,
4abb,2.175173044204712,,,0.6297268867492676,
4abd,1.4009594917297363,,,0.8144654035568237,
4abe,2.5120739936828613,,,0.6504024267196655,
4abf,2.7650396823883057,,,0.5462107062339783,
4abh,3.2555065155029297,,,0.5603773593902588,
4abi,,,,,
4abk,4.222385883331299,,,0.4160424470901489,
4abu,,,,,
4abv,,,,,
4aci,,,,,
4acu,7.464674949645996,,,0.18143878877162933,
4ad2,,,,,
4ad3,,,,,
4ael,,,,,
4afe,,,,,
4afg,,,,,
4afh,,,,,
4afj,,,,,
4ag8,4.141058444976807,,,0.435844361782074,
4agd,3.413533926010132,,,0.5622417330741882,
4agl,,,,,
4agm,,,,,
4agn,,,,,
4ago,,,,,
4agq,,,,,
4ahr,,,,,
4ahs,,,,,
4ahv,,,,,
4ai8,4.508080005645752,,,0.33994197845458984,
4aif,,,,,
4aig,,,,,
4aj2,,,,,
4aj4,,,,,
4aje,,,,,
4aji,,,,,
4ajk,,,,,
4ajl,,,,,
4ajn,,,,,
4ajo,,,,,
4ajw,,,,,
4akn,,,,,
4al4,,,,,
4alg,1.9298254251480103,,,0.7246978878974915,
4alx,,,,,
4aml,,,,,
4amw,,,,,
4amx,,,,,
4amy,,,,,
4amz,2.6588027477264404,,,0.6475827097892761,
4an0,2.913560152053833,,,0.5343713164329529,
4an1,,,,,
4an9,7.684077262878418,,,0.23254716396331787,
4anb,4.472735404968262,,,0.3978672921657562,
4anq,2.460402727127075,,,0.5904109477996826,
4aoc,,,,,
4aom,,,,,
4aph,,,,,
4apo,,,,,
4app,8.269747734069824,,,0.1763993501663208,
4aq3,,,,,
4aq4,3.0769026279449463,,,0.5278253555297852,
4aq6,,,,,
4ark,,,,,
4aro,,,,,
4as9,2.1377105712890625,,,0.6074197292327881,
4asd,12.109857559204102,,,0.14779776334762573,
4at3,2.1284782886505127,,,0.6657232642173767,
4att,1.3026763200759888,,,0.7680251002311707,
4au8,,,,,
4auj,1.0622074604034424,,,0.8373494148254395,
4auy,,,,,
4av0,,,,,
4avh,,,,,
4avi,,,,,
4avj,,,,,
4avt,,,,,
4avu,,,,,
4avw,,,,,
4awk,,,,,
4awm,,,,,
4axd,3.0071465969085693,,,0.4956933557987213,
4axm,,,,,
4ay5,,,,,
4ay6,,,,,
4ayp,,,,,
4ayq,1.943454623222351,,,0.6866405010223389,
4ayr,,,,,
4ayt,5.005617141723633,,,0.3247840106487274,
4ayu,,,,,
4ayv,,,,,
4ayw,5.5432538986206055,,,0.2931250035762787,
4ayx,4.725188255310059,,,0.3462354242801666,
4az0,3.5219383239746094,,,0.5010091066360474,
4az3,7.718556880950928,,,0.18567252159118652,
4az5,2.5562429428100586,,,0.6218181848526001,
4azc,,,,,
4aze,,,,,
4azf,2.805753231048584,,,0.5254777073860168,
4azg,,,,,
4azi,,,,,
4azp,,,,,
4azt,14.583574295043945,,,0.046008117496967316,
4b00,8.211498260498047,,,0.21289493143558502,
4b05,6.5230278968811035,,,0.270216166973114,
4b0j,,,,,
4b11,,,,,
4b12,,,,,
4b13,,,,,
4b14,,,,,
4b1c,4.082208633422852,,,0.40148699283599854,
4b1d,2.7204430103302,,,0.5577168464660645,
4b2d,,,,,
4b2i,1.459718942642212,,,0.7686567306518555,
4b2l,4.862861633300781,,,0.43171295523643494,
4b32,5.257885932922363,,,0.28601253032684326,
4b34,5.496068477630615,,,0.2807309031486511,
4b35,4.675107955932617,,,0.3278301954269409,
4b3c,4.722764015197754,,,0.3512820601463318,
4b3d,,,,,
4b3u,,,,,
4b4g,,,,,
4b4q,,,,,
4b5d,,,,,
4b5s,,,,,
4b5t,,,,,
4b5w,,,,,
4b60,,,,,
4b6e,,,,,
4b6o,4.141854286193848,,,0.40876907110214233,
4b6p,4.862956523895264,,,0.3273993730545044,
4b6r,,,,,
4b6s,,,,,
4b6u,,,,,
4b71,,,,,
4b73,,,,,
4b74,,,,,
4b76,,,,,
4b77,3.679473638534546,,,0.46687787771224976,
4b7j,1.7317537069320679,,,0.7326820492744446,
4b7r,,,,,
4b7z,,,,,
4b80,,,,,
4b81,,,,,
4b82,,,,,
4b83,,,,,
4b84,,,,,
4b8o,,,,,
4b8p,,,,,
4b8y,,,,,
4b9h,,,,,
4b9z,,,,,
4bae,,,,,
4bb2,4.3230133056640625,,,0.43138986825942993,
4bb9,2.764979600906372,,,0.5857692360877991,
4bbg,2.783536911010742,,,0.5327380895614624,
4bc5,,,,,
4bcb,,,,,
4bcc,9.379440307617188,,,0.23273982107639313,
4bcd,2.9644131660461426,,,0.6395494341850281,
4bcf,2.0474164485931396,,,0.6670281887054443,
4bcg,2.0604536533355713,,,0.7131519317626953,
4bch,,,,,
4bci,1.585667371749878,,,0.7623828649520874,
4bcj,,,,,
4bck,,,,,
4bcm,,,,,
4bcn,,,,,
4bcp,,,,,
4bcq,,,,,
4bcs,,,,,
4bcw,2.473271608352661,,,0.5941295623779297,
4bd3,,,,,
4bda,2.5205981731414795,,,0.6132723093032837,
4bdc,3.5990118980407715,,,0.48890650272369385,
4bdd,2.1390116214752197,,,0.6430529952049255,
4bde,3.5416224002838135,,,0.4821428656578064,
4bdf,4.153724193572998,,,0.41548582911491394,
4bdg,1.703690528869629,,,0.7332935333251953,
4bdh,1.095138669013977,,,0.8518808484077454,
4bdi,5.024099349975586,,,0.3692913353443146,
4bds,3.4575417041778564,,,0.4333895444869995,
4bdt,4.263180732727051,,,0.42621704936027527,
4bea,,,,,
4bek,5.2907633781433105,,,0.36194029450416565,
4bf1,2.054263114929199,,,0.7330895662307739,
4bf6,3.440951347351074,,,0.5702110528945923,
4bfd,4.7020158767700195,,,0.33375251293182373,
4bfr,,,,,
4bg1,3.8917219638824463,,,0.46606865525245667,
4bg6,,,,,
4bgg,,,,,
4bgk,,,,,
4bgm,4.918137550354004,,,0.34768906235694885,
4bgx,,,,,
4bgy,,,,,
4bh3,,,,,
4bh4,,,,,
4bhf,4.738150119781494,,,0.33736348152160645,
4bhi,5.325351715087891,,,0.30713191628456116,
4bhz,1.8739804029464722,,,0.6717948913574219,
4bi1,2.532057046890259,,,0.5944180488586426,
4bi2,1.4880499839782715,,,0.7461439371109009,
4bi6,2.4074814319610596,,,0.6258389353752136,
4bi7,2.2834203243255615,,,0.6377314925193787,
4bib,,,,,
4bic,,,,,
4bj8,,,,,
4bj9,,,,,
4bjx,6.848774433135986,,,0.2494635134935379,
4blb,,,,,
4bnt,,,,,
4bnz,,,,,
4bo3,,,,,
4bo4,,,,,
4bo5,,,,,
4bo9,,,,,
4bpi,,,,,
4bqg,3.2832300662994385,,,0.49871355295181274,
4bqh,3.1220157146453857,,,0.5005055665969849,
4bqt,,,,,
4bqy,6.148829460144043,,,0.3087032735347748,
4bs4,,,,,
4bs5,,,,,
4bsq,1.7048158645629883,,,0.7448107600212097,
4bt3,2.838031768798828,,,0.5726872086524963,
4bt4,3.067349910736084,,,0.5488565564155579,
4bt5,1.8473411798477173,,,0.706204354763031,
4bt9,,,,,
4btb,,,,,
4bti,,,,,
4btk,5.67481803894043,,,0.32671481370925903,
4btm,,,,,
4btt,,,,,
4btu,,,,,
4btw,,,,,
4buq,,,,,
4bv2,,,,,
4bvb,2.188774585723877,,,0.663476288318634,
4bw1,0.8510587811470032,,,0.8683205842971802,
4bw2,1.694555401802063,,,0.6514026522636414,
4bw3,0.9325536489486694,,,0.8242904543876648,
4bw4,2.391033411026001,,,0.5940629243850708,
4bxn,,,,,
4bxu,,,,,
4byi,,,,,
4byj,1.3581384420394897,,,0.813365638256073,
4bzn,,,,,
4bzo,,,,,
4c0r,,,,,
4c16,,,,,
4c1d,,,,,
4c1e,,,,,
4c1f,5.507041931152344,,,0.23966026306152344,
4c1g,5.923234939575195,,,0.22800278663635254,
4c1h,2.243786334991455,,,0.5913621187210083,
4c1t,,,,,
4c1u,,,,,
4c1w,,,,,
4c1y,,,,,
4c36,2.3880975246429443,,,0.658528208732605,
4c37,2.1567842960357666,,,0.6113112568855286,
4c38,1.6587508916854858,,,0.7409018874168396,
4c3k,,,,,
4c4f,1.9035956859588623,,,0.7306231260299683,
4c4g,3.7432894706726074,,,0.5453001260757446,
4c4n,,,,,
4c5w,5.503927230834961,,,0.31969204545021057,
4c66,2.2689743041992188,,,0.6653508543968201,
4c68,,,,,
4c6u,3.561540126800537,,,0.4649621248245239,
4c6v,4.538728713989258,,,0.38807785511016846,
4c6x,,,,,
4c6z,,,,,
4c70,,,,,
4c72,,,,,
4c73,,,,,
4c94,,,,,
4c9x,3.119943380355835,,,0.5019823908805847,
4ca4,,,,,
4ca6,,,,,
4ca7,3.928975820541382,,,0.4319796860218048,
4cae,,,,,
4cby,,,,,
4cc2,,,,,
4cc3,,,,,
4cc5,,,,,
4cc7,,,,,
4ccd,1.6340892314910889,,,0.7540603280067444,
4cd4,,,,,
4cd5,,,,,
4cd6,,,,,
4cd8,,,,,
4cdr,,,,,
4ce2,1.1049251556396484,,,0.8495867848396301,
4ceb,,,,,
4cff,,,,,
4cgi,,,,,
4cgj,,,,,
4ci2,4.321844100952148,,,0.41232559084892273,
4ci3,6.788602828979492,,,0.31105807423591614,
4cig,,,,,
4cik,7.029697418212891,,,0.27789855003356934,
4civ,3.5661299228668213,,,0.4470858871936798,
4ciw,3.9024834632873535,,,0.41885143518447876,
4cix,3.7581708431243896,,,0.49170616269111633,
4ciy,,,,,
4ciz,3.5242557525634766,,,0.4613686501979828,
4cj4,,,,,
4cjp,,,,,
4cjq,,,,,
4cjr,,,,,
4cki,1.0976667404174805,,,0.8123827576637268,
4ckr,5.48034143447876,,,0.3171965181827545,
4cku,,,,,
4cl6,,,,,
4cli,1.6990175247192383,,,0.7688614726066589,
4clj,1.9668174982070923,,,0.6998714804649353,
4cmo,,,,,
4cnh,,,,,
4cp7,,,,,
4cpr,,,,,
4cpt,,,,,
4cpw,2.1686882972717285,,,0.6632546782493591,
4cpx,,,,,
4cpy,,,,,
4cqe,,,,,
4cqf,,,,,
4cqg,6.368252277374268,,,0.3342975080013275,
4cr9,3.3614418506622314,,,0.5196488499641418,
4cra,,,,,
4crd,3.658432960510254,,,0.49412021040916443,
4crf,9.212864875793457,,,0.17217302322387695,
4crl,2.9713189601898193,,,0.5278058648109436,
4csd,,,,,
4css,,,,,
4cst,,,,,
4csy,,,,,
4ctj,20.371219635009766,,,0.0,
4cu7,2.78792405128479,,,0.5821850299835205,
4cu8,2.9242143630981445,,,0.5528932809829712,
4cwf,4.024394989013672,,,0.45301419496536255,
4cwr,2.2501840591430664,,,0.6911982297897339,
4cws,6.268304824829102,,,0.31237271428108215,
4cxw,1.9410004615783691,,,0.7292899489402771,
4cxx,4.472682952880859,,,0.4003378450870514,
4cxy,6.455538749694824,,,0.24296142160892487,
4cy1,,,,,
4d08,,,,,
4d09,,,,,
4d0w,3.7899744510650635,,,0.48013246059417725,
4d1b,3.0280351638793945,,,0.5391337275505066,
4d1c,4.915873050689697,,,0.3515348434448242,
4d1d,,,,,
4d1j,,,,,
4d1s,,,,,
4d1y,,,,,
4d2d,,,,,
4d2r,5.731564044952393,,,0.2766570746898651,
4d2s,5.203311443328857,,,0.34733399748802185,
4d2t,,,,,
4d4d,,,,,
4d52,,,,,
4d62,37.3033332824707,,,0.0,
4d63,,,,,
4d83,,,,,
4d88,,,,,
4d89,,,,,
4d8c,,,,,
4d8i,,,,,
4d8s,2.561558485031128,,,0.5723350048065186,
4d8z,,,,,
4d9p,,,,,
4da5,,,,,
4daf,,,,,
4dai,,,,,
4db7,,,,,
4dbn,,,,,
4dcd,6.327504634857178,,,0.28449052572250366,
4dce,,,,,
4dcs,31.95009422302246,,,0.0,
4dcv,16.898038864135742,,,0.003683241317048669,
4ddk,,,,,
4ddy,,,,,
4de0,,,,,
4de3,,,,,
4de5,,,,,
4de7,1.853115439414978,,,0.7127948999404907,
4deh,6.280783653259277,,,0.20062240958213806,
4dei,1.3168703317642212,,,0.8693627715110779,
4del,4.028910160064697,,,0.41508689522743225,
4deu,,,,,
4dfb,,,,,
4dff,,,,,
4dfu,,,,,
4dfw,,,,,
4dgb,,,,,
4dgg,,,,,
4dgr,,,,,
4dhl,,,,,
4dhm,,,,,
4dho,,,,,
4dhp,,,,,
4dhq,,,,,
4dhr,8.990966796875,,,0.24370503425598145,
4dhs,,,,,
4dhu,7.9539618492126465,,,0.12881219387054443,
4dij,,,,,
4dj7,,,,,
4djh,,,,,
4djr,2.028740167617798,,,0.6298649907112122,
4djs,,,,,
4dko,,,,,
4dkp,,,,,
4dkt,,,,,
4dld,,,,,
4dli,,,,,
4dmw,4.345132350921631,,,0.3883495032787323,
4dn0,,,,,
4do4,,,,,
4do5,,,,,
4dow,,,,,
4dpy,,,,,
4dq2,,,,,
4dr9,,,,,
4drm,,,,,
4drn,,,,,
4dro,,,,,
4drp,,,,,
4ds1,,,,,
4dst,1.8885929584503174,,,0.7155172228813171,
4dsy,11.839303016662598,,,0.009595436044037342,
4dt2,,,,,
4dtk,5.044548988342285,,,0.36587390303611755,
4dtt,,,,,
4du8,,,,,
4dv9,,,,,
4dve,,,,,
4dvi,,,,,
4dwb,3.211106777191162,,,0.5169642567634583,
4dwk,,,,,
4dx9,,,,,
4dxg,,,,,
4dy6,8.239274024963379,,,0.12052160501480103,
4dzy,3.019319772720337,,,0.5311475396156311,
4e0w,5.609984874725342,,,0.2869170904159546,
4e0x,,,,,
4e1z,1.495255470275879,,,0.7795992493629456,
4e34,,,,,
4e35,,,,,
4e3f,,,,,
4e3g,3.63152813911438,,,0.46645569801330566,
4e3i,,,,,
4e3j,,,,,
4e3k,,,,,
4e3l,,,,,
4e3o,,,,,
4e49,,,,,
4e4a,2.800297737121582,,,0.5704225301742554,
4e4l,,,,,
4e4n,,,,,
4e5d,6.950091361999512,,,0.30270126461982727,
4e5f,,,,,
4e5g,,,,,
4e5h,30.597990036010742,,,0.0,
4e5j,,,,,
4e5w,,,,,
4e67,,,,,
4e6c,4.186252117156982,,,0.4165129065513611,
4e6d,,,,,
4e6q,,,,,
4e70,,,,,
4e81,,,,,
4e8w,,,,,
4e90,,,,,
4e96,2.9840574264526367,,,0.532421886920929,
4e9c,,,,,
4e9d,,,,,
4e9u,8.483694076538086,,,0.2592281997203827,
4ea1,4.742018222808838,,,0.3974435329437256,
4ea2,,,,,
4ea3,,,,,
4eb9,,,,,
4ec0,4.959871768951416,,,0.346120685338974,
4ec4,,,,,
4ede,12.281913757324219,,,0.07301587611436844,
4edz,,,,,
4eeh,1.6146928071975708,,,0.7288428544998169,
4eej,,,,,
4eev,7.408720016479492,,,0.24027185142040253,
4ef6,,,,,
4efg,13.479451179504395,,,0.046834900975227356,
4efk,,,,,
4efs,2.485076665878296,,,0.6003772020339966,
4eft,3.8149161338806152,,,0.46205058693885803,
4efu,1.5583126544952393,,,0.7968961000442505,
4egh,2.426922559738159,,,0.5736648440361023,
4egi,3.0126864910125732,,,0.5719696879386902,
4egk,1.926507592201233,,,0.6834704875946045,
4eh3,7.7390828132629395,,,0.15892484784126282,
4eh4,9.891142845153809,,,0.13602443039417267,
4eh6,3.4359843730926514,,,0.4406854212284088,
4eh7,7.78781795501709,,,0.2122781127691269,
4eh8,,,,,
4ehe,,,,,
4ehm,5.399714469909668,,,0.2431224137544632,
4ehr,,,,,
4ehv,,,,,
4ehz,,,,,
4ei4,,,,,
4ej2,3.4759998321533203,,,0.48698630928993225,
4ej8,21.459388732910156,,,0.0,
4ejf,,,,,
4eke,,,,,
4eki,4.212159633636475,,,0.40052762627601624,
4eky,2.836150884628296,,,0.5438095331192017,
4el0,,,,,
4el5,1.543102502822876,,,0.702570378780365,
4el9,,,,,
4elb,,,,,
4ele,,,,,
4elf,,,,,
4elg,,,,,
4elh,,,,,
4em7,8.352681159973145,,,0.26484018564224243,
4emt,4.929914474487305,,,0.32418856024742126,
4en4,,,,,
4eny,6.299204349517822,,,0.2590392529964447,
4eo4,,,,,
4eo6,,,,,
4eo8,,,,,
4eoi,,,,,
4eol,,,,,
4eon,,,,,
4eop,,,,,
4eos,,,,,
4eox,2.8755085468292236,,,0.6103174686431885,
4epy,4.670995712280273,,,0.422830730676651,
4eqj,,,,,
4er2,,,,,
4er4,,,,,
4ere,,,,,
4erk,3.1970884799957275,,,0.5952380895614624,
4erq,,,,,
4ery,,,,,
4erz,,,,,
4es0,,,,,
4esg,,,,,
4est,,,,,
4etz,,,,,
4eu0,5.6017937660217285,,,0.28316327929496765,
4eu3,22.594829559326172,,,0.0,
4euc,,,,,
4euo,3.3111772537231445,,,0.5282663106918335,
4euv,6.5087480545043945,,,0.21791666746139526,
4ew3,,,,,
4ewn,,,,,
4ewr,,,,,
4exg,2.2089316844940186,,,0.6593835949897766,
4exh,,,,,
4exs,,,,,
4exz,14.352742195129395,,,0.022361360490322113,
4eyj,6.241543769836426,,,0.33899614214897156,
4eym,10.863472938537598,,,0.158786803483963,
4eyr,,,,,
4ezj,2.239802360534668,,,0.6561497449874878,
4ezo,,,,,
4ezq,,,,,
4ezr,,,,,
4ezw,,,,,
4ezx,,,,,
4ezy,,,,,
4ezz,,,,,
4f08,,,,,
4f09,0.9633787274360657,,,0.8509345650672913,
4f0c,,,,,
4f14,,,,,
4f1q,,,,,
4f20,,,,,
4f2w,,,,,
4f39,3.7238287925720215,,,0.45270270109176636,
4f3i,0.9534511566162109,,,0.8664020895957947,
4f49,,,,,
4f4p,2.270382881164551,,,0.6509316563606262,
4f5y,6.460360050201416,,,0.17884738743305206,
4f64,,,,,
4f6s,3.767265796661377,,,0.49039581418037415,
4f6u,3.922436237335205,,,0.46004098653793335,
4f7j,2.4468822479248047,,,0.6017646789550781,
4f7l,,,,,
4f7n,3.509234666824341,,,0.4327712059020996,
4f8h,,,,,
4f9g,4.4956817626953125,,,0.31983694434165955,
4f9u,,,,,
4f9v,,,,,
4f9w,6.016660690307617,,,0.2580924928188324,
4fai,,,,,
4fbe,,,,,
4fbx,,,,,
4fcf,,,,,
4fcm,,,,,
4fcq,1.6258488893508911,,,0.7376203536987305,
4fe9,,,,,
4fem,,,,,
4fev,,,,,
4few,,,,,
4ffs,4.84588098526001,,,0.3597407937049866,
4fgt,,,,,
4fgx,,,,,
4fgz,,,,,
4fhh,1.2620620727539062,,,0.8243640065193176,
4fhi,1.4009513854980469,,,0.7634061574935913,
4fht,,,,,
4fi9,,,,,
4fic,,,,,
4fiv,,,,,
4fk6,,,,,
4fkk,4.007440090179443,,,0.42665037512779236,
4fl1,2.445258378982544,,,0.7100155353546143,
4fl2,2.840538740158081,,,0.5295074582099915,
4fl3,2.749486207962036,,,0.5556358098983765,
4fli,4.97409200668335,,,0.40628141164779663,
4flj,3.6176517009735107,,,0.44366195797920227,
4flk,2.584470510482788,,,0.5552858710289001,
4fm7,5.042491436004639,,,0.28490719199180603,
4fm8,4.517124176025391,,,0.34678900241851807,
4fmn,,,,,
4fmo,,,,,
4fmq,,,,,
4fmu,,,,,
4fnn,6.94373083114624,,,0.05364173278212547,
4fns,,,,,
4fny,1.812210202217102,,,0.6943916082382202,
4fnz,10.37180233001709,,,0.10066105425357819,
4fob,,,,,
4fp1,,,,,
4frj,2.361802577972412,,,0.6224315166473389,
4frk,,,,,
4ft2,,,,,
4fvq,2.866527795791626,,,0.517333984375,
4fvr,2.6191351413726807,,,0.6143473386764526,
4fxf,,,,,
4fxj,,,,,
4fxp,,,,,
4fxq,,,,,
4fxz,3.1821627616882324,,,0.5227272510528564,
4fyh,,,,,
4fz3,,,,,
4fzc,,,,,
4fzg,,,,,
4fzj,,,,,
4g0a,,,,,
4g0k,,,,,
4g0l,,,,,
4g0p,3.2118825912475586,,,0.5181086659431458,
4g0q,3.235459566116333,,,0.5254237055778503,
4g0y,1.4591939449310303,,,0.8143203854560852,
4g0z,4.005056858062744,,,0.4214145243167877,
4g11,2.898782968521118,,,0.5786917209625244,
4g19,,,,,
4g2f,1.4126580953598022,,,0.7766203880310059,
4g2l,,,,,
4g2y,1.1231821775436401,,,0.846182107925415,
4g3g,4.403909683227539,,,0.4006539285182953,
4g4p,6.620029449462891,,,0.25069931149482727,
4g5f,,,,,
4g5y,,,,,
4g68,,,,,
4g8l,,,,,
4g8m,,,,,
4g8n,5.393825054168701,,,0.32564449310302734,
4g8o,26.92875862121582,,,0.0,
4g8r,,,,,
4g8v,18.440345764160156,,,0.0,
4g8y,15.05681324005127,,,0.008105802349746227,
4g90,17.76586151123047,,,0.0018136160215362906,
4gao,,,,,
4gby,,,,,
4gbz,,,,,
4ge1,,,,,
4ge2,,,,,
4ge4,,,,,
4gee,3.503887176513672,,,0.4778386354446411,
4gfd,,,,,
4gfm,2.417645215988159,,,0.6037808656692505,
4gfn,5.383594036102295,,,0.29931971430778503,
4gfo,1.9879571199417114,,,0.7379518151283264,
4ggz,,,,,
4ght,,,,,
4gid,,,,,
4gih,4.708054065704346,,,0.33379271626472473,
4gii,1.5788823366165161,,,0.7664872407913208,
4gj2,,,,,
4gj3,,,,,
4gj7,,,,,
4gj8,,,,,
4gjb,,,,,
4gk7,,,,,
4gkc,,,,,
4gly,,,,,
4gm8,,,,,
4gmc,43.73906326293945,,,0.0,
4gmy,6.422243595123291,,,0.23654823005199432,
4gne,,,,,
4gnf,,,,,
4gng,,,,,
4gny,4.81900691986084,,,0.3787878751754761,
4gpk,,,,,
4gq4,1.381746768951416,,,0.7532894611358643,
4gql,,,,,
4gqq,,,,,
4gr0,2.888296604156494,,,0.5863039493560791,
4gr3,,,,,
4gr8,2.9406464099884033,,,0.5400904417037964,
4gs8,,,,,
4gsy,,,,,
4guj,,,,,
4gv8,,,,,
4gvd,,,,,
4gvm,17.826290130615234,,,0.0,
4gw1,,,,,
4gw5,,,,,
4gw6,16.576181411743164,,,0.0024429967161267996,
4gw8,2.149041175842285,,,0.6560283899307251,
4gwi,,,,,
4gwk,,,,,
4gxl,,,,,
4gxs,,,,,
4gy5,,,,,
4gz3,,,,,
4gzp,,,,,
4gzt,,,,,
4gzw,,,,,
4gzx,,,,,
4h1j,4.306911945343018,,,0.425109326839447,
4h1m,6.467135906219482,,,0.27556002140045166,
4h2m,,,,,
4h36,,,,,
4h38,,,,,
4h39,,,,,
4h3a,,,,,
4h3b,,,,,
4h3c,,,,,
4h3q,,,,,
4h42,3.3174638748168945,,,0.6118197441101074,
4h4d,,,,,
4h4e,,,,,
4h4m,3.820772171020508,,,0.429229199886322,
4h5e,3.461346387863159,,,0.4549180269241333,
4h71,20.422462463378906,,,0.0,
4h75,,,,,
4h7q,1.6128499507904053,,,0.7604712247848511,
4h81,4.56113862991333,,,0.3970375657081604,
4h85,2.557955741882324,,,0.5944835543632507,
4hbm,,,,,
4hbn,0.5715771913528442,,,0.9682910442352295,
4hbp,,,,,
4hbv,1.53672456741333,,,0.6948423981666565,
4hbw,1.9426333904266357,,,0.7158848643302917,
4hby,1.6102737188339233,,,0.7442827224731445,
4hco,19.081586837768555,,,0.0,
4hcu,4.884838581085205,,,0.42652174830436707,
4hcv,5.215892791748047,,,0.443308562040329,
4hcz,,,,,
4hdc,,,,,
4hej,3.0789811611175537,,,0.4811912178993225,
4hev,,,,,
4hfz,,,,,
4hg7,6.560604572296143,,,0.2243880331516266,
4hgc,,,,,
4hgl,,,,,
4hgs,3.0343735218048096,,,0.5295193195343018,
4hgt,,,,,
4hhy,,,,,
4hhz,,,,,
4hkp,,,,,
4hlc,,,,,
4hld,,,,,
4hlg,,,,,
4hlm,,,,,
4hmk,,,,,
4hn2,,,,,
4hni,,,,,
4hnn,,,,,
4hnp,,,,,
4hod,,,,,
4hp0,,,,,
4hpi,,,,,
4hpy,,,,,
4hra,,,,,
4hrc,,,,,
4hrd,,,,,
4hs6,,,,,
4hs8,,,,,
4hso,,,,,
4ht0,2.737820625305176,,,0.6460948586463928,
4ht2,,,,,
4ht6,,,,,
4htp,,,,,
4htx,,,,,
4hu1,,,,,
4hva,,,,,
4hvb,6.573766231536865,,,0.25999999046325684,
4hvd,4.272586345672607,,,0.449664443731308,
4hvh,,,,,
4hvi,5.226840019226074,,,0.31476685404777527,
4hvs,2.7882473468780518,,,0.5478636026382446,
4hw7,11.60344409942627,,,0.16566690802574158,
4hwr,,,,,
4hwt,,,,,
4hxj,,,,,
4hxl,3.3968560695648193,,,0.5675765872001648,
4hxm,2.4196760654449463,,,0.6799834966659546,
4hxs,8.088648796081543,,,0.33144477009773254,
4hxw,2.3589556217193604,,,0.6439393758773804,
4hxz,,,,,
4hy1,,,,,
4hy5,,,,,
4hy9,,,,,
4hyb,,,,,
4hyf,,,,,
4hys,2.9166853427886963,,,0.5434210300445557,
4hz5,,,,,
4hzm,,,,,
4hzz,,,,,
4i0d,3.389253854751587,,,0.5303333401679993,
4i0f,6.249780178070068,,,0.1982538402080536,
4i0r,0.8560300469398499,,,0.9121405482292175,
4i0t,2.066359758377075,,,0.7035714387893677,
4i0z,2.8708930015563965,,,0.5380434989929199,
4i11,,,,,
4i12,2.599452495574951,,,0.5743589997291565,
4i1c,6.087353706359863,,,0.19680403172969818,
4i1r,,,,,
4i2w,,,,,
4i2z,,,,,
4i31,,,,,
4i32,,,,,
4i33,,,,,
4i3z,,,,,
4i47,2.8257737159729004,,,0.6050295829772949,
4i5c,,,,,
4i5m,3.4005093574523926,,,0.5102441310882568,
4i5p,1.431713342666626,,,0.7907066345214844,
4i6b,2.4093825817108154,,,0.5795254707336426,
4i6h,1.5573452711105347,,,0.7976952791213989,
4i6q,0.7557560801506042,,,0.9494906663894653,
4i73,,,,,
4i74,2.155735492706299,,,0.6397596597671509,
4i7b,,,,,
4i7d,,,,,
4i7j,,,,,
4i7k,,,,,
4i7l,,,,,
4i7m,,,,,
4i7p,,,,,
4i80,,,,,
4i8w,3.6242258548736572,,,0.4541180431842804,
4i9c,,,,,
4i9h,,,,,
4i9o,9.780214309692383,,,0.08894611895084381,
4i9r,9.58726692199707,,,0.14057043194770813,
4i9s,8.985174179077148,,,0.09490084648132324,
4i9u,,,,,
4iaw,,,,,
4iax,,,,,
4ib5,,,,,
4ibd,,,,,
4ibe,,,,,
4ibi,,,,,
4ibj,,,,,
4ibk,,,,,
4idn,,,,,
4ido,,,,,
4idt,,,,,
4idz,2.756392240524292,,,0.59382563829422,
4ie0,14.931008338928223,,,0.002699784003198147,
4ie5,3.052994966506958,,,0.5052419304847717,
4ie6,2.5354557037353516,,,0.5713315010070801,
4igk,,,,,
4igq,,,,,
4ih3,,,,,
4ih6,,,,,
4ih7,,,,,
4iho,,,,,
4iic,,,,,
4iid,,,,,
4iie,,,,,
4iif,,,,,
4ijh,,,,,
4ijl,,,,,
4ijp,,,,,
4ijq,,,,,
4ikn,,,,,
4iku,5.033548355102539,,,0.3787332773208618,
4imq,,,,,
4imz,,,,,
4in9,,,,,
4inb,7.346609592437744,,,0.1661660224199295,
4inh,,,,,
4io2,,,,,
4io3,,,,,
4io4,,,,,
4io5,,,,,
4io6,,,,,
4io7,,,,,
4ipi,,,,,
4ipj,2.8589022159576416,,,0.5113065242767334,
4ipn,,,,,
4ir5,5.236387252807617,,,0.35169491171836853,
4ir6,5.735130310058594,,,0.33602485060691833,
4irx,,,,,
4is6,,,,,
4isu,,,,,
4ith,,,,,
4iti,,,,,
4itp,2.4637835025787354,,,0.6207770109176636,
4iu1,2.2582907676696777,,,0.6235902309417725,
4iur,,,,,
4iut,,,,,
4iuu,,,,,
4iuv,,,,,
4iva,0.7990266680717468,,,0.9240506291389465,
4ivb,,,,,
4ivc,,,,,
4ivd,,,,,
4ivk,,,,,
4iwd,2.6907477378845215,,,0.5863008499145508,
4iwz,3.1762256622314453,,,0.5185810923576355,
4iz0,,,,,
4izm,,,,,
4j03,,,,,
4j04,,,,,
4j06,,,,,
4j09,,,,,
4j0a,41.766807556152344,,,0.0,
4j0p,4.254840850830078,,,0.39945653080940247,
4j0r,3.9843335151672363,,,0.4178403615951538,
4j0s,1.3931043148040771,,,0.8180851340293884,
4j0y,6.07038688659668,,,0.2799733579158783,
4j0z,6.581450462341309,,,0.25346919894218445,
4j17,7.493108749389648,,,0.241410493850708,
4j1e,7.214029788970947,,,0.26738762855529785,
4j1h,7.567962169647217,,,0.21609099209308624,
4j26,,,,,
4j2c,,,,,
4j2t,,,,,
4j3i,1.4367759227752686,,,0.7744510769844055,
4j3j,,,,,
4j3u,,,,,
4j44,,,,,
4j45,,,,,
4j46,,,,,
4j47,,,,,
4j48,,,,,
4j52,2.684704542160034,,,0.601396918296814,
4j5d,5.941781520843506,,,0.2751780152320862,
4j5e,4.6721320152282715,,,0.3765294849872589,
4j73,,,,,
4j74,,,,,
4j77,,,,,
4j78,,,,,
4j79,,,,,
4j7d,5.509995937347412,,,0.305715948343277,
4j7i,,,,,
4j82,,,,,
4j84,,,,,
4j86,,,,,
4j8b,,,,,
4j8g,,,,,
4j8r,,,,,
4j8t,,,,,
4j93,6.779096603393555,,,0.20776699483394623,
4j9a,,,,,
4jaz,25.40389633178711,,,0.0,
4jbl,4.537245750427246,,,0.27912187576293945,
4jbp,3.870887279510498,,,0.4451219439506531,
4jbs,,,,,
4jc1,,,,,
4jck,,,,,
4jda,,,,,
4jdf,4.683004856109619,,,0.401500940322876,
4je7,,,,,
4je8,,,,,
4jfd,,,,,
4jfe,,,,,
4jff,,,,,
4jfi,,,,,
4jfj,3.5468668937683105,,,0.46927711367607117,
4jfk,,,,,
4jfl,,,,,
4jfm,6.820294380187988,,,0.23693086206912994,
4jfx,,,,,
4jg0,,,,,
4jg1,,,,,
4jg6,,,,,
4jg8,,,,,
4jgv,21.12356948852539,,,0.014906303025782108,
4jh0,,,,,
4jhz,,,,,
4jib,,,,,
4jin,7.3947834968566895,,,0.22795070707798004,
4jit,,,,,
4jiz,,,,,
4jj8,,,,,
4jje,,,,,
4jjq,,,,,
4jjs,42.18595886230469,,,0.0,
4jk5,,,,,
4jk6,,,,,
4jkt,,,,,
4jkw,3.9094228744506836,,,0.4237288236618042,
4jlg,,,,,
4jlj,,,,,
4jlm,,,,,
4jln,,,,,
4jls,,,,,
4jmx,3.369537830352783,,,0.496942937374115,
4jn4,,,,,
4jne,,,,,
4jnj,,,,,
4jog,,,,,
4joh,,,,,
4jpa,,,,,
4jps,3.2335121631622314,,,0.5257558822631836,
4jpy,2.5987253189086914,,,0.5769598484039307,
4jql,2.7895848751068115,,,0.5185589790344238,
4jr0,,,,,
4jr5,,,,,
4jsa,,,,,
4jsc,,,,,
4jsr,3.131866693496704,,,0.5157415270805359,
4jss,1.096047282218933,,,0.8112033009529114,
4jt8,3.9392333030700684,,,0.4635325074195862,
4jt9,2.351327419281006,,,0.6388286352157593,
4ju3,,,,,
4ju6,38.63313293457031,,,0.0,
4ju7,38.633155822753906,,,0.0,
4jv7,5.317241668701172,,,0.3304321765899658,
4jv8,,,,,
4jve,8.900701522827148,,,0.1404230296611786,
4jvi,4.623230457305908,,,0.37698987126350403,
4jwr,,,,,
4jx9,,,,,
4jxs,21.255268096923828,,,0.0031025472562760115,
4jxv,,,,,
4jxw,,,,,
4jyb,,,,,
4jyc,,,,,
4jym,,,,,
4jyv,5.249238967895508,,,0.383114755153656,
4k0o,,,,,
4k0y,5.865496635437012,,,0.27788370847702026,
4k18,4.918747425079346,,,0.3417159616947174,
4k19,,,,,
4k1e,,,,,
4k2f,4.543921947479248,,,0.3533599078655243,
4k2g,6.111084461212158,,,0.2761506140232086,
4k2y,1.8593841791152954,,,0.7391067743301392,
4k3o,,,,,
4k3r,,,,,
4k42,,,,,
4k4e,,,,,
4k4j,1.6206374168395996,,,0.7177314162254333,
4k55,4.638308048248291,,,0.36075130105018616,
4k5l,2.3927664756774902,,,0.6224489808082581,
4k5o,2.8317461013793945,,,0.5920184850692749,
4k5y,,,,,
4k5z,2.9743893146514893,,,0.5738636255264282,
4k60,2.0382819175720215,,,0.6824776530265808,
4k63,,,,,
4k64,,,,,
4k66,,,,,
4k67,,,,,
4k6u,,,,,
4k6v,,,,,
4k6y,,,,,
4k72,,,,,
4k76,,,,,
4k77,,,,,
4k78,,,,,
4k7i,,,,,
4k7n,,,,,
4k7o,,,,,
4k8a,,,,,
4k8o,4.976696968078613,,,0.39542144536972046,
4k8s,,,,,
4k9g,,,,,
4k9h,,,,,
4k9y,2.0675058364868164,,,0.7051174640655518,
4kab,,,,,
4kax,3.0339837074279785,,,0.5211065411567688,
4kba,,,,,
4kbc,,,,,
4kbk,,,,,
4kby,3.6037163734436035,,,0.39697718620300293,
4kc1,,,,,
4kc2,,,,,
4kc4,,,,,
4kcg,,,,,
4keq,,,,,
4kfp,,,,,
4kif,,,,,
4kil,4.769670486450195,,,0.3931492865085602,
4kin,,,,,
4kip,,,,,
4kiq,,,,,
4kiw,,,,,
4kjv,,,,,
4klb,,,,,
4kln,,,,,
4km2,,,,,
4kmd,,,,,
4kn2,,,,,
4kn4,,,,,
4knb,,,,,
4kni,3.719332695007324,,,0.462062269449234,
4knm,,,,,
4knr,3.3910889625549316,,,0.504306435585022,
4knz,,,,,
4ko8,,,,,
4kod,,,,,
4kom,,,,,
4kon,,,,,
4kot,0.9629066586494446,,,0.8598684072494507,
4kow,,,,,
4kox,2.371583938598633,,,0.6007916927337646,
4kp0,2.1258749961853027,,,0.6886304616928101,
4kp4,,,,,
4kp8,,,,,
4kql,8.468387603759766,,,0.14563915133476257,
4kqp,,,,,
4krs,,,,,
4ks1,2.0079030990600586,,,0.6920034885406494,
4ks2,2.7746634483337402,,,0.5331885814666748,
4ks3,,,,,
4ks4,6.137395858764648,,,0.1985800415277481,
4ks5,,,,,
4ksp,,,,,
4ksq,,,,,
4ksy,7.292840480804443,,,0.1917259842157364,
4ktc,,,,,
4ktu,,,,,
4kv9,,,,,
4kva,,,,,
4kwf,,,,,
4kwg,,,,,
4kwp,2.777534008026123,,,0.64552241563797,
4kx8,,,,,
4kxb,3.9831748008728027,,,0.4366002082824707,
4kxl,,,,,
4kxm,,,,,
4kxn,,,,,
4kyh,7.146734237670898,,,0.135677307844162,
4kz0,2.9767110347747803,,,0.5252951383590698,
4kz3,,,,,
4kz6,25.04581069946289,,,0.0,
4kz7,,,,,
4kz8,,,,,
4kza,,,,,
4l10,,,,,
4l1a,,,,,
4l1u,,,,,
4l2k,,,,,
4l32,,,,,
4l3p,,,,,
4l4z,,,,,
4l50,,,,,
4l51,,,,,
4l52,1.2087955474853516,,,0.8235294222831726,
4l53,0.9961450695991516,,,0.8917560577392578,
4l58,,,,,
4l5j,,,,,
4l6q,,,,,
4l6t,,,,,
4l70,2.5767033100128174,,,0.5926998853683472,
4l7b,6.292294979095459,,,0.21409335732460022,
4l7c,,,,,
4l7d,,,,,
4l7f,,,,,
4l7g,5.035541534423828,,,0.30370602011680603,
4l7h,3.2013890743255615,,,0.5199324488639832,
4l7r,2.4361674785614014,,,0.6187580227851868,
4l8m,,,,,
4l9i,,,,,
4la7,4.031644344329834,,,0.3680426776409149,
4lar,1.9610207080841064,,,0.6397550106048584,
4lbl,,,,,
4lbo,,,,,
4lbp,11.412581443786621,,,0.11291912943124771,
4lbu,3.1598896980285645,,,0.5201056003570557,
4lc7,6.121793746948242,,,0.2809244692325592,
4led,,,,,
4len,,,,,
4lg6,,,,,
4lge,,,,,
4lgg,,,,,
4lgh,,,,,
4lgu,,,,,
4lh2,,,,,
4lh3,,,,,
4lh7,2.4942808151245117,,,0.5966312289237976,
4lhv,,,,,
4li0,,,,,
4li7,,,,,
4lil,3.9456191062927246,,,0.41636690497398376,
4lj5,5.625879287719727,,,0.29002514481544495,
4ljh,,,,,
4lk7,,,,,
4lke,,,,,
4lkg,,,,,
4lkh,4.6640777587890625,,,0.3743811845779419,
4lkj,,,,,
4lkk,,,,,
4lkl,,,,,
4lkm,,,,,
4lko,,,,,
4lkt,,,,,
4llj,9.303863525390625,,,0.10818307846784592,
4llp,,,,,
4llx,12.323628425598145,,,0.018537074327468872,
4lm2,12.841267585754395,,,0.0087890625,
4lm3,9.302674293518066,,,0.0981503576040268,
4lm4,14.099272727966309,,,0.02143845148384571,
4lm5,1.126587152481079,,,0.8561241626739502,
4lmu,0.904792070388794,,,0.9102023839950562,
4ln2,,,,,
4ln7,3.4279091358184814,,,0.550000011920929,
4lnb,,,,,
4lnf,41.13303756713867,,,0.0,
4lng,,,,,
4lno,,,,,
4lnp,,,,,
4loh,5.481560230255127,,,0.29192954301834106,
4loo,2.763709306716919,,,0.5324876308441162,
4lov,,,,,
4loy,,,,,
4lp0,3.654390811920166,,,0.45930755138397217,
4lp9,,,,,
4lpb,2.009024143218994,,,0.6908747553825378,
4lpf,2.3544232845306396,,,0.625,
4lps,,,,,
4lqg,,,,,
4lqy,3.0777854919433594,,,0.5032544136047363,
4lsj,,,,,
4luo,,,,,
4lv1,,,,,
4lv3,,,,,
4lv4,,,,,
4lvt,,,,,
4lwc,1.7535862922668457,,,0.7685045599937439,
4lwt,6.0982866287231445,,,0.29217687249183655,
4lwu,,,,,
4lwv,,,,,
4lxa,,,,,
4lxb,,,,,
4lxk,,,,,
4lxm,,,,,
4lxz,,,,,
4ly9,,,,,
4lyn,,,,,
4lys,5.414194583892822,,,0.2807351052761078,
4lzr,2.1822896003723145,,,0.6455094814300537,
4m0e,,,,,
4m0f,,,,,
4m0y,,,,,
4m0z,,,,,
4m12,,,,,
4m13,,,,,
4m14,,,,,
4m1j,3.2565250396728516,,,0.5288079380989075,
4m2r,,,,,
4m2u,1.0298213958740234,,,0.8603556752204895,
4m2v,1.9838889837265015,,,0.6964285969734192,
4m2w,1.8866459131240845,,,0.6941288113594055,
4m3e,3.4467852115631104,,,0.500356912612915,
4m3m,4.034960746765137,,,0.38787877559661865,
4m3p,,,,,
4m4q,5.158098220825195,,,0.3713977038860321,
4m5g,1.4360560178756714,,,0.8035961389541626,
4m5k,3.464608907699585,,,0.5504079461097717,
4m5l,1.7376232147216797,,,0.7726351618766785,
4m5n,,,,,
4m5r,,,,,
4m5u,5.403036594390869,,,0.3447631001472473,
4m6u,,,,,
4m7j,,,,,
4m7x,,,,,
4m7y,,,,,
4m84,1.6585177183151245,,,0.7659023404121399,
4m8e,1.314701795578003,,,0.8001285195350647,
4m8t,,,,,
4mao,,,,,
4mbi,1.3320748805999756,,,0.8383743166923523,
4mbl,1.9938020706176758,,,0.6842818260192871,
4mbp,,,,,
4mc1,,,,,
4mc2,,,,,
4mc6,3.3261613845825195,,,0.46402615308761597,
4mc9,,,,,
4mcb,,,,,
4mcc,,,,,
4md6,4.38909912109375,,,0.4262114465236664,
4mdq,,,,,
4mdt,,,,,
4men,4.109461307525635,,,0.4225628972053528,
4meo,6.387590408325195,,,0.24633699655532837,
4mep,2.56404185295105,,,0.6093260049819946,
4mex,,,,,
4mfe,,,,,
4mg6,,,,,
4mg8,,,,,
4mga,,,,,
4mgv,7.058417797088623,,,0.27215537428855896,
4mha,,,,,
4mhy,3.0268056392669678,,,0.5657327771186829,
4mhz,3.8003971576690674,,,0.45073530077934265,
4mi3,3.767730712890625,,,0.41643959283828735,
4mi6,,,,,
4mi9,3.2097551822662354,,,0.5130963325500488,
4mib,,,,,
4mic,3.8380849361419678,,,0.40464600920677185,
4mji,,,,,
4mk0,7.260997772216797,,,0.1702093929052353,
4mk1,,,,,
4mk2,4.602373123168945,,,0.32024434208869934,
4mk5,3.5540244579315186,,,0.4943566620349884,
4mk7,,,,,
4mk8,,,,,
4mk9,,,,,
4mlt,2.029463291168213,,,0.6837539672851562,
4mlx,1.8036787509918213,,,0.6919354796409607,
4mm4,,,,,
4mm5,2.253113269805908,,,0.6080508232116699,
4mm8,3.3311710357666016,,,0.4752293527126312,
4mm9,,,,,
4mma,,,,,
4mme,,,,,
4mmf,,,,,
4mmm,,,,,
4mmp,1.7792885303497314,,,0.6770833134651184,
4mn3,,,,,
4mnp,2.1743111610412598,,,0.6105149984359741,
4mnq,,,,,
4mnva,,,,,
4mnvb,,,,,
4mnw,,,,,
4mnx,,,,,
4mny,,,,,
4mot,2.7063114643096924,,,0.5579010844230652,
4mp2,8.816764831542969,,,0.11376634240150452,
4mpe,9.005104064941406,,,0.15690375864505768,
4mq1,,,,,
4mq2,,,,,
4mr4,7.2691969871521,,,0.28020963072776794,
4mr5,2.151064395904541,,,0.6627172231674194,
4mr6,4.522600173950195,,,0.49261602759361267,
4mrd,,,,,
4mrf,5.653750896453857,,,0.2351752072572708,
4mrg,4.965786933898926,,,0.3298525810241699,
4mrh,16.165485382080078,,,0.0038363172207027674,
4mrw,13.903145790100098,,,0.012564432807266712,
4mss,,,,,
4mvn,,,,,
4mw9,39.95109939575195,,,0.0,
4mwq,1.5336534976959229,,,0.7490757703781128,
4mww,1.894930124282837,,,0.668008029460907,
4mx5,0.7034227848052979,,,0.9469572305679321,
4mx9,2.3623273372650146,,,0.6612740159034729,
4mxa,3.5864439010620117,,,0.5066603422164917,
4mxc,2.9557058811187744,,,0.5211789011955261,
4my6,,,,,
4myd,,,,,
4myh,,,,,
4myq,1.1000410318374634,,,0.8219947218894958,
4mz4,,,,,
4mz5,,,,,
4mz6,,,,,
4mzh,,,,,
4mzj,,,,,
4mzk,,,,,
4mzl,,,,,
4mzo,,,,,
4mzs,,,,,
4n07,,,,,
4n1b,,,,,
4n1t,1.101011037826538,,,0.8407562971115112,
4n5d,3.474565267562866,,,0.5197368264198303,
4n5g,,,,,
4n5t,,,,,
4n6g,2.9362401962280273,,,0.6042296290397644,
4n6h,5.834188938140869,,,0.293417364358902,
4n6y,,,,,
4n7g,,,,,
4n7h,,,,,
4n7j,4.763538837432861,,,0.38411667943000793,
4n7u,3.86934757232666,,,0.4568527936935425,
4n7y,,,,,
4n84,,,,,
4n8d,,,,,
4n8e,,,,,
4n98,29.672372817993164,,,0.0,
4n9e,,,,,
4na4,,,,,
4nah,,,,,
4nak,9.767290115356445,,,0.09573361277580261,
4nal,6.6446027755737305,,,0.2003631889820099,
4nat,,,,,
4ncg,,,,,
4ncn,,,,,
4ndu,,,,,
4ngm,,,,,
4ngn,,,,,
4ngp,,,,,
4ngq,,,,,
4ngr,4.84540319442749,,,0.33271437883377075,
4ngt,,,,,
4nh8,1.0489386320114136,,,0.8503627777099609,
4nhc,,,,,
4nhx,3.761256456375122,,,0.4377802610397339,
4nhy,,,,,
4nie,,,,,
4nj3,7.763322830200195,,,0.17573800683021545,
4nka,,,,,
4nkt,,,,,
4nl1,,,,,
4nld,,,,,
4nmo,,,,,
4nmp,,,,,
4nmq,,,,,
4nmr,,,,,
4nms,,,,,
4nmv,,,,,
4nni,,,,,
4nnn,,,,,
4nnr,,,,,
4nnw,,,,,
4no1,,,,,
4no6,,,,,
4no8,,,,,
4no9,,,,,
4non,,,,,
4np2,3.354450225830078,,,0.4576822817325592,
4np3,,,,,
4np9,,,,,
4npv,2.1478817462921143,,,0.6000791192054749,
4nq6,1.7736271619796753,,,0.7164556980133057,
4nra,1.2350490093231201,,,0.8088235259056091,
4nrk,,,,,
4nrl,,,,,
4nrm,,,,,
4nro,3.0261337757110596,,,0.5524861812591553,
4nrp,4.6668524742126465,,,0.36373627185821533,
4nrq,5.806896209716797,,,0.33062976598739624,
4nrt,15.18956184387207,,,0.009840674698352814,
4nud,2.045219898223877,,,0.6946022510528564,
4nue,4.159040451049805,,,0.5132575631141663,
4nuf,,,,,
4nus,3.164168357849121,,,0.48179349303245544,
4nvq,,,,,
4nw5,4.543993949890137,,,0.3928571343421936,
4nw7,4.267805099487305,,,0.43592965602874756,
4nwd,,,,,
4nwk,,,,,
4nxr,,,,,
4nxs,,,,,
4nxu,,,,,
4nxv,,,,,
4ny3,,,,,
4nyf,18.22121810913086,,,0.001261918107047677,
4nyi,,,,,
4nyj,,,,,
4nyt,25.130199432373047,,,0.0,
4nzm,,,,,
4nzn,,,,,
4nzo,,,,,
4o04,1.6183668375015259,,,0.7681686282157898,
4o05,1.2863737344741821,,,0.8388888835906982,
4o07,1.2422927618026733,,,0.8329545259475708,
4o09,,,,,
4o0b,2.323333740234375,,,0.6328633427619934,
4o0r,13.81814956665039,,,0.02905518375337124,
4o0z,,,,,
4o1d,,,,,
4o1l,,,,,
4o2b,,,,,
4o2c,,,,,
4o2e,,,,,
4o2f,,,,,
4o2p,,,,,
4o36,,,,,
4o3a,,,,,
4o3b,5.67861795425415,,,0.2842368185520172,
4o3c,5.18377161026001,,,0.3251718282699585,
4o3t,,,,,
4o44,9.586005210876465,,,0.2552114427089691,
4o45,,,,,
4o4y,,,,,
4o61,,,,,
4o62,,,,,
4o71,,,,,
4o72,,,,,
4o74,,,,,
4o75,,,,,
4o78,,,,,
4o7a,,,,,
4o7d,4.359129905700684,,,0.38197675347328186,
4o91,5.105701923370361,,,0.35642316937446594,
4o9w,,,,,
4oag,,,,,
4oak,,,,,
4ob0,3.110823392868042,,,0.5060241222381592,
4ob1,2.402604103088379,,,0.5450160503387451,
4ob2,2.330939292907715,,,0.6122950911521912,
4oba,,,,,
4obp,6.401796340942383,,,0.23139312863349915,
4obq,2.0027196407318115,,,0.702296793460846,
4oc0,,,,,
4oc1,,,,,
4oc2,2.7175891399383545,,,0.5701069235801697,
4oc3,3.8712446689605713,,,0.44819238781929016,
4oc4,,,,,
4oc5,4.955694675445557,,,0.3531985580921173,
4occ,,,,,
4ock,2.621492862701416,,,0.5633960366249084,
4ocp,3.037768840789795,,,0.5284090638160706,
4ocq,4.732882022857666,,,0.35922330617904663,
4oct,,,,,
4ocv,3.3217601776123047,,,0.4655485153198242,
4od7,,,,,
4ode,6.45042085647583,,,0.21695064008235931,
4odf,7.055402755737305,,,0.20081061124801636,
4odk,,,,,
4odl,,,,,
4odp,,,,,
4odq,,,,,
4oee,,,,,
4oeg,,,,,
4oel,,,,,
4oem,,,,,
4oeu,,,,,
4oew,2.529386043548584,,,0.5683842301368713,
4ofb,,,,,
4ofl,,,,,
4og3,5.937568187713623,,,0.31700679659843445,
4og4,4.474276065826416,,,0.35089531540870667,
4og5,,,,,
4og7,4.529719829559326,,,0.28765571117401123,
4og8,,,,,
4ogi,,,,,
4ogn,7.315086364746094,,,0.17255759239196777,
4ogt,6.8158416748046875,,,0.18469154834747314,
4ogv,,,,,
4oi6,2.6934237480163574,,,0.5545112490653992,
4ok3,18.547250747680664,,,0.021353166550397873,
4okp,19.7921085357666,,,0.0,
4olc,,,,,
4old,,,,,
4omj,,,,,
4omk,,,,,
4onf,,,,,
4ono,,,,,
4oo9,6.667901515960693,,,0.22821350395679474,
4ool,,,,,
4oon,,,,,
4oow,24.422767639160156,,,0.0,
4oq3,,,,,
4oq5,,,,,
4oq6,,,,,
4or6,,,,,
4oru,,,,,
4orx,13.585339546203613,,,0.09910929948091507,
4ory,,,,,
4os1,,,,,
4os2,,,,,
4os4,,,,,
4os5,,,,,
4os6,,,,,
4os7,,,,,
4osf,,,,,
4otw,3.1081340312957764,,,0.46542802453041077,
4ou3,,,,,
4oue,,,,,
4ouj,,,,,
4ov5,,,,,
4ovf,,,,,
4ow0,,,,,
4oya,,,,,
4oyb,,,,,
4oyi,,,,,
4oym,,,,,
4oyo,,,,,
4oys,2.0836942195892334,,,0.6765645146369934,
4oyt,,,,,
4oz2,4.311932563781738,,,0.3186758756637573,
4oz3,,,,,
4ozj,9.242599487304688,,,0.1216171607375145,
4ozl,7.038506507873535,,,0.287193238735199,
4ozn,,,,,
4p0a,,,,,
4p0b,,,,,
4p0v,6.0329060554504395,,,0.2672897279262543,
4p0w,4.565782070159912,,,0.3635084331035614,
4p0x,,,,,
4p10,,,,,
4p3h,,,,,
4p45,3.7115211486816406,,,0.4632892906665802,
4p4d,2.347979784011841,,,0.6706660389900208,
4p4e,2.5903236865997314,,,0.5700183510780334,
4p4j,2.3545236587524414,,,0.6109022498130798,
4p4t,7.916221618652344,,,0.24878837168216705,
4p58,3.3270599842071533,,,0.5323795080184937,
4p6c,,,,,
4p6g,,,,,
4p6w,2.6518824100494385,,,0.5730268359184265,
4p6x,,,,,
4p73,,,,,
4p74,,,,,
4p75,,,,,
4p90,,,,,
4pax,2.19987154006958,,,0.6414473652839661,
4pb1,7.827938079833984,,,0.21624472737312317,
4pb2,4.167205333709717,,,0.3815789520740509,
4pce,3.224029302597046,,,0.45018115639686584,
4pci,2.2661406993865967,,,0.667977511882782,
4pcs,,,,,
4pct,,,,,
4pd5,6.47861909866333,,,0.23744292557239532,
4pd6,4.477839946746826,,,0.3731454014778137,
4pd7,4.3563432693481445,,,0.3692660629749298,
4pd8,3.3582684993743896,,,0.45395588874816895,
4pda,4.410113334655762,,,0.3519061505794525,
4pdk,,,,,
4pee,,,,,
4pf5,,,,,
4pft,,,,,
4pfu,,,,,
4pg9,,,,,
4pgb,,,,,
4pgc,,,,,
4pge,,,,,
4pgh,,,,,
4ph4,2.1479909420013428,,,0.6574074029922485,
4phu,8.6163969039917,,,0.15950685739517212,
4phv,,,,,
4phw,,,,,
4pid,7.90526008605957,,,0.172607883810997,
4pin,,,,,
4pio,,,,,
4piq,,,,,
4pkb,,,,,
4pkr,5.60103178024292,,,0.3183349370956421,
4pks,4.009325981140137,,,0.40303176641464233,
4pl0,,,,,
4pl3,,,,,
4pl6,,,,,
4pli,,,,,
4pmm,12.881546020507812,,,0.14319175481796265,
4pn1,,,,,
4pnc,3.8697545528411865,,,0.4377470314502716,
4pni,3.6173856258392334,,,0.4971705675125122,
4pnl,,,,,
4pnm,,,,,
4pnn,,,,,
4pnq,,,,,
4pnr,,,,,
4pns,,,,,
4pnt,,,,,
4po7,,,,,
4poh,1.7080581188201904,,,0.71875,
4pop,,,,,
4pp5,1.3442447185516357,,,0.7737341523170471,
4pp9,,,,,
4pqa,5.0654683113098145,,,0.3378514051437378,
4pqn,1.3726056814193726,,,0.809108555316925,
4prb,,,,,
4prd,,,,,
4pre,,,,,
4prh,,,,,
4pri,,,,,
4prn,,,,,
4pry,,,,,
4ps0,,,,,
4ps1,,,,,
4psb,2.0470316410064697,,,0.6220527291297913,
4psh,,,,,
4psq,,,,,
4ptc,,,,,
4pte,,,,,
4pv5,5.28183650970459,,,0.38562092185020447,
4pvo,6.15740966796875,,,0.24665676057338715,
4pvt,,,,,
4px6,5.883296012878418,,,0.30716079473495483,
4pxf,,,,,
4pxm,,,,,
4py1,1.8875470161437988,,,0.733912467956543,
4py2,,,,,
4py4,,,,,
4pyo,,,,,
4pyv,,,,,
4pyx,5.054960250854492,,,0.35588234663009644,
4pyy,2.7448525428771973,,,0.5786788463592529,
4pz5,,,,,
4pz8,,,,,
4pzh,2.526416778564453,,,0.6038647294044495,
4q06,2.4770474433898926,,,0.5618780851364136,
4q07,2.210955858230591,,,0.6113772392272949,
4q08,5.425477981567383,,,0.37955665588378906,
4q09,2.2347517013549805,,,0.6589709520339966,
4q0a,,,,,
4q0k,2.9902985095977783,,,0.5067135691642761,
4q0l,,,,,
4q15,,,,,
4q18,,,,,
4q1a,,,,,
4q1b,,,,,
4q1f,,,,,
4q1n,,,,,
4q1s,,,,,
4q46,,,,,
4q4e,5.985951900482178,,,0.3279593586921692,
4q4i,,,,,
4q4o,3.1306211948394775,,,0.5581257343292236,
4q4p,3.1971328258514404,,,0.46828609704971313,
4q4q,3.337655544281006,,,0.49084508419036865,
4q4r,3.1114683151245117,,,0.5470296740531921,
4q6d,1.2474098205566406,,,0.8033769130706787,
4q6f,,,,,
4q7p,2.640700340270996,,,0.5614144206047058,
4q7s,1.5990498065948486,,,0.7459677457809448,
4q7v,1.1706987619400024,,,0.8032258152961731,
4q7w,0.47280704975128174,,,0.9493007063865662,
4q81,2.625107526779175,,,0.5826972126960754,
4q83,2.7351441383361816,,,0.6095183491706848,
4q87,1.132602572441101,,,0.8397436141967773,
4q8x,0.9173567891120911,,,0.8646496534347534,
4q8y,2.2020819187164307,,,0.6875,
4q90,1.0844237804412842,,,0.817460298538208,
4q93,8.310233116149902,,,0.13199999928474426,
4q99,2.6736178398132324,,,0.6178082227706909,
4q9m,,,,,
4q9o,,,,,
4q9s,,,,,
4q9y,2.678525447845459,,,0.619528591632843,
4q9z,,,,,
4qaa,,,,,
4qag,,,,,
4qb3,4.194250106811523,,,0.42795389890670776,
4qbm,,,,,
4qc1,,,,,
4qem,5.412642955780029,,,0.3367537260055542,
4qer,5.453394412994385,,,0.35385197401046753,
4qf7,,,,,
4qf8,5.064028739929199,,,0.3347732126712799,
4qfg,,,,0.0,
4qfn,,,,,
4qfo,,,,,
4qfp,,,,,
4qfs,4.833805084228516,,,0.3336898386478424,
4qgd,,,,,
4qgg,,,,,
4qgh,,,,,
4qgi,,,,,
4qh7,,,,,
4qh8,,,,,
4qhc,,,,,
4qht,,,,,
4qij,,,,,
4qip,,,,,
4qir,,,,,
4qiy,,,,,
4qiz,,,,,
4qj0,,,,,
4qjm,3.524916648864746,,,0.49679192900657654,
4qjo,,,,,
4qjr,,,,,
4qjw,,,,,
4qjx,1.7126972675323486,,,0.7042763233184814,
4qk4,,,,,
4qkd,,,,,
4qkx,19.85146141052246,,,0.0,
4ql8,1.2824937105178833,,,0.798275887966156,
4qlk,,,,,
4qll,,,,,
4qlq,,,,,
4qlt,,,,,
4qlu,,,,,
4qlv,,,,,
4qme,,,,,
4qmm,2.108504295349121,,,0.7537568211555481,
4qmn,3.9898183345794678,,,0.35128694772720337,
4qmq,1.503332495689392,,,0.8039215803146362,
4qms,,,,,
4qmx,3.0721471309661865,,,0.4638223648071289,
4qmz,2.6027097702026367,,,0.6396627426147461,
4qn7,,,,,
4qn9,,,,,
4qnb,,,,,
4qnu,,,,,
4qo4,6.240233898162842,,,0.2350310981273651,
4qok,,,,,
4qp1,,,,,
4qpd,,,,,
4qpl,,,,,
4qq4,,,,,
4qq5,1.8022948503494263,,,0.724595844745636,
4qqc,3.275285005569458,,,0.476150780916214,
4qqi,,,,,
4qr3,,,,,
4qr4,3.5831451416015625,,,0.4231770932674408,
4qr5,,,,,
4qrc,8.339943885803223,,,0.21925565600395203,
4qrh,,,,,
4qsk,,,,,
4qsu,1.2550889253616333,,,0.7691489458084106,
4qsv,3.3220365047454834,,,0.5566037893295288,
4qsw,1.667527675628662,,,0.7015765905380249,
4qsx,1.946473240852356,,,0.7307692170143127,
4qt0,,,,,
4qt2,8.245194435119629,,,0.2246192842721939,
4qtl,1.5741440057754517,,,0.7445231676101685,
4qtn,,,,,
4qvl,,,,,
4qvm,,,,,
4qvn,,,,,
4qvp,,,,,
4qvq,,,,,
4qvv,,,,,
4qvw,,,,,
4qvy,,,,,
4qw0,,,,,
4qw1,,,,,
4qw3,,,,,
4qw4,,,,,
4qw5,,,,,
4qw6,,,,,
4qw7,,,,,
4qwf,,,,,
4qwg,,,,,
4qwi,,,,,
4qwj,,,,,
4qwk,,,,,
4qwl,,,,,
4qwr,,,,,
4qws,,,,,
4qwu,,,,,
4qwx,,,,,
4qxj,,,,,
4qyh,,,,,
4qz0,,,,,
4qz1,,,,,
4qz2,,,,,
4qz3,,,,,
4qz4,,,,,
4qz5,,,,,
4qz6,,,,,
4qz7,,,,,
4qzs,3.957583427429199,,,0.46057456731796265,
4qzw,,,,,
4qzx,,,,,
4r02,,,,,
4r06,17.79449462890625,,,0.00372417108155787,
4r0a,23.031208038330078,,,0.0,
4r17,,,,,
4r18,,,,,
4r1e,,,,,
4r1y,,,,,
4r3b,4.602529048919678,,,0.4423743486404419,
4r3c,,,,,
4r3w,,,,,
4r4q,,,,,
4r4t,2.527740478515625,,,0.6080990433692932,
4r59,3.0755133628845215,,,0.5271551609039307,
4r5a,3.113983392715454,,,0.5739285945892334,
4r5b,3.036607265472412,,,0.5406976938247681,
4r5w,,,,,
4r5x,6.980790615081787,,,0.3230472505092621,
4r5y,,,,,
4r6e,,,,,
4r6v,2.3814408779144287,,,0.6236402988433838,
4r73,,,,,
4r74,,,,,
4r75,,,,,
4r76,,,,,
4ra1,,,,,
4ra5,,,,,
4rab,,,,,
4rac,,,,,
4rad,,,,,
4ran,,,,,
4rao,,,,,
4raq,,,,,
4rce,,,,,
4rcg,5.865547180175781,,,0.25667476654052734,
4rcp,,,,,
4rd0,,,,,
4rd3,,,,,
4rd6,4.929013729095459,,,0.3073738217353821,
4re2,0.8892990946769714,,,0.8735902309417725,
4re3,0.8047329783439636,,,0.9118497371673584,
4re4,1.1835322380065918,,,0.8161407709121704,
4re9,,,,,
4res,,,,,
4ret,,,,,
4rfd,,,,,
4rfm,2.244591236114502,,,0.6726584434509277,
4rg0,1.1375776529312134,,,0.8967538475990295,
4rgd,3.1819701194763184,,,0.4815705120563507,
4rhu,,,,,
4rhx,,,,,
4rhy,,,,,
4rio,0.8228433132171631,,,0.9053537249565125,
4ris,,,,,
4riu,4.4165873527526855,,,0.4677002727985382,
4riv,,,,,
4rj3,2.750405788421631,,,0.5851337313652039,
4rj8,6.132901191711426,,,0.28200775384902954,
4rkx,5.17270565032959,,,0.35975611209869385,
4rlk,2.7593579292297363,,,0.6357837319374084,
4rlt,7.479968070983887,,,0.24707601964473724,
4rlu,4.777206897735596,,,0.37919461727142334,
4rlw,6.656074047088623,,,0.22078543901443481,
4rn0,,,,,
4rn1,,,,,
4rn2,,,,,
4rn4,5.716047286987305,,,0.37547528743743896,
4rpn,,,,,
4rpo,,,,,
4rpv,6.138573169708252,,,0.2810077667236328,
4rqi,,,,,
4rqk,5.3501296043396,,,0.2759022116661072,
4rr6,4.534066677093506,,,0.34705159068107605,
4rrg,,,,,
4rrq,,,,,
4rs0,8.558205604553223,,,0.23798076808452606,
4rse,,,,,
4rsk,3.1174862384796143,,,0.49835795164108276,
4rsp,,,,,
4rt0,,,,,
4rt1,,,,,
4ruu,12.587325096130371,,,0.07601626217365265,
4rux,,,,,
4ruy,,,,,
4ruz,,,,,
4rvr,5.493242263793945,,,0.33375635743141174,
4rvt,1.7102842330932617,,,0.6967435479164124,
4rwj,,,,,
4rwk,,,,,
4rwl,,,,,
4rww,,,,,
4rx5,,,,,
4rxc,,,,,
4rxd,,,,,
4rxz,,,,,
4ryl,21.594682693481445,,,0.0,
4rz1,,,,,
4s3e,41.393524169921875,,,0.0,
4s3f,,,,,
4sga,,,,,
4std,,,,,
4tim,1.6238411664962769,,,0.741631805896759,
4tju,,,,,
4tjw,,,,,
4tjy,,,,,
4tjz,1.78803551197052,,,0.7122905254364014,
4tk0,,,,,
4tk2,,,,,
4tk3,,,,,
4tk4,,,,,
4tk5,,,,,
4tkf,,,,,
4tkg,,,,,
4tkh,3.18092942237854,,,0.5141996741294861,
4tkj,3.1091716289520264,,,0.4970282316207886,
4tkn,,,,,
4tky,,,,,
4tln,,,,,
4tlr,2.862595796585083,,,0.5419235229492188,
4tmf,,,,,
4tmk,3.2019026279449463,,,0.4522039294242859,
4tmp,,,,,
4tmr,,,,,
4tn2,4.26154088973999,,,0.4114583432674408,
4tn4,,,,,
4tnw,4.524208068847656,,,0.0,
4to8,,,,,
4tpk,,,,,
4tpm,,,,,
4tq3,,,,,
4tqn,,,,,
4trw,,,,,
4trz,,,,,
4ts1,,,,,
4tt2,,,,,
4tte,2.8992838859558105,,,0.5416666865348816,
4ttv,,,,,
4tu4,3.580674648284912,,,0.44322457909584045,
4tun,,,,,
4tw7,,,,,
4tw8,,,,,
4tw9,,,,,
4twd,,,,,
4twt,,,,,
4tww,,,,,
4tx6,,,,,
4txc,,,,,
4txe,6.832677364349365,,,0.2651679217815399,
4txs,,,,,
4tyb,,,,,
4tyl,1.7159647941589355,,,0.7686335444450378,
4tyt,3.5892932415008545,,,0.4949290156364441,
4tz2,7.1475348472595215,,,0.2241501361131668,
4tz8,2.6739819049835205,,,0.5664820075035095,
4tzm,,,,,
4tzn,,,,,
4tzq,,,,,
4u03,,,,,
4u0a,,,,,
4u0b,,,,,
4u0c,,,,,
4u0d,,,,,
4u0g,,,,,
4u0m,,,,,
4u0u,,,,,
4u0w,,,,,
4u1b,2.378687620162964,,,0.5653195381164551,
4u2w,,,,,
4u2y,,,,,
4u44,8.208083152770996,,,0.12230215966701508,
4u4s,,,,,
4u4x,,,,,
4u54,16.888261795043945,,,0.004407051485031843,
4u5j,,,,,
4u68,,,,,
4u69,2.3111042976379395,,,0.6460674405097961,
4u6e,2.3136088848114014,,,0.6438356041908264,
4u6w,2.8301963806152344,,,0.6017110347747803,
4u6x,,,,,
4u6z,2.3289170265197754,,,0.6551339030265808,
4u70,,,,,
4u71,2.551647186279297,,,0.5939457416534424,
4u73,2.744694471359253,,,0.5418288111686707,
4u7o,,,,,
4u7t,,,,,
4u7v,,,,,
4u82,4.4243011474609375,,,0.3602484464645386,
4u90,,,,,
4u91,,,,,
4ua8,,,,,
4uac,,,,,
4uat,,,,,
4uau,,,,,
4uc5,,,,,
4ucc,,,,,
4ucd,,,,,
4uce,,,,,
4uco,2.8773083686828613,,,0.4823834300041199,
4ucr,5.557693004608154,,,0.254046231508255,
4ucs,3.2048566341400146,,,0.50126051902771,
4uct,3.8055713176727295,,,0.36037442088127136,
4ucu,5.844641208648682,,,0.22473996877670288,
4ucv,4.569546222686768,,,0.2924460470676422,
4uda,2.3623063564300537,,,0.5953093767166138,
4udb,1.3823744058609009,,,0.7826887369155884,
4ue1,,,,,
4ufh,1.3169275522232056,,,0.8474178314208984,
4ufi,1.2317850589752197,,,0.8547453880310059,
4ufj,1.3403749465942383,,,0.7878630757331848,
4ufk,1.3648250102996826,,,0.7862318754196167,
4ufl,1.1514346599578857,,,0.816252589225769,
4ufm,0.907099723815918,,,0.873620331287384,
4ui5,,,,,
4ui6,,,,,
4uia,4.4724907875061035,,,0.37829911708831787,
4uib,4.164917945861816,,,0.378475159406662,
4uil,,,,,
4uin,,,,,
4uit,1.3679211139678955,,,0.825596809387207,
4uiu,,,,,
4uiw,2.370095729827881,,,0.6005405187606812,
4uix,,,,,
4uiz,8.38090991973877,,,0.25822049379348755,
4uj1,1.6346311569213867,,,0.7365119457244873,
4ujb,,,,,
4um9,,,,,
4uma,,,,,
4umb,,,,,
4umc,,,,,
4umn,,,,,
4unn,,,,,
4unp,1.50702702999115,,,0.7548845410346985,
4unq,,,,,
4uns,,,,,
4uof,,,,,
4uoh,,,,,
4up5,11.532679557800293,,,0.07509505748748779,
4ura,,,,,
4urk,5.68720006942749,,,0.2947392165660858,
4url,,,,,
4urm,,,,,
4urw,11.306680679321289,,,0.0998908281326294,
4urx,2.031829357147217,,,0.6638381481170654,
4us3,,,,,
4us4,5.838231086730957,,,0.2587634027004242,
4usi,,,,,
4usj,,,,,
4usw,3.8067662715911865,,,0.4473106563091278,
4utn,,,,,
4uu5,,,,,
4uuq,,,,,
4uv9,,,,,
4uwg,1.8706812858581543,,,0.6782212853431702,
4uwk,3.068629741668701,,,0.5045924186706543,
4uwl,2.5456857681274414,,,0.5777778029441833,
4ux4,,,,,
4ux9,,,,,
4uxb,,,,,
4uxj,,,,,
4uy1,,,,,
4uye,,,,,
4uzd,,,,,
4uzh,2.1827282905578613,,,0.6725171208381653,
4v05,,,,,
4v0i,,,,,
4v11,,,,,
4v1c,,,,,
4v1f,,,,,
4v24,,,,,
4v27,,,,,
4vgc,2.287194013595581,,,0.6451734304428101,
4w4v,2.4377527236938477,,,0.619733452796936,
4w4w,3.9754154682159424,,,0.47111743688583374,
4w4y,4.37139892578125,,,0.47419774532318115,
4w4z,,,,,
4w50,,,,,
4w52,1.3669100999832153,,,0.777999997138977,
4w53,0.9902998805046082,,,0.8535714149475098,
4w54,2.5874502658843994,,,0.5592783689498901,
4w55,3.2123565673828125,,,0.4540117383003235,
4w57,2.437133312225342,,,0.599056601524353,
4w5j,,,,,
4w7t,2.9220852851867676,,,0.5981861352920532,
4w9n,,,,,
4w9o,,,,,
4w9p,,,,,
4w9q,2.7444169521331787,,,0.5565177798271179,
4w9s,,,,,
4w9w,,,,,
4wa9,,,,,
4wbg,,,,,
4wci,,,,,
4wcu,,,,,
4wef,,,,,
4wf2,,,,,
4wf6,3.2627065181732178,,,0.5215252041816711,
4wgi,,,,,
4wh7,3.626626491546631,,,0.43263888359069824,
4whq,,,,,
4whr,,,,,
4whs,,,,,
4wi1,,,,,
4wj5,,,,,
4wj7,,,,,
4wk1,4.476260185241699,,,0.3655063211917877,
4wk2,,,,,
4wk7,2.9035205841064453,,,0.5551108121871948,
4wkb,,,,,
4wkc,,,,,
4wke,5.578605651855469,,,0.29543712735176086,
4wkn,4.08622407913208,,,0.45442140102386475,
4wko,5.406800270080566,,,0.37592440843582153,
4wkp,,,,,
4wks,,,,,
4wkt,,,,,
4wku,3.198892116546631,,,0.5450913310050964,
4wkv,3.4104840755462646,,,0.49065420031547546,
4wmv,2.069018602371216,,,0.7003676295280457,
4wmx,31.199296951293945,,,0.0,
4wmy,,,,,
4wn0,3.5936803817749023,,,0.5019920468330383,
4wn1,14.360025405883789,,,0.0219123512506485,
4wn5,,,,,
4wnm,,,,,
4wno,,,,,
4wnp,,,,,
4wop,,,,,
4wov,,,,,
4wpf,,,,,
4wq2,,,,,
4wr7,,,,,
4wri,,,,,
4wrq,,,,,
4wsj,,,,,
4wsk,23.521072387695312,,,0.0,
4wtu,8.5635347366333,,,0.27891305088996887,
4wup,,,,,
4wv6,,,,,
4wvu,,,,,
4ww6,,,,,
4ww8,,,,,
4wx4,3.866812229156494,,,0.4214659631252289,
4wx6,,,,,
4wxi,2.1975960731506348,,,0.6490031480789185,
4wy1,1.4252551794052124,,,0.7852040529251099,
4wy6,,,,,
4wym,,,,,
4wyp,,,,,
4wyy,1.2400527000427246,,,0.8413009643554688,
4wyz,,,,,
4wz4,1.878560185432434,,,0.7703220844268799,
4wz5,,,,,
4wz6,5.404495716094971,,,0.29236453771591187,
4x0f,,,,,
4x0z,,,,,
4x11,,,,,
4x13,,,,,
4x14,,,,,
4x1f,2.386484384536743,,,0.5751634240150452,
4x1n,,,,,
4x1p,,,,,
4x1r,,,,,
4x1s,,,,,
4x24,,,,,
4x2i,4.220179080963135,,,0.44408369064331055,
4x2l,,,,,
4x2s,,,,,
4x3i,,,,,
4x3k,,,,,
4x3t,,,,,
4x47,1.7644511461257935,,,0.7038087248802185,
4x48,,,,,
4x49,,,,,
4x50,,,,,
4x5p,,,,,
4x5r,,,,,
4x5y,,,,,
4x5z,2.748631477355957,,,0.5134912133216858,
4x60,,,,,
4x6j,1.2429293394088745,,,0.8329346179962158,
4x6k,1.4880528450012207,,,0.7646738886833191,
4x6m,,,,,
4x6n,,,,,
4x6p,,,,,
4x6x,,,,,
4x6y,,,,,
4x7q,,,,,
4x8g,11.944417953491211,,,0.17042607069015503,
4x8o,,,,,
4x8s,,,,,
4x8t,,,,,
4x8u,,,,,
4xbb,1.442122220993042,,,0.7582964897155762,
4xbd,,,,,
4xc2,,,,,
4xcb,,,,,
4xdo,,,,,
4xek,,,,,
4xg3,,,,,
4xg4,8.64423656463623,,,0.23666365444660187,
4xg6,,,,,
4xg7,,,,,
4xg9,,,,,
4xgz,,,,,
4xhk,0.8739067316055298,,,0.8997933864593506,
4xhl,1.674222707748413,,,0.7401041388511658,
4xhv,,,,,
4xip,1.4577850103378296,,,0.7770897746086121,
4xir,1.227128028869629,,,0.8784953355789185,
4xit,1.5485104322433472,,,0.7751196026802063,
4xjr,,,,,
4xk9,,,,,
4xm6,,,,,
4xm7,1.9801092147827148,,,0.6680418252944946,
4xm8,,,,,
4xmb,,,,,
4xmr,,,,,
4xnv,9.920111656188965,,,0.13804759085178375,
4xnw,,,,,
4xo8,,,,,
4xoc,,,,,
4xoe,,,,,
4xpj,,,,,
4xqa,,,,,
4xqb,,,,,
4xqu,,,,,
4xs2,,,,,
4xsx,,,,,
4xsy,,,,,
4xsz,,,,,
4xt2,,,,,
4xt9,3.5698492527008057,,,0.5004340410232544,
4xta,,,,,
4xtm,2.3413267135620117,,,0.6185661554336548,
4xtp,,,,,
4xtt,7.381050109863281,,,0.18224748969078064,
4xtv,,,,,
4xty,,,,,
4xtz,,,,,
4xu0,,,,,
4xu2,,,,,
4xu3,,,,,
4xub,5.462735176086426,,,0.2775445878505707,
4xue,,,,,
4xum,,,,,
4xuz,2.364788770675659,,,0.6597612500190735,
4xwk,4.4326090812683105,,,0.3781806528568268,
4xx9,6.461943626403809,,,0.2348484843969345,
4xxh,,,,,
4xxs,3.366948127746582,,,0.4397404193878174,
4xy8,5.6506123542785645,,,0.317732572555542,
4y0a,,,,,
4y24,,,,,
4y29,6.430090427398682,,,0.23486842215061188,
4y2j,1.8884505033493042,,,0.6984251737594604,
4y2p,5.125607013702393,,,0.3653061091899872,
4y2q,1.6506210565567017,,,0.7339285612106323,
4y2s,4.157907009124756,,,0.44466936588287354,
4y2u,4.48488187789917,,,0.3643174171447754,
4y2v,2.1642231941223145,,,0.6641468405723572,
4y2x,4.513564109802246,,,0.37667351961135864,
4y2y,3.0093741416931152,,,0.5161073803901672,
4y32,,,,,
4y38,3.775620698928833,,,0.4665493071079254,
4y3b,,,,,
4y3j,5.424928665161133,,,0.4080406725406647,
4y3y,3.899618625640869,,,0.47132351994514465,
4y4g,5.748086452484131,,,0.4968017041683197,
4y4j,4.6123762130737305,,,0.3997006118297577,
4y4v,,,,,
4y59,,,,,
4y5d,,,,,
4y5h,,,,,
4y5s,,,,,
4y62,8.194250106811523,,,0.10483870655298233,
4y64,8.286121368408203,,,0.18953068554401398,
4y6m,,,,,
4y6p,,,,,
4y6r,,,,,
4y6s,,,,,
4y73,,,,,
4y79,2.081300735473633,,,0.6772918701171875,
4y7r,,,,,
4y8x,,,,,
4y8z,,,,,
4y94,,,,,
4ya8,,,,,
4yab,,,,,
4yad,,,,,
4yas,3.1656126976013184,,,0.5250896215438843,
4yay,2.644946813583374,,,0.5455788373947144,
4yb5,,,,,
4yb6,,,,,
4ybi,,,,,
4ybj,,,,,
4ybk,,,,,
4ybs,,,,,
4ybt,4.427188396453857,,,0.42656248807907104,
4yc0,3.6759798526763916,,,0.49425727128982544,
4ycl,4.026421546936035,,,0.3668668568134308,
4ycm,,,,,
4ycn,,,,,
4ydq,,,,,
4yec,,,,,
4yee,,,,,
4yef,,,,,
4yes,,,,,
4yff,,,,,
4ygf,,,,,
4yh4,1.585975170135498,,,0.7813574075698853,
4yha,,,,,
4yhp,,,,,
4yhz,,,,,
4yih,,,,,
4yik,6.313335418701172,,,0.18279367685317993,
4yje,,,,,
4yjn,1.1184645891189575,,,0.8652018904685974,
4yk0,,,,,
4ykj,,,,,
4ykk,,,,,
4ylu,,,,,
4ym2,,,,,
4ym4,,,,,
4ymb,,,,,
4ymh,,,,,
4yml,3.348940849304199,,,0.5,
4ymx,,,,,
4ynd,,,,,
4ynk,4.486125946044922,,,0.4011335074901581,
4ynl,,,,,
4yog,,,,,
4yoi,,,,,
4yoj,,,,,
4yoz,,,,,
4yp1,,,,,
4yp8,,,,,
4ypf,11.357254028320312,,,0.039972901344299316,
4yqm,,,,,
4yqu,,,,,
4yqv,,,,,
4yrc,,,,,
4yrd,,,,,
4yrg,10.825294494628906,,,0.05188679322600365,
4yrr,,,,,
4yrs,10.55610466003418,,,0.047845374792814255,
4yrt,13.155303001403809,,,0.013437850400805473,
4ysi,,,,,
4ysl,,,,,
4yuw,,,,,
4yux,,,,,
4yv0,,,,,
4yv1,,,,,
4yv2,,,,,
4yv5,,,,,
4yv9,,,,,
4yve,,,,,
4yvz,,,,,
4yw2,,,,,
4yw6,,,,,
4yw7,,,,,
4ywa,,,,,
4yx4,1.9614167213439941,,,0.7036764621734619,
4yx9,,,,,
4yxd,38.34498596191406,,,0.0,
4yxu,,,,,
4yy6,,,,,
4yyi,,,,,
4yym,,,,,
4yyn,,,,,
4yyt,0.8323042988777161,,,0.9038978219032288,
4yz5,,,,,
4yz9,,,,,
4z07,,,,,
4z0d,,,,,
4z0e,,,,,
4z0k,1.5053720474243164,,,0.7813513278961182,
4z1s,,,,,
4z2o,,,,,
4z2p,,,,,
4z6h,,,,,
4z7f,,,,,
4z7i,,,,,
4z7n,,,,,
4z7o,,,,,
4z7q,,,,,
4z89,,,,,
4z8a,,,,,
4z8d,,,,,
4z8m,,,,,
4z90,,,,,
4z9l,,,,,
4za0,,,,,
4zam,,,,,
4zb8,,,,,
4zba,,,,,
4zcs,,,,,
4zcw,,,,,
4ze6,6.706547737121582,,,0.36678004264831543,
4zeb,,,,,
4zec,,,,,
4zed,8.0842924118042,,,0.1487397402524948,
4zei,3.498276472091675,,,0.4796634018421173,
4zek,3.8023366928100586,,,0.4637632966041565,
4zfi,,,,,
4zg6,,,,,
4zh2,,,,,
4zh3,,,,,
4zh4,,,,,
4zhl,,,,,
4zij,8.834406852722168,,,0.20060373842716217,
4zip,5.817084789276123,,,0.2367948740720749,
4zjc,,,,,
4zjj,,,,,
4zjr,,,,,
4zjw,13.76391315460205,,,0.023004265502095222,
4zk5,3.334773063659668,,,0.5362790822982788,
4zki,13.612060546875,,,0.010917838662862778,
4zla,,,,,
4zly,0.7705918550491333,,,0.9170984625816345,
4zlz,3.6829752922058105,,,0.498079389333725,
4zme,,,,,
4zmf,,,,,
4znx,,,,,
4zo5,14.431761741638184,,,0.009275815449655056,
4zom,,,,,
4zow,5.529827117919922,,,0.33538544178009033,
4zpe,5.927303314208984,,,0.24458599090576172,
4zpf,,,,,
4zpg,3.667426109313965,,,0.4613245725631714,
4zph,13.758708000183105,,,0.0,
4zro,,,,,
4zs2,8.304755210876465,,,0.16338582336902618,
4zs3,8.368218421936035,,,0.23085688054561615,
4zs9,,,,,
4zsg,,,,,
4zsh,2.96685791015625,,,0.5183060169219971,
4zsj,,,,,
4zsm,,,,,
4zsp,,,,,
4zsq,,,,,
4zsr,,,,,
4zt8,3.222257137298584,,,0.5153186321258545,
4ztr,7.666522979736328,,,0.29020729660987854,
4zts,11.477535247802734,,,0.15474529564380646,
4zum,,,,,
4zun,,,,,
4zuo,,,,,
4zup,,,,,
4zuq,,,,,
4zur,,,,,
4zv1,4.110246181488037,,,0.4019121825695038,
4zv2,4.092769622802734,,,0.4307228922843933,
4zw3,1.4256254434585571,,,0.7994012236595154,
4zw5,,,,,
4zw6,2.7711102962493896,,,0.5651965737342834,
4zw7,,,,,
4zwx,,,,,
4zwy,,,,,
4zwz,,,,,
4zx0,5.116661548614502,,,0.32047414779663086,
4zx1,,,,,
4zx3,4.774325847625732,,,0.40836524963378906,
4zx8,,,,,
4zx9,,,,,
4zy2,,,,,
4zy4,,,,,
4zy5,,,,,
4zyc,,,,,
4zyt,,,,,
4zyu,,,,,
4zyv,1.9237478971481323,,,0.6708984375,
4zyw,2.7144579887390137,,,0.5268361568450928,
4zyx,3.351900815963745,,,0.5137812495231628,
4zyy,3.655190944671631,,,0.5377399921417236,
4zyz,,,,,
4zz0,,,,,
4zz1,3.702230453491211,,,0.5679348111152649,
4zzd,15.558765411376953,,,0.031207827851176262,
4zzx,,,,,
4zzz,,,,,
5a00,2.852388381958008,,,0.5924479365348816,
5a0a,3.8562655448913574,,,0.4218340516090393,
5a0b,5.614336013793945,,,0.2619446814060211,
5a0c,,,,,
5a0e,,,,,
5a1f,2.1308188438415527,,,0.6633166074752808,
5a2i,,,,,
5a2j,,,,,
5a3h,,,,,
5a3n,,,,,
5a3t,4.386579990386963,,,0.3633093535900116,
5a3w,3.3758814334869385,,,0.48908731341362,
5a3x,,,,,
5a46,,,,,
5a4c,,,,,
5a54,,,,,
5a5d,3.18798565864563,,,0.5751072764396667,
5a5p,3.8679797649383545,,,0.42003852128982544,
5a5q,2.9024713039398193,,,0.547468364238739,
5a5r,5.482386589050293,,,0.3200245797634125,
5a5s,5.882792949676514,,,0.2748161852359772,
5a5v,7.04076623916626,,,0.21176470816135406,
5a69,4.155090808868408,,,0.37985309958457947,
5a6a,,,,,
5a6b,,,,,
5a6h,,,,,
5a6k,,,,,
5a6n,18.93267059326172,,,0.0,
5a6x,,,,,
5a7c,,,,,
5a7i,,,,,
5a7j,,,,,
5a7y,,,,,
5a81,3.433351755142212,,,0.489761084318161,
5a82,3.6524364948272705,,,0.580089807510376,
5a83,,,,,
5a85,1.9981023073196411,,,0.613179087638855,
5a8y,4.000349044799805,,,0.4207875430583954,
5a8z,2.639418840408325,,,0.6328760385513306,
5a9u,1.844967246055603,,,0.7165403962135315,
5aa8,2.0827133655548096,,,0.6759708523750305,
5aa9,1.911098837852478,,,0.6930817365646362,
5aaa,1.841752529144287,,,0.7355769276618958,
5aab,2.187670946121216,,,0.6720914244651794,
5aac,2.187533378601074,,,0.6284584999084473,
5aae,2.302849769592285,,,0.6594594717025757,
5aag,,,,,
5ab1,,,,,
5ab9,,,,,
5aba,,,,,
5abe,,,,,
5abf,,,,,
5abg,,,,,
5abh,,,,,
5abp,,,,,
5abw,7.740650653839111,,,0.30209222435951233,
5acw,,,,,
5acx,,,,,
5ad1,3.73266339302063,,,0.4232643246650696,
5adq,3.316176176071167,,,0.5586627125740051,
5aes,,,,,
5afj,,,,,
5afk,,,,,
5afl,4.177554607391357,,,0.304788202047348,
5afm,,,,,
5afn,,,,,
5afx,,,,,
5agu,,,,,
5agv,,,,,
5ah2,,,,,
5ahj,,,,,
5ahu,,,,,
5ahw,,,,,
5ai1,,,,,
5ai5,4.353716850280762,,,0.38044795393943787,
5ai6,3.602466344833374,,,0.40872302651405334,
5ai9,,,,,
5aia,1.1917800903320312,,,0.7837591171264648,
5aib,1.924070954322815,,,0.6864035129547119,
5aic,1.5660299062728882,,,0.7670843005180359,
5aip,3.4259307384490967,,,0.4228639304637909,
5ais,,,,,
5aiv,,,,,
5ajc,,,,,
5ajo,,,,,
5ajp,,,,,
5ak3,9.597264289855957,,,0.05600358545780182,
5ak6,,,,,
5ake,8.773131370544434,,,0.19504915177822113,
5akg,3.3689262866973877,,,0.4590361416339874,
5akh,5.57749605178833,,,0.34168335795402527,
5aki,,,,,
5akj,4.188418388366699,,,0.46885666251182556,
5akk,,,,,
5akl,5.782426357269287,,,0.338288277387619,
5aku,,,,,
5akw,,,,,
5akz,5.878125190734863,,,0.4357670843601227,
5al2,,,,,
5al3,,,,,
5alb,,,,,
5alc,,,,,
5ald,5.095560073852539,,,0.37962964177131653,
5ale,4.147145748138428,,,0.4075121283531189,
5alg,4.824008941650391,,,0.3123725354671478,
5alh,9.40733814239502,,,0.17245370149612427,
5all,4.413368225097656,,,0.4041164517402649,
5alm,2.802051544189453,,,0.6014598608016968,
5aln,6.420775413513184,,,0.2998347878456116,
5alo,6.742046356201172,,,0.1576719582080841,
5alr,7.111538410186768,,,0.27915987372398376,
5als,2.2203025817871094,,,0.6469506025314331,
5alu,,,,,
5alx,2.8605263233184814,,,0.5287063717842102,
5aly,6.675455570220947,,,0.21854305267333984,
5alz,5.709273815155029,,,0.28241491317749023,
5am0,7.634277820587158,,,0.22265625,
5am1,9.772809982299805,,,0.22089733183383942,
5am2,,,,,
5am3,6.116549968719482,,,0.29615384340286255,
5am4,4.39797830581665,,,0.41721853613853455,
5am5,,,,,
5amn,,,,,
5anq,,,,,
5ant,,,,,
5anu,2.0920488834381104,,,0.6324269771575928,
5anv,2.0640745162963867,,,0.6825318932533264,
5aoi,15.634448051452637,,,0.003271027933806181,
5aok,,,,,
5aol,10.165611267089844,,,0.193359375,
5aom,,,,,
5ap0,2.0311102867126465,,,0.7058258652687073,
5ap3,2.339813232421875,,,0.6620489954948425,
5aph,5.223602294921875,,,0.22591836750507355,
5apj,,,,,
5aqk,,,,,
5aqn,,,,,
5aqo,,,,,
5aqp,,,,,
5aqr,,,,,
5aqz,4.308440208435059,,,0.374078631401062,
5ar4,,,,,
5ar5,,,,,
5av0,6.148974895477295,,,0.3169953525066376,
5ave,2.7465763092041016,,,0.5757389068603516,
5avi,,,,,
5awj,,,,,
5ax3,4.02040958404541,,,0.3935999870300293,
5axp,,,,,
5axq,13.711216926574707,,,0.02190721593797207,
5ayy,,,,,
5azf,,,,,
5azg,,,,,
5b0x,2.145522117614746,,,0.6546875238418579,
5b1s,,,,,
5b2d,,,,,
5b4k,,,,,
5b4l,,,,,
5b56,,,,,
5b5b,,,,,
5b5f,,,,,
5b5g,,,,,
5b5o,,,,,
5b5p,,,,,
5bjt,,,,,
5bml,,,,,
5bnj,6.930481910705566,,,0.2620334029197693,
5bnm,24.296119689941406,,,0.0,
5boj,,,,,
5bot,,,,,
5boy,,,,,
5bpe,7.25682258605957,,,0.20826862752437592,
5bpp,3.2110347747802734,,,0.5256869792938232,
5bqg,11.974769592285156,,,0.0805976465344429,
5bqh,11.930428504943848,,,0.09320323169231415,
5brn,,,,,
5brz,,,,,
5bs0,,,,,
5bsk,,,,,
5btr,,,,,
5btv,,,,,
5btx,,,,,
5bue,6.901430606842041,,,0.25969645380973816,
5buj,5.754135608673096,,,0.2991718351840973,
5bvf,1.4043470621109009,,,0.7515015006065369,
5bvn,,,,,
5bvw,4.2823967933654785,,,0.36661073565483093,
5bwb,,,,,
5bwc,2.5887138843536377,,,0.6240875720977783,
5byy,2.6757354736328125,,,0.5778947472572327,
5c0k,,,,,
5c0m,,,,,
5c11,,,,,
5c13,,,,,
5c1w,9.357137680053711,,,0.12185430526733398,
5c1x,,,,,
5c1y,3.8684046268463135,,,0.42494601011276245,
5c20,2.191235065460205,,,0.6455621123313904,
5c26,4.317510604858398,,,0.43661555647850037,
5c2e,14.119489669799805,,,0.031191516667604446,
5c2h,14.639754295349121,,,0.029069768264889717,
5c2o,,,,,
5c3p,,,,,
5c4k,,,,,
5c4l,17.505884170532227,,,0.0020072993356734514,
5c4o,6.003671646118164,,,0.2850087285041809,
5c4s,5.483285903930664,,,0.2937743067741394,
5c4t,5.960516452789307,,,0.23515795171260834,
5c5t,,,,,
5c6o,,,,,
5c6p,,,,,
5c6v,,,,,
5c7a,,,,,
5c7b,,,,,
5c7c,,,,,
5c7d,,,,,
5c7e,,,,,
5c7f,,,,,
5c83,,,,,
5c84,,,,,
5c85,2.829070806503296,,,0.6117021441459656,
5c87,3.1917784214019775,,,0.4821428656578064,
5c8k,1.655705213546753,,,0.7589880228042603,
5cas,1.6470744609832764,,,0.7664319276809692,
5cbr,5.696896553039551,,,0.28386640548706055,
5cbs,,,,,
5cc2,,,,,
5ccm,3.026170492172241,,,0.5218160152435303,
5ceh,3.693652868270874,,,0.4464071989059448,
5cei,1.8980460166931152,,,0.6826777458190918,
5cep,1.3218927383422852,,,0.87806636095047,
5ceq,5.827888488769531,,,0.3854886591434479,
5cf4,,,,,
5cf5,,,,,
5cf6,,,,,
5cf8,,,,,
5cfa,,,,,
5cil,,,,,
5cin,,,,,
5cj6,3.543426275253296,,,0.46660423278808594,
5cks,,,,,
5clm,6.118623733520508,,,0.25226813554763794,
5cnj,,,,,
5cnm,1.7095394134521484,,,0.7737113237380981,
5cp5,3.5325357913970947,,,0.45072463154792786,
5cp9,16.382179260253906,,,0.0,
5cpr,7.088659763336182,,,0.22799696028232574,
5cqt,1.8708592653274536,,,0.6412655711174011,
5cqx,,,,,
5cr7,26.289844512939453,,,0.0,
5cs2,,,,,
5cs5,21.533720016479492,,,0.00040849673678167164,
5cs6,,,,,
5csd,,,,,
5csh,,,,,
5cso,1.9038563966751099,,,0.6923728585243225,
5cst,5.075562000274658,,,0.3615763485431671,
5csx,,,,,
5csz,,,,,
5ctb,,,,,
5ctc,,,,,
5cte,,,,,
5cu4,8.88408374786377,,,0.20373134315013885,
5cuq,,,,,
5cvd,,,,,
5cw8,,,,,
5cxi,7.065104007720947,,,0.26032912731170654,
5cy3,1.6439015865325928,,,0.7744638323783875,
5cy9,1.7388887405395508,,,0.7420212626457214,
5cyv,,,,,
5czb,,,,,
5czm,3.186814069747925,,,0.6037005186080933,
5d0c,1.816400408744812,,,0.6704545617103577,
5d0j,,,,,
5d10,,,,,
5d12,,,,,
5d1j,,,,,
5d1r,,,,,
5d1s,3.6400575637817383,,,0.4745316207408905,
5d1u,4.64268159866333,,,0.3842756152153015,
5d1w,,,,,
5d21,,,,,
5d29,3.7622950077056885,,,0.4603274464607239,
5d2a,,,,,
5d2r,,,,,
5d3c,,,,,
5d3x,,,,,
5d6e,2.39638352394104,,,0.63607257604599,
5d6f,2.943105697631836,,,0.5379109382629395,
5d6p,,,,,
5d6q,18.46802520751953,,,0.003929866943508387,
5d6y,,,,,
5d75,8.374224662780762,,,0.16321344673633575,
5d7a,,,,,
5d7e,,,,,
5d9p,,,,,
5da3,2.3133385181427,,,0.6585081815719604,
5dah,,,,,
5db0,,,,,
5db2,3.5034420490264893,,,0.4182070195674896,
5db3,1.9438633918762207,,,0.6894171833992004,
5dd0,,,,,
5dda,1.4412118196487427,,,0.7474526762962341,
5ddc,1.3475993871688843,,,0.7774869203567505,
5ddd,1.5261098146438599,,,0.7444267272949219,
5dde,,,,,
5dex,3.0106632709503174,,,0.5416197776794434,
5dfp,3.4843130111694336,,,0.5106167793273926,
5dg6,,,,,
5dgj,,,,,
5dgm,3.8136463165283203,,,0.5016170740127563,
5dh4,,,,,
5dhf,,,,,
5dhg,,,,,
5dhj,2.8285863399505615,,,0.5966796875,
5dhq,,,,,
5diq,2.0583696365356445,,,0.7577720284461975,
5dit,7.077589511871338,,,0.17901012301445007,
5div,,,,,
5dj5,7.678414821624756,,,0.1723790317773819,
5djv,3.1731197834014893,,,0.553428590297699,
5dk4,,,,,
5dls,,,,,
5dlv,,,,,
5dlx,5.304841041564941,,,0.41694819927215576,
5dms,,,,,
5dnu,2.466062307357788,,,0.5985915660858154,
5doh,,,,,
5dp4,,,,,
5dp6,,,,,
5dp7,,,,,
5dp8,,,,,
5dpa,,,,,
5dpw,,,,,
5dpx,,,,,
5dqc,,,,,
5drc,,,,,
5dri,2.222944736480713,,,0.5984951853752136,
5drq,2.8292810916900635,,,0.5340670943260193,
5drt,,,,,
5dry,,,,,
5dsx,,,,,
5dtj,,,,,
5dtq,,,,,
5dtr,,,,,
5dts,,,,,
5dus,3.27573299407959,,,0.5357415676116943,
5dv2,7.394567012786865,,,0.17201627790927887,
5dv4,7.464326858520508,,,0.19704653322696686,
5dw1,,,,,
5dwr,,,,,
5dx3,,,,,
5dx4,3.6934566497802734,,,0.409970223903656,
5dxb,,,,,
5dxh,,,,,
5dy7,3.9743409156799316,,,0.40664273500442505,
5dya,5.837929725646973,,,0.2958199381828308,
5dyo,,,,,
5dyw,,,,,
5dyy,,,,,
5e0a,22.766109466552734,,,0.001291989698074758,
5e0g,5.798811912536621,,,0.32571181654930115,
5e0h,7.115111351013184,,,0.25052890181541443,
5e0j,4.396734237670898,,,0.43103447556495667,
5e0l,,,,,
5e13,5.901595592498779,,,0.39086687564849854,
5e1b,,,,,
5e1d,,,,,
5e1m,,,,,
5e1s,2.0416617393493652,,,0.7064372897148132,
5e2m,,,,,
5e2n,,,,,
5e2o,,,,,
5e2p,,,,,
5e3a,,,,,
5e3g,3.654400110244751,,,0.5589005351066589,
5e6o,,,,,
5e73,6.053544044494629,,,0.27045726776123047,
5e74,5.193477153778076,,,0.30558690428733826,
5e7n,8.3414888381958,,,0.14672061800956726,
5e88,4.013539791107178,,,0.4662017226219177,
5e8a,6.121289253234863,,,0.38732004165649414,
5e8f,,,,,
5e8r,,,,,
5ea4,,,,,
5ea5,,,,,
5ea7,6.7655744552612305,,,0.3459821343421936,
5eay,,,,,
5eb2,9.423913955688477,,,0.15663057565689087,
5eb3,28.757591247558594,,,0.0,
5ece,,,,,
5ect,15.705894470214844,,,0.0626969113945961,
5ecv,2.712129592895508,,,0.5541915893554688,
5edb,2.214655637741089,,,0.645901620388031,
5edd,10.817621231079102,,,0.15376105904579163,
5edi,,,,,
5edl,2.101199150085449,,,0.6713102459907532,
5eds,5.631978511810303,,,0.2981327772140503,
5ee7,,,,,
5ee8,2.066149950027466,,,0.6757392287254333,
5eec,,,,,
5eei,,,,,
5eeq,,,,,
5efb,2.697786569595337,,,0.5929951667785645,
5efc,25.964298248291016,,,0.0,
5efh,,,,,
5efj,,,,,
5egs,,,,,
5eh5,2.0285778045654297,,,0.6945754885673523,
5eh7,3.6392264366149902,,,0.4462738335132599,
5eh8,4.2850799560546875,,,0.4154786169528961,
5ehp,,,,,
5ehv,4.602332592010498,,,0.3764285743236542,
5ehw,2.5902557373046875,,,0.5941246747970581,
5ei2,1.9638590812683105,,,0.6752163171768188,
5ei6,1.562147617340088,,,0.7390661835670471,
5ei8,3.479233503341675,,,0.5417046546936035,
5eif,21.749988555908203,,,0.0,
5eiw,27.891998291015625,,,0.0,
5eje,,,,,
5ejl,,,,,
5ekh,0.9898170828819275,,,0.87890625,
5ekj,1.9484119415283203,,,0.7365471124649048,
5ekm,3.751612424850464,,,0.5327585935592651,
5ekn,9.1275053024292,,,0.21639472246170044,
5ekx,17.043519973754883,,,0.0027624310459941626,
5el2,,,,,
5el9,27.274389266967773,,,0.0,
5eld,,,,,
5ele,,,,,
5elf,,,,,
5elq,,,,,
5elv,,,,,
5elw,22.370988845825195,,,0.0,
5ely,7.9070539474487305,,,0.14345887303352356,
5elz,,,,,
5em9,,,,,
5ema,,,,,
5emb,,,,,
5emj,,,,,
5en3,,,,,
5enb,4.015195369720459,,,0.4001196026802063,
5enc,2.0838356018066406,,,0.6752049326896667,
5ene,,,,,
5enf,1.5509072542190552,,,0.7747747898101807,
5enh,1.8632415533065796,,,0.6493993997573853,
5eni,2.176161289215088,,,0.6040268540382385,
5enj,1.9150755405426025,,,0.6306451559066772,
5enk,6.898642539978027,,,0.20845070481300354,
5enm,6.799398899078369,,,0.21454711258411407,
5eoc,,,,,
5eok,,,,,
5eom,,,,,
5eou,12.476418495178223,,,0.06633416563272476,
5ep7,1.2508909702301025,,,0.9412532448768616,
5epk,,,,,
5epl,,,,,
5epn,,,,,
5epr,3.267124891281128,,,0.5708447098731995,
5eps,3.3976528644561768,,,0.567915678024292,
5eq0,,,,,
5eqp,,,,,
5eqq,,,,,
5er1,,,,,
5er2,,,,,
5es1,1.3799771070480347,,,0.764140248298645,
5esq,,,,,
5eta,,,,,
5etb,1.4401018619537354,,,0.7701388597488403,
5etf,,,,,
5eth,,,,,
5etl,,,,,
5etu,,,,,
5etx,,,,,
5eu1,,,,,
5eud,,,,,
5eue,,,,,
5euk,,,,,
5ev8,,,,,
5evb,3.473443031311035,,,0.6106060743331909,
5evz,,,,,
5ewa,,,,,
5ewd,4.891636371612549,,,0.4694989025592804,
5ewh,2.5946269035339355,,,0.6652047038078308,
5ewm,,,,,
5ewy,,,,,
5exl,2.5094499588012695,,,0.6447368264198303,
5exw,,,,,
5ey0,,,,,
5ey4,,,,,
5ey8,,,,,
5ey9,,,,,
5eyr,,,,,
5eyz,,,,,
5ez0,,,,,
5ezx,3.920940637588501,,,0.43616390228271484,
5ezz,4.000227451324463,,,0.39162009954452515,
5f00,1.6185946464538574,,,0.7385355234146118,
5f01,1.986273169517517,,,0.6988243460655212,
5f08,3.7286009788513184,,,0.47748374938964844,
5f1c,,,,,
5f1h,,,,,
5f1j,,,,,
5f1u,,,,,
5f1v,,,,,
5f1x,,,,,
5f25,,,,,
5f2f,,,,,
5f2k,,,,,
5f2r,,,,,
5f2s,,,,,
5f2u,,,,,
5f2w,,,,,
5f32,,,,,
5f39,,,,,
5f3c,,,,,
5f3e,18.533498764038086,,,0.0003405994502827525,
5f3g,30.104524612426758,,,0.0,
5f3i,19.48677635192871,,,0.0,
5f4n,2.110229969024658,,,0.6615250110626221,
5f5b,,,,,
5f67,,,,,
5f6d,1.4009886980056763,,,0.7771362662315369,
5f6u,4.594824314117432,,,0.3678571283817291,
5f74,,,,,
5f8y,,,,,
5f90,,,,,
5f91,,,,,
5f94,,,,,
5f95,,,,,
5f9b,19.924293518066406,,,0.00023854961909819394,
5fah,,,,,
5fb0,,,,,
5fb1,,,,,
5fb7,,,,,
5fbe,,,,,
5fbi,5.469546318054199,,,0.3731721043586731,
5fbo,3.399099111557007,,,0.497903972864151,
5fck,2.068500518798828,,,0.6438171863555908,
5fcz,,,,,
5fdc,2.781513214111328,,,0.57855623960495,
5fdi,,,,,
5fdo,,,,,
5fdr,,,,,
5fdz,,,,,
5fe6,16.180131912231445,,,0.00856793113052845,
5fe7,8.632515907287598,,,0.10467381030321121,
5fh6,,,,,
5fh8,,,,,
5fhm,,,,,
5fhn,,,,,
5fho,,,,,
5fi2,,,,,
5fi6,,,,,
5fi7,,,,,
5fiv,,,,,
5fjw,,,,,
5fjx,,,,,
5fky,,,,,
5fl0,,,,,
5fl1,,,,,
5flo,4.5995707511901855,,,0.38471731543540955,
5flp,,,,,
5fls,3.427168130874634,,,0.5087617039680481,
5fnd,2.7225193977355957,,,0.5653021335601807,
5fni,2.597511053085327,,,0.6119888424873352,
5fnj,,,,,
5fnq,,,,,
5fnr,,,,,
5fns,,,,,
5fnt,,,,,
5foo,,,,,
5fot,,,,,
5fou,,,,,
5fov,,,,,
5fow,,,,,
5fox,,,,,
5fp0,3.5076398849487305,,,0.5278837084770203,
5fpi,,,,,
5fpk,,,,,
5fpu,5.601681709289551,,,0.2984822988510132,
5fq9,,,,,
5fs5,,,,,
5fsb,,,,,
5fsc,,,,,
5fsl,3.724947929382324,,,0.4651675522327423,
