id,pose rmsd,pocket rmsd,qs score,lddt-pli,confidence
1azx_ntp,12.449325203378198,2.878531010616937,0.0,,0.86889230713846
1b86_dg2,11.242173099517823,3.080467845037964,0.0,0.1956938922405243,0.711348200183241
1bj4_plp,0.7642249703407288,3.403278461039698,1.0,0.8830687284469605,0.984827139751512
1bm7_flf,0.8362363934516907,3.0636716577406884,0.0,0.8737439274787903,0.8904691091186514
1cqp_803,2.0252626180648803,4.8223308342131315,0.0,0.6008641004562378,0.843691848849718
1cza_g6p,2.3023843256668948,1.1696501025067667,1.0,,0.7263227677549681
1dvs_stl,1.3052278757095337,3.5568847917942614,0.0,0.7550304889678955,0.9121721259874003
1dvt_flp,2.93456392288208,4.12241793278214,0.0,0.5146767258644104,0.8717265660199633
1dvu_dbf,2.4096828937530517,2.8963594883537995,0.0,0.648139214515686,0.8648738721745456
1dvx_dif,6.179942512512207,2.5768873101468905,0.0,0.24690246880054473,0.8184407555921899
1dvy_bpd,2.6341774463653564,0.8472203021492792,0.0,0.6305182456970215,0.9275925438408066
1dvz_ofl,1.8009937047958373,2.0024612774971824,0.0,0.7536253452301025,0.8122009023033634
1e03_ntp,13.929633389315393,3.143078659608398,0.0,,0.8690593574260262
1e4h_pbr,3.899463415145874,4.158352901267653,0.0,0.48251037001609803,0.7856729376060668
1e7b_hlt,6.3740709781646725,8.788240014678966,0.0,0.4103814423084259,0.7336478861464933
1e7c_hlt,18.784964340925217,2.6564962948199033,1.0,0.16884564161300658,0.7356221049253053
1em6_cp4,0.9435230135917664,0.23255925524700533,0.0,0.5187054634094238,0.8322326863881118
1eta_t44,3.0001079082489013,13.932138533925533,0.0,0.541189831495285,0.8912845651558389
1etb_t44,2.9969905853271483,13.929099795407604,0.0,0.5411624550819397,0.8912730528093238
1exv_700,17.861911582946778,2.958199405774498,0.0,0.13227494060993195,0.6264909228682927
1exv_mpd,29.725031089782714,,0.0,0.05012853741645813,0.7743329318336398
1f86_t44,1.2116746783256531,0.8457184903006988,0.0,0.7804457068443298,0.8921645708519355
1fap_rap,0.44951277491400055,2.649174890033514,0.0,,0.9433735441088545
1fta_amp,0.29808016419410704,2.7364089742503155,0.0,0.9640384435653686,0.9723849258025112
1g9v_rq3,20.166932678222658,2.179135928847771,0.0,0.023328717052936553,0.7847740459788406
1gz3_fum,1.6230148792266845,4.661539462836655,0.0,0.4833371162414551,0.8982176682123633
1gz4_fum,1.8497450351715088,3.28986420991358,0.0,0.4804773271083832,0.8991145439754143
1hak_k21,19.476177787780763,2.1558292725186887,0.0,0.10230949521064758,0.7030535430583436
1hkb_g6p,2.6466558896698342,1.105903221629026,1.0,,0.726609976650729
1i72_put,0.43141300678253175,4.063994175016995,0.0,0.2383887231349945,0.9529742179754658
1i79_put,0.42445361614227295,4.059643893392526,0.0,0.22619051933288575,0.9529742179754658
1i7b_put,0.4064392328262329,3.9827927241543586,0.0,0.22592520713806152,0.9529742179754658
1i7c_put,0.3121356159448624,3.8951306742448835,0.0,0.2354347288608551,0.9529742179754658
1i7m_put,0.46505757570266726,4.080448409834332,0.0,0.24243264198303222,0.9529742179754658
1kv1_bmu,0.47785794734954834,0.2615083441729668,1.0,0.9056337118148804,0.9692561203506743
1kv2_b96,0.41037009954452514,0.5651798787914893,1.0,0.9363583922386169,0.9681242920305546
1l5q_700,17.78977766036987,2.914945393861307,0.0,0.13243207931518555,0.6266170989912205
1l5q_cff,8.890529584884643,3.839500926358583,0.0,0.3703442454338074,0.681246007249001
1l5r_700,17.8473952293396,1.5556815560717205,0.0,0.1320410043001175,0.6264197061396499
1l5r_rbf,10.383796739578248,0.7827293573784487,0.0,0.5290798783302307,0.7452894904130264
1l5s_700,17.843115615844727,2.914456297750863,0.0,0.13178492188453675,0.6266170989912205
1l5s_urc,3.5841497659683226,2.9254790211366095,0.0,0.530287754535675,0.7779935519412147
1l7x_700,17.814318084716795,2.510184957248476,0.0,0.13161432445049287,0.625821232129771
1l7x_cff,8.793648433685302,3.825853044152507,0.0,0.3661697722156532,0.681246007249001
1msv_put,0.266639843583107,4.117879834448583,0.0,0.9952421069145203,0.9529742179754658
1ne7_16g,15.960000806436685,3.6810359900999536,0.0,,0.8072298490582233
1nq9_ntp,12.998628170455428,3.1492041275952998,0.0,,0.8691784128246732
1nsg_rad,0.5750305761724319,2.715144084735092,0.0,,0.9410481916783905
1oj9_1pb,0.4662909865379333,3.113635427278362,0.0,0.9552000999450684,0.9108537887245648
1opl_myr,1.6827482461929322,3.3078738354716735,1.0,0.8194470763206482,1.0649132121740674
1pj2_fum,1.8089130640029907,3.3242374931314407,0.0,0.4620047748088837,0.8985820903636792
1pj3_fum,1.8782427549362182,3.3094634850047724,0.0,0.468952476978302,0.8995957821033974
1pj4_fum,1.891353392601013,2.9734062770596736,0.0,0.4600899279117584,0.8979935253230682
1q0b_nat,0.544458520412445,3.3539865110916884,1.0,0.9530430555343627,0.915104300531423
1qha_g6p,2.419306937010661,1.044593938679736,0.0,,0.7263227677549681
1rd4_l08,1.1815980911254882,3.4298012430168776,0.0,0.789822232723236,0.9188023365393514
1s9i_5ea,0.7073786139488221,3.6302892444373627,0.0,0.8454193234443664,1.009101557945889
1s9j_bbm,1.4243195533752442,4.6110889413284974,0.0,0.8329079508781433,1.0256711839465793
1shj_nxn,7.246303844451904,3.337330931704867,0.0,0.23927449584007263,0.9596053294737723
1shl_fxn,14.672404575347901,4.635578481094032,0.0,0.06416362553718499,0.7825544637832949
1sr5_nt1,10.99379864575847,3.472317188573129,0.0,,0.934156972368557
1t48_bb3,1.1014992713928222,1.1300695709884254,1.0,0.7668359875679016,0.9240399340823702
1t49_892,0.859346616268158,0.20075988674963385,1.0,0.9154812455177307,1.0674719646967579
1t4j_frj,2.7173577308654786,0.19283014504210177,1.0,0.8466211676597595,1.0513038288492234
1t5a_fbp,3.3623263591997117,3.070818297855717,0.0,,0.9201490761487424
1tb6_gu8,75.57758139755057,3.8116091481334733,0.0,,0.902477120415278
1tbf_via,1.6950268030166626,3.3371659883466442,1.0,0.891539704799652,0.9065248997514767
1tha_t33,2.0078011751174927,3.067634865379391,0.0,0.7044239640235901,0.9220379662640769
1thc_fl9,4.060584688186646,3.3760483370046375,0.0,0.43803035616874697,0.9161210981549861
1tlm_mil,1.539376974105835,1.7466788723551332,0.0,0.8098977327346801,0.7463449723398742
1tt6_des,1.1261751651763916,12.368001399304395,0.0,0.7962033748626709,0.8584441795466045
1tyr_rea,3.6501863956451417,2.6687413690977886,0.0,0.6061582088470459,0.8864463360702043
1u21_p2c,7.145755290985107,2.4991295328199477,0.0,0.20208373069763183,0.9620149745179848
1uwh_bax,0.3929522931575775,4.06485523761753,0.0,0.9620416641235352,1.0692284843614912
1uwj_bax,1.4820645570755004,4.181413913773592,0.0,0.8835247874259948,1.0709937309799398
1v4s_mrk,0.6193391561508179,3.7871987960001485,1.0,0.8596982359886169,0.9394191839058983
1w0f_str,12.09742751121521,2.7315287656634526,1.0,0.22090801894664763,0.7400878986359805
1w82_l10,0.279794305562973,0.17690521173527737,1.0,0.9628331899642945,0.971735998259916
1w83_l11,0.4876843452453613,0.24209868191374442,1.0,0.9373920679092407,0.9713965913054556
1wbn_l09,0.8252573132514953,0.41799695818542465,1.0,0.8817640900611877,0.9684451318220033
1wbs_li2,0.4046968102455139,0.35253622559625153,1.0,0.9249911546707154,0.9665075483053597
1wbt_wbt,0.44090424180030824,0.3227029573625735,1.0,0.9191195607185364,0.9695422115574518
1wbv_li3,0.7037390828132629,0.22389933154352254,1.0,0.9050898909568786,0.9594235443346717
1x88_nat,0.5729350805282593,10.698911545110928,1.0,0.9450865387916565,0.9125044098682208
1xdd_aay,5.303918743133545,3.288333105663706,0.0,0.36897640824317934,0.7902800366476065
1xdg_ab8,4.692896986007691,4.513497317350652,0.0,0.41068691611289976,0.6787738795899402
1xoi_288,1.47966468334198,3.7773636944314086,0.0,0.5316845357418061,0.8862485998694893
1xuo_la1,6.3399402618408205,3.6279830849479375,0.0,0.24005642235279084,0.7442717374883523
1y1d_fhi,3.3417810916900637,3.8911294033591104,0.0,0.5548102378845214,0.8167220956555246
1ygc_905,0.2459990441799164,4.168088429621759,0.0,0.9677728891372681,0.9964069273934214
1yrs_l47,0.9875847458839416,0.24111843333882305,1.0,0.9015166282653808,0.9576774436539873
1z7j_t4a,1.6831982612609864,2.3140317037051217,0.0,0.7729742884635925,0.8844393519039333
1z8d_ade,12.715970230102538,2.0148791226691958,0.0,0.2659515619277954,0.748917051003158
1z8d_amp,0.4221248984336853,0.3680471663345754,0.0,0.6670543193817139,0.8078874078673233
2ati_ihu,43.46910400390625,3.98618992234398,0.0,0.0,0.6345363009256153
2b14_dnf,2.603755235671997,2.639656720811082,0.0,0.5660773396492005,0.884199909362219
2b15_dnf,2.651574897766113,2.6949978532433776,0.0,0.5469088435173035,0.8846517681612301
2b16_dnf,2.6206783771514894,2.8693472598596736,0.0,0.5587160587310791,0.8848063246132017
2b77_3ca,6.231093502044677,3.3278198102317242,0.0,0.25169224441051485,0.8615903232086547
2b9a_fbc,6.398983097076416,3.647040642941937,0.0,0.3013262689113617,0.836545771651728
2baj_1pp,0.20755936503410338,9.17762855580778,1.0,0.9715290665626526,0.9750218598897215
2bak_aqz,0.6124590039253235,10.039485786416321,1.0,0.9166241645812988,0.9696209281940641
2bk3_foh,1.4355829238891602,5.055003580716459,0.0,0.7820002675056458,0.9302479666095133
2bu2_tf1,2.897183346748352,3.4434565180181496,0.0,0.804135549068451,0.9159023084483694
2bu5_tf1,2.915658187866211,3.4439187001834575,0.0,0.8095327734947204,0.9159023084483694
2bu6_tf2,2.188093137741089,2.5140516628961724,0.0,0.8060282707214356,0.952544384284575
2bu7_tf3,0.8969805240631104,3.0880582269473926,0.0,0.8725934386253357,0.9610540939186036
2bu8_tf4,1.741260290145874,2.768290969897914,0.0,0.7133657574653626,0.9505913818231795
2bx8_azq,10.319000124931335,4.29478431545836,0.0,0.550667154788971,0.7109462758791606
2bxa_c1f,0.6089040875434876,3.926486387157216,0.0,0.9308183670043946,0.8601768801548694
2bxb_opb,24.534412002563478,3.2825253953687,0.0,0.0,0.6821813497339215
2bxc_p1z,2.0378369092941284,1.904638468401211,0.0,0.7392355561256408,0.7101353428292774
2bxd_rwf,1.6538975715637207,6.934667635034605,0.0,0.7462031126022339,0.8238862816713063
2bxe_1fl,5.310634428262711,3.833198984876888,0.0,0.6786244928836822,0.7588104988644526
2bxg_ibp,0.8929526329040527,7.892621157468963,0.0,0.8363489389419556,0.9035968580974767
2bxh_ios,0.23138270080089568,3.949470621659721,0.0,0.9801601290702819,0.9120858047948713
2byb_dpk,3.2520790576934813,3.0723769104345515,0.0,0.5552695274353028,0.8819946416897606
2c65_4cr,2.4259546995162964,2.7271866320907154,0.0,0.7569429695606231,0.9170968334714971
2d5z_l35,20.42238655090332,2.735165829105092,0.0,0.025914008542895318,0.8205581940004707
2d60_l35,22.218975067138672,5.077958162072757,0.0,0.0007736249128356576,0.6542889863963597
2f7i_26c,1.2087002515792846,1.7109348773686164,0.0,0.8004313111305237,0.9109204977551497
2f8i_205,0.8474630236625671,2.091204976755747,0.0,0.8768504738807679,0.9165063286132888
2fap_rad,0.48673993945121763,2.7146967503171475,0.0,0.5835815310478211,0.9409247118487192
2fbr_44c,3.4580452919006346,3.2022225461533793,0.0,0.3570900559425354,0.6556064241240275
2fhy_a37,0.3998509138822556,3.0840766178944294,0.0,0.8775489807128907,0.9695465486980057
2fie_a74,1.0169827461242675,2.5762391570039056,0.0,0.8222845435142517,0.9790541812691556
2fix_870,1.1813491225242614,3.501214371761686,0.0,0.7779994249343872,0.9753342365028882
2fky_n2t,0.6133927226066589,3.2735890602417994,1.0,0.9491096258163452,0.9512556467921609
2fl2_n4t,0.6050308227539063,3.25616280118894,1.0,0.9260426163673401,0.9167045173851432
2fl6_n5t,1.1503644227981566,3.2436630034812253,1.0,0.8793354272842407,0.9556575205575877
2flm_6ca,4.697695302963257,3.1564194726156662,0.0,0.29707522988319396,0.6806571999262389
2fqq_f1g,8.610926628112793,4.303358220233255,0.0,0.04753001928329468,0.7544900316799057
2fsz_oht,0.41022292971611024,3.144447242987956,0.0,0.8852299332618714,1.0844022819881327
2g1q_n9h,0.7158000349998475,0.25519739284815374,1.0,0.923575758934021,0.9595133655869349
2g5u_pcq,0.6784877181053162,1.9923919027643067,0.0,0.8932967066764832,0.8560745230527125
2g9k_ne1,4.46784348487854,1.5491372955800278,0.0,0.45008952021598814,0.8451619540536246
2gab_ne2,2.9994012832641603,2.6958775943889544,0.0,0.5976816475391388,0.8430693202935714
2gm1_2az,0.9102604627609253,0.3041374456729357,1.0,0.877736508846283,0.9615447834231317
2i7n_aco,0.5669970214366913,4.205089342984254,0.0,0.4824967384338379,0.9684084777684164
2i7p_aco,0.589681726694107,4.004535364527358,0.0,0.4750790297985077,0.8173083972348077
2ica_2ic,1.3977580070495605,2.683779102316791,1.0,0.8211087584495544,0.9006040659075987
2ieh_moy,0.8610801219940185,3.299187968318093,1.0,0.899981689453125,0.9039081810146111
2jc9_adn,18.652288246154786,2.9437584026735824,1.0,0.0004478100046981126,0.8368936590474163
2jjk_r15,1.978538179397583,3.1884658178623284,0.0,0.4876820921897888,0.8007386953323316
2o7n_2o7,2.438014507293701,5.326938974206508,1.0,0.6621167421340942,0.9359693542965617
2o8b_adp,0.4713297963142395,3.929182772886417,0.0,0.9405118346214294,0.9270541062838804
2o8c_adp,0.578189092874527,3.7821669778406646,0.0,0.9248955011367798,0.9270541062838804
2o8d_adp,0.5583330690860748,3.810771601203071,0.0,0.9258613824844361,0.9270541062838804
2o8e_adp,0.742410147190094,3.789454422702491,0.0,0.910905945301056,0.9271140511684267
2o8f_adp,0.5271667659282684,3.6530585418017756,0.0,0.9270755887031555,0.9271958969028153
2onb_7pa,3.536436605453491,2.140337554256475,0.0,0.26493537425994873,0.9360476181060676
2p55_mra,8.117621899252857,4.102444452602623,0.0,,1.0269849990094964
2pg2_k01,0.7281747698783875,0.9654411268055527,0.0,0.9202182412147522,0.9478336483679518
2pio_2mi,17.090297889709472,2.6201942020457976,1.0,0.001556085835909471,1.0953562579557188
2pip_ico,29.03369560241699,2.7667624002490045,1.0,0.0,1.1342620319629628
2pip_k10,18.69383544921875,2.673657269410478,1.0,0.002489467477425933,1.0753164274374127
2piq_rb1,19.08484649658203,4.418443953713838,1.0,0.002389113832032308,1.0795439437558665
2pit_4hy,30.637968444824217,3.5288760442618416,1.0,0.0,1.0957770106650582
2piu_4hy,17.918661880493165,3.0408380118573506,1.0,0.0040628253249451515,1.0908681655018642
2piv_t3,33.07556686401367,18.66102999199408,1.0,0.0,1.1032428514212826
2piw_t3,20.276057243347168,3.823751357486146,1.0,0.0005012287700083106,1.1021908876175892
2pix_flf,30.227436447143553,3.0187498550722287,1.0,0.0,1.1622299046347322
2pkl_4hy,30.747159957885742,4.763661436686734,1.0,0.0,1.0957770106650582
2q2y_mkr,1.6323232889175414,3.1913480936628,1.0,0.8967344880104064,0.9518811194413752
2q2z_mkk,1.20414457321167,3.3330011958300103,1.0,0.9068456292152405,0.9567923612270015
2qgc_mr4,1.3096885919570922,2.5261243236594026,0.0,0.8296129941940308,0.890620147450149
2qgd_mr5,0.44977217316627505,3.0740059432245754,0.0,0.9179947733879089,0.8531911649409704
2qge_mr6,2.323812997341156,1.7594796621190845,0.0,0.7222526133060455,0.8422527735357805
2qlj_cit,19.385811614990235,4.651695896046595,0.0,0.0004462973272893578,0.997542210947287
2qpy_4hy,31.29281883239746,4.270723562336346,0.0,0.0,1.080131378601607
2rox_t44,1.647707962989807,1.2877213954686293,0.0,0.7908438682556153,0.8915504689676095
2roy_p28,1.814731740951538,1.1721849658016672,0.0,0.7687059998512268,0.9300812072228378
2uyi_k02,0.6359579920768738,0.22767423921675228,1.0,0.9285962700843811,0.9558569348349633
2uym_k03,0.5546930491924286,0.2723284027942485,1.0,0.9265596032142639,0.9572128862643657
2v5z_sag,1.2297103643417358,2.9298585586420702,0.0,0.8503290176391601,0.9780651434778929
2v60_c17,0.763700857758522,3.1594851434249813,0.0,0.9076227068901062,0.9700225560096248
2v61_c18,1.1294581174850464,3.29494828474904,0.0,0.8708898067474365,0.9734949096626497
2vgb_fbp,9.753806992878133,3.1325845129033225,0.0,,0.936405211258349
2vgf_fbp,8.671649202684307,3.1443441587866365,0.0,,0.9352825532426943
2vgg_fbp,7.629464896252121,3.0124218002396455,0.0,,0.9338994554655711
2vgi_fbp,9.470959572485693,3.0115677907299294,0.0,,0.9347926279292897
2vt5_rok,0.3865995526313782,2.3678181964729124,0.0,0.9432254672050476,0.9545624741513874
2wbb_ro3,0.45585983991622925,1.3346608469589851,0.0,0.8938884735107422,0.9803011699459165
2wbd_ro5,0.5601645946502686,2.271848069254887,0.0,0.877224063873291,0.9739859764294145
2wgh_dtp,25.85327888727188,3.802474847965758,0.0,0.19339430928230286,0.7603923343754273
2wog_zzd,0.9580060005187988,0.22026059583407265,1.0,0.8711503267288208,0.9122383333982093
2x2r_x2o,1.0520216464996337,2.7957232750235734,0.0,0.8643661856651306,0.9348328655370933
2x7c_kz9,0.4890169084072113,0.23098089698501245,1.0,0.9490021347999573,0.9227692032154243
2x7d_egb,0.40936453342437745,0.2134344064538194,1.0,0.9629820466041565,0.9438710701091674
2x7e_x7e,0.7578948974609375,0.26261867409905754,1.0,0.9073530316352845,0.9248242291272705
2xae_2xa,0.6668977856636047,2.1916584777405688,0.0,0.9225231170654297,0.9430449649242612
2xcg_xcg,0.5961423277854919,3.589187675051691,0.0,0.8743693828582764,0.9817444266321645
2xcv_dg2,3.8151389598846435,5.373614090425709,1.0,0.42115123867988585,0.7666577557303311
2xcw_atp,2.3320839405059814,0.9874091444404852,1.0,0.7368109583854675,0.8284098890052223
2xfn_xcg,0.6851821184158325,3.606459931349215,0.0,0.9208382844924927,0.981561415150369
2xfo_xcg,0.7146449863910675,3.6033231517032585,0.0,0.8713580965995789,0.9816042671638059
2xfp_xcg,0.5726384282112121,3.7175466224420197,0.0,0.8851214528083802,0.9817621182949596
2xfq_xcg,0.5022971540689468,3.593324709156471,0.0,0.9262918353080749,0.9817444266321645
2xhd_7t9,13.491271209716796,4.520005740082548,0.0,0.07631521207513288,0.6006660390167557
2xjc_b4p,3.052474784851074,5.095314015191238,1.0,0.7981586217880249,0.6986770879925506
2xjd_atp,2.2863091468811034,0.6430929827081661,1.0,0.7305595517158509,0.8284098890052223
2xje_atp,2.3188355445861815,0.7756997143656493,1.0,0.7153648257255554,0.8284185071832344
2xjf_dg2,3.592235803604126,4.766639094579163,1.0,0.48011324405670164,0.7682521227062717
2y5k_ycu,0.8135055780410767,3.011479513702043,0.0,0.8225506901741028,0.9799165340370607
2y5l_ro8,0.5543714821338653,2.436069847746635,0.0,0.9001718044281006,0.976641217945841
2yhd_av6,20.006877136230468,3.3638604156879737,1.0,0.0009345622733235359,1.1522085244677538
2ylo_ylo,30.561325073242188,3.1834532385441827,1.0,0.0,1.086232472399506
2ylp_056,19.721973991394044,3.0747396581766635,1.0,0.00018143146007787436,1.0833539915166797
2ylq_ylq,31.122054290771484,3.3838327455958845,1.0,0.0,1.0692149300841003
2zb2_a46,10.355976343154907,5.090780554668009,0.0,0.33872186541557314,0.6341218154537873
2zb2_mes,32.41515884399414,,0.0,0.0,0.70627787618243
2zmf_cmp,0.31446523368358614,4.0141512282474725,0.0,0.9753456830978393,0.8641689898172296
3a0i_aji,0.9463000774383545,4.1476151782379125,1.0,0.7804500579833984,0.9549074587220886
3a29_2t0,0.5427394390106202,2.931378137673358,0.0,0.9244028806686402,0.97641719807971
3b56_diu,3.5120622158050536,2.761886550130869,0.0,0.568315076828003,0.8392410107262338
3bjf_fbp,2.3607712607624434,3.1728197179369793,0.0,,0.9165642617482186
3bqm_bqm,0.8023167848587036,5.156017338672106,0.0,0.783293855190277,0.9184540073584572
3bqn_bqn,1.4296594142913819,11.198193638527513,0.0,0.7013590335845947,0.9099661056692774
3ceh_ave,30.398852157592774,3.712089846752092,0.0,0.0613555908203125,0.5526487186828094
3cej_avf,0.6142669081687927,3.5605339363430106,0.0,0.6290939688682556,0.9640101682860911
3cem_avd,0.5241191744804382,3.0757217941917894,0.0,0.694362735748291,0.9731666133636333
3cfn_2an,4.692108869552612,2.773031727240011,0.0,0.3660557508468628,0.7336669149879637
3cfq_dif,5.962312126159668,2.538874408863012,0.0,0.27509514093399046,0.8195578634909502
3cft_5ns,3.5835015773773193,2.4565280686713136,0.0,0.4630181908607483,0.7972389826597477
3cjo_k30,0.6540799498558044,3.342564240033498,1.0,0.9223079800605773,0.9594834053424556
3cn0_lj1,0.5577817380428314,1.067805255937966,0.0,0.9476922988891602,0.8891969398898881
3cn1_lj2,0.5906500041484832,1.467616101688608,0.0,0.9183158636093139,0.8075236864888373
3cn2_lj3,1.6126392364501954,3.5418933334531433,0.0,0.6916711926460266,0.8411631057624638
3cn3_lj4,2.882324767112732,3.0518545628283875,0.0,0.551282674074173,0.8281898971144808
3cn4_lj5,3.6081587433815003,4.226608219405069,0.0,0.545068371295929,0.800601937074188
3d2t_1fl,3.523522901535034,3.614022648499167,0.0,0.4773397147655487,0.943758297401996
3d83_gk6,0.824574327468872,0.5519746831105448,1.0,0.9120702147483826,0.963837153805026
3dd1_25d,0.9473618865013123,3.2715424408042653,0.0,0.6705681562423706,0.957954347205568
3dd1_cff,9.689415836334229,3.2806324535297846,0.0,0.301910078083165,0.6797037369931465
3dds_26b,6.4614652633667,4.041462590137264,0.0,0.24295515418052674,0.8475747564075468
3dds_cff,9.68667721748352,3.384748738055291,0.0,0.3025324777816422,0.6803974558402333
3ddw_055,1.3546133100986482,3.265228753900156,0.0,0.6003389596939087,0.9737348335936955
3ddw_cff,9.673239517211915,3.290240154919787,0.0,0.3012799610150978,0.6810911456367345
3dv3_mek,0.6234584212303161,3.983997723450517,0.0,0.9263081789016724,1.0254855406707926
3dy7_1cx,1.0093972444534303,3.6012804631079796,1.0,0.8848632574081421,1.028315805701985
3dz3_put,0.6302077651023865,4.071534475271217,0.0,0.23653832077980042,0.9529742179754658
3e2m_e2m,1.3857751846313477,12.718069792284037,0.0,0.7142181158065796,0.9112932965576471
3e8n_vra,0.4456716597080231,3.6169426261955264,1.0,0.9145940780639649,1.0248243160024715
3e93_19b,0.2894150078296661,15.94786570006529,1.0,0.9633551478385926,0.9679577521678742
3ep5_ure,10.037432169914245,4.420017609252423,0.0,0.11460159420967102,0.8156326305414018
3epa_put,1.1532223224639893,3.8601722952239177,0.0,0.2442615807056427,0.9530241830157651
3epb_put,0.8601539134979248,3.8450725443625915,0.0,0.24246784150600434,0.9530241830157651
3eqb_lug,1.1236395239830017,3.362094001413179,0.0,0.8718958020210266,1.0246400877888378
3eqc_3bm,1.2124034404754638,4.278032458289261,1.0,0.8645779609680175,1.0242432406995512
3eqg_4bm,1.4398523807525634,4.698058431052196,1.0,0.8132721304893493,1.02349024711468
3eqh_5bm,1.611057734489441,4.308159137107673,1.0,0.7527568936347961,0.8900525961211432
3esn_dz1,0.5759944021701813,2.704479718181266,0.0,0.9285007119178772,0.9215782504161085
3eso_dz2,1.2419259548187256,2.6140477603666445,0.0,0.8327999114990234,0.809402929636206
3esp_dz3,1.0408416152000428,2.954291731627316,0.0,0.8742641568183899,0.9080452987326877
3evj_nto,18.960705296703246,3.0809761420620867,0.0,,0.8642898703671051
3f1o_2xy,0.6485779047012329,3.4968239801496117,0.0,0.9168743252754211,1.1479483623296414
3f78_icf,12.506808924674989,3.391852894166268,0.0,0.3923547528684139,0.6437854723316276
3f9m_mrk,0.32805292010307313,8.035547714218882,1.0,0.8429182648658753,0.9394158462518429
3f9n_38m,23.738131999969482,2.748069626975089,1.0,0.2534016132354736,0.7079844080536998
3fap_ard,0.8765206575393677,1.4327458576909973,0.0,0.5504808187484741,0.9344295045821479
3fc8_ifa,2.026058053970337,2.8879553325767895,0.0,0.6953198909759521,0.8244643399591546
3fcb_ifb,1.0013745188713075,1.9604973160903767,0.0,0.8341854810714722,0.8373161091386144
3fr0_ajb,0.76527099609375,4.50174811548461,1.0,0.7734523177146911,0.9566723603831091
3fud_692,34.32915725708008,3.1189770355298014,1.0,0.0,0.7364140481515851
3gcq_1bu,0.29146459698677063,0.4801989813265661,1.0,0.922705078125,0.9653661963836704
3gcs_bax,1.4853445768356324,0.5003158290528779,1.0,0.7790026545524598,0.9620131681532771
3gcu_r48,0.19046238362789153,0.28718441494561675,0.0,0.9405707597732544,0.9666206147499397
3gcv_ss6,1.1283092975616456,2.5080181286711163,1.0,0.844233763217926,0.961665111397242
3gi3_b10,0.5608912646770478,0.4338554129107777,1.0,0.911328113079071,0.9588868716548357
3glz_1bd,1.887702512741089,2.489534955270243,0.0,0.7993896007537842,0.8643976357986091
3goi_loi,0.4570069432258606,4.309276390686589,1.0,0.8014929413795471,0.9599147292701306
3gqy_fbp,1.9360793955338707,3.5093963484441604,0.0,,0.9165906621924147
3gr4_fbp,2.016447281178603,3.4963472576171646,0.0,,0.9156255114387983
3gs0_6bd,6.31740083694458,3.1208463504833683,0.0,0.36524932384490966,0.787861085108629
3gs4_7bd,6.291835784912109,3.3121098953900527,0.0,0.36943891644477844,0.7768226052953198
3gs7_8bd,1.1594932317733764,2.9820803335839994,0.0,0.8376667499542236,0.9134510646577692
3h0v_put,0.2988180935382843,4.0445159105393795,0.0,0.22728074491024017,0.9529742179754658
3h0w_put,1.1050841331481933,3.6558395793335214,0.0,0.24465149343013765,0.9529742179754658
3h1v_tk1,5.910758686065674,4.103231488822581,1.0,0.35281485319137573,0.8025600410135105
3h30_rfz,2.8614875078201294,2.5451575130363153,1.0,0.5699790596961976,0.9412716737430389
3h6o_fbp,1.861928363692103,3.5285011737660943,0.0,,0.9201986716844072
3h7w_018,1.1200361013412476,3.1680579101432835,0.0,0.8580251693725586,1.137758184007883
3h82_020,0.8701454758644104,3.3278533263500933,0.0,0.8751869440078736,1.1378969954082319
3hec_sti,0.8976149559020996,9.226228206438426,1.0,0.8738181591033936,0.955202361014087
3heg_bax,0.5887387275695801,8.783236860147312,1.0,0.8789187550544739,0.9620131681532771
3hj0_a93,1.4147626638412476,3.396255707825516,0.0,0.8750785708427429,0.8670490441331088
3hnc_ttp,0.4296392500400543,2.4900427809099046,0.0,0.7201465725898742,0.8498854800071483
3hnd_ttp,0.7262601613998413,4.075171848409209,0.0,0.6574304819107055,0.8495188875674723
3hne_atp,16.137369918823243,3.8219809383599412,0.0,0.5097994089126587,0.7884786879691583
3hne_ttp,0.6233363628387452,2.647536667501231,0.0,0.7156547904014587,0.8507000803991975
3hnf_dtp,23.04409110546112,3.759635826577972,0.0,0.4692635774612427,0.7578856562976951
3hnf_ttp,0.890268862247467,2.4835077934846312,0.0,0.6711711406707763,0.8512072308350817
3hrf_p47,0.6756659865379333,3.521153441798713,1.0,0.887917983531952,0.9844765985936312
3hv3_r49,0.26436281502246856,0.45765153413764015,1.0,0.9295869708061218,0.9676548178184742
3hv4_l51,0.2569277584552765,0.46300286486728215,1.0,0.9460343003273011,0.9690489955958979
3hv5_r24,0.26118909418582914,0.5900318152511822,1.0,0.9353576183319092,0.969506639999301
3hv6_r39,0.36844619512557986,0.2807607971823902,1.0,0.9382380247116089,0.9625694399995876
3hv7_1au,1.227992296218872,0.5792614764896955,1.0,0.845564353466034,0.9688273520583142
3iad_15x,6.691730117797851,3.989597361302711,1.0,0.7300260901451111,1.1082999634591946
3id8_mrk,0.3884181082248688,6.944555670714325,1.0,0.8514676213264465,0.9394158462518429
3idp_l1e,0.38268367648124696,3.205698844426717,1.0,0.9623412728309632,1.0639861921224576
3ifa_amp,0.2507831215858459,3.317278794248542,0.0,0.9674466848373413,0.9659670769177533
3ifc_amp,0.27950863540172577,3.3147255643137634,0.0,0.9718450546264649,0.9659670769177533
3ijg_avr,6.089300727844238,3.09165092804282,0.0,0.35386266708374026,0.728415530177361
3ijj_avr,6.52895040512085,3.1744143365955857,0.0,0.33138891160488126,0.728415530177361
3imr_iw1,5.707888066768646,1.9373814708230896,0.0,0.36305212378501894,0.8643011133938318
3ims_iw2,6.9941130638122555,2.609817888276546,0.0,0.22795923948287963,0.9175275547054913
3imt_iw3,7.568989944458008,3.523680279792066,0.0,0.2318398416042328,0.8484944864885806
3imu_iw4,1.0605434417724608,2.590381788856027,0.0,0.8821609854698181,0.9049531407325917
3imv_iw5,0.40744694471359255,2.7462282658559833,0.0,0.941031813621521,0.9046519758988651
3imw_iw6,0.845594072341919,2.872250689663056,0.0,0.8996224761009216,0.9208870443760393
3imx_b84,4.543669605255127,3.5102686689068974,1.0,0.5484062671661377,0.9076321997207227
3ipb_jzd,3.6427471160888674,3.3456739324944182,0.0,0.3779910087585449,0.6188870264417271
3iw8_hiz,9.29163475036621,1.9517917524746657,1.0,0.12259441763162612,0.6747691859035588
3jvr_agx,15.887527084350586,3.4729907592156692,1.0,0.08832085728645325,0.633851863983134
3jvs_agy,14.9745662689209,3.0515456329329913,1.0,0.15614617267565337,0.7217574717178263
3k3b_l31,0.500480055809021,0.31910537538107325,1.0,0.9504684329032898,0.950729315906073
3k3i_jzj,0.6295390367507935,4.984797993748314,1.0,0.913732373714447,0.9516952827626042
3k3j_f4c,10.651327133178711,4.069233439330096,1.0,0.08957491219043731,0.7535852045432677
3k5e_k5e,0.6104392290115357,0.9754808820561796,0.0,0.9442140817642212,0.91742672495448
3k8s_z27,0.6268543004989624,4.502010028426065,0.0,0.8799293160438537,1.0282303607423462
3kbz_2t4,0.7623594045639038,2.99365025762214,0.0,0.9126932978630066,0.9635551504405917
3kc0_2t5,0.5528231799602509,2.891745598046333,0.0,0.9501619815826416,0.9730966722646883
3kc1_2t6,0.5591385960578918,3.478000962813616,0.0,0.9205137610435485,0.9797146075245429
3kcg_ntp,88.27097351778244,2.6821002445500186,0.0,,0.8693717302650326
3ken_zzd,0.9159567058086395,0.28155015716595894,1.0,0.8761932134628296,0.91276539873367
3kgt_gen,1.502035427093506,1.899415460226076,0.0,0.6951684474945068,0.8667974275422615
3kgu_gen,2.537477135658264,3.1427602316198366,0.0,0.6241622269153595,0.8455508439635004
3kjf_b92,0.9006829500198364,3.6842455490288613,0.0,0.2614832580089569,1.0112395157831404
3kjn_b93,0.46721649169921875,2.6775880355290256,0.0,0.39359999299049375,0.9600528649718832
3kjn_dtt,20.903805541992188,,0.0,0.019916779547929763,0.7316199073960535
3kjq_b94,0.6097774595022202,3.1699461744826594,0.0,0.47478225231170657,0.9149280443504706
3kq7_kq7,0.7331693649291993,4.325842164879648,1.0,0.9145736336708069,0.9656432085600661
3l9h_emq,3.3835447788238526,0.3342176688776136,1.0,0.7728881359100341,0.9391882916086797
3lfb_z87,0.40400150418281555,0.45998587105801764,1.0,0.9096488952636719,0.9637784705763848
3lfd_z85,1.3573116540908814,0.3634922417662543,1.0,0.8109888076782227,0.9429519418388486
3lfe_z84,1.008419919013977,0.6692805892416975,1.0,0.8552924156188965,0.9531624978385844
3lu6_imx,21.48274850845337,6.623819415284514,0.0,0.035086266696453094,0.721415751996006
3lu7_ipx,15.11417465209961,4.079848558339217,0.0,0.094025918841362,0.6771563078922156
3lw0_ccx,13.294209098815918,3.5857503870190692,1.0,0.08083232119679451,0.6569602290328065
3m1o_cjz,0.4158370018005371,3.1532053157244233,0.0,0.9579831600189209,0.9422771421644163
3m6f_bjz,0.9411807954311371,3.3207167910194513,1.0,0.8339489698410034,0.912918127584099
3mk6_aco,3.840699625015259,4.082677164865263,0.0,0.3714524686336517,0.8173083972348077
3n1v_3n1,3.119671678543091,2.702472596930008,0.0,0.5683432877063751,0.934031448439765
3n1w_3n2,2.941510772705078,3.4766685745020167,0.0,0.5657636404037476,0.9655758074093749
3n3l_ms0,0.8402450144290924,2.641613985806424,0.0,0.8434842228889465,0.9787019075198365
3n45_3n3,1.6358369827270507,3.7701577630231413,0.0,0.7670676112174988,0.8999180125544021
3n46_3n5,5.5155417919158936,3.1579515871935007,0.0,0.402912575006485,0.8774629112145073
3n49_3n4,0.6908115029335022,3.550550018205095,0.0,0.8801145792007447,0.9944837125715973
3n5h_go0,0.5252913475036621,2.905248126612149,0.0,0.8864736557006836,1.0105053902277064
3n5j_go1,1.359822392463684,2.6682601091772153,0.0,0.7938011407852172,0.995422589108272
3n6k_bfh,0.5028989672660827,2.4761218530013958,0.0,0.8824072003364563,1.0202471659849346
3nax_mp7,0.73247150182724,19.952946668345835,1.0,0.7593772292137146,1.0055888232274852
3neo_g24,2.837774324417114,2.6397428473234394,0.0,0.5891315519809723,0.8209384718549421
3nes_b72,4.129068994522095,1.968808898107985,0.0,0.4288010776042938,0.8680569164952182
3new_3ne,3.9784221172332765,8.997750843881123,1.0,0.45012218356132505,0.7108505554735074
3nex_g24,2.8428717374801638,2.1990099884122243,0.0,0.6292797565460205,0.8187617417274122
3ng5_kdh,14.72489881515503,3.4584920909993264,0.0,0.10642745094373822,0.7571246678301855
3nnu_edb,0.8072615683078765,0.22517857888686654,1.0,0.8969256281852722,0.9542844493993424
3nnv_437,0.4991505563259125,0.2589417923765963,1.0,0.9300304651260376,0.9694361460096381
3nnw_edd,0.1911267638206482,0.2800095354556471,1.0,0.9674583911895752,0.9703925907768458
3nnx_edd,0.22409274578094482,0.2038016215125727,1.0,0.9859632253646851,0.9707305023420825
3o2m_46a,3.1121586322784425,2.677475039693024,0.0,0.5325697481632232,0.9205215124939461
3o8p_bmu,0.5549952745437622,0.49198632491641614,1.0,0.807151448726654,0.9692593642119995
3o8t_bmu,0.3794449806213379,0.11617937161977065,1.0,0.9394492387771607,0.9692561203506743
3o8u_bmu,0.2738522469997406,0.33170328477016825,1.0,0.9510638833045959,0.9692593642119995
3o96_iqo,1.4822019338607788,6.942750741911626,1.0,0.8167444705963135,0.9912017497593905
3obj_bmu,0.6126009345054626,0.17525220932207247,1.0,0.8905758619308471,0.9695672992697622
3oc1_bmu,0.3446792483329773,0.17900915878412313,1.0,0.9183759093284607,0.9692593642119995
3of1_cmp,0.4678243577480316,3.3059808305995046,1.0,0.9571341633796692,1.0049912410964938
3oiv_dtt,17.300553703308104,,1.0,0.007066027820110321,0.78164282394832
3orn_3or,0.5816848814487457,3.9425783313247904,1.0,0.8958563685417176,1.0330729322839198
3orx_1f8,13.962622547149659,2.6454796180632747,1.0,0.14441076670773328,0.6941113253827125
3orz_2a2,12.630161428451538,4.141393626419389,1.0,0.31252828405704347,0.750739903474029
3os3_3os,0.8747660875320434,3.429404873201225,1.0,0.8490464210510253,1.0222873653400684
3otu_j30,10.566262531280518,3.8229033241456563,1.0,0.11994722068775446,0.8211342130176076
3ozk_t44,2.862206745147705,2.378459888637356,0.0,0.6152915596961975,0.8911585452470415
3ozl_flf,2.259257972240448,3.0931201928610657,0.0,0.6353925228118896,0.8914661999094946
3p3r_3m1,2.394155216217041,2.823639572407841,0.0,0.7131762504577637,0.9560106431800166
3p3s_3m2,5.933147239685058,3.044954373235598,0.0,0.2776898741722107,0.8660891527276192
3p3t_3m3,7.083059215545655,2.3369296544552576,0.0,0.21980320811271667,0.9489614164405195
3p3u_3m4,5.654484105110169,2.9117975655085218,0.0,0.3650437742471695,0.829337937514125
3pg3_dg7,0.9517547369003296,0.48098663234652134,1.0,0.8427815079689026,0.9497461940923788
3pp1_izg,1.3858844757080078,3.9845086775135705,1.0,0.8199553608894348,1.0281160271302934
3prj_udx,0.5468291640281677,3.785936412481383,0.0,0.8968316078186035,0.8772104156325919
3ptz_udx,0.34523193836212157,1.090839047461899,0.0,0.907409405708313,0.8772571529971053
3pxf_2an,11.592645263671875,3.264038755106191,1.0,0.1424658179283142,0.7645628582602153
3pxq_2an,1.7197766780853272,13.976480456226591,1.0,0.6812710642814637,0.7645396431235814
3pxz_2an,11.614792823791504,3.265671844930702,1.0,0.14194340407848358,0.7645628582602153
3py1_2an,11.241899871826172,3.343098783269139,1.0,0.14497496783733368,0.7645628582602153
3pyy_3yy,26.00717658996582,4.043883974663451,0.0,0.0,0.8845802917047602
3q96_0nf,0.46328970789909363,4.0837032403162095,0.0,0.9504508018493653,1.0744214151346199
3rn8_rn8,59.365583992004396,3.9575085540021346,0.0,0.007776838541030884,0.377539605901863
3rnn_rnn,0.771860945224762,4.383804639474211,0.0,0.8977220177650451,0.8559667129819417
3rz3_u94,1.077246868610382,3.8137176740749807,0.0,0.9000329971313477,0.9922640392369484
3s41_s41,0.552230155467987,7.966887686805204,1.0,0.9105863690376281,0.9588311420790715
3sls_77d,1.9574054718017577,4.331485459411347,1.0,0.7357808828353882,0.9995882858571793
3smq_tdu,2.044248950481415,3.975126789970525,0.0,0.7629395723342896,1.0026475080835158
3tct_3mi,1.7857408761978149,2.573244531856335,0.0,0.7959089279174805,0.9141948892843018
3u18_y0x,1.0855581283569335,2.619881920334284,0.0,0.9096984148025513,0.6506571714904408
3uo9_04a,1.7056410789489747,3.8666000406588226,0.0,0.46310240030288696,0.8956459983725085
3ut3_emj,12.011707305908203,3.184291012405396,0.0,0.1901332125067711,0.8156906820873149
3uvv_rea,2.0292797088623047,3.45604278654627,0.0,0.7726175308227539,1.0447034943868974
3v01_3v0,0.8131358742713928,4.063596697039488,1.0,0.9040177941322327,1.021834393845186
3v04_v04,0.5985289216041565,4.434935193334886,1.0,0.9130113959312439,1.0257618455056328
3vev_0h4,1.6576509839794444,10.486039803077116,1.0,,0.9256555649666861
3vey_0h5,0.3662120640277863,3.5419978399504393,1.0,0.8251222014427185,0.9609555458978299
3vf6_0h6,1.7321902493046815,9.119489112071099,1.0,,0.9589942983885432
3voz_04a,1.1846087217330932,3.5045677281558327,0.0,0.6296514511108399,0.8974914585576211
3vp1_04a,1.4730020999908446,4.246339326646461,0.0,0.6132134437561035,0.8957061661437633
3vp2_bp0,1.7372658729553223,3.0511201246605255,0.0,0.5258440613746643,0.9217389069288167
3vp3_bp8,1.8159108638763428,3.33725902171634,0.0,0.49659881591796873,0.9119095654814107
3vp4_bp9,1.7973494052886962,3.0872289572089735,0.0,0.5342612266540527,0.9157973368807181
3vvh_4bm,1.3455191373825073,3.644229981738475,1.0,0.8619220852851868,1.023753316081646
3wig_chu,10.839460372924805,8.15072851293534,1.0,0.08919032867997885,0.7950246854251011
3wpn_b4s,2.5636675357818604,8.113242944712816,1.0,0.5769320130348206,0.8529925815362764
3zcw_4a2,1.0287218928337096,3.7930905550208025,1.0,0.8176177263259887,0.9036578432189432
3zm9_qmq,0.7168142437934876,4.476069448224395,1.0,0.8866852045059204,1.0040942713195253
3zqt_30z,31.43243827819824,4.401550786280854,1.0,0.0,1.072387861645901
3zyx_mbt,3.6765693187713624,3.8613972889087975,0.0,0.49323745965957644,0.8868265401151258
4a06_a06,1.4464141488075257,3.3944527251172945,1.0,0.7783928990364075,0.9387968681369336
4a07_az7,0.8511980056762696,2.949664423445236,1.0,0.8528432369232177,0.9647960838180921
4a50_dq6,0.9218598246574402,0.26519333704460346,1.0,0.8790193676948548,0.9210122780952362
4a51_dq8,0.6797958254814148,0.2504710735061927,1.0,0.9169364809989929,0.9172305211216234
4a79_p1b,5.167040920257568,3.6172276216504513,0.0,0.34638260006904603,0.9440191148942902
4a7a_rgz,5.1210408210754395,2.778100006443851,0.0,0.356581848859787,0.9597095544090262
4a9y_rny,0.6281845927238464,10.039194204050837,1.0,0.9150054574012756,0.9692207772781968
4aa0_aa0,0.6196061491966247,8.666214248130123,1.0,0.8611147165298462,0.9641950529610426
4abq_4v2,9.141603469848633,3.346329763008312,0.0,0.37764289444312454,0.7589440532251598
4abu_ft1,6.176628303527832,2.2732030678482125,0.0,0.2648823201656342,0.8324195998282387
4abv_ft2,5.971951484680176,2.637285027357439,0.0,0.2955231428146362,0.766897631362006
4abw_42m,1.9788049578666687,2.6217252458880176,0.0,0.6334771096706391,0.8842809836769275
4ac2_43f,3.4640926837921144,2.751524067645201,0.0,0.4039730966091156,0.8600092539113383
4ac4_hka,2.009060764312744,3.470883901146306,0.0,0.6789599180221557,0.8831509116905016
4act_ft0,2.2058117985725403,2.6563437586172722,0.0,0.6850832760334015,0.871952692152895
4an2_eui,0.8828614115715027,4.0487348290613605,1.0,0.8391982316970825,1.025605289280247
4an3_5y0,1.3019221067428588,4.074808370565661,1.0,0.8359405279159546,1.0248754582843835
4an9_2p7,0.42181459069252014,3.5087877990944953,1.0,0.9076480507850647,1.031032213623105
4anb_yqy,0.45906786918640136,3.9018842424152664,1.0,0.9173991680145264,1.028705965713093
4ap0_g7x,0.6673057377338409,5.559293567347846,1.0,0.8817395210266114,0.9610124407210924
4aqh_tb7,1.5770776510238647,3.8656711147152216,0.0,0.7025008082389832,0.9118399606926593
4ark_m3k,13.995297050476074,5.037804561448633,0.0,0.06425518281757832,0.8628890629337125
4as7_6lx,0.6302172720432282,0.36082852655818254,1.0,0.8840691685676575,0.9692556579357723
4aw0_mjf,0.2759961485862732,3.289807502827346,1.0,0.9670183062553406,1.0042195475028195
4aw1_21o,0.3204623103141785,3.422051074921151,1.0,0.9480619549751281,0.9937253858272219
4b2d_fbp,1.9355584320588821,3.0842663460106197,0.0,,0.9165906621924147
4b2d_ser,5.291000797699434,3.174796499143681,0.0,,0.7922053152319256
4bbg_v02,1.2759197175502777,2.836124433714279,0.0,0.8610420942306518,0.9271972676650918
4bxn_mjq,2.1721585750579835,1.0111375106625644,1.0,0.5772497773170471,0.9698193221514941
4bzb_dgt,1.4808380126953125,3.1721979652605574,0.0,0.4153162896633148,0.7944333558639152
4bzc_t8t,1.2416666865348815,2.4284126584104153,0.0,0.589641946554184,0.7352242779774594
4c7b_bvb,5.692306232452393,3.1182197090009596,1.0,0.4116813182830811,0.8323592527738212
4c8b_0li,0.3751541912555695,16.27465425609699,0.0,0.9648064136505127,1.0378153226686389
4cfe_992,16.067014694213867,3.345966151285995,0.0,0.013717837468720972,0.8234572274199199
4cfe_amp,0.2868222653865814,3.8297857648367235,0.0,0.9252149581909179,0.9736704672372323
4cff_amp,0.3759149432182312,3.7866228337720225,0.0,0.9216091632843018,0.973998076371706
4cff_c1v,25.913171005249023,3.4747316022408237,0.0,0.0,1.0434623025344778
4cll_bct,30.824333786964417,1.6915216521883405,1.0,0.17471909523010254,0.6506974349933521
4clp_act,,,0.0,,0.6761938644707381
4clw_so3,45.22774658203125,2.040517974891953,0.0,0.0,0.6584913385477422
4cly_bsy,37.264918541908266,1.7093722525211792,0.0,0.16366279125213623,0.6122394561265845
4clz_act,,,0.0,,0.6759133360780579
4cm2_so3,45.415887451171876,2.1504098860348426,0.0,0.0,0.6584913385477422
4crt_ass,4.218484735488891,3.0650400782325553,0.0,0.5057900309562683,0.7940206262856805
4ct1_31s,16.004666009052013,3.26727800362634,1.0,,0.891861324216068
4dbn_0ja,0.9981188654899598,3.9647767115910284,0.0,0.8737929701805115,1.0679296012974118
4dch_4dc,2.5810332775115965,3.0132737191308587,1.0,0.5126374304294586,0.9174973430744535
4der_agi,1.4369096994400024,3.096293332849915,0.0,0.7389086723327637,0.8787697805568794
4des_57d,2.9658456325531004,3.615210475671554,0.0,0.5201665222644806,0.8587721060313408
4det_kmp,3.6018924713134766,3.154116256211995,0.0,0.5280553102493286,0.8488794498349312
4deu_nar,2.3473149061203005,2.1903022750131775,0.0,0.663098931312561,0.8445621956820716
4dew_lu2,6.986352920532227,0.12444881909986147,0.0,0.21505536139011383,0.8648968714095278
4dhy_s41,0.5608503162860871,7.9662467002137065,1.0,0.9101225137710571,0.9590711721548463
4dlr_dtu,17.772818183898927,2.557699454516686,1.0,0.0011278195306658745,0.7176408680266557
4dlv_dtt,17.58382339477539,,1.0,0.0015276145306415856,0.7135450342394687
4dlx_dtu,17.469431114196777,2.332374347661419,1.0,0.0019005573238246142,0.6989474485323552
4dly_dtt,8.578130435943603,,1.0,0.1455287031829357,0.7036101262645144
4dlz_dtu,10.649375343322754,2.914658702883742,1.0,0.11045900154858827,0.6953863155764316
4e6a_0o9,7.489832210540771,0.7274241893398906,1.0,0.2558348745107651,0.8131685895997744
4e6c_0o8,6.781315612792969,1.2685365477915131,1.0,0.28902916312217714,0.7497747344299265
4e8a_0oa,6.800293588638306,0.8431522863216963,1.0,0.2737456738948822,0.7682417223495968
4ebv_0o7,16.82993049621582,3.6564522249685125,1.0,0.007985057216137648,0.9362185550444859
4ebw_0pf,14.594059944152832,3.7352683417881116,1.0,0.044054349325597285,0.8205399945171301
4eh9_0oq,13.116178131103515,3.241439798796603,1.0,0.06897588670253754,0.6440019704744286
4eh9_irg,0.4233913540840149,0.4693934544946089,1.0,0.9351776003837585,0.9737734613233628
4ejn_0r4,2.5165584564208983,1.8920038433086763,1.0,0.6667778491973877,0.9989080105718824
4ez7_2an,11.223621559143066,2.820082209810467,1.0,0.13967434465885162,0.7645628582602153
4fap_ard,0.7348054111003876,2.6346114151925604,0.0,0.5699127554893494,0.9341789642110111
4fc0_0t2,0.5157875537872314,4.378683763171734,0.0,0.9347199440002442,1.0658070701177245
4fea_0te,3.8602500438690184,3.5934318664806186,0.0,0.36295912265777586,0.8953537420699522
4fi6_0u7,0.9019999384880066,2.100486555124306,0.0,0.8799769282341003,0.8834269009716419
4fi7_0ua,0.6953445434570312,2.024276828568475,0.0,0.8957473039627075,0.9563741309423694
4fi8_0uc,0.7537641167640686,2.7438150432045414,0.0,0.9020608305931092,0.9144689026742736
4fxf_fbp,3.0203619674149342,3.1680829660611773,0.0,,0.9167954254054589
4g0n_dtt,16.94205951690674,,0.0,0.0015306122601032256,0.7036039102285541
4g1n_nzt,1.0949751734733582,3.6492469226962063,0.0,0.609079110622406,0.8476598382627545
4g8o_96p,44.641606140136716,4.721697053004476,0.0,0.0,0.823139469719741
4g8r_96p,16.167744064331053,4.815313928103777,0.0,0.017407334037125112,0.8234670434579506
4g9c_0wp,1.1584153175354004,4.013450741266004,1.0,0.881283414363861,1.0645420586282275
4g9r_b1e,0.6666175484657287,4.092912266925717,1.0,0.9564294576644897,1.0664434051460971
4ghi_0x3,41.628002403774644,2.8370533689808988,0.0,,1.1409868690822567
4gqq_0xr,26.026243464152017,3.4780196978764426,1.0,0.00036891418664405744,0.8606833358872861
4gs9_0xb,41.99296523988717,3.314841543399841,0.0,,1.1444013651665128
4h4b_11h,13.678590393066406,4.334606074868165,1.0,0.17097336053848267,0.7511560385573344
4hiq_16v,0.4832628548145294,2.8812504924789324,0.0,0.9419237017631531,0.9703122148086532
4his_3mi,1.8022521495819093,2.33905444995061,0.0,0.8078340888023376,0.9146873495600569
4hjs_18j,2.093367075920105,4.826441759407869,0.0,0.8056531310081482,0.8899183827307076
4hjt_18a,1.3944336652755738,1.9913830547214595,0.0,0.8517930746078491,0.9081218749300535
4hju_16l,0.9706879377365112,2.721472958257642,0.0,0.8776554107666016,0.885911790234451
4hlw_17w,31.933768844604494,3.7143151512105823,1.0,0.0,1.1098071928923992
4hsg_ktd,0.6472359776496888,4.064549961016981,0.0,0.8022957801818847,1.0063690547474837
4i1r_lzu,4.0054214835166935,3.8260576682113756,0.0,0.4549602806568146,0.9590694094428246
4i4f_1br,22.68410587310791,4.2755256088592954,1.0,0.031112638115882874,0.7121379136983547
4i85_h50,2.6505136013031008,3.2230616789008044,0.0,0.613540530204773,0.8595823923601191
4i87_h50,2.5051959991455077,2.3311839675416697,0.0,0.63484206199646,0.8620360991144256
4i89_1fl,5.890992450714111,3.321805021139544,0.0,0.28339584469795226,0.9431940461287365
4iiz_lur,3.1230344772338867,3.677790034265951,0.0,0.48465176820755007,0.8138951787790285
4ik6_lur,3.227761459350586,3.6310776077854277,0.0,0.5079978346824646,0.8138951787790285
4ik7_imn,1.6671669960021973,2.9462556798317845,0.0,0.8446799635887146,0.9109333215803769
4iki_imn,1.8540075302124024,2.982958732898782,0.0,0.8120909690856933,0.9107528094004202
4ikj_suz,4.566566371917725,2.5828668751787136,0.0,0.3918183833360672,0.8748778899424584
4ikk_suz,4.395777177810669,3.4400842670449947,0.0,0.3826634705066681,0.8751367379371183
4ikl_suz,4.556492280960083,3.028263661815699,0.0,0.3802201867103577,0.8748380392323363
4ip7_fbp,5.103594871098525,2.7859104467318234,0.0,,0.9409037635614839
4ise_1fw,2.762908411026001,10.409831958986986,1.0,0.5005990505218506,0.8768731996830483
4isf_1fx,2.9343318939208984,9.962504678337702,1.0,0.5553020596504211,0.854080466355461
4isg_1fy,3.004166316986084,9.91793073371793,1.0,0.5256643056869507,0.9245016142821634
4iwv_1j9,0.8421088933944703,3.6570973245262337,1.0,0.7660805702209472,0.9419750665242107
4ixc_1jd,0.8010923385620117,3.177812417109277,1.0,0.8080643773078918,0.9104175457323833
4ixd_1hv,8.821118307113647,4.428864389093626,1.0,0.2859838277101517,0.758223128309744
4jvg_b96,0.52294881939888,4.4625005276916445,0.0,0.9247971773147583,1.0723528496665828
4k5y_1q5,0.5277694165706635,3.73775019933494,1.0,0.9286312937736512,0.9852073736098207
4k7a_mxd,25.253332901000977,3.6820006439924193,1.0,0.0,1.1474695328401245
4ky2_1w3,2.6116793632507322,2.8243943850706246,0.0,0.7110803842544555,0.967988986080651
4l1s_1w4,2.939066743850708,3.3653081162886784,0.0,0.7543432831764221,0.8971693720560069
4l1t_1wz,3.1394724369049074,2.103864449939277,0.0,0.7419059157371521,0.9385159760547633
4l3q_926,0.7774869918823242,4.142808483010725,1.0,0.8115067958831788,0.9448693131666683
4leg_1xf,21.434422492980957,3.578334221000579,1.0,0.08716623559594154,0.8114520447227148
4lmn_eui,1.0080388903617858,3.397337429692331,1.0,0.7696422576904297,1.025605289280247
4lpg_1mv,2.347095322608948,16.854222347210303,0.0,0.7655164361000061,0.8398632765373163
4lph_yl3,1.2849979162216187,15.735872692802165,0.0,0.8725888967514038,0.9578471613572217
4luc_20g,14.943864419205863,4.496946602336198,0.0,,0.7420723412361321
4lv6_20h,14.560074385498448,4.328845343939179,0.0,,0.799714694392476
4lyf_21c,47.03599821383041,3.883253507428944,0.0,,0.7305121547355871
4lyh_21f,47.13606743890854,3.652533547994301,0.0,,0.8155376803278985
4lyj_21f,18.968566513061525,4.058354167960006,1.0,0.04430510625243187,0.8152476665127573
4m0y_m0y,4.412638807296753,4.090912835679285,1.0,0.4034490048885345,0.8231313473210292
4m0z_m0z,40.59238485603924,4.387681008679792,1.0,,0.8349090917414734
4m12_1yz,43.51844698681879,4.671381725816915,1.0,,0.8263901966366619
4m13_1e0,44.605394232127054,4.671342289180314,1.0,,0.8288583446062603
4m14_qws,4.220934581756592,3.976348683352525,1.0,0.4668901741504669,0.801856502365187
4m15_qws,16.582048988342287,4.34377186026655,1.0,0.04244682267308235,0.8004845103828085
4m1o_21j,47.92373353893795,3.310832988877622,0.0,,0.8022166476558805
4m1s_21k,47.470356267586716,3.5126201087497138,0.0,,0.754324204111683
4m1t_21m,48.72299499828087,3.3309267225388774,0.0,,0.7571176343269075
4m1w_21r,25.29496932565051,3.360995301275777,0.0,,0.783262503598056
4m1y_21s,47.84738094567031,3.402259646420358,0.0,,0.7059793323015431
4m21_21y,47.39240345380672,3.213059241322837,0.0,,0.802026754363044
4m22_22c,18.997831344604492,3.3853285825740578,0.0,0.030420514382421972,0.7281343683897801
4mas_pcq,0.3577383816242218,2.3923849883424047,0.0,0.9415318608283997,0.8557074071302795
4mdk_u94,0.7481793463230133,3.9717575596061003,0.0,0.8712870359420777,0.9922640392369484
4mjo_2c1,0.5680581867694855,2.3213528389769045,0.0,0.868051540851593,0.9698194973438493
4mle_vo1,0.7231422066688538,4.144316548247758,1.0,0.8545069098472595,0.8684923156828674
4mlh_vo2,1.9384600877761842,3.586063509920561,1.0,0.6892706155776978,0.8969015644325864
4mne_573,0.5693270742893219,4.560141463450959,0.0,0.9031100153923035,1.0266172078441917
4mqt_2cu,1.2115043163299561,3.903344559912347,0.0,0.8166398763656616,0.9645412948960328
4mz7_dgt,1.4891526699066162,2.5163026903832013,0.0,0.4142061948776245,0.7945650512449453
4n5d_2fq,9.21274962425232,3.5404571600474264,0.0,0.24715266227722169,0.6976810641578273
4n6g_2gq,19.592450618743896,3.3417962266294197,0.0,0.08216113150119782,0.6075251177968235
4n7j_2gq,19.35089855194092,2.198437195112032,0.0,0.09719891250133514,0.6073320908028859
4n7m_2gq,19.554702377319337,2.8188320696701283,0.0,0.09548020362854004,0.6073320908028859
4n86_gbj,1.7038267850875854,0.427241615004912,0.0,0.741921317577362,0.8757710694580991
4n87_gbj,1.6093519926071167,0.4245910520111833,0.0,0.7451143383979797,0.8757710694580991
4nbk_2j5,19.801462745666505,3.314353242499211,0.0,0.12252624034881592,0.5526139295295406
4nbl_2j6,11.442910611629486,3.244437558384822,0.0,0.3134031057357788,0.6208621699486587
4nbn_2j7,2.9442529678344727,3.4924442095464037,0.0,0.3997032463550568,0.8958607460220888
4ni0_2p3,13.38416633605957,2.9738719795490223,0.0,0.06556466221809387,0.8040656494533899
4no7_2n8,0.6892210125923157,8.913728732841385,1.0,0.8603584408760071,0.9460669036269878
4oya_1ve,2.209902528271349,3.496886156261719,1.0,,0.9060473329965418
4oyb_1vj,1.8486530180348655,3.4138177028679655,1.0,,0.7469298326289646
4oyi_1vk,2.307965447699611,3.0534320831641804,1.0,,0.7551795059407976
4oym_1zc,0.7993624634174681,3.100569722723345,1.0,,0.8394470209109487
4oyo_1wc,2.0275334823506426,3.0422549088658193,1.0,,0.744936640943104
4oyp_bz2,16.430086646482057,3.10074587838717,1.0,,0.6308388792454983
4oyz_bct,30.767776310443878,2.319129797806278,1.0,0.17158470153808594,0.6505311588599045
4oz2_1z6,6.882403898239136,2.787488645797547,1.0,0.2337904691696167,0.7333023738664924
4oz3_1z8,2.437437444383451,3.0624524360724537,1.0,,0.8070559236380875
4pa0_2ow,14.998518371582032,1.7895242175015178,1.0,0.0931643545627594,-19.370079999164684
4pcu_sam,0.7547274112701416,3.7629158031067425,0.0,0.8629415392875671,0.894367909769937
4ple_cps,13.846980428695678,4.662737826841605,0.0,0.13328714966773986,0.8878715260267551
4qfx_dgt,1.3865628719329834,2.9965206261282615,0.0,0.41223435401916503,0.7948054337659395
4qfy_dgt,1.4647549390792847,2.5813747381638263,0.0,0.41850440502166747,0.7945650512449453
4qfz_dgt,1.45980544090271,2.5709111082393328,0.0,0.4187986135482788,0.7968774158324847
4qg0_dgt,1.4537656545639037,2.8581035248318214,0.0,0.41374173760414124,0.7944333558639152
4qg2_gtp,5.670748674869538,2.834660076903095,0.0,0.331692773103714,0.7228685918718444
4qg4_gtp,5.711559212207794,2.646002520352403,0.0,0.32097087502479554,0.72199739746694
4qpl_v3l,13.916510385151543,4.757920488713717,0.0,0.0,0.8508747948099232
4qqn_3bq,1.187959575653076,5.408760706342834,0.0,0.7768416047096253,0.9885479864872468
4qxs_wc1,2.2290761947631834,18.652908798706733,0.0,0.6909575819969177,0.9535829487100044
4rer_bcd,21.36617904496551,4.012320715228024,0.0,,0.8625711057565478
4rew_amp,0.6635631203651429,3.3104456596966485,0.0,0.8502758622169495,0.9730962363802327
4rol_3u7,22.366410064697266,3.9314637639895387,0.0,0.0067479571793228384,0.6061249187864656
4rom_3u8,18.13757071969956,3.8749209414739525,0.0,0.005023365444503725,0.5508833245422495
4rqk_r1s,0.8540953636169434,3.069672437734929,1.0,0.8732881426811219,0.9152863663769933
4rqv_r2s,0.558143413066864,3.835114948149106,1.0,0.9107419729232789,0.9362652152708326
4rt7_p30,0.6547024488449097,4.071798032143831,0.0,0.9544574975967407,0.9619394664537131
4rxa_3f2,5.715307807922363,4.615843314743891,0.0,0.3356968551874161,0.7205712044699448
4rxo_gtp,5.787717533111572,2.564933048510185,0.0,0.3461763858795166,0.7217013614563849
4rxp_gtp,5.716724073886871,2.0952963686708648,0.0,0.3217155337333679,0.722702574042158
4rxq_gtp,5.727855455875397,2.1143745649555528,0.0,0.321533864736557,0.7219277199098462
4rxr_gtp,5.716048467159271,2.1181208873688098,0.0,0.3253685235977173,0.7228444219629303
4rxs_gtp,5.719762170314789,2.5420832997800344,0.0,0.3235917091369629,0.7217013614563849
4ryl_3zg,0.6090269684791565,5.0236625872337,0.0,0.8198930382728576,1.0183386297915271
4tnp_dcp,0.624106377363205,2.5826088449868863,0.0,0.918418037891388,0.8782620191837373
4tnq_ttp,0.7084803462028504,2.5048261189485377,0.0,0.8887388110160828,0.8957248488495058
4tnr_dtp,0.6781829237937927,4.989312849683623,0.0,0.9041438817977905,0.882803028454737
4tnx_dgt,9.134116935729981,3.5770560204587243,0.0,0.06191566213965416,0.7946450711384007
4tpt_35h,5.630973434448242,4.21459130881166,0.0,0.4061261385679245,0.7640093752605669
4tpw_33r,20.444590276059568,4.362453673410755,0.0,,0.8035049301316809
4tqb_34k,29.21539501514543,4.5015584034103835,0.0,,0.8075318346077431
4tqc_34j,27.415279671007845,3.996367190594205,0.0,,0.7720496802997207
4umx_vvs,13.51697654724121,3.2761632879591134,0.0,5.235602147877216e-05,0.6935186650718886
4usw_act,,,0.0,,0.6761938644707381
4uuu_sam,0.611931425333023,3.15379732565511,0.0,0.8880290508270263,0.8928571928140803
4w9n_tcl,45.57021903991699,4.813535648879262,0.0,0.0,0.5685329384584451
4wo5_324,0.5451422214508057,4.040789428812561,1.0,0.907584261894226,1.071866634551488
4wv7_3um,22.166605472564697,3.3276695269524645,0.0,0.11151569187641144,0.47327931632379994
4xx9_rf4,0.5488874316215515,3.272766082893253,1.0,0.9275524497032166,0.9930638892113356
4xz2_fbp,9.493219745365698,3.347440749485947,0.0,,0.7004940879486281
4ypq_4f1,10.531478691101075,4.874478380305254,1.0,0.09147924929857254,0.8807781748404432
4z07_pcg,0.790197342634201,3.1994859370406097,0.0,0.8805032730102539,0.8196380394838496
4zht_ncc,19.40957107543945,3.205329588364451,0.0,0.00892699888208881,0.6247102757156594
4zhx_c2z,43.440193967457866,2.9310178931852504,0.0,0.0,0.8175383858963976
4zji_4oq,1.1031546115875244,3.0253378152853623,0.0,0.8610596537590027,1.0837526496008167
4zjj_4or,0.31788248419761655,3.5275083995985526,0.0,0.9169384479522705,1.0856343270560103
4zlo_4pv,0.3774945080280304,3.5888415987487776,0.0,0.8630584597587585,1.0605956668144494
4zsg_4qx,5.336926319718344,9.83098614217929,1.0,,0.9529912388576209
4zsj_4r0,7.400083781924167,10.324694476071267,1.0,,0.9998513705792353
4zsl_4qz,3.4411054372787477,3.468420587726817,1.0,0.4899599373340607,0.9685127693188885
5ack_svq,1.7870691776275636,3.534111429160798,1.0,0.8081829309463501,0.9992910490567317
5afj_42r,14.050055599212646,2.8415185211221425,0.0,0.0794458493590355,0.7101974188900135
5afk_5vu,38.09061908721924,3.332032787751225,0.0,0.0019438425544649363,0.6320128058539767
5afl_fhv,53.40059700012207,3.5960299826724706,0.0,0.0015578635036945343,0.6925053717101943
5afm_9z0,35.583160400390625,2.2841021288153565,0.0,0.0,0.7267042946067443
5afn_ojd,49.581333541870116,2.679429575830315,0.0,0.003369565308094025,0.6842274081836421
5ao0_dg3,1.1039477944374085,4.668260699513974,0.0,0.4514082133769989,0.795927182966535
5ao1_dg3,1.2988151550292968,5.1252585208423405,0.0,0.45310325622558595,0.7963463394586491
5ao2_dgt,1.2432648301124574,3.688496972525248,0.0,0.4728788733482361,0.7950939593341717
5ao3_gtp,5.787148642539978,2.9566574406991784,0.0,0.3550396919250488,0.7229436490823548
5ao4_gtp,5.790601897239685,4.254871777924345,0.0,0.3697733461856842,0.72199739746694
5btr_stl,14.514547348022461,3.5981392846918347,0.0,0.054226376861333844,1.0104682458111058
5c4o_4f1,10.345489692687988,4.763893536687209,1.0,0.09536837041378021,0.880264053894917
5c4s_4y5,11.326021575927735,4.668476037561098,1.0,0.07351469099521638,0.7604418413750015
5c4t_4y6,11.79069881439209,4.967710553034186,1.0,0.06966757327318192,0.7338133860304927
5c4u_4y7,11.792503356933594,4.49201732012284,1.0,0.07176250815391541,0.6996941472758383
5cgc_51d,0.45928540229797366,3.8850959904975446,1.0,0.9755005240440369,1.063165313835512
5cgd_51e,0.30897698998451234,3.657493596694929,1.0,0.9941019296646119,1.0628062594674446
5cxv_pge,26.586433029174806,5.480057133580965,0.0,0.0,0.9984690377636986
5d0r_b1t,1.9466079950332642,0.6277026936564852,1.0,0.6467018485069275,0.771315701907483
5d41_57n,7.775048828125,4.057606313393998,0.0,0.18670290112495422,0.7667627121298287
5de1_59d,18.979201126098634,3.429777086364253,0.0,0.00031585597898811104,0.6511335548103654
5dgm_59z,0.4681998729705811,2.4771364729454306,0.0,0.8919310569763184,0.9943100973437868
5dgn_59y,0.819980776309967,3.1263631166669654,0.0,0.8722936630249023,1.0125638087893587
5di7_5cq,0.9257300019264221,2.261720333316788,0.0,0.9108395457267762,1.1109125192920941
5did_5ck,1.5482397556304932,3.054178450724413,0.0,0.8097558736801147,1.1073330713597132
5die_5cj,2.1971900701522826,3.1201098004559107,0.0,0.666403591632843,1.0961106781042997
5dig_5ce,0.8591882705688476,2.264016018911216,0.0,0.9144032955169678,1.1090877692594243
5diq_5b9,1.3301841974258424,2.2946310237468075,0.0,0.7095620512962342,1.0070036216153908
5djp_5bj,0.9416191160678864,3.0799364382021586,0.0,0.8137347102165222,1.0069909133400565
5djr_5bk,1.8045116543769837,2.7843880527314733,0.0,0.672582495212555,1.0046543289991683
5djv_5bl,0.9084918379783631,3.8147204645565465,0.0,0.8627645373344421,1.0170287546264727
5dk9_5cc,0.7946274518966675,3.9357397370947047,0.0,0.8899961590766907,1.1074027586463027
5dkb_5c9,0.8008760571479797,3.8477533442073892,0.0,0.9067848205566407,1.108875478116013
5dke_5c8,1.0056301832199097,3.848325321239431,0.0,0.90527845621109,1.1043344551891994
5dkg_5c7,0.7119483590126038,3.830039217060792,0.0,0.9568801164627075,1.1100679382200755
5dks_5c6,1.1264480113983155,3.6822826421259593,0.0,0.85158771276474,1.0792975605751884
5dl4_5c4,0.8638234734535217,4.0579124408229585,0.0,0.9325932621955871,1.114113002669527
5dlr_5dj,1.032985508441925,3.2914497800267513,0.0,0.9229850053787232,1.0667680743703074
5dmc_5dh,0.8700068473815918,2.878552317593794,0.0,0.936232590675354,1.1091921111504546
5dmf_5dg,0.799945056438446,3.9365490423782803,0.0,0.9295163631439209,1.1157567589433577
5dos_5dn,0.8514548420906067,2.378690959868707,1.0,0.8248436927795411,1.0018475124687367
5dou_nlg,1.0553654670715331,3.334088234943093,0.0,0.7636313915252686,0.9119978001839254
5dp0_5es,1.0347597241401671,3.8898216375280255,0.0,0.8908708333969116,1.0889295210481527
5dpv_5dn,0.9227475523948669,3.9593695540928118,1.0,0.840350604057312,1.0018475124687367
5dr2_5e1,0.5501713633537293,2.3047038497520704,1.0,0.8650102615356445,0.8717858425614937
5dr6_5e1,0.6350906908512115,3.625063290071278,1.0,0.8205721259117127,0.8717858425614937
5dr9_5e2,0.6545807123184204,2.797327078602614,1.0,0.8532710313796997,0.8634198931513672
5drj_5eu,6.7031505584716795,3.30875194456232,0.0,0.2698205500841141,1.0177645229593542
5drm_5et,1.290002179145813,3.7252850691447947,0.0,0.8197518825531006,0.9955752942933561
5dsg_p6g,6.111626243591308,3.0298323138257173,1.0,0.35759109258651733,1.0129887098677333
5dt4_5dn,1.0368408203125,2.662349124332703,1.0,0.8286276459693909,1.0018475124687367
5dtv_5fs,0.36481926441192625,2.645056023698596,0.0,0.9618457198143006,1.0708626193682451
5du5_5g2,0.5618039250373841,3.3228261825816823,0.0,0.9519861578941345,1.0823657619349003
5due_5fy,0.7525333523750305,3.484929135580052,0.0,0.925008225440979,1.1170501515006026
5dug_5fv,0.8680249929428101,3.4290040415764382,0.0,0.9301400899887085,1.1148886239787268
5duh_5ft,0.704080593585968,3.862445734259091,0.0,0.8989136457443238,1.1134709134795246
5dvs_5g7,1.2399545431137085,3.1674151145809217,0.0,0.9387321710586548,1.117832122941262
5dvv_5g6,1.288625454902649,2.6682845241918085,0.0,0.9109820485115051,1.0832870320329429
5dwe_5g5,1.2818208932876587,2.652336324753164,0.0,0.9454761385917664,1.0942636802916361
5dwg_5g4,0.3333501935005188,3.245543528197011,0.0,0.9538148880004883,1.1167289355933503
5dwi_5g3,0.7441233634948731,3.3437700866694464,0.0,0.9491562843322754,1.116809298787773
5dwj_5j2,0.29067014455795287,3.0902276950065106,0.0,0.9497270584106445,1.1051271953011512
5dxk_5j1,1.269591212272644,2.9209176503455447,0.0,0.9274172902107238,1.072397532123214
5dxm_5j0,2.138379228115082,3.424406035612564,0.0,0.7248992919921875,1.0688919437242268
5dxp_5hx,0.2601456940174103,2.7204210658635968,0.0,0.9470105767250061,1.1151167075023998
5dxq_5hz,1.328536868095398,3.582933843619415,0.0,0.9380496144294739,1.073529990855944
5dxr_5hw,1.2155131578445435,3.318690676636468,0.0,0.9136392951011658,1.0830656920280626
5dy8_5k4,1.6118034362792968,3.2134981217469707,0.0,0.8887439489364624,1.0697429552529936
5dyb_5k2,1.7593318939208984,4.091372590340353,0.0,0.7772801041603088,1.083333185195801
5dyd_5k1,0.9660481333732605,3.5174375850906587,0.0,0.9193003296852111,1.09653692884828
5dz0_5k0,1.7436771869659424,3.8052794007737547,0.0,0.9110799551010131,1.06024145320921
5dz1_5jy,1.5591761112213134,3.8372329330165655,0.0,0.8904434680938721,1.0677729469375599
5dz3_5jx,1.7332992553710938,3.684363284062164,0.0,0.898853600025177,1.0598589254576771
5dzh_5kg,1.0124421834945678,3.52425657891794,0.0,0.8494550824165344,1.0583523450489694
5dzi_5kf,1.3900171518325806,3.2107711986977194,0.0,0.953819215297699,1.0908483037181755
5e0w_5ke,7.09272403717041,4.079492746689424,0.0,0.2533761650323868,1.047774970137671
5e0x_5kd,0.9645246148109436,3.8117137513889587,0.0,0.8746596217155457,1.086591105959329
5e14_5kb,1.1585535049438476,4.197302815414392,0.0,0.8555411219596862,1.0855473654974137
5e15_5ka,1.7183082818984985,3.3867865886553714,0.0,0.8770496606826782,1.046681063408579
5e19_5k7,0.85113605260849,3.484225826392148,0.0,0.9136329531669617,1.0608374432645182
5e1c_5k8,0.9366873979568482,3.9812321559747246,0.0,0.8480644702911377,1.090505711945052
5e29_5jn,20.597479248046874,5.208740454472057,0.0,0.018340597674250603,0.7604987443712065
5e29_rq3,21.112467765808105,4.7009190544223145,0.0,0.011581696517532691,0.7479259947552831
5e84_atp,0.4190313220024109,3.951301916274067,1.0,0.9577960252761841,0.969515293196648
5ehj_5k5,0.8907719016075134,3.807683134368942,0.0,0.8822255373001099,1.0641367181997252
5ehp_5oa,4.407513904571533,5.820617781184538,1.0,0.5673789978027344,0.8510435158662494
5ehr_5od,5.546103382110596,6.025230545236134,1.0,0.564167606830597,0.901522623503466
5et6_amp,0.28115652203559877,2.9112259786934236,0.0,0.9760469436645508,0.9659670769177533
5et8_f6p,0.9811486441469744,3.1071500153745104,1.0,,0.9598800901365478
5ewj_qel,112.5692153930664,4.12686837566263,0.0,0.0,0.6771647879455848
5ewl_5sl,110.44512939453125,3.5731431336718154,0.0,0.0,0.6505548439155494
5ewm_5sm,102.9030990600586,4.742144466204567,0.0,0.0,0.6962874655239677
5ezv_c2z,50.88427496862441,2.7362953230121465,0.0,0.0,0.8175383858963976
5f2e_5ut,16.209629821777344,4.01293389527549,1.0,0.01951385959982872,0.7094855792551253
5f6w_5vl,0.4807346522808075,3.189267667771328,1.0,0.977901291847229,0.819310383278616
5f6y_5vm,0.5990034520626069,3.2261659082419256,1.0,0.9501448035240173,0.8627167912014372
5fii_phe,44.63410339355469,3.2803086827088017,0.0,0.0,0.9468036350670396
5fm2_pp1,0.8367904543876648,3.1639425786531103,0.0,0.9079895853996277,0.9432650011625512
5fm3_pp1,0.8557919859886169,3.2874523085475835,0.0,0.8915650963783264,0.9421052328079689
5ftj_oja,34.77414398193359,3.681936883065037,0.0,0.0,0.6412710910785657
5gre_cit,36.51815490722656,3.6626782734852315,0.0,0.0,0.9109398127535675
5grf_cit,36.66612167358399,3.16534282541298,0.0,0.0,0.9109398127535675
5gri_cit,36.50852966308594,3.7215234270106947,0.0,0.0,0.9109398127535675
5gsa_73k,0.2537215381860733,0.6504585907767657,0.0,0.9801423072814941,1.0291895177818755
5h08_7wl,0.41849302053451537,3.2355176676772883,1.0,0.9009387850761413,1.1536447454660042
5h13_lqa,0.47236103415489195,4.0961431108639355,1.0,0.9365197539329528,1.0236936551952318
5h14_lqb,3.0261703968048095,6.135888968128108,0.0,0.5933122873306275,1.0010063139204457
5h15_lqd,0.6411534070968627,2.4715609504795446,0.0,0.9295566797256469,1.0335799814506577
5h17_lqe,0.4383123219013214,2.6256599042862176,0.0,0.9708659768104553,1.0251798895385373
5h19_lqf,0.7077346801757812,16.38407578241776,0.0,0.9221886396408081,1.025870810141241
5h24_lqg,0.3184967637062073,25.538057716183705,0.0,0.9708035945892334,1.033446341660759
5h25_lqh,4.68637170791626,0.9650648088153801,0.0,0.48299647569656373,0.8135423510480777
5h3q_7hf,3.370654582977295,4.064566325006149,1.0,0.5960006356239319,0.9412247051244002
5h8h_5yc,16.985882186889647,3.739062227266092,0.0,0.0018174918368458748,0.9849043714759891
5h8q_5ye,51.36910552978516,3.39286207163119,0.0,0.0,0.6901929272582306
5htb_6l5,0.5638466477394104,4.258883644913443,0.0,0.7961241722106933,1.149310249568751
5htc_66m,0.9048184752464294,4.25391502869463,0.0,0.78798348903656,1.1508868995907722
5i2c_arg,0.1795531302690506,2.7437629492318107,0.0,0.9990975499153137,0.9743554080332932
5i2k_67h,0.48900470733642576,3.956231509456276,0.0,0.5344987511634827,1.068015338943448
5i2n_67j,0.9276909232139587,3.8201530883695822,0.0,0.5723568439483643,1.0635329246352891
5i73_68p,4.593584060668945,4.464920111078385,0.0,0.48409618735313414,0.9426669828640574
5i75_69d,12.638277626037597,3.951125794172838,0.0,0.042521567270159724,0.945874829143006
5icn_i6p,30.24060205719262,4.268020750847429,0.0,,0.9354851399702406
5ikp_amp,1.7922971725463868,1.6874031201614408,1.0,0.5789513707160949,0.805562750400294
5in4_6ck,16.14002456665039,4.264295092471549,0.0,0.01384379118680954,0.9779459155021101
5iv3_lri,0.5552256286144257,0.4629068433118387,1.0,0.861878776550293,0.9276770069009569
5iv4_lri,0.8003442645072937,0.5398069938057636,1.0,0.8562382698059082,0.9276770069009569
5j94_1xf,21.954447793960572,2.773527184429778,1.0,0.10921579580754041,0.8111848803112267
5ja0_fpp,14.577547645568847,13.820083643243771,0.0,0.11898206174373627,1.0062828780257842
5ja7_6hm,2.468399691581726,2.0199109667332587,0.0,0.5899911046028137,0.8563308523534114
5juz_yl4,3.905254137516022,15.716814716405054,0.0,0.650209641456604,0.9163918521059748
5jv0_yl5,3.101574730873108,16.046565359661702,0.0,0.7306071519851685,0.9150506366697189
5jv1_yl6,3.7922675609588623,5.613996713240484,0.0,0.5630646586418152,0.9327781612299413
5jv2_6o3,0.4142572104930878,2.1724496982182075,0.0,0.8737136125564575,1.013412582530672
5jyo_63j,9.590338706970215,0.9313755411794548,1.0,0.1907088875770569,0.8903464204271211
5jyp_zbs,4.848654747009277,3.159106726083062,0.0,0.4304160177707672,0.9104031540531581
5k11_ndp,1.3142457962036134,3.9076888676660966,0.0,0.7688428640365601,0.9450736775730219
5kcj_6rm,47.020103454589844,3.6954072578778385,0.0,0.0,0.6826591924185392
5kcv_6s1,1.9370614767074585,4.028216489923599,1.0,0.7427217960357666,1.0011939910771919
5kdq_koh,22.859988021850587,4.268261414406321,0.0,0.00011261961190029978,0.5565494956884334
5kdt_6rv,66.190380859375,3.9427134842939546,0.0,0.0,0.7322875261319182
5kkn_6u3,0.7853416681289673,3.798752133032469,1.0,0.8729874014854431,0.9189809442385632
5kqd_pkz,39.80653305053711,4.403421627903135,0.0,0.0,0.6263530011668479
5ksi_s1p,17.168209838867188,3.244190457658788,0.0,0.1324003055691719,0.737490124274091
5ksx_7am,4.243288111686707,13.324657700553018,0.0,0.5840754389762879,0.9018661615593222
5kw2_6xq,2.027087461948395,14.577405204139193,1.0,0.8449887037277222,0.9025118569201404
5l57_6n3,20.345145797729494,3.5016684727259593,1.0,0.0004977375734597445,0.669328372145207
5l58_6mx,19.873981094360353,4.322837428939674,1.0,0.0,0.7041573470042802
5l7i_vis,5.122784733772278,3.3537447521973194,1.0,0.4682799369096756,0.9031141480058775
5lge_6vn,7.82296838760376,3.2361017778003167,0.0,0.1392412304878235,0.790243594489386
5llm_6z6,10.037226486206055,14.304531686112714,1.0,0.06237304359674454,0.953799811819916
5lm4_6z6,10.186362266540527,3.2924121584346815,1.0,0.05435347706079483,0.9523365104529098
5lu8_5kn,34.689843368530276,4.572512196634378,1.0,0.0,0.8217109995908679
5lu9_3y7,30.16470947265625,3.6019369121420213,1.0,0.0,0.820260139425048
5lua_5kn,15.687972831726075,2.872649052842398,0.0,0.017054918175563216,0.8217109995908679
5lub_3y7,13.368365669250489,3.4978139387619898,0.0,0.050111392699182036,0.8203760201844089
5lvl_537,0.13122565150260926,3.304921715902419,1.0,0.9869679093360901,1.0049781570740333
5lvn_adn,20.87098677574059,3.9924777192999032,1.0,,1.001915108986704
5lvo_78w,0.483564692735672,3.5135826986848344,1.0,0.9777987718582153,0.987063718777961
5lvx_79b,10.603004646301269,3.8687111360722226,0.0,0.388935512304306,0.852125797809474
5lwe_79k,0.4435761272907257,3.6186367783758775,1.0,0.9451704025268555,1.0021172543144101
5lwp_79u,11.7385103225708,12.624220548095339,1.0,0.04615887105464935,0.8259449602030549
5lyq_7be,0.3330819845199585,3.750936615851453,0.0,0.9613024234771729,1.0527695497622935
5mju_6z6,10.087240982055665,14.264725853039689,0.0,0.06210823655128479,0.953421009005746
5mo4_ay7,1.3642108917236329,3.7002499587117095,1.0,0.8288937091827393,1.106868078980763
5mrd_s26,9.761126255989074,3.343921615559487,1.0,0.410101044178009,0.7969283694748303
5n9r_8rn,0.20996567904949187,3.7021081750178135,1.0,0.979427981376648,0.9262609103394011
5n9t_8qq,0.3314072608947754,4.217373858601401,1.0,0.9448225617408752,0.9209717451959749
5ngz_2bg,1.239791166782379,0.1587643490303657,1.0,0.8061941742897034,0.7162632614547739
5nn4_sc2,31.978782411714565,2.8344940800770404,1.0,,0.9395511627685875
5o2d_9hh,38.29084377288818,3.5829180107039633,1.0,0.024955908954143523,0.43998236163760185
5obj_9qk,18.304387283325195,3.199229849770819,1.0,0.06229498880566098,0.7378581758917396
5obr_9qt,0.7477311134338379,3.234354656943519,1.0,0.8317293763160706,0.874187310096184
5ogc_9v5,22.669704818725585,3.79624365074116,0.0,0.0,0.815057803547715
5opk_dtp,2.6680586338043213,3.5138714377736564,1.0,0.6931272983551026,0.8660940462775407
5opm_dtp,2.6282135486602782,3.9315948576528053,1.0,0.693600082397461,0.8645321163373196
5orl_a4w,19.0518310546875,3.9153587740169287,1.0,0.0002308689116034657,0.7117572945746733
5orn_a5e,15.74072036743164,3.7038949438877102,1.0,0.004395491676405072,0.9844255345479702
5oro_a5h,17.701471710205077,3.9152027585449316,1.0,0.0009686489007435739,1.0254729290384037
5orp_a5k,23.062449645996093,3.4122910705283176,1.0,0.000720287550939247,0.7848015500917744
5orr_a5q,20.112331771850585,2.9265120636741964,1.0,0.0,0.9264099183502574
5ors_a5w,6.855294513702392,3.6483110847611924,1.0,0.23391579389572142,0.8414775648774867
5ort_a5z,19.350458908081055,4.535342596506732,1.0,0.0008768762112595141,0.8523070306093701
5orv_a65,20.33956642150879,4.605498709977752,1.0,0.00010224948637187481,0.7987216945754128
5orw_a6e,4.8232505321502686,3.915850082600155,1.0,0.3756090044975281,0.8079917452897206
5orx_a6h,18.925242614746093,4.555162537383785,1.0,0.0007822896004654467,0.8355459608018034
5ory_ay4,21.666360092163085,4.122860758846768,1.0,0.0,1.059707397308582
5orz_a6w,0.9614845156669617,3.4542237583748645,1.0,0.8551504254341126,0.8205001126867584
5os0_a6z,22.823029708862304,2.8117354301350153,1.0,0.0015115989837795496,0.8933410410510643
5os1_a7h,22.525074768066407,2.4947590201713488,1.0,0.0,0.8965258135480528
5os2_a7k,20.635437774658204,4.524046565792645,1.0,0.0011429244885221123,0.9002335681096495
5os3_a7n,20.65305366516113,2.8499634152682463,1.0,0.0,0.7801069787229944
5os4_a8h,20.762818908691408,4.434434767651802,1.0,0.0,1.0460635803745553
5os5_a8k,18.77849349975586,4.443569549629354,1.0,0.00013941386132501065,0.8905956038804282
5os6_a7q,19.614218139648436,4.168879864080214,1.0,0.0002929199952632189,0.8036937352109668
5osd_a9b,18.039224243164064,4.1375340583195275,1.0,0.0009127157740294933,0.8443249462179434
5ose_a98,17.28447723388672,4.738076299481667,1.0,0.0033906637923792004,0.9766278538783311
5osf_a9e,23.93746681213379,3.9907782718693015,1.0,9.057971183210612e-05,0.7736085778446331
5pzr_93s,1.4453322768211365,3.266379862267345,0.0,0.4932547688484192,0.782941360281292
5pzs_93y,1.8733927726745605,3.2040007453746346,0.0,0.5054020643234253,0.8095256083322948
5pzt_947,0.3502360463142395,2.043280116889461,0.0,0.9076719641685486,0.9808390277764533
5pzu_94d,0.8646103501319885,2.2692497019509035,0.0,0.8971849203109741,0.949999941117839
5pzv_94g,0.48623988032341003,2.4860061332355685,0.0,0.8879083752632141,0.9598900393258033
5pzw_94j,1.6640961408615111,3.315230164009903,0.0,0.5080288171768188,0.8260985569655679
5pzx_94s,0.5437926828861237,2.0180509652614838,0.0,0.9022345542907715,0.979452538509593
5pzy_94v,0.4476462423801422,2.43686213730525,0.0,0.9061272501945495,0.9880290711374704
5pzz_94y,0.42200070023536684,2.2748125681963622,0.0,0.9111203908920288,0.9821463309465444
5q00_95d,0.5665345370769501,2.233006096160061,0.0,0.8924309968948364,0.9896061890361281
5q01_95g,0.31325376629829405,2.9888166725899,0.0,0.9176277041435241,0.9831650184549152
5q02_95j,0.5097020387649536,3.303224178458945,0.0,0.8996801137924194,0.9821457044026184
5q03_95m,1.2995783329010009,2.299735757738639,0.0,0.8203279256820679,0.9673189583370652
5q04_95p,0.5111851930618286,2.320749731067968,0.0,0.9027209997177124,0.9813504764936161
5q05_95s,0.49045533537864683,2.15625674401149,0.0,0.9036352038383484,0.9859015721498856
5q06_95v,0.4082685589790344,3.0046088653118064,0.0,0.9104446172714233,0.9696456936819835
5q07_95y,0.6114310979843139,3.101817376229705,0.0,0.8369204640388489,0.9760398298958786
5q08_967,0.3982214450836182,2.3443604377661567,0.0,0.9063270807266235,0.9897707959012946
5q09_96a,0.40872274041175843,2.1801470708594843,0.0,0.8684440135955811,0.9813157484159966
5q0a_96d,1.3320039987564087,2.7564423678472076,0.0,0.8250306963920593,0.9688198459809089
5q0b_96j,0.4628141105175018,2.7472644563271613,0.0,0.9070401906967163,0.9802493606764677
5qdf_awg,14.659955354282681,2.1406847412289856,1.0,,0.5723969249933543
5qgf_f8d,2.448733538857009,0.24970127205653853,1.0,,0.771394204016542
5sun_70q,21.81129570007324,3.562701798175655,0.0,0.00027092889649793506,0.684071208326376
5svf_70p,17.259821701049805,3.9691880636806522,0.0,0.002597177750431001,0.5977100701436786
5sw8_70s,35.121484375,4.032552215224467,0.0,0.0,0.8383895141157964
5sw8_fb1,16.852035903930663,4.792114827236087,0.0,0.12915403842926027,0.6376114223690655
5swg_ax7,28.283370971679688,3.809539224248719,0.0,0.0,0.6970427847906697
5swg_caq,3.2901897084653102,3.725121507911834,0.0,0.36138710379600525,0.8212161823164232
5swo_2zv,31.408321714401247,4.277048974483381,0.0,0.053744494915008545,0.9329652539642632
5swo_70t,17.59712393283844,4.026599255826169,0.0,0.41514132022857664,0.6716613452959711
5swp_70v,12.403588271141052,2.513304053514003,0.0,0.1894671618938446,0.789812849748149
5swp_70w,21.267964172363282,5.136511567423981,0.0,0.00020432611927390099,0.8251782626286577
5swr_sal,15.042918988738558,2.1684486817832727,0.0,0.1041137307882309,0.7835125323027976
5swt_71a,15.47220425605774,3.5570939110542126,0.0,0.29475678205490113,0.8140508099129697
5sx8_71m,15.947725343704224,4.000370449107576,0.0,0.23513412475585938,0.7865657047955926
5sx8_luz,40.038733291625974,4.433676113655011,0.0,0.0,0.9094327703954456
5sx9_71l,16.42682762145996,4.192419913649486,0.0,0.24122410416603088,0.7791322278630708
5sxa_71n,28.951265716552733,4.240166112448673,0.0,0.00030769230797886846,0.7074932930131389
5sxb_soa,16.685948181152344,3.9316585656631076,0.0,0.20529088973999024,0.7794674769231046
5sxc_urf,25.486317920684815,3.024258417901504,0.0,0.07528089880943298,0.7920011292329775
5sxd_71f,20.27089877128601,3.6764779227763045,0.0,0.09644968211650848,0.7057085880846075
5sxe_71g,16.183364057540892,4.330449499166035,0.0,0.20611258149147033,0.7283499580878996
5sxf_hpp,36.60260238647461,2.918644830649568,0.0,0.0,0.8835851677238835
5sxi_71j,8.231580662727357,3.6859055597422077,0.0,0.27408791780471803,0.7841824205859267
5sxk_71k,8.403255319595337,3.463228886568796,0.0,0.27401065826416016,0.69955604819628
5t19_73u,0.6518083214759827,5.204423362769939,1.0,0.7604809403419495,1.071174761744437
5t1a_vt5,0.6190721035003662,4.0419355363256075,1.0,0.8573153972625732,1.0335591073302413
5tbm_79a,0.3818285226821899,3.9038191143355867,0.0,0.9770597815513611,1.1529141443912594
5tf9_7av,3.923060917854309,3.82867728852383,0.0,0.5379361689090729,1.113539381885662
5tkb_7dj,0.9327178478240967,5.262464609326907,1.0,0.9068715095520019,1.0976943777561856
5tkd_7gl,67.65814708282991,4.723916667599867,0.0,,0.8207124004627072
5tp9_7h0,0.5709285140037537,3.813491123403447,0.0,0.5897399187088013,1.0733579273991665
5tpa_7h2,54.734161376953125,3.8393890313471006,0.0,0.0,0.6519307428626899
5tqh_7j2,16.26066150665283,3.8366066330045,0.0,0.008310810290277004,0.8170927736510893
5tzr_mk6,0.8230062961578369,13.849648562528097,1.0,0.9345776200294494,0.9396079076682538
5tzy_7os,1.1940563917160034,12.665583367006803,1.0,0.8035122871398925,0.9167276834836164
5u3i_7sj,15.37675481185148,3.907567477261277,0.0,,0.7981098805395436
5u5h_7vv,4.059521558485176,3.200379140150259,1.0,,1.0324603681853586
5u5k_7vy,0.564166784286499,3.551832296816034,1.0,0.9460979461669922,1.0161895643175587
5u5t_7w7,0.47097323536872865,3.4452419158568715,0.0,0.969681465625763,1.0273482345505112
5u62_7wd,0.30466952323913576,3.0948332087046,0.0,0.9829967379570007,1.031876286554189
5ue4_5xq,4.114708518981933,3.492770006634289,0.0,0.5123583495616912,0.5500057285421773
5ue5_ids,13.927742094888819,3.5849466820600346,1.0,,0.7895948935058283
5ufj_86m,15.13824804100822,3.9850924778935415,0.0,,0.7535831380775446
5ugh_8aj,2.1570828795433044,4.306942248798347,0.0,0.41313351392745973,0.897873208640054
5uhv_gnp,0.23399368524551392,0.42382558840816714,1.0,0.9073378682136536,0.9540518242338072
5urj_8ls,1.2497976660728454,4.25696646496654,1.0,0.8043856739997863,0.7246203849204834
5urk_8lp,0.9057319045066834,3.614813337880405,1.0,0.8379275083541871,0.8702154969756537
5ut4_dqx,31.95168685913086,3.476919958593784,1.0,0.0,0.9447281405395946
5ut5_2hb,32.63880386352539,3.025215414286997,1.0,0.0,0.9524939979388428
5ut6_8my,29.1002498626709,2.830299402869356,1.0,0.0,0.762231479846039
5v02_657,46.334691150118694,2.890252953422047,0.0,,0.7452956074795501
5v03_658,44.380876053765164,3.304648633218597,0.0,,0.8394995509316796
5v4w_8wm,3.043877458572388,3.5742110855198135,1.0,0.5157556056976318,0.9265195972514098
5v4x_8wj,4.724306297302246,8.527957009255864,1.0,0.4878655314445496,0.9296829788132766
5v6u_8ym,4.611507415771484,2.5371656977827843,0.0,0.3351712912321091,0.8983725926243471
5v6z_8yj,3.2822964191436768,3.8095841921439826,0.0,0.4928158104419708,0.9090474038187256
5v9l_91d,6.724387073516846,3.4292862862493436,0.0,0.27670955657958984,0.8034364037196425
5v9o_91g,19.90541305541992,4.3092018895417565,1.0,0.015384820476174354,0.7190888063177641
5var_92y,0.7733651340007782,2.374537173160646,1.0,0.9016853094100952,0.9774982867215762
5vdh_ivm,1.795724368095398,3.2489612186501744,0.0,0.4613905489444733,0.7847493403282014
5vdi_ivm,1.7438955307006836,4.195080325695637,0.0,0.46353269219398496,0.7826872403206441
5vew_97y,0.9493958353996277,3.207388827840039,0.0,0.8222801208496093,0.8115048885952854
5vex_97v,2.1326873779296873,3.0532636522459278,0.0,0.6889473557472229,0.7762293309740778
5wdy_a6s,10.721380138397217,4.089352213911921,0.0,0.16011836677789687,1.051056466571219
5we8_a7y,3.6053521633148193,3.8196751842281316,0.0,0.49654048681259155,1.2169571008035898
5wmv_zcw,3.258317470550537,10.975077005410563,0.0,0.5069115042686463,0.8435648894525082
5wmx_zcw,3.2061349868774416,11.286497139331866,0.0,0.5080953717231751,0.8435648894525082
5wuk_73k,1.156958532333374,2.6286392187555645,0.0,0.8762692332267761,1.0291632540784508
5x0i_fbp,3.163466039514812,3.185029615749934,0.0,,0.9165906621924147
5x2s_pem,18.900328826904296,4.026378355284335,0.0,0.002555674477480352,0.7646825855496238
5x2t_pem,18.648867416381837,3.9444531187585143,0.0,0.004015385499224066,0.7649158449196302
5x69_7zc,27.581130599975587,3.8963819346357256,0.0,0.0,0.9021650807482864
5x7d_8vs,36.747537231445314,4.500549314913089,1.0,0.0,0.8756064011696928
5xez_97v,1.0735572099685669,3.4799466324500345,0.0,0.8310982823371887,0.9311657265728538
5xf1_97v,1.3102344274520874,2.992722215623856,0.0,0.8389228105545044,0.9312777998679256
5xzr_8j6,15.09206314086914,14.999753414831693,1.0,0.12726188004016875,0.6520718488678173
5y2f_8l9,11.209034729003907,2.9379172021409463,0.0,0.121551001816988,0.7135506336169312
5ybf_8sr,49.79510498046875,3.9615019145330046,0.0,0.0,0.5718359314302708
5ybg_8so,17.996436882019044,5.043986484254394,0.0,0.059476066194474694,0.6148778614510612
5yve_af9,12.804878997802735,3.6367331824913536,0.0,0.025900443270802497,0.8029977731987131
5yvt_nai,1.1801421165466308,3.861761443673475,0.0,0.8487221121788024,0.9509525920799058
5zc6_kbf,4.632163455683701,1.481063077732008,1.0,,0.7775189610632169
6aui_dtp,1.2360405802726746,3.649404474237694,0.0,0.6675472557544708,0.7603923343754273
6b0z_c81,20.445008850097658,3.644272080575051,0.0,0.0036582640605047345,0.6437872647627427
6b95_d0p,24.642557411892877,3.132608474953649,1.0,,0.7649673448327895
6bbp_gtp,0.2066723495721817,3.868782479275361,1.0,0.995807659626007,0.9578981432415965
6bbq_gtp,0.20520519018173217,3.944788355952994,1.0,0.9956437349319458,0.9576245525663627
6bhv_dqv,0.5836385905742645,4.047458048827449,0.0,0.9409736394882202,0.9646442571364829
6bky_k32,22.0116024017334,3.757661346145811,0.0,0.0,0.612608578204888
6bkz_dwm,10.808168983459472,4.209530390483833,0.0,0.10686715394258499,0.8110640187329368
6bmr_dzv,18.3457389831543,2.9644829282093745,1.0,0.2712659402284771,0.7212400001110757
6bmu_5od,5.537894916534424,6.935362570885003,1.0,0.5682632803916932,0.9030941573019469
6bmu_dzv,15.836620330810547,2.8737050000699904,1.0,0.2726682842709124,0.7300106252690293
6bmv_dzs,22.135609817504882,2.988238089160134,1.0,0.20203205314464867,0.6775671653593331
6bmw_5od,5.45360746383667,6.892191211007287,1.0,0.5873456716537475,0.9013545888950226
6bmw_dzs,22.11148872375488,3.815704983730113,1.0,0.20307459961622953,0.6793312868164332
6bmx_dyv,17.50114498138428,3.0216941303906877,1.0,0.1722089171409607,0.667185234232522
6bmy_5od,5.5164186477661135,6.672491095269888,1.0,0.56603924036026,0.9030941573019469
6bmy_dyv,27.670367431640624,3.2681500832982144,1.0,0.1714055359363556,0.648980600136712
6bn5_dzj,19.512404870986938,3.7809622594875165,1.0,0.15323219647398217,0.6035339289047124
6bnr_e0j,17.043058013916017,3.951217563437756,0.0,0.010116291255690158,0.7334391303988245
6boj_e31,4.081807851791382,3.8024674539262713,1.0,0.7955992937088012,1.114907529931458
6c98_er7,17.544048690795897,2.9613924452773057,0.0,0.0017827521311119198,0.8271279196885641
6c99_eqy,15.216284942626952,8.657681576691747,0.0,0.004488568846136331,0.7901831746392377
6cjx_nag,13.150050008102113,5.061710525996804,0.0,,0.37093202138526005
6cmr_5od,8.519426154246048,7.180044029225522,1.0,,0.9013545888950226
6cms_5od,8.467139118915474,7.056149364374012,1.0,,0.9030941573019469
6crg_5od,5.603967475891113,6.560614681470926,1.0,0.5585027933120728,0.9015205771454996
6cwy_fhj,24.2388671875,3.005160161666701,0.0,0.0025521209521684796,0.8255356713747171
6d1y_fqj,47.947521246720584,4.146340803160699,1.0,,0.8371078992075299
6d1z_fqm,4.908949470520019,3.67543242707467,1.0,0.5653721868991852,0.7742843266501954
6d20_fqg,32.654713762828536,4.174592939476343,1.0,,0.9779157016555168
6duk_jbj,15.133039093017578,3.5674447611929088,0.0,0.12227596342563629,0.7629585314315978
6dw4_hf7,0.553383755683899,1.5039363388514553,0.0,0.9261858701705933,0.9071544621461373
6dwd_hdv,0.5284521043300628,2.606683547399988,0.0,0.9315711975097656,0.8936154691755707
6e5g_huy,4.759417724609375,2.8204303022943713,0.0,0.3697430372238159,0.9191833086692895
6eg2_j7j,1.0799802660942077,3.750312102767068,0.0,0.6655863761901856,1.0405065066864487
6eg3_j7g,1.3793278813362122,3.977897365140971,1.0,0.754994559288025,1.0194856140904545
6f7i_cw5,0.3799848973751068,4.220084361499497,0.0,0.9595970153808594,0.9846108749755793
6ffh_d8b,126.61954552762748,3.6608142328958087,1.0,,1.060134964422931
6ffi_d7w,128.07724726465136,3.150379292441608,1.0,,1.055358371053879
6fhk_adp,0.43039956092834475,0.84265475879397,1.0,0.89133780002594,0.9500546529995877
6gg4_phe,0.25189976692199706,3.1489868797581124,0.0,0.9354046583175659,0.8737805935820212
6gg5_trp,5.528571021556854,2.840600665521616,0.0,0.6048267543315887,0.7986772466316365
6gg6_ser,4.720282244682312,2.6085360060062266,0.0,0.6826276421546936,0.7922053152319256
6h4a_fnb,0.5674567341804504,4.287847711437687,1.0,0.8968096375465393,0.9851968844406503
6h8r_fwb,1.1904344797134399,3.582850838832331,1.0,0.764025354385376,0.8516773191335922
6hhf_g4k,0.7537726402282715,0.6353427540234655,1.0,0.8179421544075012,0.9873422486165484
6hhg_g4t,0.6239222705364227,0.5388589909439786,1.0,0.8530334115028382,0.9717644183165843
6hhh_g4q,0.7686967015266418,0.3971179069005389,1.0,0.8414172053337097,0.995938479350927
6hhi_g4n,2.404037618637085,0.3796081167520116,1.0,0.7534896492958069,0.9841514507108234
6hhj_g4h,3.9111915826797485,0.81007277180926,1.0,0.6434542059898376,0.982590478451612
6hkx_gce,0.677198874950409,1.1266468693104428,0.0,0.9056995272636413,0.962124161539947
6hky_gce,0.7274483561515808,0.36021548282967664,1.0,0.9068729400634765,0.9624869462537543
6hv0_guk,5.488365030288696,3.1063713198627148,1.0,0.6061490774154663,0.9820000172604952
6hx1_gxk,5.772499132156372,3.5930858497833045,1.0,0.5808565258979798,0.9833933234424184
6i0m_gdp,30.435993392544564,,0.0,,0.8267435020775603
6i0o_gtp,9.280813135005737,,0.0,,0.7460232209245006
6i5g_ptg,7.24761266708374,3.2212445387145054,0.0,0.22172078490257263,0.7911895199884638
6iik_iu1,0.2353178471326828,19.04485837143808,0.0,0.969878101348877,0.9792210580557097
6iil_a8f,0.4011932075023651,19.31574151180262,0.0,0.953657066822052,0.9808781916214098
6iim_a8l,0.4162256717681885,19.344405953117395,0.0,0.9523055195808411,0.9786041717214609
6iin_a8o,0.47982109189033506,3.24590621465885,0.0,0.9428633332252503,0.9773754964684507
6imx_o4b,1.2529377698898316,3.153168887294263,0.0,0.7465864777565002,0.8363187479887374
6imy_aju,20.384908294677736,1.4135535807206483,0.0,0.00032822757493704556,0.8132828590141992
6kqi_9gl,22.471438217163087,5.121532283977654,1.0,0.0,0.9344699143554559
6kx3_8zo,22.65831604003906,1.594843859810503,1.0,0.0,0.6717381408926011
6l57_atp,1.4486220121383666,4.124974069386439,0.0,0.8153530836105347,0.8849643367276878
6l57_cit,1.6437664270401,3.7806176015312345,0.0,0.6233030796051026,0.981740627764266
6ls5_euf,22.92268486022949,3.879682981736532,0.0,0.0,0.6483801638650443
6mc1_cja,6.670374393463135,3.761606051264677,0.0,0.31736711263656614,0.8108142973740551
6md7_je1,6.0648619651794435,6.99677960562331,1.0,0.5697200298309326,0.9686254097111062
6md9_jej,4.016413927078247,6.428326924309154,1.0,0.4839154601097107,0.9423498375785104
6mda_jed,14.531955337524414,5.5448453687287556,1.0,0.23837191462516785,0.6092559822135735
6mdb_je4,3.5227731227874757,6.027597369705584,1.0,0.5522443294525147,0.7478865810374978
6mdc_jea,5.532653141021728,7.3622503670635435,1.0,0.538669753074646,0.9529473739329356
6mdd_je7,18.619494438171387,3.5282603690635783,1.0,0.09698406159877777,0.6116671453581861
6ms7_v77,6.451598072052002,3.8217568665354023,0.0,0.338113471865654,0.8954463669904159
6n48_kby,37.581353759765626,2.822683532915615,0.0,0.0,0.9022786586682461
6ncf_af7,65.71803755979957,4.167086659246248,0.0,,0.8984588808959213
6nn4_fbp,8.862240237534843,3.536954063637573,0.0,,0.9347336422737825
6npt_kwy,6.519846653938293,2.3569716482117804,1.0,0.41520599126815794,0.7140666189106885
6nsp_l0p,0.4947394669055939,2.6719970047714754,1.0,0.8968985080718994,0.9616402458539515
6nss_l0m,4.867330837249756,4.0401034201585615,1.0,0.5746341466903686,0.9386600647897415
6nu1_cys,4.557169413566589,2.967448354956475,0.0,0.7005765914916993,0.792543797277912
6nu5_cys,4.644934856891632,2.6620290910413975,0.0,0.6827147722244262,0.7957194548233384
6nub_ser,4.8370003461837765,2.6317675239162996,0.0,0.666506040096283,0.7949464861932738
6nwk_dex,19.410641567619237,3.3776267348156934,0.0,,1.079308152717709
6nwl_hcy,19.41366484766802,11.651928123314358,0.0,,1.0475114088945232
6nze_l8y,51.11298228175951,4.27475432162092,0.0,,0.8119547563701021
6nzf_l91,54.7789357848236,4.5081772244317095,0.0,,0.841975560381855
6nzh_l9a,49.270349345790144,4.3051191325402485,0.0,,0.8771617714445712
6oba_m3j,21.23961410522461,4.167317763647658,1.0,0.004171631205826998,0.8907812679656087
6ol9_0hk,0.48149399757385253,25.13380259391166,1.0,0.9419569730758667,1.0882747919818743
6p1d_nq1,8.06776695251465,3.5463245762803632,0.0,0.23791775107383728,0.7476264101619708
6p1l_9ll,8.815390968322754,3.4389263012941393,0.0,0.1943829834461212,0.7484002767976252
6p1q_nq1,40.24162117307892,2.831371155392735,0.0,,0.749577546598992
6p7g_e7m,0.5197162210941315,4.172153024699378,0.0,0.9489281654357911,1.0658591612794306
6p8q_o57,9.708444786071777,3.4633358629780373,0.0,0.223175048828125,0.7725283151942525
6peg_4fq,1.143562650680542,3.673523794374405,0.0,0.8340635538101197,0.8109958542468829
6pf1_oj7,21.618330001831055,4.154906254570399,1.0,0.0,1.0531020195285903
6pgr_8xy,22.840831184387206,2.9919961076937205,0.0,0.00934091880917549,0.744839520148904
6pgu_ok7,44.51128578186035,2.8545414924997417,1.0,0.0,0.8640562000583316
6q3f_hew,21.811643981933592,2.1304932935815093,1.0,0.0,0.824845322125199
6q49_dms,35.022330093383786,2.49511210662844,1.0,0.0,0.663880894037601
6q4d_hht,4.271892642974853,4.876066567690028,1.0,0.3862352430820465,0.8442702554645812
6qce_hw2,3.7821614265441896,3.582073826333957,1.0,0.49476427435874937,0.7552352978932408
6qch_hwb,2.568141460418701,3.5356771634945203,1.0,0.7315994262695312,0.805149370437217
6qcj_xeg,6.4223175048828125,4.170453004179752,0.0,0.2247980624437332,0.8288505399131791
6qcn_que,26.61748809814453,4.564269022221497,1.0,0.0,0.8314852000987789
6r49_jsb,33.08132529523846,2.7112890331586734,1.0,,0.8811014888246851
6r4a_jrt,32.41187232912931,2.82621351286654,1.0,,0.7756778059384699
6r4b_jsn,8.18184027671814,4.351190436075724,1.0,0.2839925289154053,0.7741302854487039
6r4c_jrq,30.377058051750414,3.0532846947986694,1.0,,0.9374196597177209
6s9w_l1z,4.763995552062989,0.5667268198677564,1.0,0.5962114810943604,0.9888961340177735
6s9x_l1w,4.399606227874756,1.529912769125728,1.0,0.6338994622230529,0.9861244407003891
6sal_l3e,14.583035850524903,12.59529381327969,1.0,0.021254950761795045,0.7865312581350927
6sbu_l5n,20.77364387512207,4.2228350256995295,0.0,0.0,0.6392335492547195
6sbv_l5k,28.16941909790039,4.2065573993372825,0.0,0.0,0.8459725344833645
6squ_d7i,,,1.0,,0.8953190728208842
6t4g_l3e,13.943826293945312,4.443147837639577,1.0,0.017871146090328693,0.7865993344125325
6t4i_4f1,10.486483955383301,4.508861359702712,1.0,0.09435411691665649,0.880264053894917
6t4j_mhq,1.1920459985733032,3.588109386115846,1.0,0.8766378164291382,1.0463028314085514
6t4k_mhq,1.0205538153648377,3.2906228781176834,1.0,0.880902373790741,1.0470557289844664
6t4t_l3e,14.557083129882812,12.610918911505461,1.0,0.02092686779797077,0.786423749593899
6t4u_4f1,10.27481517791748,4.376017530991817,1.0,0.09426743090152741,0.8797956868815511
6t4w_mje,9.816223907470704,4.413082382696421,1.0,0.11035324335098266,0.9041134530883037
6t4x_l3e,14.506080436706544,4.393891831509819,1.0,0.019991132989525796,0.785314515412773
6t4y_4f1,10.210546112060547,4.455492640334098,1.0,0.09179035648703575,0.8807716961428209
6t50_mje,9.438922691345216,22.265664327122735,1.0,0.1152598425745964,0.9043221523011509
6t5b_o7k,2.1223792314529417,3.954841355160846,1.0,0.6520919919013977,0.9348962790224498
6t5u_mkw,16.655842208862303,3.658845334325032,0.0,0.0071842892095446585,0.9043944327660904
6t5v_mkz,13.36006868812417,4.084120763289013,1.0,,0.8201660366480408
6ta3_mzk,6.142144012451172,2.7697507161557473,0.0,0.26007682383060454,0.7934161813506767
6tam_mzq,0.6675483167171479,3.5569077096710515,1.0,0.7787386417388916,0.9348666034658539
6tan_mzn,15.63818130493164,4.108913801786642,1.0,0.01581556387245655,0.8494033182077455
6tiw_mzk,6.037195491790771,3.2796908455774707,0.0,0.2516506761312485,0.8006643881085145
6tlm_mje,9.516882705688477,21.926961309205847,1.0,0.11541237980127335,0.9041598941968697
6tlq_mje,9.681828689575195,10.537797546478462,1.0,0.11189602017402649,0.9043221523011509
6tlt_mje,9.345236015319824,22.305652861411136,1.0,0.1179981768131256,0.903536861313057
6tpk_clr,9.07661430835724,2.741571579826078,1.0,0.3997006416320801,0.838706236836271
6u26_063,,,1.0,,0.9550392099486956
6u2n_pv7,46.97838262142771,4.140086872354912,0.0,0.0,1.0094583294974264
6u2p_puv,46.93978086803685,4.0363028859674595,0.0,0.0,1.010046649589834
6u36_pvm,40.43349426544238,4.464949368285998,0.0,0.0,1.0047263249733518
6u38_pvj,47.271988530125384,3.8465754850987155,0.0,0.0,1.0043408875009352
6u3e_4ip,1.2760376811027527,5.457579066161528,0.0,0.7037968516349793,0.8713518330573766
6u3g_4ip,1.275070023536682,4.789714933313123,0.0,0.7049336314201355,0.8715677556943426
6u3x_pvv,47.13517475660919,3.722330991736423,0.0,0.0,1.010945230189684
6u6y_dtp,2.87422456741333,5.323895206709541,0.0,0.7187334418296814,0.8819308087381212
6ucg_q3y,11.582416915893555,4.803838874443274,1.0,0.06807342246174812,0.8650673803698394
6uel_q5a,17.76057138442993,4.0222008843776855,0.0,0.2441074252128601,0.6193891889044503
6uo8_qda,18.523313903808592,9.272523092117476,0.0,0.0020154176745563745,0.9050638928713232
6uxx_ql1,33.706577110290525,2.91623987698376,0.0,0.03125583603978157,0.6347935183873624
6uxy_qky,13.568232917785645,3.810558114781147,0.0,0.09059189409017562,0.694464887524251
6v74_asn,13.065467381477356,2.557494481228102,0.0,0.32823721170425413,0.7995148781154308
6v75_asp,12.373472976684571,2.8049410939072965,0.0,0.4365800142288208,0.7731138396226143
6v76_val,0.8890952229499817,12.775769732622198,0.0,0.8616320371627808,0.8079716239932481
6vbi_fza,14.217959785461426,3.7454140342094178,1.0,0.03438824247568846,0.7760999277544244
6vcb_qw7,24.4127347946167,2.998346374151091,0.0,0.1227002538740635,0.7086308409474632
6vkk_rpb,0.679043847322464,3.517043767620011,1.0,0.9392018795013428,0.9816930521191238
6vn2_r44,0.7300874829292298,4.08621700428808,1.0,0.7874646067619324,0.9231610485282407
6vn3_r3y,0.8944957017898559,4.174531795611761,1.0,0.8033026099205017,0.9279195658185205
6vn4_r4d,0.41398624181747434,3.910136889307674,1.0,0.9299877524375916,0.923479905948376
6vn5_r41,1.026537537574768,2.7106916213209535,1.0,0.771152913570404,0.9191236246129263
6vn6_r4j,0.6151440143585205,3.6365605342061285,1.0,0.800081992149353,0.9208949638331128
6w2j_374,10.41028871536255,2.6656607937343844,0.0,0.29168133735656737,0.6541141921315164
6w30_sja,14.859136390686036,4.337696368990771,1.0,0.1461663694586605,0.7215728220787351
6wkz_8y1,25.034225463867188,2.9126123922158236,0.0,0.0009250243194401265,0.7377332093438322
6wl6_91a,26.931587409973144,3.1641772531811854,0.0,0.0006322444882243871,0.7624443901538955
6wu8_u9y,5.658840751647949,9.225659772471165,1.0,0.5544052660465241,0.9089654317545077
6x3u_fyp,26.955342769622803,2.291562794823392,0.0,0.0,0.7342384609581416
6x3x_dzp,4.597982120513916,2.362997131722496,0.0,0.26607933938503264,0.8925228550749722
6x81_utj,4.217515182495117,3.3368970286194743,0.0,0.34113740026950834,0.9657309690343322
6x82_utm,10.92832145690918,4.502111522501567,0.0,0.1062376469373703,0.9537355148360998
6x83_uts,3.1322638034820556,2.9783832844769536,0.0,0.30493263006210325,0.9824918618246308
6x85_utv,4.752666044235229,2.5577271506982493,0.0,0.22879985570907593,0.9771046363139643
6x86_uty,8.629992198944091,4.1194111124025765,0.0,0.10282407104969024,0.9658517407166487
6xp9_qcg,19.165496059589948,4.367733550242225,1.0,,0.861584542456241
6yuh_pow,3.688223147392273,3.275286234387207,1.0,0.5311354398727417,0.8804433685167042
6yz4_1e8,15.989533615112304,3.683104787215599,1.0,0.024332072213292123,0.9921319051306007
6z4b_9ll,8.889849281311035,3.64474917284507,1.0,0.19510695338249207,0.7484002767976252
6z88_qbk,19.074477005004884,3.4181916240917296,0.0,0.0,0.8838131331063387
6z89_qbk,19.021477508544923,2.9147772535874763,0.0,0.0,0.8838131331063387
6zgv_qkz,3.7406409565463568,7.200216875143454,1.0,,0.889732754000487
6zgx_s6v,3.633078969964759,6.433695020156304,1.0,,0.8794373211478852
6zgy_ql5,16.30994749069214,3.889826516831257,1.0,0.28744820356369016,0.71097101475411
6zgz_ssy,3.7713493991071076,7.247715070378861,1.0,,0.7093391551294327
7a2a_57n,8.514875316619873,3.989635477761958,1.0,0.1843178391456604,0.7644313836510269
7a8p_r4q,34.30782470703125,3.770547882239007,1.0,0.0,0.9069511823822731
7aia_rf8,30.669831475590247,3.70219313553313,0.0,,0.9359985985069217
7ak0_rjk,0.5998223483562469,4.680677094676793,0.0,0.8653802752494812,0.9856712051787376
7ak1_rjh,0.6162139892578125,4.2700450947082205,1.0,0.8995443344116211,0.9818508450683942
7anw_nad,5.639565086364746,3.9488964996482387,0.0,0.4105986177921295,0.7630181423193105
7aud_ry8,26.329587745666505,3.5904668831634723,0.0,0.028648233413696288,0.8586747927109247
7b3m_su5,13.32266788482666,3.032665191458308,1.0,0.009259685222059489,0.8723088647515699
7b7r_t1k,12.92731990814209,3.5606437846689225,1.0,0.048534808680415154,0.9283701651161511
7b94_t3w,12.150833702087402,2.6418800150842663,1.0,0.0387706957757473,1.0057597287888487
7b9l_t4n,1.3777318477630616,4.414791373030461,1.0,0.7787280559539795,0.9107432801363535
7bhr_tqe,2.3317418932914733,2.7727200114432975,0.0,0.36918975710868834,0.7737463622256071
7bhs_tnz,3.1823979377746583,3.2048164557619843,0.0,0.33191374242305755,0.8100748751228964
7bht_to8,1.4770294189453126,2.0779652425441766,0.0,0.4574915647506714,0.771581908488695
7bhu_tow,1.181592869758606,3.9012693467032897,0.0,0.460751885175705,0.826176283641184
7bhv_tqb,0.9098637819290161,4.508155452880741,0.0,0.4870310127735138,0.8210338741908508
7bhw_tnw,0.7713601469993592,3.1596009959932685,0.0,0.4982994496822357,0.8859890730438167
7bhx_to5,0.6306995749473572,4.0618706918275365,0.0,0.48261411786079406,0.9580163513025115
7c7q_2c0,2.2489120960235596,4.874033079224353,0.0,0.6947904706001282,0.9357269563643607
7ca3_fn0,21.391539001464842,9.274021941364044,0.0,0.024574118718737735,0.7964164442882548
7cfm_fwx,0.7961724042892456,3.6038898210365757,0.0,0.8444097518920899,1.0002015044665034
7cfn_fx0,1.71983745098114,4.063570429136755,0.0,0.7072661280632019,0.9818990047323476
7ckz_g4c,9.799348449707031,4.213094809605847,0.0,0.16846829354763032,1.0556986297885733
7cr2_fbx,11.07749165972452,3.0463236901090016,0.0,,0.835370185524274
7cr7_fbx,23.70721798569537,3.37681563684146,0.0,,0.8345651606440156
7cum_2bv,27.349460012140913,3.1503488426246373,0.0,,0.9268397873606015
7d72_gdd,0.7426740765571594,4.385035463000608,0.0,0.8038867235183715,0.9581545581350056
7d8x_gzr,37.527610778808594,3.5110999382650583,0.0,0.0,0.6010570716200403
7djt_h8l,12.584574317932129,3.8537211661193185,0.0,0.07408882267773151,0.672462644612625
7dtu_trp,0.6603659629821778,3.262737963897237,0.0,0.8368708610534668,1.005138189927176
7dtv_trp,0.649697995185852,3.3516966378920943,0.0,0.8304468989372253,1.0048499049846031
7duq_hno,21.581418609619142,3.3209132997642343,0.0,0.16070954501628876,0.7548698996186121
7e6t_tcr,0.5649790942668915,3.3462292626330474,0.0,0.8338916301727295,1.0089047652699368
7ehm_j4c,1.7235615015029908,4.536184499901511,0.0,0.7750771760940551,0.9730261123426098
7fd8_qus,1.8993282914161682,10.004694996933631,0.0,0.7617960333824157,1.0584494153083126
7jvm_vks,5.667787075042725,6.6021163042279625,1.0,0.5186405837535858,0.9403032971643395
7jvn_vkp,5.155042362213135,4.732001206550345,1.0,0.562209141254425,0.8760080901577995
7kcc_wbg,1.206864540702913,3.759335784503069,0.0,,0.8501397225338566
7kce_j41,1.4778653288817551,2.966322643530007,0.0,,0.7718570153495045
7kcf_j4a,1.3067622244341521,3.8760758146913927,0.0,,0.8603776504149703
7kda_wbm,2.4329481067044614,3.174750987643713,0.0,,0.8045601903395312
7kdb_wbs,0.8483603540215168,3.7734945517215186,0.0,,0.9472508422099652
7ld3_xtd,18.264802932739258,3.7895219612279005,0.0,0.0008651716751046478,0.7491755106254467
7ljc_g4c,0.9023558139801026,3.416341898968112,0.0,0.9203080773353577,1.0568109044643001
7ljd_g4c,0.9290625810623169,2.9478265385769236,0.0,0.9127467036247253,1.0556986297885733
7lmy_y6y,32.226657485961915,4.403973953580867,0.0,0.0,0.5553881430410363
7lwd_yg7,13.387416648864747,20.51164146528109,0.0,0.12784187719225884,0.9139035513013608
7nec_u95,58.00291290283203,4.504618972317046,1.0,0.0,0.5980007475895442
7nh4_uce,4.521860408782959,0.7167551248407662,1.0,0.6045568227767945,0.990042444966571
7nh5_uc8,3.4662448525428773,0.24961058683834433,1.0,0.6701551795005798,0.9805767035862303
7np5_ukb,12.974565887451172,5.156918459051442,1.0,0.0612718902528286,0.7542550280801628
7np6_uk8,14.62748680114746,12.027993580768541,1.0,0.014956609532237052,0.8224530217932078
7npc_ult,12.377813529968261,4.4005828983271424,1.0,0.05271331518888474,0.7214982232489613
7p2l_4yi,0.4625988185405731,4.059546281646964,1.0,0.9714288234710693,1.0568657632223046
7r75_33i,10.150675964355468,7.048572986368209,1.0,0.37663149237632754,0.7003489853002898
7r7d_37i,5.539339447021485,9.010715274434116,1.0,0.45272951722145083,0.9511471116316276
7r7i_3cw,4.726794815063476,9.366535581058262,1.0,0.538603150844574,0.9011716502319528
7r7l_3ed,6.772565937042236,9.589236942471455,1.0,0.44941799640655516,0.886891755696749
7rct_4q4,5.913320922851563,7.095834562913213,1.0,0.4930492043495178,0.9172047518065654
