id,pose rmsd,pocket rmsd,qs score,lddt-pli,confidence
1azx,1.4223757266998291,0.1292365167044487,0.0,0.7594997406005859,0.6242402911186218
1b86,0.3344210386276245,4.984849076771367,0.7459255328934871,0.9534017443656921,0.9469473123550415
1bj4,9.150022792816163,3.612065513980297,1.0,0.08926714062690735,0.9646856904029846
1bm7,2.5049768447875977,2.5535807722959194,0.9821942191508997,0.5958991169929504,0.972003984451294
1cqp,0.2601726233959198,4.348944400200174,0.6093684043889545,0.965313732624054,0.7424304604530334
1cza,6.373088359832764,2.979320120000761,1.0,0.2221679210662842,0.9294065833091736
1dvs,0.8998904705047608,3.0329037625559576,0.9862671397490933,0.8526047587394714,0.9717894911766052
1dvt,1.981511664390564,4.860933844233402,0.9900092823069799,0.6229736566543579,0.9780291199684144
1dvu,4.658898782730103,4.691784723290683,0.9897274542318154,0.4394143998622894,0.9672212243080139
1dvx,3.2433491706848145,3.367864940496589,0.9878199258521926,0.43183175921440126,0.9787184596061707
1dvy,3.031017208099365,1.442075084908724,0.9880238847905811,0.5606057047843933,0.9729793906211853
1dvz,1.0086320400238038,1.6005345143559204,0.9906870792076157,0.8879196763038635,0.9744053602218627
1e03,4.355421543121338,0.1194155505601778,0.3729566681434895,0.5899388790130615,0.6406973958015442
1e4h,1.4555028080940247,4.784259044029224,0.9798632400958323,0.8014516711235047,0.9672435522079468
1e7b,2.0786719799041746,3.238014214740177,0.0,0.6489426136016846,0.5456985712051392
1e7c,0.4966617405414581,6.680464381694807,1.0,0.940629506111145,0.8290228605270386
1em6,0.18866457045078278,4.563310379889243,0.5942324082075755,0.9897133708000183,0.95169677734375
1eta,0.8668463826179504,2.0636969419098774,0.9749160368307542,0.8492188215255737,0.9539429903030395
1etb,1.1133126497268677,1.593363485678767,0.9760382750967986,0.816845977306366,0.9554162502288819
1exv,0.19673989713191986,3.388002148374368,0.6575089150660708,0.9900063395500183,0.9495574355125427
1f86,2.130167007446289,1.1712555289048525,0.9756199799802465,0.6919772744178772,0.9618049025535583
1fap,2.764799399022111,5.5666526141447,0.9683491016882586,,0.9582664370536804
1fta,0.3315813422203064,2.977809135900737,0.8935365093878262,0.9746291160583496,0.967722499370575
1g9v,0.19155571162700652,6.462198320445228,0.9845727947437902,0.9972518801689148,0.9413442969322204
1gz3,0.356950455904007,6.655056000791487,0.9748597313379002,0.9881492614746094,0.9234066367149353
1gz4,0.3968294560909271,7.168674501616664,0.9806435240480826,0.9862065315246582,0.9245585441589356
1hak,1.8114179372787476,2.8600777385687315,0.0,0.7629379749298095,0.6283399939537049
1hkb,0.2472149461507797,3.758412024526965,0.0,0.9802399039268493,0.5751019477844238
1i72,0.20311144590377808,6.143548671086153,0.9708551755688024,1.0,0.9856617450714111
1i79,0.17826645970344543,6.95172015467004,0.9720350080323156,1.0,0.9856256484985352
1i7b,0.20585228204727174,6.946111331824805,0.9756162218384834,0.9991351366043091,0.9864713788032532
1i7c,0.18955020010471343,2.8226591763484987,0.966403728681503,0.9932292938232422,0.9855449080467225
1i7m,0.21957018375396728,6.768411401299749,0.9134898247486494,0.9968767046928406,0.9621746778488159
1kv1,0.46067285537719727,2.6070609625533088,1.0,0.89946209192276,0.9871284484863281
1kv2,0.426422530412674,4.114225520612618,1.0,0.9171771287918091,0.9869830250740051
1l5q,0.1846041589975357,4.131598056659789,0.3518151485838362,0.9943259716033935,0.9481702208518982
1l5r,0.2568340390920639,4.367597731667662,0.34734813363272277,0.9920966148376464,0.9383007764816285
1l5s,0.14446023404598235,3.832472797339284,0.36961521384774504,0.9960503697395324,0.9462725281715393
1l7x,0.15807380378246308,3.9539813798862675,0.36160359904260314,0.993622612953186,0.9457620263099671
1msv,0.16052427291870117,2.433501864312862,0.3167199984207914,1.0,0.949087405204773
1ne7,3.230490761764629,5.743166291045536,0.97895237402704,,0.9119941473007203
1nq9,1.2507296800613403,0.1142232161479205,0.2365423245103492,0.8408405900001525,0.6501514792442322
1nsg,2.7963715221382777,8.222499496160003,0.9702158971713919,,0.9607966899871826
1oj9,0.12267157584428787,6.3182425701828135,0.8633318589715022,0.9938575387001037,0.9604303121566773
1opl,0.49132548570632933,3.6258606567687166,0.0,0.9218132138252259,0.6450553417205811
1pj2,7.376224040985107,7.903767828900813,0.013659887300333773,0.10568014234304428,0.46604354977607726
1pj3,8.68229169845581,8.17566957740858,0.011326635856931517,0.07878198623657226,0.4548572599887848
1pj4,6.381978607177734,6.980112981669658,0.006952288204157592,0.14817166030406953,0.532606041431427
1q0b,11.999801635742188,4.232638818000378,0.0,0.03726427769288421,0.8463392853736877
1qha,8.865351963043214,3.1047741341098387,0.006411588371827636,0.17937014251947403,0.7567817330360412
1rd4,12.986011791229249,5.551158618777029,0.000426800232996862,0.03161706551909447,0.8818940877914428
1s9i,16.255779457092284,3.7731004541637008,0.0021193243609221764,0.018648076243698596,0.8798944473266601
1s9j,14.058993816375732,3.6963001833730034,0.0,0.010086101159686223,0.9461007714271545
1shj,15.19308032989502,5.260878771589725,0.015815692005417187,0.0592982642352581,0.7761930823326111
1shl,13.466391801834106,5.606413238436449,0.02834771798594416,0.0507798045873642,0.810951367020607
1sr5,4.898852251207079,3.028218510547044,0.023685598766690637,,0.7812396645545959
1t48,15.8127281665802,6.848111665197632,1.0,0.017088511762267444,0.9708820432424545
1t49,18.32661787668864,6.593458068650167,1.0,0.0024774659735461078,0.9695432980855306
1t4j,16.51881980895996,3.829516663688952,1.0,0.015853101387619972,0.9443118572235107
1t5a,13.267183661460876,5.581642836404242,0.0005720875629985425,0.09603929845616221,0.5909201204776764
1tb6,11.04877445317953,6.13148716850783,0.01521502767561227,,0.7154847979545593
1tbf,10.017925262451172,3.697849470044548,1.0,0.1810329794883728,0.9586378574371338
1tha,3.7123766899108888,3.359874140779226,0.9769529090091937,0.48611130714416506,0.9560317158699035
1thc,16.64005708694458,5.546707732885208,0.17802028803046377,0.053511387668550014,0.9640410244464874
1tlm,12.81883176167806,4.8934352738838625,0.18264737772981965,0.026355433588226635,0.9479743440945944
1tt6,10.706772136688233,3.2517566874543546,0.14830825699086664,0.06772285662591457,0.9481016039848328
1tyr,8.593093967437744,4.468608850048421,0.10351077455713897,0.06429253742098809,0.931515634059906
1u21,17.548503875732422,3.4362525437286555,0.08305618826975654,0.0,0.9577596187591553
1uwh,10.924093055725098,6.724190464877974,0.016887738853324057,0.08299254477024079,0.8470532178878785
1uwj,12.048915147781372,6.70139840327307,0.005217091858803321,0.06275052204728127,0.8990730792284012
1v4s,11.85405719280243,4.138031516734468,1.0,0.018919262918643653,0.9701622575521469
1w0f,14.707097291946411,4.190597081088735,1.0,0.027801184594864026,0.9430874288082123
1w82,17.297174835205077,3.76647229301156,1.0,0.011030046441010199,0.9810005903244019
1w83,17.30382760365804,3.66030577413132,1.0,0.023894546475882333,0.9836976130803426
1wbn,13.52966022491455,4.0076022503225746,1.0,0.030440035508945584,0.9828320741653442
1wbs,15.758375803629557,4.200027631200769,1.0,0.018836507573723793,0.9807171026865641
1wbt,13.350705623626709,3.965758685006106,1.0,0.054802119731903076,0.9817504286766052
1wbv,0.26673742532730105,3.8824575094344502,1.0,0.9649375200271606,0.9873706936836243
1x88,11.865091133117676,2.676266543542252,0.0,0.06999562326818705,0.8878808498382569
1xdd,14.637613868713379,4.636174058042192,0.0,0.023429689928889275,0.9423578023910523
1xdg,14.666645908355713,7.234808712064362,0.002580411943244257,0.0388162761926651,0.948598051071167
1xoi,14.158987045288086,4.518565045127873,0.0,0.03360367566347122,0.6434637606143951
1xuo,9.325055789947509,5.822097811287891,0.0008971873837433856,0.07294661710038781,0.9424564838409424
1y1d,10.465810298919678,3.71936285074205,0.129301921672532,0.05533907935023308,0.9417274475097657
1ygc,18.922268867492676,3.7085664112617014,0.031644277792509834,0.06639449927024543,0.9135537445545197
1yrs,13.102570056915283,2.878153523389733,0.0,0.08875554874539375,0.8557540297508239
1z7j,13.875707308451334,1.954983134770756,0.04069987693293218,0.183419535557429,0.9462998509407043
1z8d,17.180461883544922,2.642099336013967,0.0,0.002664298517629504,0.929218053817749
2ati,12.029300594329834,4.3861665775275,0.00131050821906612,0.07807960510253906,0.6191417396068573
2b14,15.912508010864258,4.020093950045424,0.06737911467433551,0.0,0.955897331237793
2b16,16.78974962234497,4.614886789535003,0.08460071495285684,0.0003101736947428435,0.9382475912570953
2b77,10.343151092529297,3.900934357047344,0.11572861417728876,0.058212217874825,0.9469135105609894
2b9a,10.206405067443848,4.715358717964449,0.0811867691242659,0.05493459259159863,0.9455751538276672
2baj,18.61817804972331,4.376844570588155,1.0,0.0010634827582786481,0.9803519050280253
2bak,16.575482845306396,4.280493876351295,1.0,0.011981986579485238,0.9740889668464661
2bk3,10.80375690460205,10.386602265368856,0.010681743651340381,0.06656670719385147,0.8462112307548523
2bu2,14.670603434244791,3.976054866633065,0.0,0.06553139475484689,0.9639500379562378
2bu7,10.26430253982544,2.8683465014874185,0.0,0.1176755115389824,0.9737067580223083
2bu8,14.001825332641602,3.185375263582838,0.0,0.02521008439362049,0.9631484150886536
2bx8,19.297399520874023,6.078505492430529,0.0,0.0,0.7621877590815226
2bxa,14.046237468719482,5.62611426234497,0.0,0.07464447476377245,0.7385512888431549
2bxb,19.419635772705078,5.348496030598871,0.0,0.00893582496792078,0.7377835512161255
2bxc,19.360960006713867,6.628624367686343,0.0,0.0,0.7628366947174072
2bxd,15.973305384318033,6.023252109781379,0.0,0.002679969339321057,0.7034777998924255
2bxe,7.903315544128418,6.204676853773408,0.0,0.2435847446322441,0.7696659922599792
2bxg,7.5810898542404175,5.115427937085526,0.0,0.38766795098781587,0.7623272657394409
2bxh,7.6202781200408936,3.8628123907695415,0.0,0.27457980066537857,0.7841873615980148
2byb,12.236549949645996,9.276602451661013,0.0020868748817467015,0.08535969220101833,0.8306869149208069
2c65,11.846135425567628,7.918031182479436,0.01801658126130192,0.08459814563393593,0.8135213494300843
2d5z,1.6114758014678956,5.512272862029997,0.20549551014192052,0.6813766360282898,0.9011718153953552
2d60,0.9855070948600769,7.065021959167552,0.33469069587522143,0.7804722189903259,0.9455408573150634
2f7i,7.82055253982544,4.818855277054435,0.10009638151953548,0.0858301892876625,0.9434748530387879
2f8i,10.73238229751587,4.455414544502166,0.10570331281703688,0.03386727347970009,0.9375787973403931
2fap,5.271521759033203,9.456852499095344,0.013597155186225762,0.3066840708255768,0.9309900879859925
2fbr,9.27858371734619,9.826687972658506,0.07688657061279297,0.06538790613412857,0.9475425124168396
2fhy,8.8328462600708,5.935674906689679,0.010469657430804991,0.22142842710018157,0.8513272523880004
2fie,12.248344993591308,8.069692742707911,0.012270970674313087,0.04010439339326695,0.8999736547470093
2fix,9.808014631271362,7.02069923411063,0.012524414838067177,0.06697633257135749,0.8843696117401123
2fky,11.888140678405762,3.669195045940241,0.0,0.04991466272622347,0.8514676094055176
2fl2,15.98311972618103,3.761996339157126,0.0,0.051054851966910064,0.8425368219614029
2fl6,14.997244453430175,3.920543470573604,0.0,0.0769063800573349,0.8486193776130676
2flm,11.727536392211913,8.028986693628216,0.12963790916626278,0.045316812582314014,0.9517202258110047
2fqq,11.306057167053222,6.852461130255046,0.07091539795084342,0.05871119648218155,0.9667673707008362
2fsz,11.51060085296631,4.849933023736311,0.12064800662936384,0.10879114493727685,0.9230843424797058
2g1q,13.329186820983887,4.056293507811762,0.0,0.02897143717855215,0.8522728681564331
2g5u,4.983406591415405,4.617856952247019,0.09716739631339508,0.10963591560721397,0.9474023699760437
2g9k,7.5107855796813965,5.3115456023571195,0.0858130061255651,0.05723300650715828,0.9472882628440857
2gab,8.949411582946777,5.088016574517417,0.10240098440581162,0.08515698909759521,0.9422930240631103
2gm1,13.24026894569397,3.9867347228866903,0.0,0.0670218588784337,0.6790577322244644
2i7n,10.2378591299057,4.0610873408325245,0.0010962527971682013,0.06168585689738393,0.8922961950302124
2i7p,17.705837885538738,3.6745381895984495,0.00771775079311728,0.01957020623376593,0.48859885334968567
2ica,15.395709991455078,3.3494079932015044,1.0,0.022927753006418545,0.970230241616567
2ieh,15.548428217569986,2.7290355728997207,0.0,0.05802063954373201,0.8567782441775004
2jc9,13.926865768432616,4.0780108722493775,1.0,0.018604141200194137,0.915709626674652
2jjk,16.172769864400227,9.09087543417805,0.016518805229763796,0.018868764940028388,0.8731345733006796
2o7n,15.196609115600586,6.493564792264964,1.0,0.022836941294372082,0.9760605096817017
2o8b,12.43667459487915,7.592299459786528,0.0007138620876628934,0.021320346277207136,0.6824710965156555
2o8c,15.733620643615723,6.928863570997349,0.0039470709876069454,0.07844803715124726,0.7139924466609955
2o8d,16.14211082458496,5.841638121077801,0.002411870851404527,0.09247560240328312,0.7090005874633789
2onb,15.667278480529784,4.1220755463316205,0.0,0.10931410044431686,0.9479205727577209
2p55,16.248042106628418,3.515501576676959,0.0,0.0,0.9598174691200256
2pg2,14.312551975250244,3.241717620566189,0.0022534273757106966,0.06253464100882411,0.8336580693721771
2pio,9.55717887878418,5.783424064107703,1.0,0.07817309647798538,0.97736496925354
2pip,11.480091285705566,2.9794405341041084,1.0,0.07910052575170994,0.9828014373779297
2piq,10.871128845214844,4.030923306675101,1.0,0.09383736699819564,0.9830009818077088
2pit,12.293035221099853,5.687180716158095,1.0,0.07288544997572899,0.9784997344017029
2piu,12.008035469055176,4.837870457056662,1.0,0.09971726536750794,0.9676141977310181
2piv,8.936891841888428,5.545327906239088,1.0,0.07187277190387249,0.9816537261009216
2piw,9.078005409240722,5.562776843900549,1.0,0.09374694526195526,0.9673660516738891
2pix,10.788291931152344,6.321209445762933,1.0,0.09670592918992042,0.979706609249115
2pkl,11.925829124450683,6.1291852936581925,1.0,0.08318823819281533,0.9901156783103943
2q2y,12.030484974384308,4.525044781432387,0.0,0.08026905031874776,0.8549457490444183
2q2z,14.182836771011353,3.012887017624232,0.0,0.1001592306420207,0.8486436158418655
2qgc,9.098931264877319,4.291775258230552,0.10060762590891273,0.06026765778660774,0.9441970944404602
2qgd,6.851736545562744,4.293948592201646,0.07910287738278587,0.08384347055107355,0.9551298916339874
2qge,6.639819717407226,2.677346609063759,0.06986536793424446,0.05777945965528488,0.9339496731758118
2qlj,10.012320160865784,4.939298819709133,0.015554780714564943,0.019823164970148355,0.5671617090702057
2qpy,9.240471744537354,4.412080975435444,0.5301122060819313,0.17129649817943574,0.9864794492721558
2rox,14.14804744720459,4.066529725447268,0.096848485713031,0.040822409093379974,0.9634174108505249
2uyi,9.206384420394897,3.1186640868698117,0.0,0.056063636438921094,0.8048217594623566
2uym,14.12079906463623,2.939324851472664,0.0,0.09852180909365416,0.8499569296836853
2v5z,9.591731548309326,10.310179160998256,0.004688219082833485,0.11514855697751045,0.8929938912391663
2v60,10.958060836791992,9.55079385575318,0.0027054904216841356,0.07538792118430138,0.8835409998893737
2v61,11.976014328002929,10.62572792781931,0.009666316675229275,0.08103872537612915,0.8468468070030213
2vgb,8.286935567855835,3.82416807222686,0.029799868077169122,0.18003859370946884,0.6011002510786057
2vgf,9.723324489593505,3.696091411644371,0.018727798162444735,0.1148639053106308,0.60941241979599
2vgg,7.764978408813477,3.970947640751875,0.014340019466857836,0.14900776296854018,0.6074608445167542
2vgi,8.711913108825684,3.654873371160961,0.01632495431672026,0.1219847857952118,0.5632843375205994
2vt5,12.278024387359618,5.48881606748872,0.007172068896881237,0.012579619175812694,0.6970168709754944
2wbb,16.109926223754883,5.408784650988375,0.00706659546463336,0.0003187621186953038,0.7235830426216125
2wbd,14.737890434265136,5.467887139715613,0.007894038711751403,0.00040639047947479414,0.7167641043663024
2wgh,18.355229377746582,6.5711058925525165,0.0,0.006614541169255972,0.7114336490631104
2wog,15.170105934143066,3.2410720843643475,0.0,0.028837696241680533,0.7463115602731705
2x2r,15.385717153549194,3.9716497599970677,0.0027269082860526383,0.03661602770444006,0.7551240622997284
2x7c,14.464750289916992,3.6281197518942014,0.0,0.07775941621512175,0.8475693702697754
2x7d,11.131178283691407,3.0968844809150173,0.0,0.058678260445594786,0.7896949648857117
2x7e,13.141555786132812,4.126855558511129,0.0,0.07017867888013522,0.841254452864329
2xae,12.81268081665039,4.208654912718187,0.0057160076100969785,0.040872567892074586,0.7865706205368042
2xcg,12.03838233947754,9.807337613560403,0.009675782884156936,0.05991153419017792,0.9319697499275208
2xcv,11.784660975138346,4.22546240330515,1.0,0.0349616309783111,0.910600503285726
2xcw,19.175321578979492,4.756884992664619,1.0,0.031638217624276876,0.8441946506500244
2xfn,8.670137548446656,10.716215493659025,0.007877112769370979,0.08793719708919526,0.9352519392967225
2xfo,10.160631561279297,9.269413783818468,0.0181364109507551,0.06923309545964003,0.9219138383865356
2xfp,10.130473566055297,8.687567571607705,0.007117009627886657,0.08966491632163524,0.9506456136703492
2xfq,8.66695852279663,8.457092906523075,0.01671424147223804,0.0731135655194521,0.9305081367492676
2xhd,8.746989607810974,5.95371829155224,7.728422944741877e-05,0.13907283544540405,0.9342630058526993
2xjc,16.64858881632487,6.693305826986889,1.0,0.03889633986788491,0.8753684759140015
2xjd,15.18295726776123,3.8995008181876685,1.0,0.010841113468632101,0.91880202293396
2xje,9.923829078674316,2.1722169602958594,1.0,0.006018518470227718,0.9230608344078064
2xjf,15.715633392333984,8.245283165230619,1.0,0.0,0.8993049263954163
2y5k,10.539260506629944,6.400330727979675,0.010399528572242326,0.1127439122647047,0.838688537478447
2y5l,8.279286766052246,5.985493645039875,0.007066973507598098,0.046971661224961284,0.7092463970184326
2yhd,8.167216491699218,5.955891190142378,1.0,0.16320515125989915,0.9823782324790955
2ylo,10.828993225097657,6.600633348786734,1.0,0.0764424660243094,0.9828272461891174
2ylp,9.762542343139648,5.184615607293241,1.0,0.14051879197359085,0.9788892388343811
2ylq,10.603381538391114,5.3768889765002665,1.0,0.13034558538347482,0.9856675624847412
2zb2,10.825461292266846,4.155801681638705,0.0029293990762002185,0.07591515779495239,0.6462822139263154
2zmf,14.891088724136353,5.387146164327756,0.027267433071218837,0.03499239054508507,0.8502624928951263
3a0i,12.778292179107666,3.9864908867848015,1.0,0.04228496114956215,0.9627627283334732
3a29,13.593565940856934,4.236072077805824,0.01567267960574554,0.057906275149434805,0.8726755827665329
3b56,15.559043884277344,3.0327394520399484,0.013053828680959978,0.0,0.9560311436653137
3bjf,11.448124599456786,4.965114487654503,0.013436556794787427,0.11824810076504946,0.537371551990509
3bqm,10.285058498382568,5.474107397000702,0.0,0.03701820131391287,0.9454507946968078
3bqn,12.717481136322021,6.751715122777261,0.0,0.035198808275163175,0.9202495455741883
3ceh,13.503952026367188,3.5598653510404774,0.0028901728690298133,0.09041433284680049,0.6916578610738119
3cej,14.732275009155273,3.900538947693876,0.004049145927558009,0.06357100047171116,0.6755174100399017
3cem,14.234145164489746,3.51238714081869,0.0009355354579356476,0.05837627034634352,0.6362676620483398
3cfn,14.616658973693848,3.9751312164209374,0.22986027214123625,0.015019762516021728,0.9444507718086242
3cfq,18.399635314941406,2.775557864703272,0.14961523695601117,0.0,0.9477357864379883
3cft,18.926136016845703,1.6438434459088047,0.16155397508268135,0.0,0.9529911279678345
3cjo,14.337668895721436,4.392275445973082,0.0,0.09374245617073029,0.8132421374320984
3cn0,6.523990631103516,4.507852494856332,0.09394582525625512,0.10698504149913787,0.9502547025680542
3cn1,8.633534812927246,3.0993813419536176,0.06151125448180268,0.11921529993414878,0.944762396812439
3cn2,9.053531265258789,5.836594159950629,0.0648293258646643,0.024981641210615635,0.9371155023574829
3cn3,12.617620150248209,4.069892351517538,0.11050623498728418,0.05673647423585256,0.9445181290308634
3d2t,9.31139965057373,4.016410639931629,0.12334399797842921,0.05886230543255806,0.9480413913726806
3d83,16.870830535888672,4.948020054967656,1.0,0.01269312109798193,0.9822919766108195
3dd1,9.736196613311767,3.5238128458447653,0.0009748143177708377,0.09164507836103439,0.7061334669589996
3dds,12.39974536895752,3.7597469173633415,0.0022542821967696572,0.0969159573316574,0.6920073986053467
3ddw,11.197189140319825,3.604979921884889,0.009656513346097705,0.09135686308145523,0.7017471671104432
3dv3,15.689482879638671,3.947718680608596,0.0,0.048202167730778456,0.9599093675613404
3dy7,13.604238510131836,4.050140008643077,1.0,0.00966985640116036,0.9592864513397217
3dz3,11.716659545898438,7.745022839264708,0.06643196839683806,0.042706391960382464,0.981568717956543
3e2m,11.78791103363037,6.7726626079223795,0.0,0.022596724703907965,0.9216725468635559
3e8n,14.913505792617798,4.468487140279063,1.0,0.02173195278737694,0.9341896176338196
3e93,16.539087295532227,3.4488753562221555,1.0,0.028673361986875534,0.9856111407279968
3ep5,15.203396987915038,2.0688584016223728,0.05058135421471939,0.12882012873888016,0.9556917786598206
3epa,9.88114128112793,4.197250747478746,0.045971863900592894,0.14989813715219497,0.971061396598816
3epb,9.292938995361329,4.683226776154791,0.026176117731628055,0.11769960522651672,0.9686591029167175
3eqb,13.21801986694336,4.1498291095894455,0.0,0.007142962794750929,0.9664287209510803
3eqc,14.27036418914795,4.180525553679553,1.0,0.007014026492834091,0.9583794593811035
3eqg,17.554542064666748,4.011648003652409,1.0,0.004464753132197075,0.9563688039779663
3eqh,13.83726167678833,4.019785446758309,1.0,0.022425318515161052,0.9774364680051804
3esn,10.409364700317383,4.185190511152761,0.11164773866468765,0.06775438692420721,0.9524847120046616
3eso,9.284441280364991,4.623996317834198,0.06793227531210595,0.060278679430484775,0.9509883165359497
3esp,16.698674201965332,6.4091377003099845,0.10027783200786833,0.061376073863357306,0.9485763609409332
3evj,5.519001293182373,2.2835513248997232,0.0,0.280255588889122,0.8512554883956909
3f1o,17.954250971476238,3.97420840994029,0.01742069314924506,0.019780791054169338,0.9472908973693848
3f78,13.80726687113444,3.5215461114684126,0.00981034318348198,0.10855888885756333,0.9253842631975809
3f9m,14.863088130950928,3.420948392850365,1.0,0.010408533038571477,0.9633506238460541
3f9n,15.164449691772461,3.521068931197741,1.0,0.0004883505862380844,0.9680211842060089
3fap,6.4894462585449215,10.758952145497355,0.008474398330408731,0.22758670821785926,0.9244200229644776
3fc8,10.744671249389649,6.346991167792786,0.1268875259947006,0.061038218811154364,0.953352427482605
3fcb,9.672927284240723,4.018817603544767,0.06745945184160132,0.032201359048485756,0.9315104246139526
3fr0,12.845763524373373,3.298763478251896,1.0,0.08342115860432386,0.9674183328946432
3fud,6.57963924407959,2.8738874236485032,1.0,0.10980623364448547,0.9681236624717713
3gcq,17.051031748453777,4.277626480202097,1.0,0.016377202079941828,0.9773097038269043
3gcs,13.78534460067749,4.418027531169844,1.0,0.023114046489354223,0.9728164970874786
3gcu,14.927236318588257,4.327007005839792,0.0011060591207608054,0.0884528486058116,0.922603040933609
3gcv,13.481208992004394,4.349365637638185,1.0,0.07014657286345027,0.9628594756126404
3gi3,17.156030019124348,4.477905755528032,1.0,0.008167855829621354,0.9816718300183614
3glz,17.247406005859375,2.427184678014392,0.18179463046496083,0.008771929889917374,0.9395296374956766
3goi,15.44231116771698,3.6996309678172086,1.0,0.013926823681686074,0.9654189348220825
3gqy,10.117490100860596,7.716778365500913,0.008709030838742748,0.17108164727687836,0.6398117899894714
3gr4,8.745757102966309,7.531406987227657,0.005063504440585146,0.20897624492645264,0.6838580012321472
3gs0,9.815107583999634,5.841031779188664,0.08652157877075317,0.06712332926690578,0.9499459862709045
3gs4,8.930095100402832,6.255301797506199,0.09813547038179846,0.07996719032526016,0.951097846031189
3gs7,19.060606002807617,2.029536985401464,0.045334691004818045,0.02678571455180645,0.9569827914237976
3h0v,11.045644378662109,5.0231681166922515,0.05266653125293924,0.11914065778255463,0.9677201032638549
3h0w,9.955710792541504,5.420868377877563,0.048409277324654595,0.10870686173439026,0.9777012705802918
3h1v,13.447532176971436,4.084936347846122,1.0,0.029692176489334088,0.9614684283733368
3h30,2.885390114784241,2.957129130452418,0.0,0.3867937743663788,0.7947367906570435
3h6o,13.927120590209961,5.473109519854215,0.007899359518144362,0.06458930955268442,0.6752090334892273
3h7w,13.398963928222656,5.7912492734558025,0.00904323189191475,0.04929648078978062,0.942191219329834
3h82,15.634443600972494,4.382815961303199,0.02594838741002123,0.0526987382521232,0.954858660697937
3hec,15.267638206481934,3.419565290164781,1.0,0.012413410877343267,0.9744934439659119
3hj0,7.380148029327392,4.751765759578143,0.05962864656211332,0.07353236377239228,0.9443550825119018
3hnc,15.322902202606201,7.818420447510864,0.0,0.0025196975329890847,0.7873574793338776
3hnd,19.350706100463867,5.951213940785322,0.0,0.005214288248680532,0.7095130085945129
3hne,13.214831670125326,7.494630611670364,0.0,0.05655754512796799,0.7815466125806173
3hnf,16.019287109375,7.714659766983325,0.0,0.0010842627380043268,0.8186668753623962
3hrf,16.154159863789875,2.9960599894766773,1.0,0.03546972976376613,0.9488453269004822
3hv3,16.48289966583252,4.7614196622876355,1.0,0.021174617887785036,0.9810357888539633
3hv4,13.433506727218628,4.619000106575858,0.0,0.0220556708809454,0.9229092597961426
3hv5,12.143581708272299,4.897555839316175,0.0,0.07521965106328328,0.9329453905423483
3hv6,14.662719345092773,4.196390765805203,1.0,0.06839405074715614,0.9548023819923401
3hv7,16.99331498146057,4.4120474210444,1.0,0.05329230986535549,0.9738449603319168
3iad,9.83678731918335,3.72190469311877,0.0,0.14384353905916214,0.6758127927780151
3id8,10.48605489730835,4.156059191523025,1.0,0.11635622149333358,0.9702687561511993
3idp,13.370743989944458,3.2947333513147905,0.0,0.09141335729509592,0.8783988654613495
3ifa,17.422850131988525,4.003116701198081,0.011126418088456762,0.022803050058428198,0.6929343044757843
3ifc,17.489776134490967,4.720526033400531,0.02730734355013463,0.02190201822668314,0.7245781421661377
3ijg,1.4998516321182251,5.544622126813496,0.18302450521980945,0.6995910286903382,0.9329559564590454
3ijj,10.643818855285645,7.3079974040168265,0.1773469392146548,0.07490617558360099,0.9544374227523804
3imr,7.05192985534668,5.799418237432063,0.09015278212396978,0.09246257022023201,0.9428403496742248
3ims,10.216613388061523,5.1890446737439335,0.0674404110435131,0.09989481568336486,0.9404168963432312
3imt,8.92538423538208,5.728687425002292,0.1271005889566345,0.03979745088145137,0.9369393944740295
3imu,8.064315032958984,4.850829854855919,0.19526345336007378,0.05555217266082764,0.9319282293319702
3imv,8.18867473602295,4.023662368351189,0.11984155467047505,0.07590045183897018,0.9385008811950684
3imw,7.66626558303833,4.9495445591272444,0.0603158288068377,0.08199423477053643,0.9522798538208008
3imx,15.196826299031576,3.819060526606536,1.0,0.03272941460212072,0.9667353431383768
3ipb,10.375092315673829,11.372865672454012,0.13429248393357182,0.0340002266690135,0.951710557937622
3iw8,16.87085247039795,3.620196910124749,1.0,0.04902638867497444,0.9761001765727997
3jvr,13.846914052963257,4.93634688309862,1.0,0.046214300382416695,0.9768190085887909
3jvs,14.82181692123413,5.9091479541513525,1.0,0.010671158786863089,0.9710965156555176
3k3b,13.012487292289734,3.7796947747504293,0.0,0.13081956654787064,0.8073292970657349
3k3i,12.971504020690919,3.647204534210129,1.0,0.056874112039804456,0.9854669094085693
3k3j,10.34533224105835,3.849714898526662,1.0,0.0663917500525713,0.9876228451728821
3k5e,12.599794006347656,3.4744431942373537,0.008005189070429308,0.07707466725260019,0.8805050730705262
3k8s,6.7806483745574955,6.627612956842404,0.10759652691008117,0.12493920028209686,0.7628645300865173
3kbz,11.537833571434021,4.235408164376532,0.008779938384438926,0.13918377412483096,0.8810596019029617
3kc0,13.208090591430665,3.8705613857798205,0.007659914450487644,0.10112470937892795,0.8745998740196228
3kc1,13.290929555892944,3.3331580413817923,0.016464294040054794,0.10541302338242531,0.8709766864776611
3kcg,5.0625648858379675,1.7167840584895266,0.009964450144937523,,0.8621898055076599
3ken,14.42583433787028,3.973431304895692,1.0,0.01656502950936556,0.9642936587333679
3kgt,12.590274429321289,2.129968318709417,0.12261117844527243,0.033809475414454934,0.9511491894721985
3kgu,12.064342975616455,4.691442288625531,0.01988440458492601,0.11536048352718353,0.959587037563324
3kjf,12.087590217590332,8.840427693207973,0.0037315296174324566,0.07454308122396469,0.9598450660705566
3kjn,18.406661987304688,6.039172035244444,0.013347938574587326,0.039859766606241465,0.9521047174930573
3kjq,10.221630692481995,5.1120384022733605,0.022818305365039843,0.07998429518193007,0.9437339901924133
3kq7,13.148890972137451,4.334493850981699,1.0,0.0813901498913765,0.9793462157249451
3l9h,16.771601104736327,3.863175136576177,0.0,0.04395289532840252,0.7750607013702393
3lfb,15.276590919494629,3.6918043154873117,1.0,0.02503206320106983,0.9758901000022888
3lfd,17.041244888305663,4.047638258788471,1.0,0.020665165968239307,0.9765608906745911
3lfe,16.32348132133484,4.565729290888288,1.0,0.02411317522637546,0.9745950549840927
3lu6,5.892189407348633,6.429968542745295,0.0001456448237518726,0.3204181924462318,0.710497260093689
3lu7,12.994848155975342,7.270734741480854,0.0011813076884973166,0.10741850817576051,0.726867961883545
3lw0,15.784011840820312,4.684689963375953,0.0,0.03891901485621929,0.6871844530105591
3m6f,13.58088994026184,5.85266782808003,1.0,0.1247841662261635,0.983154758810997
3mk6,17.69046974182129,4.642299181223097,0.0,0.010225057369098067,0.5694104433059692
3n1v,11.952544212341309,2.2768321769134348,0.0,0.036652920146783195,0.9528621037801107
3n1w,15.50870656967163,3.0111896156994886,0.0,0.007220584840979427,0.9821999371051788
3n3l,11.643407154083253,2.8262092550267974,0.0,0.06760979772079737,0.9555561304092407
3n45,1.675299620628357,3.348236691475395,0.0,0.376320880651474,0.967758059501648
3n46,1.8269088745117188,2.915191639553864,0.0,0.3360092520713806,0.9657715082168579
3n49,10.1316237449646,2.8349140269657465,0.0,0.004271277575753629,0.9737277328968048
3n5h,10.913234233856201,3.1136867981900926,0.0,0.08496536314487457,0.9432360231876373
3n5j,14.261558214823404,2.3866078466353216,0.0,0.0895707222322623,0.9531355500221252
3n6k,10.389629046122232,3.364938505961657,0.0,0.010596402610341707,0.9769205848375956
3nax,14.143290519714355,4.558228170498246,1.0,0.03261955532555779,0.9667184551556905
3neo,11.110293292999268,2.518116360980811,0.1911495197586525,0.08387717977166176,0.9595601558685303
3nes,8.136043167114257,2.7401644288756137,0.12312954120758524,0.07064743489027023,0.9402544975280762
3new,8.910541248321532,3.7934558539689567,1.0,0.09772270247340202,0.9800150156021118
3nex,8.00285005569458,2.8345617245471924,0.1707529842289663,0.08086537942290306,0.9366729617118835
3ng5,7.156277084350586,5.915602401172507,0.12457619028138575,0.1019202671945095,0.9554687738418579
3nnu,16.0247540473938,3.766301709504095,1.0,0.0022421081084758043,0.9776672422885895
3nnv,15.878314018249512,4.853493715800286,1.0,0.005785484565421939,0.9744067788124084
3nnw,14.896422863006592,4.655658512732513,1.0,0.025650459341704845,0.9812830686569214
3nnx,15.710425853729248,4.859510868620127,1.0,0.009591138688847423,0.9776895344257355
3o2m,13.014686822891235,3.6466984503404096,0.00879968703949304,0.020939419395290315,0.9305871576070786
3o8p,14.841439247131348,2.872786407244033,1.0,0.03656344711780548,0.975278377532959
3o8t,17.06040515899658,3.5249590226019647,1.0,0.05142595157958567,0.9699964642524719
3o8u,17.376476860046388,3.600699749789462,1.0,0.0462344978004694,0.9700616240501404
3o96,12.849702835083008,3.715808742727071,1.0,0.04214686527848244,0.96608966588974
3obj,17.679044723510742,2.820064296694554,1.0,0.024266824417281896,0.9693295210599899
3oc1,11.990091800689697,2.395819175423168,1.0,0.006638313134317286,0.9838480353355408
3of1,10.017335128784179,6.139197533515821,1.0,0.10133883953094483,0.9091953635215759
3oiv,4.192386817932129,7.320279811578132,1.0,0.4215675413608551,0.9726340293884277
3orn,13.709082794189452,3.707566171525169,1.0,0.019690760783851145,0.9424767136573792
3orx,10.798062992095947,1.9676514920005932,0.0,0.09773784875869751,-39.468755948543546
3orz,13.699050331115723,3.751717312055247,0.0,0.0621584452688694,0.5822057783603668
3os3,14.088240814208984,3.97829693499578,1.0,0.024853648245334627,0.9417990803718567
3otu,15.592905807495118,3.548152396016622,1.0,0.10611583143472672,0.9625409960746765
3ozk,9.059222412109374,5.758112220693274,0.15566582853769242,0.08638523519039154,0.955074143409729
3ozl,7.734428405761719,7.318380935668739,0.16368014458982683,0.08891379833221436,0.9565779268741608
3p3s,10.865910053253174,3.2606482907924974,0.05149390536151183,0.05724610108882189,0.95272096991539
3p3t,10.600320625305176,3.86462324577786,0.14658790164094967,0.07472297102212906,0.9514703392982483
3p3u,8.292757391929626,5.158381980221485,0.07260335805397101,0.050878383219242096,0.9488485306501389
3pg3,17.15742778778076,3.3488225514995635,1.0,0.024115594336763024,0.9762058407068253
3pp1,16.88620924949646,4.2292317451467625,1.0,0.005226630775723606,0.9554374814033508
3prj,4.138681268692016,3.9874475390056205,0.018196500417949117,0.4290758788585663,0.3979920744895935
3ptz,4.21218843460083,4.084707902736531,0.006430917672838163,0.42446017265319824,0.39920454621315005
3pxf,16.015993309020995,4.121493968606794,1.0,0.06625458837952465,0.9432425737380982
3pxq,12.071490478515624,3.528489339001446,1.0,0.15469311475753783,0.9258195757865906
3pxz,13.17176399230957,4.46075077054525,1.0,0.056964842788875106,0.9590275526046753
3py1,12.048116493225098,4.208571180235905,1.0,0.06587756872177124,0.9597974300384522
3pyy,14.0699613571167,9.337704408725466,0.0,0.040403650049120186,0.7298750162124634
3q96,13.344068145751953,8.107900010413285,0.02162668942670686,0.03121600179001689,0.8856935858726501
3rn8,7.839231014251709,7.17961115288183,0.0016041272939404014,0.20856614112854005,0.8535507559776306
3rnn,4.951509809494018,4.478626376113643,0.0008097673862947779,0.28299713134765625,0.8480435848236084
3rz3,15.359888712565104,6.654729277821541,0.011475203914086055,0.027698117929200333,0.8071021437644958
3s41,12.71604061126709,3.730693555478505,1.0,0.010428227561836442,0.9544089635213217
3sls,11.841097712516785,3.9445459458943146,0.0,0.04080001590773463,0.8584612756967545
3smq,10.553536891937256,4.010209346236582,0.0,0.07834605607786216,0.9598890841007233
3tct,6.980492353439331,5.523730539662168,0.1069184543509446,0.05414332868531346,0.945951446890831
3u18,8.418734169006347,6.6646441066813935,0.01350861091800823,0.14824329316616058,0.9498147606849671
3uo9,14.239140748977661,4.040028000397352,0.0007357739792462837,0.001765863853506744,0.6335882395505905
3ut3,12.618993520736694,4.4593404600552535,0.005831868110517875,0.023034227728203405,0.5842558890581131
3uvv,13.354029655456543,5.774931538009605,0.006831876782111938,0.031060539186000824,0.948625385761261
3v01,12.2431058883667,3.341342696542805,1.0,0.00033232320129172876,0.9613197147846222
3v04,15.21589527130127,3.998934927053206,1.0,0.03112034425139427,0.9565122246742248
3vev,14.340064525604248,4.22345774983562,1.0,0.08841463178396225,0.967116504907608
3vey,11.908495426177979,4.171733504176874,1.0,0.03181669434998184,0.9703785657882691
3vf6,15.335611661275228,3.853995586381371,1.0,0.020299145330985386,0.9588690400123596
3voz,12.004766345024109,3.098116134250361,0.0,0.0426704753190279,0.9519414454698563
3vp1,10.276843428611755,3.817101242814661,0.0,0.06671215523965657,0.9732958376407623
3vp3,13.432403087615967,2.8016083464226775,0.0,0.007242489140480757,0.9700387120246887
3vvh,14.959846496582031,3.9925994554018787,0.0,0.02223532274365425,0.7626449227333069
3wig,6.984063339233399,4.474647122513387,1.0,0.23631149381399155,0.9196445226669312
3wpn,16.058193524678547,3.8740477326883656,1.0,0.057312274972597756,0.9554060300191244
3zcw,13.796344375610351,4.13180466796031,1.0,0.05985557809472084,0.9345334768295288
3zm9,16.46595344543457,5.215933693832381,0.0,0.02771068699657917,0.862195634841919
3zqt,10.957781028747558,4.866331819227156,1.0,0.13310748897492886,0.9792718052864074
3zyx,12.520188426971435,8.596287197200038,0.010336656649818114,0.03995225988328457,0.8843490958213807
4a06,6.088015604019165,4.247478877403695,1.0,0.1907458558678627,0.9125629544258118
4a07,7.585520648956299,3.41026465854045,1.0,0.223350340873003,0.9399118185043335
4a50,12.18527110417684,3.3177064643275327,1.0,0.030391554658611614,0.9558948278427124
4a51,6.512438440322876,2.8931123584698875,0.0,0.2198016121983528,0.49106815457344055
4a79,10.210826969146728,8.385439026906628,0.009593644334644009,0.05879826322197914,0.824565851688385
4a7a,12.868483734130859,9.661823300220515,0.002654485647366564,0.05451495610177517,0.8821972489356995
4a9y,16.575482845306396,4.280493876351295,1.0,0.010239119757898152,0.9740889668464661
4aa0,16.5781307220459,2.9854243205712017,1.0,0.0859735980629921,0.9767696261405945
4abq,12.382006645202637,3.8516054807829248,0.021276900691949225,0.07495947927236557,0.9538410305976868
4abu,11.260721588134766,4.773365667859026,0.039734305129165835,0.04544490315020085,0.9534455895423889
4abv,7.609154129028321,4.8411917123349015,0.08071969255146277,0.06847145408391953,0.9460291147232056
4abw,16.752422332763672,2.6915916278735534,0.0960848646193535,0.0,0.9630090196927389
4ac2,8.825372505187989,4.848122892932352,0.08060921522775157,0.040657616406679156,0.9548286557197571
4ac4,5.163938045501709,1.8618234724342424,0.04743058029526848,0.03582930937409401,0.9494088888168335
4act,13.084022521972656,2.827616314036667,0.05591085015028421,0.30844154953956604,0.9549658894538879
4an2,11.217277908325196,3.9855614950599803,1.0,0.025696931686252356,0.9472093701362609
4an3,10.068204879760742,4.298374517425483,1.0,0.062147860104839005,0.9465067585309347
4an9,15.889588594436646,4.270322804022927,1.0,0.00619279860984534,0.9421606361865997
4anb,12.907465298970541,3.83634483577452,1.0,0.0319255703749756,0.9274741013844808
4ap0,10.486096286773682,3.9015185506989534,0.0,0.09177218973636628,0.6084689140319824
4aqh,15.329922040303549,6.115067975987176,0.0,0.037789296048382916,0.7736607193946838
4ark,18.58794593811035,3.1062658728316244,0.0,0.01795866972922037,0.9407789905865988
4as7,7.9380968570709225,4.231902562695101,1.0,0.16790027022361756,0.904472267627716
4aw0,13.351318740844727,3.454861290394889,1.0,0.05879409089684486,0.9737374544143677
4aw1,8.245897722244262,3.9597178648836313,1.0,0.1447424240410328,0.9351102113723755
4b2d,13.865480661392212,6.114728204211755,0.006119663952316469,0.09709983245556941,0.5994398593902588
4bbg,7.815673398971557,2.53368773538893,0.0,0.15349082201719283,0.92146897315979
4bxn,8.967507934570312,4.425701558956862,0.0,0.09770467132329941,0.7932129144668579
4bzb,5.811609363555908,3.145675392039979,0.01588803012964855,0.06377717554569244,0.533869206905365
4bzc,4.288098335266113,2.4822019339670236,0.004109304867821357,0.10901523530483245,0.5573097467422485
4c7b,0.12448607981204987,6.581176270447942,1.0,0.9320547461509705,0.9820942521095276
4c8b,15.131913566589356,4.658296644184527,0.07166660485472685,0.027061338536441326,0.8269798994064331
4cfe,9.272469282150269,7.899903949078358,0.006218410463972867,0.04509803233668208,0.6500220149755478
4cff,13.261980628967285,7.3193891954572265,0.006832247718963703,0.07744955833768472,0.6266137838363648
4cll,15.27607250213623,1.7394123878960843,1.0,0.0,0.924513578414917
4clp,11.18804864883423,3.092360839935926,0.0,0.04985476545989513,0.925549328327179
4clw,12.44062089920044,4.306619073645805,0.0,0.038044988992623985,0.939188227057457
4cly,19.99784278869629,2.4696844753832288,0.0,0.0077092512510716915,0.8952842354774475
4clz,12.367961883544922,3.9261188048286213,0.0,0.08173314407467842,0.9074670791625976
4crt,9.359676742553711,9.800085283401424,0.018407643830344073,0.10266549326479435,0.8494362115859986
4ct1,,3.453371486427971,1.0,,0.9718224287033081
4dbn,15.027308146158854,6.987559780775192,0.011455017888601678,0.013241193684128424,0.9065054456392924
4dch,14.826949119567871,4.376019062657776,1.0,0.03543680999428034,0.9195364713668823
4der,15.328362941741943,5.6877877075217835,0.07442226189519319,0.056111596641130745,0.954344242811203
4des,17.861409505208332,7.139622465539845,0.28901280354294756,0.025035632774233818,0.9555496573448181
4det,15.650524139404297,8.188056077042198,0.09613644842424654,0.028708133846521378,0.9616167545318604
4deu,12.629342079162598,3.897525288333732,0.07543223329133754,0.04266347736120224,0.9582317769527435
4dhy,14.453408432006835,4.0704399835185985,1.0,0.038486836664378646,0.9607166886329651
4dlr,7.066945266723633,5.854208123550687,1.0,0.3551305890083313,0.9735791802406311
4dlv,8.802212905883788,6.5189317080236835,1.0,0.3027244329452515,0.9741381406784058
4dlx,8.15258855819702,5.077546454267072,1.0,0.2986207216978073,0.9739772796630859
4dly,4.736112499237061,5.4105556806972634,1.0,0.3840423583984375,0.9671362280845642
4dlz,5.3297483921051025,6.568428911172617,1.0,0.37642274498939515,0.967641019821167
4e6a,18.363561630249023,3.137786610528757,1.0,0.0034634695233156285,0.9677805105845133
4e6c,17.900487899780273,2.317184332561639,1.0,0.04772564978338778,0.9727287888526917
4e8a,15.81483507156372,3.2569369042212553,1.0,0.04577438160777092,0.9713148027658463
4ebv,9.775448513031005,3.9976692248046577,1.0,0.0922042265534401,0.9699285149574279
4ebw,12.851099586486816,3.5295819066643155,1.0,0.03892231109784916,0.9726597785949707
4eh9,13.399488258361817,3.4564145418509638,1.0,0.09135059788823127,0.9844382166862488
4ejn,14.649237394332886,3.994588291978463,1.0,0.018069812562316656,0.9851520657539368
4ez7,12.889688301086426,4.025279462304622,1.0,0.06799749042838812,0.9569066166877747
4fap,6.096535301208496,10.347794214300762,0.004447901013718406,0.2326240874826908,0.9244200229644776
4fc0,14.721247673034668,9.443829311617568,0.010917393577743888,0.060048777237534524,0.9146246910095215
4fea,12.627364253997802,3.2989306060572616,0.015422809857978129,0.11425079703330994,0.7208342552185059
4fi6,10.901808738708496,5.363522182724397,0.05703876661040571,0.08228638581931591,0.9340096265077591
4fi7,11.037973308563233,4.721686938603749,0.06912272216253158,0.1027941346168518,0.9341971039772033
4fi8,7.937312984466553,6.0769371518460975,0.08646123266551549,0.08706001490354538,0.9380435347557068
4fxf,8.92485933303833,6.537486277450372,0.009229561975052009,0.1173428624868393,0.5572008728981018
4g0n,4.36773681640625,7.460441047004116,0.0008354602192333579,0.32907341718673705,0.9742729187011718
4g1n,13.800803820292154,6.907657465464356,0.012516999969648683,0.021351073558131855,0.6194140315055847
4g8o,15.206237077713013,6.0757807247038444,0.0024286659112601047,0.0045385893899947405,0.6511484682559967
4g8r,15.538034915924072,6.910398652006522,0.0,0.015453018771950155,0.851007878780365
4g9c,14.480139446258544,4.501789628220607,0.0,0.04958850629627705,0.861698591709137
4g9r,12.858102321624756,4.0672645488002015,0.0,0.0702614220790565,0.8293862789869308
4ghi,3.2951293914394784,6.456019454305888,0.02033983967437988,,0.961676824092865
4gqq,10.217120456695557,3.4872802061059445,1.0,0.25787338316440583,0.9229124069213868
4gs9,4.236650327863506,4.008949860309904,0.03508433600252324,,0.9504736661911011
4h4b,13.354232788085938,8.081883690387134,1.0,0.005461920402012765,0.88705974817276
4hiq,10.512146377563477,4.1441539726568255,0.06345173693988335,0.06602339576929808,0.9367611885070801
4his,10.093305706977844,4.752863388482306,0.10284403358278632,0.1010772492736578,0.951437845826149
4hjs,10.483408069610595,4.783002819228987,0.117747475613179,0.09907400757074356,0.9451835989952088
4hjt,6.920605087280274,7.054603290912965,0.08498313854118786,0.0778556689620018,0.9356260299682617
4hju,7.2668177604675295,4.785262391538903,0.14036051126128182,0.055305199697613716,0.9431441068649292
4hlw,9.50097589492798,5.434083560426039,1.0,0.08618003875017166,0.9834383368492127
4hsg,14.4716157913208,3.327184669201807,0.0,0.012486449132363001,0.95588485399882
4i1r,16.024413347244263,3.476472179408445,0.0,0.0076530613005161285,0.9675609767436981
4i4f,11.401748418807983,7.016529463291662,1.0,0.04090567771345377,0.9804692417383194
4i85,10.919231796264649,4.756444523932353,0.08461457179003476,0.052724340558052064,0.9350395321846008
4i87,9.351318645477296,4.598979253930681,0.09851049882360582,0.09473310112953186,0.9394129157066345
4i89,11.753204584121704,4.482940273190665,0.05680080717644233,0.03714425931684673,0.9522404968738556
4iiz,8.48782193660736,5.386332557717821,0.08819720463765876,0.0522859706543386,0.938870906829834
4ik6,7.043882369995117,5.293606637834458,0.08699341347170059,0.05122038861736655,0.938870906829834
4ik7,8.348209381103516,7.158387085263563,0.1232328178179391,0.043416143860667944,0.9379831701517105
4iki,9.189886569976807,6.008178649995676,0.12100147445699999,0.04211983038112521,0.9379831701517105
4ikj,8.163199329376221,5.419000273916284,0.09923235216751908,0.04879883751273155,0.9419147610664368
4ikk,8.330228996276855,5.14701353352333,0.0987771540679842,0.051251111552119255,0.9419147610664368
4ikl,8.276855659484863,5.427129878584284,0.09800512352341459,0.04674323871731758,0.9419147610664368
4io8,14.36823329925537,3.605677892707299,1.0,0.006319171306677163,0.9731967926025391
4ip7,8.538470935821532,3.777293236118586,0.015392633383141091,0.09297323785722256,0.636424720287323
4ise,13.06881586710612,4.033658490749877,1.0,0.022934868310888607,0.9608926177024841
4isf,14.059062321980795,4.12721827331708,1.0,0.013308214644591013,0.9581228494644165
4isg,13.685572147369385,3.1629862484376225,1.0,0.01642825221642852,0.9471225142478943
4iwv,13.973206329345704,4.001614242124652,1.0,0.04516834276728332,0.9740072607994079
4ixc,14.957671165466309,3.6325817895385475,1.0,0.021185191988479346,0.9763151705265045
4ixd,15.519814252853394,6.511321531853837,1.0,0.026877489406615496,0.9752718061208725
4jvg,18.1933167775472,7.651104967320987,0.0060454334149289655,0.033690339575211205,0.7368638714154562
4k5y,13.223388481140137,3.507244246276579,0.0,0.06376088298857212,0.8375086545944214
4k7a,14.19735507965088,4.187380006326993,1.0,0.06585606411099434,0.9865494132041931
4ky2,8.648545265197754,4.478506559058313,0.06658807363751776,0.088785832375288,0.9512532472610473
4l1s,,,0.12617256306187566,,0.9075652360916138
4l1t,10.030307006835937,4.146683205589886,0.17598690877179823,0.08479158058762551,0.9425381779670715
4l3q,16.874377250671387,2.862142753037909,1.0,0.013885481283068657,0.9628625214099884
4leg,15.216038703918457,4.261829460866014,1.0,0.07910978281870484,0.9663224220275879
4lmn,12.046353658040365,4.196379688007526,1.0,0.017933580093085766,0.948980708916982
4lpg,15.843878428141275,3.991352628946514,0.0,0.07435829487318794,0.9606804251670837
4lph,14.899274667104086,2.6997034100183357,0.0,0.0073427533109982806,0.9643381635348002
4luc,12.348572134971619,5.633873241839849,0.0,0.17177108861505985,0.9043168723583221
4lv6,9.605806636810303,5.740183257265922,0.0,0.16419733166694642,0.9371072888374329
4lyf,3.160391374991354,6.251872348010378,0.021523378088312537,,0.9347260236740113
4lyh,3.7158436042422816,6.765422925451536,0.022293589607820206,,0.9173298954963685
4lyj,10.58712978363037,6.318986386943642,1.0,0.115785763412714,0.9648263454437256
4m0y,13.330346870422364,6.216740741607046,1.0,0.0834817796945572,0.9542205572128296
4m0z,3.160244249412385,6.544419514390718,1.0,,0.953124213218689
4m12,3.5097993933584535,6.571972209333578,1.0,,0.9795688152313232
4m13,3.2828301805062727,4.932011275170895,1.0,,0.9787593007087707
4m14,11.140935516357422,7.179072046011115,1.0,0.1149846337735653,0.9477860808372498
4m15,10.457821083068847,6.879660376616887,1.0,0.11629296168684959,0.9476895570755005
4m1o,3.7936187354618065,8.131766680503898,0.033823859849498185,,0.933690869808197
4m1s,3.836508411881038,7.333809064753967,0.018596024556434262,,0.9366835951805115
4m1t,3.728115898724611,6.55300041222659,0.03033045139503172,,0.9293667554855347
4m1w,8.290692996978759,6.186299203438759,0.01576464692346193,0.1463080294430256,0.9131234288215637
4m1y,3.6047467246959086,5.7460570768786265,0.041421358170674404,,0.9288419127464295
4m21,3.9707687830675638,7.11608592905894,0.01609075504003569,,0.9191533923149109
4m22,4.053289246559143,6.6926168443832825,0.004126415891689479,0.21499627977609634,0.9270178198814392
4mas,5.159299707412719,5.054932634725644,0.09410623222154424,0.10573044046759605,0.9474023699760437
4mdk,10.968789100646973,6.217007308402903,0.018549465145670123,0.07499926537275314,0.7043598691622416
4mjo,10.069983768463135,6.918682171791476,0.0071633226649129396,0.021870236680842935,0.7215928316116333
4mle,16.65013074874878,3.177730875045941,1.0,0.009911339788231999,0.9612128883600235
4mlh,13.793832492828368,3.276627339392931,1.0,0.028605776838958263,0.957178270816803
4mne,13.97751522064209,3.868589136699346,0.0017055190646650684,0.03319596099026967,0.5585646629333496
4mqt,9.70219612121582,3.409091724460231,0.003165377392968799,0.04125603583330909,0.7621620297431946
4mz7,13.43000774383545,4.389740790473486,0.008297856941599232,0.04332319628447294,0.7258786082267761
4n6g,12.813797950744629,5.251628678213612,0.0,0.0014534883666783571,0.8715596795082092
4n7j,14.344179153442383,5.493232246984716,0.0,0.0,0.8824284076690674
4n7m,14.096625328063965,4.931986150004677,0.0,0.0006112469709478319,0.8824284076690674
4n86,7.655038070678711,1.965414206232308,0.19554416274660652,0.1352231450378895,0.9354590654373169
4n87,8.638315677642822,2.903660493763222,0.06196252130109911,0.06612743809819221,0.9368009865283966
4nbl,15.717974185943604,5.209106047824216,0.0,0.0028468925738707185,0.858940452337265
4ni0,1.3363495111465453,7.003220939764136,0.45972210556713045,0.7339811801910401,0.9799297451972961
4no7,16.705276489257812,4.017296271838525,1.0,0.03923812531866133,0.9651781022548676
4oya,,3.4904014367194556,1.0,,0.9774462699890136
4oyb,,4.25204856538659,1.0,,0.9724140644073487
4oyi,,3.863248887642603,1.0,,0.9771849393844605
4oym,,3.4393129416870662,1.0,,0.9798473119735718
4oyo,,3.2743200597095274,1.0,,0.9690357923507691
4oyp,17.709538459777832,3.2740838562715755,1.0,0.0,0.9610862731933594
4oyz,12.302996953328451,2.2540848032273337,1.0,0.005169179756194353,0.9403419693311056
4oz2,8.924591859181723,2.959023650530044,1.0,0.058192399640878044,0.970558782418569
4oz3,,3.516569048030065,1.0,,0.9756973147392273
4pa0,15.039975643157959,4.151753067755559,0.0,0.0393162714317441,0.5851645171642303
4pcu,6.835962963104248,9.102052958721167,0.0008635963207534534,0.161800816655159,0.8005812525749206
4ple,9.24841079711914,9.120863232440334,0.024244400178203323,0.09147977158427238,0.6898958206176757
4qfx,4.784540605545044,2.3131497507760748,0.008861945661701362,0.05430554747581482,0.5831555008888245
4qfy,5.26666145324707,2.272819113759392,0.00875024922754644,0.07265132740139961,0.5610543012619018
4qfz,6.212180423736572,1.7701964626034652,0.00614287736051417,0.06441887989640235,0.5749477267265319
4qg0,5.095712804794312,2.1497673842398646,0.008958382286117287,0.08206209391355515,0.5786774516105652
4qg2,5.260321617126465,2.6196750773063724,0.00813915238183067,0.048557407408952716,0.5527393817901611
4qg4,6.536271333694458,2.1546354360409694,0.01052070526495826,0.08789894953370095,0.5398819446563721
4qpl,4.209112215042114,5.118542210509159,0.016812337364052587,0.3899112641811371,0.9155212044715881
4qqn,16.501854705810548,3.9534750544985657,0.0,0.02215667422860861,0.9455517888069153
4qxs,15.00414752960205,3.085393151268164,0.0,0.10819165408611298,0.8650548458099365
4rer,18.195341110229492,3.702366124472669,0.001540270155025541,0.0180619265884161,0.7598951458930969
4rew,11.008943557739258,5.141660241789966,0.0013979693683978261,0.1836847960948944,0.6943948268890381
4rol,0.9528260231018066,5.475642259389845,0.40681470198371966,0.8096107840538025,0.9455502390861511
4rom,1.0040353178977965,6.367648705752915,0.3591594683083291,0.8133511543273926,0.8679077506065369
4rqk,14.4962739944458,4.825718359525366,1.0,0.03131262585520744,0.9720527529716492
4rqv,18.705735206604004,3.2178594670722793,1.0,0.014123272616416216,0.9509011507034302
4rt7,19.8365535736084,3.461922833195496,0.0,0.0004068348207511008,0.8934803605079651
4rxa,13.018779516220093,3.618260246104169,0.0,0.021727485465817153,0.9713073372840881
4rxo,7.782817482948303,2.4923898671784834,0.0013185930940126029,0.026466329931281507,0.5187009274959564
4rxp,12.91777057647705,3.0689050674877305,0.006439451299748861,0.03570513878948987,0.760770606994629
4rxq,11.018684005737304,2.7820288266294777,0.003411655317141369,0.051787619665265086,0.7158034920692444
4rxr,13.59422035217285,2.8326198115386507,0.003924138085854997,0.0520655591506511,0.702448844909668
4rxs,11.720453071594239,3.850720369916491,0.007192100593846305,0.05101503506302833,0.7550678968429565
4ryl,12.176089668273926,3.8772427017476985,0.0,0.016460955678485333,0.9654496312141418
4tnp,4.347510623931885,3.3032459701642494,0.003452324164024919,0.052555883675813674,0.5152811348438263
4tnq,5.0296282291412355,2.535277851196001,0.003580700134324236,0.05558898597955704,0.5292379796504975
4tnr,4.247135066986084,3.0941487767304587,0.0013527958436892634,0.034457837045192716,0.5473949611186981
4tnx,6.392689037322998,2.0134614178598937,0.008268033187740994,0.031239256635308264,0.5317225337028504
4tpt,11.77458839416504,3.4417057655392567,0.024183931573172262,0.03970752581954003,0.9367694139480591
4tpw,5.492555653891402,4.427786107266222,0.00827885819537571,,0.936339259147644
4tqb,4.997978156257737,5.3428048338402485,0.009319710024739917,,0.9434033870697022
4tqc,5.781898459146527,2.8489990350524685,0.006349250241818631,,0.9448495507240295
4umx,12.00177230834961,8.577363000103299,0.0010263318170374296,0.06296769119799137,0.6799837589263916
4usw,13.651576042175293,3.4791039467641864,0.0,0.027787460014224052,0.8951146304607391
4uuu,14.022134780883789,6.713568690591811,0.01001680316602906,0.02743373941630125,0.9364579439163208
4w9n,4.2295210540294645,4.830786899172652,0.0033984763851685655,0.33720599561929704,0.7000647068023682
4wo5,14.495056915283204,4.070155707603492,0.0,0.03213907415047288,0.8906352639198303
4wv7,10.163063240051269,3.5983939906594613,0.0,0.11125240623950958,0.8578511357307435
4xx9,13.570320963859558,4.16105367833156,1.0,0.007488217430363875,0.9543621391057968
4xz2,6.818642497062683,3.456605825100823,0.0035337471893162314,0.1313715660944581,0.5704921782016754
4ypq,11.176414847373962,8.239960911454634,1.0,0.06150611606426537,0.9754186719655991
4z07,12.35929470062256,3.7126219873956323,0.005462762603553462,0.06458021327853203,0.8287800312042236
4zht,13.19141845703125,2.708453218981072,0.011216460288442687,0.05899861305952072,0.5161565661430358
4zhx,13.717388391494751,3.732937056410081,0.003533026966631129,0.04479942622128874,0.5853704363107681
4zji,13.28141918182373,7.136562460609566,0.01487315576992832,0.022148755518719553,0.6625558495521545
4zjj,10.958770036697388,8.3614277694332,0.008055410921868676,0.025821670424193144,0.7201033532619476
4zlo,12.552976846694946,7.455899559405242,0.0005579413621294081,0.01765653008260415,0.8534215241670609
4zsg,,3.269002412227646,1.0,,0.9819823145866394
4zsj,,3.114195824965154,1.0,,0.9807672023773193
5ack,12.011679077148438,4.11745207386607,1.0,0.10881399698555469,0.9599181771278381
5afj,1.9332504987716674,6.386685224616942,0.004943450703341738,0.6250890731811524,0.7469197392463685
5afk,7.367319965362549,8.032052742334143,0.01317686238940676,0.12162527330219745,0.8173929810523987
5afl,10.081036949157715,7.976945832201525,0.011072559986808016,0.11480264831334352,0.8197160720825195
5afm,1.3926411151885987,4.6920783082249695,0.005581065878169306,0.6723551511764526,0.7714315056800842
5afn,4.751844191551209,6.63877869807101,0.005309196828213743,0.3764695793390274,0.7737086892127991
5ao0,8.836204528808594,3.4848395637699636,0.007045020439661287,0.027847067452967167,0.8554177582263947
5ao1,5.554308891296387,2.668406921302778,0.00203097252760837,0.08896951526403427,0.670977509021759
5ao2,8.732287216186524,2.2511566201947995,0.0024980420362483652,0.12238778322935104,0.6571755290031434
5ao3,8.369095206260681,1.6114670265221354,0.009423748215404724,0.17701343167573214,0.5718347430229187
5ao4,7.977175235748291,5.079168758482844,0.012005174559600935,0.14884229004383087,0.5718347430229187
5btr,3.6076332449913027,5.184606779934759,0.01210606856893596,0.6788130030035973,0.7727855443954468
5c4o,14.16457462310791,7.415545481393992,1.0,0.012878597209540507,0.9778659343719482
5c4s,10.613129138946533,7.830755541374105,1.0,0.036986900959163904,0.9788545668125153
5c4t,14.80236530303955,3.723872929009347,1.0,0.02120050019584596,0.977471262216568
5c4u,9.971102333068847,6.848603791615797,1.0,0.042634524405002594,0.9822619915008545
5cgc,8.936823463439941,6.4713008489967,1.0,0.19256834089756011,0.91471186876297
5cgd,8.069100475311279,5.217644792194503,1.0,0.19431245028972627,0.914371383190155
5cxv,15.787088712056478,4.334423819171217,0.00012730048887823526,0.07214132448037465,0.8932460347811381
5d0r,13.928375005722046,4.378681034030917,1.0,0.041338410243042745,0.975098118185997
5d41,15.938656091690063,4.291246404307205,0.006643692979933772,0.040658051148056984,0.7952671945095062
5de1,14.356361150741577,7.772041475713314,0.00015685157987033955,0.04721734905615449,0.6489043533802032
5dgm,11.248668193817139,3.0938025406422085,0.0,0.05542892054654658,0.9636402130126953
5dgn,18.692627906799316,3.276993168565027,0.0,0.02920533064752817,0.9826265871524811
5di7,8.968378067016602,5.955726586620944,0.16110077458021754,0.15508024394512177,0.8795901894569397
5did,8.116816759109497,5.892814024524887,0.13907445566848642,0.15812254697084427,0.8851938098669052
5die,8.085230922698974,6.7257542302154905,0.1552336687145679,0.15976783633232117,0.8758907079696655
5dig,7.689904689788818,3.302278324151383,0.15102528493504952,0.13111083954572678,0.8206822037696838
5diq,15.21967363357544,2.6461615465129396,0.0,0.0646643696090905,0.9713341593742371
5djp,12.19586169719696,3.7467446949101273,0.0,0.0061944276094436646,0.9751062840223312
5djr,13.702155590057373,3.180796115188617,0.0,0.007165919011458755,0.9790714144706726
5djv,10.9581937789917,4.205190455829445,0.0,0.02047083480283618,0.9693703055381775
5dk9,10.466154384613038,7.880476846709873,0.14532026596395117,0.09998291581869126,0.8383561134338379
5dkb,10.848728942871094,7.217865637613613,0.1343276513361654,0.09935937076807022,0.8869833588600159
5dke,8.560646057128906,6.624440558078783,0.17517541401975775,0.09561817571520806,0.9231285095214844
5dkg,11.88876371383667,6.593511097783775,0.13888722381119786,0.10523369647562504,0.8708642482757568
5dks,9.669684219360352,7.4561481816222965,0.12166206118958782,0.10145665481686592,0.8698496222496033
5dl4,11.093824577331542,7.3983806293227925,0.1348715822386044,0.04366740807890892,0.8748957395553589
5dlr,10.844103813171387,5.821788559276596,0.12518353403808247,0.1455093115568161,0.8889854550361633
5dmc,8.73319501876831,6.432397297412026,0.15036575330677335,0.10943871028721333,0.8871893525123596
5dmf,10.040501403808594,8.2498105635804,0.1405199388851553,0.10601855721324682,0.8869993448257446
5dos,14.14061705271403,4.115655904215884,1.0,0.06417350133415312,0.9489510258038839
5dp0,10.3475510597229,8.683075236053039,0.130982060312357,0.14634539186954498,0.881546425819397
5dpv,14.142454385757446,5.6061127733729474,1.0,0.04114213288994506,0.9619693905115128
5dr2,15.320991198221842,5.74787180273735,1.0,0.03060428922375043,0.9382507801055908
5dr6,12.879513263702393,6.614476317047996,1.0,0.01730504585430026,0.9320054054260254
5dr9,13.710013628005981,6.248986423166359,1.0,0.05790079984581098,0.9525078237056732
5drj,9.042104148864746,7.319695444975127,0.13871681188397467,0.16696055829524994,0.8882743358612061
5drm,7.371800231933594,6.310037617475029,0.11923090498975053,0.24177706837654114,0.8836890459060669
5dsg,9.368323802947998,3.8575099870573717,0.0,0.10612662434577942,0.8523853302001954
5dt4,13.645866632461548,5.431540914501566,1.0,0.049847666174173355,0.9562911093235016
5dtv,9.100391006469726,5.451692864873254,0.10142366660680209,0.18505775332450866,0.8553551435470581
5du5,12.556072330474853,5.243391075447098,0.13935000394480362,0.11564476266503335,0.8775829553604126
5due,13.811416387557983,7.400928169479959,0.152245019421452,0.08201335277408361,0.924876943230629
5dug,14.158776664733887,7.7697671393015,0.13877828802558892,0.08196715861558915,0.9304100871086121
5duh,15.459551811218262,7.918039282554396,0.15961771457038323,0.0566754974424839,0.9292119145393372
5dvs,9.275045394897461,6.348359591795634,0.14439924423777767,0.18218573927879333,0.9107231974601746
5dvv,9.198859024047852,6.35664403566712,0.07925600868704508,0.1649697996675968,0.9087135672569275
5dwe,7.7331223487854,5.661524695778333,0.1447073950931294,0.19017200358211994,0.8850602805614471
5dwg,10.619811820983887,5.687715570510792,0.14057557575153817,0.13444751426577567,0.8302848696708679
5dwi,10.55075159072876,6.292641497691701,0.1479820911756103,0.13994262218475342,0.8570230603218079
5dwj,11.472282123565673,6.492941501565885,0.13916772566181623,0.1382199227809906,0.8779303073883057
5dxk,9.085182476043702,4.943678561041862,0.1310962156649475,0.12966594472527504,0.8757139801979065
5dxm,8.636880588531493,6.208112268086602,0.14606244795497336,0.1266923326998949,0.8591654896736145
5dxp,8.262478303909301,4.944420699836964,0.13035000907328706,0.12744477540254592,0.8930285334587097
5dxq,10.838715362548829,5.0302334888678955,0.15442431336706716,0.11740194335579872,0.8984584927558898
5dxr,7.1151158809661865,6.212837982742605,0.14121015105187504,0.19521793723106384,0.9009652853012085
5dy8,8.210495948791504,6.891405699029721,0.12511260722911993,0.16561909765005112,0.8864803791046143
5dyb,7.566915130615234,7.027643827685779,0.14191254657638566,0.22514067590236664,0.8617871165275574
5dyd,11.938220691680907,7.856247088866043,0.13584549273935453,0.12369507551193237,0.9093067288398743
5dz0,9.478586006164551,6.61790434484295,0.14772204874538003,0.1575470745563507,0.8846566200256347
5dz1,8.256700038909912,7.414481775381164,0.14156180842862665,0.1935536503791809,0.8632559061050415
5dz3,9.849830818176269,7.625914770858867,0.15894391283345785,0.12845751754939555,0.8638769030570984
5dzh,8.5830584526062,7.545911230310942,0.12792500078916363,0.1918238267302513,0.907679283618927
5dzi,10.055783748626709,5.353762687161633,0.12005126711076224,0.08042291554738767,0.9028558731079102
5e0w,8.084764671325683,7.266857817004113,0.13159141644626607,0.16459115445613862,0.8868907928466797
5e0x,9.393709754943847,8.36291125402995,0.13127566330600413,0.13069517016410828,0.8846814036369324
5e14,10.744035911560058,7.474097015441153,0.13226220325592944,0.1038164734840393,0.8790843486785889
5e15,11.419981384277344,6.707831008344189,0.13662898884493668,0.08663361743092537,0.8840551614761353
5e19,9.326992416381836,5.852503470377888,0.14808791559337775,0.13652998954057693,0.9228377342224121
5e1c,14.57583498954773,6.362688761050016,0.16405129015708866,0.1000598925165832,0.9192553162574768
5e29,1.1853331446647644,6.64415586801565,0.381737763509839,0.7418834328651428,0.9457743048667908
5e84,13.11639051437378,3.7013003937145497,0.0,0.0725798581726849,0.4447228372097015
5ehj,9.241073417663575,3.9102548988888186,0.13687912764336668,0.17792014181613922,0.8675930619239807
5ehp,13.984626770019531,4.7410539889959,0.0,0.00971045158803463,0.8763216733932495
5ehr,17.036170959472656,3.339640576829927,0.0,0.00824652798473835,0.8676449358463287
5et8,16.791992664337158,4.01880949926332,1.0,0.014011910068802536,0.9346248060464859
5ewj,5.169317674636841,4.2886536790214045,0.00375831908706993,0.625471830368042,0.8497081756591797
5ewl,4.911734247207642,4.107033003490181,0.0031005727988718773,0.6624004960060119,0.8588481068611145
5ewm,5.194406890869141,4.169414161391514,0.0008095560019763057,0.6857632756233215,0.8892786979675293
5ezv,10.075741449991861,3.5143697428366303,0.0028450874586330457,0.04526456569631895,0.5594476660092672
5f2e,10.302019405364991,7.518814826766786,1.0,0.1643349677324295,0.9840226650238038
5f6w,6.405208683013916,3.4102750996543123,1.0,0.21233095973730087,0.9734395384788513
5f6y,9.893770790100097,3.0993045977245233,1.0,0.0693944476544857,0.9764230370521545
5fii,7.662792301177978,3.3198635497757834,0.0005128305315064672,0.030785128008574247,0.82191960811615
5gre,8.90340507030487,2.55887286888813,0.0,0.09159533260390162,0.8945194780826569
5grf,14.899357223510743,3.6540653604674995,0.0011802504653862097,0.07038157627684996,0.8934147357940674
5gri,10.581489992141723,3.004919790381752,0.007015486488592621,0.21544975228607655,0.8931226611137391
5gsa,18.820585250854492,4.251905973418149,0.041897828349525365,0.0008032128680497408,0.8776077330112457
5h08,16.366326808929443,6.723561667231854,1.0,0.04663939098827541,0.9778756499290466
5h14,13.885207176208496,4.307621643813476,0.08205360692146574,0.027832956053316593,0.8287572065989176
5h15,10.520219167073568,3.750787435948588,0.02941716149431502,0.013995755463838577,0.8553328911463419
5h17,13.788153171539307,4.281686587018982,0.010123341587556518,0.013298368314281106,0.9498717784881592
5h25,13.993673324584961,3.8277072925918976,0.07622480434377635,0.03632115572690964,0.8868644833564758
5h3q,7.174615097045899,4.131597065257442,1.0,0.23516648411750793,0.9798081278800964
5h8h,13.850832223892212,6.7911124429823895,0.005290254450223372,0.017570355907082558,0.9639431983232498
5h8q,13.30160903930664,6.357732482265888,0.006245673450814883,0.029645680479006842,0.9625476896762848
5htb,13.355823516845703,3.726625714983201,0.06253218808298955,0.05039514973759651,0.9777406454086304
5htc,11.461560249328613,4.317412495630191,0.05180925964589656,0.03427288122475147,0.9709587395191193
5i2c,16.046879450480144,3.7254754917387634,0.0007988546081361532,0.00036041458952240646,0.6978121399879456
5i2k,13.197295188903809,7.182435248671884,0.002215300567738703,0.039636689238250256,0.9657747894525528
5i2n,13.528877019882202,7.732298318434776,0.013105028442490849,0.02851106447633356,0.96123406291008
5i73,6.5760657787323,3.956747398318459,0.26814858407180153,0.4941281795501709,0.6983887851238251
5i75,7.8268866539001465,5.117395078699581,0.2776473685653758,0.48839353322982787,0.7139437913894653
5icn,6.64111442565918,3.746014073973729,0.0003915887849764635,0.1638629615306854,0.6963577270507812
5ikp,14.94549528757731,3.0543751029999746,1.0,0.10102609544992447,0.8589628140131632
5in4,13.882439231872558,4.602260131393163,0.005539023864697856,0.06158876419067383,0.6138804078102111
5iv3,14.04804744720459,3.5010806840914936,1.0,0.034562939405441286,0.9527717590332031
5iv4,15.246535873413086,3.915426071344439,1.0,0.008829744576360099,0.9619662165641785
5j94,14.360486507415771,4.249666662783521,1.0,0.07056608702987432,0.9663224220275879
5ja0,13.512573003768921,3.5310021628110997,0.0,0.06074774725129828,0.9583213031291962
5ja7,16.548580487569172,3.3027398797509773,0.0,0.04212120889375607,0.9442619482676188
5juz,8.809516382217407,3.2468964142093086,0.0,0.23442358849570155,0.9460537791252136
5jv0,12.259331512451173,4.368252352167647,0.0,0.05895550772547722,0.9363965153694153
5jv1,10.748565673828125,3.8682712368941052,0.0,0.05066999418195337,0.9595820426940918
5jv2,12.46754240989685,2.9342838592242964,0.0,0.08779541589319706,0.9422295242547989
5jyo,17.128385543823242,2.7435857118838087,0.0,0.0,0.5830719470977783
5jyp,11.251806259155273,3.697100768405392,0.0,0.02517639473080635,0.9702587127685547
5k11,15.48033790588379,7.7309885691392255,0.0032816800137917142,0.022450972441583873,0.6811523556709289
5kcj,11.743358969688416,7.296355479484349,0.005346271109930376,0.056665407260879874,0.9631437063217163
5kcv,14.331168174743652,4.610515304189275,1.0,0.00872130089555867,0.9767714887857437
5kdq,0.9325484275817871,5.941376418441855,0.7718690955626293,0.8060370087623596,0.9535871028900147
5kdt,12.720348676045736,6.200854148858265,0.0015826422480299538,0.03524350995818774,0.9467923839886984
5kkn,18.914928436279297,2.158059360118566,0.0,0.034395474940538406,0.8806530237197876
5kqd,18.16448211669922,4.4798989426055025,0.0,0.01505754500006636,0.9336265921592712
5ksi,1.119400179386139,7.274759821147579,0.3843750615136419,0.7861885309219361,0.9379303693771363
5ksx,11.835372257232667,3.8187960078525576,0.0,0.12301403284072876,0.9316565990447998
5kw2,16.844044367472332,7.783198292678304,1.0,0.006059568026103079,0.9533474644025167
5l57,12.431961250305175,7.833608461489734,1.0,0.0630300935357809,0.9618449330329895
5l58,15.074405479431153,7.762519338398332,1.0,0.09142592698335647,0.9645849585533142
5l7i,17.68103535970052,3.823623023603116,0.0,0.2944454352060954,0.8905400633811951
5lge,11.258632183074951,8.068447653508095,0.009913331845988672,0.06442797742784023,0.47793611884117126
5llm,12.845868110656738,3.6429233688306297,1.0,0.0963224908336997,0.9503983855247498
5lm4,13.37890879313151,2.878535775462838,1.0,0.0437515452504158,0.9667858084042867
5lu8,12.898992538452148,5.064558522504428,1.0,0.26281221210956573,0.9824480414390564
5lu9,12.272908592224121,4.946999402709061,1.0,0.2583708643913269,0.9753867506980896
5lua,11.180920886993409,4.596611101151576,0.0017765594423171196,0.36901992857456206,0.9548156023025512
5lub,9.994983100891114,4.203843695259162,0.0038306161511039065,0.42755851745605467,0.9422471404075623
5lvl,10.563847160339355,3.221806173580036,1.0,0.03816454596817494,0.9854238867759705
5lvn,9.383858680725098,4.320811936668676,1.0,0.0,0.9757213890552521
5lvo,13.693935871124268,3.9434626157805472,1.0,0.16188108548521996,0.9738399535417557
5lvx,12.609630393981934,3.6652869882125736,0.006610834258811415,0.3249096632003784,0.7569699048995971
5lwe,3.4639137268066404,4.4316879599744485,0.0,0.40216255784034727,0.7516911864280701
5lwp,16.799901485443115,5.955647792120615,1.0,0.017968542291782796,0.972976416349411
5lyq,10.328679466247559,7.287291761971268,0.09437843871627319,0.04766184352338314,0.9823944926261902
5mju,13.29496726989746,3.556935646577513,0.0,0.01982470431830734,0.9694319009780884
5mo4,10.97165813446045,4.266071377866872,1.0,0.05399520359933376,0.9638020634651184
5mrd,14.985719442367554,3.654443270303846,1.0,0.03268140647560358,0.968050479888916
5n9r,14.22466812133789,4.361195675036852,0.0,0.016628942568786442,0.840474271774292
5n9t,14.376240158081055,3.95360039037367,0.0,0.017706844536587597,0.7830788850784302
5ngz,16.322231769561768,5.2337636522477915,1.0,0.02671258128248155,0.9832332879304886
5nn4,,2.8131154972358248,1.0,,0.836606228351593
5o2d,15.269080400466919,6.569253852616148,1.0,0.038362180115655065,0.9822146594524384
5obj,12.656357765197754,5.61785978803699,1.0,0.09055546158924699,0.9466277062892914
5obr,10.377884984016418,5.971158667058155,1.0,0.13223341759294271,0.981375440955162
5ogc,9.927891159057618,3.7757746998168122,0.0014619408231378599,0.19385481774806976,0.7855788230895996
5opk,13.547956784566244,7.330451653341117,1.0,0.03309589996933937,0.8833583990732828
5opm,11.256090927124024,6.800580591917364,1.0,0.051153790485113856,0.9292816042900085
5orl,6.558535861968994,3.6281930796407074,1.0,0.15521983057260513,0.9403237342834473
5orn,12.171608448028564,4.2000023686982555,1.0,0.06231271580327302,0.9496734738349915
5oro,14.153499603271484,4.444805993957641,1.0,0.05446361321955919,0.9154995441436767
5orp,14.427205085754395,5.038324995725635,1.0,0.03605689317919314,0.9356905817985535
5orr,8.768414306640626,6.124309926241053,1.0,0.19441436864435674,0.9266863107681275
5ors,9.686100196838378,6.303008675926542,1.0,0.15451634600758551,0.9012904524803161
5ort,12.851380467414856,6.5559343662121226,1.0,0.18473085388541222,0.9308672398328781
5orv,6.82527893781662,5.482157112384975,1.0,0.24320191890001297,0.9096283614635468
5orw,14.300573031107584,6.772847412756707,1.0,0.03967469651252031,0.9505244096120199
5orx,10.95281728108724,5.986248809038347,1.0,0.1675170138478279,0.934185246626536
5ory,8.993030524253845,6.929283824239567,1.0,0.14913022965192796,0.911856734752655
5orz,5.891442108154297,6.257962982355207,1.0,0.201416221447289,0.920909583568573
5os0,9.316791415214539,6.503639210743589,1.0,0.05035822681384161,0.9243114739656448
5os1,7.804752540588379,6.177082322163824,1.0,0.1908746726810932,0.9261232256889343
5os2,12.662282586097717,5.634562037129198,1.0,0.10475056059658527,0.9261422753334045
5os3,12.194410800933838,5.984570152127708,1.0,0.12191918829921633,0.9294663816690445
5os4,10.135152816772461,5.36224740142617,1.0,0.08063711416907608,0.9098903417587281
5os5,9.826254653930665,6.509555978775187,1.0,0.16455105748027563,0.940214478969574
5os6,11.425777816772461,5.617188201336138,1.0,0.03380054011940956,0.9415846109390259
5osd,9.85235242843628,4.848289418815468,1.0,0.21261314749717714,0.9338920474052429
5ose,13.931379699707032,6.125328826760629,1.0,0.019163632392883302,0.9159897923469543
5osf,10.904804801940918,6.433274869572289,1.0,0.03531696395948529,0.9217736840248107
5pzr,17.027196248372395,8.424879379938005,0.022496253130839108,0.005397041017810504,0.8675704399744669
5pzs,14.87101411819458,9.437938116733227,0.02141345713312343,0.001717195613309741,0.8757786452770233
5pzt,12.193261814117431,6.246803512939726,0.0064741730083132994,0.011173743050312624,0.6959675669670105
5pzu,11.081228256225586,4.693421453874732,0.016845145466910256,0.17884700000286102,0.8891262412071228
5pzv,13.015974044799805,4.1241084990772405,0.022695858428068677,0.10472732545652737,0.8892931739489237
5pzw,12.828104019165039,8.601433787548116,0.023236034148155827,0.0863338162501653,0.8601887027422587
5pzx,12.8264404296875,5.838435737046191,0.00687569772211824,0.0073303193639731035,0.7100591778755188
5pzy,11.425475978851319,6.2994792761406675,0.009020571300925007,0.0016989688883768395,0.7265290379524231
5pzz,12.35347671508789,5.982450019041684,0.007858265526298324,0.007537322046118788,0.7246916174888611
5q00,10.926859951019287,8.365172629313113,0.006208339169206607,0.006348366406746209,0.7129024505615235
5q01,11.729877853393555,7.13581797940854,0.007426377448551416,0.004219582078803796,0.6942241430282593
5q02,11.483660697937012,6.126039301584026,0.0148594934803318,0.07499963557347655,0.893572986125946
5q03,12.170814323425294,6.159266239018959,0.008589994397653991,0.0035043208990828134,0.7266754031181335
5q04,9.79803991317749,5.8503396940422885,0.008965789491984125,0.0033269472885876896,0.7224704027175903
5q05,12.981887245178223,6.661182026222347,0.008452971588281791,0.005545809690374881,0.7224334716796875
5q06,13.802957153320312,6.037212270219017,0.011920609491133726,0.04763226786744781,0.87681884765625
5q07,9.449803638458253,7.214883650815304,0.006538058265319625,0.021544596925377846,0.6854865193367005
5q08,12.35805368423462,6.35852737614362,0.010121112506622565,0.004587844127672725,0.7116774439811706
5q09,11.74971046447754,7.025554837428193,0.007553953468117052,0.01705394566524774,0.6593579769134521
5q0a,12.366547346115112,4.857496372036817,0.015046731489012671,0.05860429105814546,0.8719709664583206
5q0b,11.202870726585388,6.426187968303516,0.011484572764687288,0.08895222097635269,0.903567299246788
5qdf,,,1.0,,0.18140027225017546
5qgf,,,1.0,,0.18140027225017546
5sun,12.334638595581055,6.014109895511052,0.0022296872077850463,0.025619983207434416,0.761540150642395
5svf,14.8284423828125,7.248658974905581,0.006823566326489447,0.033427609503269194,0.5378387689590454
5sw8,12.01827621459961,3.161779103116692,0.0035107766983876313,0.0,0.8997504711151123
5swg,16.614173889160156,5.962322316519255,0.0,0.06208053603768349,0.889802098274231
5swo,13.380486249923706,6.231649709317031,0.0004019930998327828,0.04005993821192533,0.8918120265007019
5swp,12.231723403930664,4.874309199667442,0.004712187477487471,0.0617076413705945,0.8356151700019836
5swr,14.176280975341797,6.427604078653424,0.00021303930561596522,0.03688014872993032,0.8227158586184183
5swt,19.027554512023926,3.6244291290824853,0.0006160951293093446,0.0,0.8206566870212555
5sx8,13.756564044952393,4.65991531056683,0.0024124506900935253,0.028459029132500292,0.8605836868286133
5sxa,17.20234203338623,3.177742330716423,0.001139000439043502,0.005430753415566869,0.8675021529197693
5sxb,15.399938583374023,5.814669992188944,0.000971947125692626,0.012639245639244715,0.8276706337928772
5sxc,13.6493501663208,3.0646999221536015,0.0013232621761491853,0.010709631984354928,0.8205815851688385
5sxe,11.705211639404297,4.711495770782278,0.0027021591403674815,0.0,0.9548048377037048
5sxf,16.61784839630127,2.497279962424016,0.0012722663705062097,0.011671384505461901,0.755414679646492
5sxk,16.672213315963745,5.092859419785413,0.002542354617873265,0.01132857333868742,0.8540289551019669
5t19,8.882148551940919,4.035983771830901,1.0,0.24539691358804702,0.95332852602005
5t1a,13.192210912704468,3.874848556074805,1.0,0.07786884903907776,0.9630185067653656
5tbm,14.19091828664144,6.487719157190895,0.022006878810214837,0.05313607398420572,0.9574109315872192
5tf9,14.955620527267456,7.189887879396142,0.0016715876279141376,0.045544880216766614,0.9238104075193405
5tkb,12.498357772827148,2.8358430098890146,0.0,0.15349699854850768,0.677812659740448
5tkd,3.110349230606044,7.308261541849092,7.422928833326762e-05,,0.9403372764587402
5tp9,15.22620677947998,6.12836715860715,5.230222833364481e-05,0.02612484931887593,0.9610719233751297
5tpa,13.680898475646973,6.881843730905314,0.011348936087134734,0.026221577636897565,0.9651784658432007
5tqh,10.337898635864258,8.130409700494285,0.02256511396330927,0.04633213058114052,0.5090498208999634
5tzr,5.011854982376098,6.619465706729275,1.0,0.31947363913059235,0.8738815665245057
5tzy,8.565438270568848,10.264631699431298,1.0,0.2536811828613281,0.9571572244167328
5u3i,0.4590642213821411,8.053813043957438,0.798623827654341,0.8995049476623536,0.946480393409729
5u5h,,4.46856202566897,1.0,,0.9667555570602417
5u5k,16.91964817047119,3.1786895560823254,1.0,0.0004588839753220479,0.9647948543230692
5u5t,12.981089115142822,3.916223264841024,0.04245088742712134,0.047155465465039015,0.8625622391700745
5u62,11.779282689094543,4.056297429838009,0.05660857119439931,0.03241537697613239,0.8570329546928406
5ue4,8.162124347686767,5.7188609877562575,0.0,0.2361646980047226,0.9334849834442138
5ue5,5.966828882694244,4.47526714410078,1.0,0.30409049391746523,0.7848800361156464
5ufj,1.0642038941383363,7.959400910466994,0.5394721796892066,0.7480549931526184,0.953159761428833
5ugh,9.025954914093017,4.191654992376163,0.004938036193818602,0.056955394148826596,0.7837681651115418
5uhv,6.440882205963135,5.703805125255877,1.0,0.4085801839828491,0.9607816815376282
5urk,14.692121982574463,3.5119444681777834,1.0,0.004042675660457462,0.7775059044361115
5ut4,12.38115644454956,6.056495639937574,1.0,0.010485480655916035,0.9652177095413208
5ut5,15.981504917144775,5.616068757430616,1.0,0.006358564838592429,0.9553254544734955
5ut6,12.507526397705078,4.662610382184566,1.0,0.024810721259564163,0.9738637804985046
5v02,1.3321606040000915,3.501819652365993,0.23599647248363667,0.8594255089759827,0.9437592029571533
5v03,1.1805365204811096,4.112763939276858,0.16844022300774497,0.8691372871398926,0.9343138933181763
5v4w,15.044832547505697,3.2672761790996936,1.0,0.04754619114100933,0.9605105121930441
5v4x,14.760599136352539,4.65717848689445,1.0,0.022019192576408386,0.9708993136882782
5v6u,8.843064069747925,3.3967985452470164,0.0,0.026212474578642286,0.6993051767349243
5v6z,10.689286231994629,4.92649894765498,0.02881827011699147,0.01419380276153485,0.7420265177885691
5v9l,3.0160799503326414,7.252036612479874,0.00594242798898663,0.26267205104231833,0.9550231456756592
5v9o,6.569501543045044,9.066205788877678,1.0,0.26229885816574094,0.9747563242912293
5var,1.165867066383362,4.983632336217869,1.0,0.8336514592170715,0.9643245816230774
5vdh,4.616084194183349,4.12174669539223,0.015486193105325476,0.3009872317314148,0.7037557363510132
5vdi,5.8868803024292,4.356697797894671,0.00772444974431954,0.2510054692625999,0.6697161078453064
5vew,12.693561363220216,8.711925946459603,0.0013440093511214596,0.05597086623311043,0.8978166341781616
5vex,19.47563362121582,4.421043945014632,0.0023361630251992073,0.0,0.8346481323242188
5wdy,13.596951325734457,7.708790835786769,0.000716317373225237,0.05105263367295265,0.9281077782313029
5we8,16.410917043685913,7.3119831709231065,0.0028234367140820074,0.008911704295314848,0.9304359704256058
5wmv,18.691404342651367,9.839691770603974,0.008829858388754153,0.020266544073820114,0.9391733705997467
5wmx,14.26920461654663,8.999012643305182,0.0,0.06634173262864351,0.8552318811416626
5wuk,19.972436904907227,4.194191324357675,0.011201851195104518,0.0027137042488902807,0.9288570880889893
5x0i,8.092653751373291,5.138557405545963,0.007607498803024792,0.1490159303182736,0.5616016864776612
5x2s,0.9056796073913574,4.920908017776533,0.37472786109774736,0.8672369122505188,0.3932392358779907
5x2t,0.8515209794044495,1.8346502654634758,0.37257632967959936,0.8991343975067139,0.3932392358779907
5x69,9.90667953491211,4.213675370024314,0.003386768905551743,0.04981001764535904,0.8100667715072631
5x7d,6.7592918395996096,7.358776862097136,1.0,0.29261924624443053,0.9434215784072876
5xez,6.16498122215271,6.68015691306808,0.10988181738659542,0.33799743056297304,0.5920764029026031
5xf1,5.3122905731201175,6.36563532065397,0.1163078735145839,0.4573791682720184,0.5689946055412293
5xzr,14.45594596862793,4.804865623009305,1.0,0.0001799774618120864,0.9392502109209696
5y2f,14.960161590576172,3.9970667399034134,0.07459691590719056,0.4483068883419037,0.9674389719963074
5ybf,3.3811950206756594,7.278560960370288,0.006709138336129428,0.3993011236190796,0.7276505589485168
5ybg,2.333410370349884,7.675405405032802,0.005202112254588893,0.3775455117225647,0.6323025107383728
5yve,3.895665168762207,3.8038242869243333,0.0,0.4701717972755432,0.9534648418426513
5yvt,13.917580127716064,3.253391294705104,0.00802868888986412,0.10932334046810865,0.8338430225849152
5zc6,3.824708676338196,4.970294323170139,1.0,0.3546126842498779,0.9717005372047425
6b0z,10.373575115203858,8.637853260816515,0.007190344085106578,0.05868663862347603,0.4999435544013977
6b95,,2.965447437817834,1.0,,0.9647609472274781
6bbp,9.528989791870117,3.8302776976360757,1.0,0.06165311485528946,0.9158665537834167
6bbq,13.662652015686035,4.00464175111886,1.0,0.02500223251990974,0.8927289048830668
6bhv,16.564544105529784,8.759029203619292,0.009339113612380762,0.062431462854146955,0.8301528215408325
6bky,3.6424394130706785,5.401376147509969,0.07079403509619554,0.0473989449441433,0.5554514765739441
6bkz,13.05887050628662,8.71293296985437,0.031145831843734494,0.04347304552793503,0.7318649888038635
6bmr,17.330355326334637,2.969746743463269,0.0,0.0003105590003542602,0.8560901681582133
6bmu,15.122082233428955,4.507108271475334,0.0,0.010803903453052044,0.916864812374115
6bmw,16.531137466430664,3.7650869221024696,0.0,0.005338078364729881,0.9102655649185181
6bmx,18.60626792907715,3.958518720337588,0.0,0.0015174506697803736,0.8653857707977295
6bmy,18.3496150970459,3.234832857597068,0.0,0.0029871324077248573,0.902047336101532
6bn5,16.322750727335613,3.3325016914429995,0.0,0.0348671500881513,0.8599401712417603
6bnr,0.5145653784275055,7.199911006353114,0.7836307728368356,0.8814356088638305,0.9554343819618225
6boj,7.311563205718994,4.134873583321979,0.0,0.16406485438346863,0.6022746562957764
6c98,13.573343276977539,5.824343358515456,0.01894476335239728,0.22514750957489013,0.9510565042495728
6c99,12.695312309265137,6.1345480474219585,0.026703842794139232,0.45285590291023253,0.9221727967262268
6cjx,4.5275337136375375,5.3107273775176935,0.15146448279607666,,0.8738925099372864
6cmr,,4.205649505338098,1.0,,0.9639443993568421
6cms,,4.429585414855928,1.0,,0.9618020534515381
6crg,19.816133499145508,4.0450859956250405,0.0,0.0,0.8973731994628906
6cwy,0.6596955478191375,3.3637864344731825,0.0007248345902492171,0.7543489217758179,0.8321554064750671
6d1y,,3.8408516038667044,1.0,,0.9750221610069275
6d1z,13.441880989074708,3.596274122854014,1.0,0.1376678628847003,0.9864159345626831
6d20,13.927291107177734,4.622872047458917,1.0,0.14573391824960708,0.9854771256446838
6duk,12.510414028167725,3.5383269560309705,0.005164647000730676,0.036240809969604014,0.6182949662208557
6dw4,5.572839546203613,2.7581864555584334,0.00728545307515098,0.0769377239048481,0.5729035377502442
6dwd,1.187117063999176,2.619375676724254,0.0073471868758306445,0.2756979376077652,0.7030022740364075
6e5g,7.626740741729736,5.134037730570902,0.023175028721440567,0.1466331288218498,0.8840180158615112
6eg2,13.961470286051432,3.693157701104076,0.0,0.016837350248048704,0.959087093671163
6eg3,7.773747062683105,3.5414890136524164,1.0,0.07905355766415596,0.9020816802978515
6f7i,10.885837173461914,4.400245480080802,0.0,0.1211556600406766,0.8133639335632324
6ffh,7.516342544555664,6.72951292310011,1.0,0.20605249255895614,0.9101719737052918
6ffi,4.820313787460327,6.256359579609489,1.0,0.26773089468479155,0.8591159701347351
6fhk,12.96895236968994,3.8310244972252256,0.0,0.0615808051195927,0.779715895652771
6gg4,11.035552787780762,3.889366671220148,0.0036198330348676485,0.01993469810113311,0.5369868695735931
6gg5,7.841390490531921,4.985349864321256,0.009809339550382806,0.05993737652897835,0.5427795201539993
6gg6,,,0.0,,
6h4a,12.89927895863851,4.605680668550903,1.0,0.0009941520596233506,0.973808209101359
6h8r,14.423446083068848,2.9412252530562455,1.0,0.006281038164161146,0.9804600000381469
6hhf,16.12726593017578,4.820117785208574,1.0,0.02615989310046037,0.9635405937830607
6hhg,16.069240760803222,4.30139342985211,1.0,0.02367026749998331,0.969329833984375
6hhh,15.791142463684082,4.348466500239851,1.0,0.05568484961986542,0.9549503525098165
6hhi,18.9603328704834,4.066523133469987,1.0,0.026654411107301712,0.952864795923233
6hhj,15.069931745529175,4.839609415794063,1.0,0.02424732455983758,0.9717216789722443
6hkx,11.004938125610352,3.2508773018081922,0.00457923710486061,0.11786070722155273,0.864799365401268
6hky,12.329160928726196,3.4971586815805256,0.0,0.06521927705034614,0.8014311194419861
6hv0,15.193805058797201,3.124362020931207,1.0,0.013523976240927974,0.9779781897862753
6hx1,19.689212799072266,3.9372177073262575,1.0,0.011278195306658745,0.966551661491394
6i0m,,3.661352238514456,0.007096345628968567,,0.8341058373451233
6i0o,,3.937354011904523,0.007628772139566077,,0.8190142631530761
6i5g,13.758537864685058,3.1609450143877624,9.670083996298501e-05,0.02602100297808647,0.7496002912521362
6iik,11.274065017700195,2.5616818643706396,0.0,0.013474144041538239,0.4834209382534027
6iil,16.671717643737793,3.2012540224189063,0.0,0.007228840375319123,0.6823154389858246
6iim,13.393835067749023,3.0868065004103706,0.0,0.007247168105095625,0.6774795055389404
6imx,16.858028888702393,5.767342789927,0.062397924905105595,0.031002045143395662,0.9320917427539825
6imy,17.403871536254883,1.7440127669827519,0.10968374059517287,0.008163886532808343,0.9289399981498718
6kqi,12.268370628356934,6.048634797629627,1.0,0.13097079545259477,0.9286097407341003
6kx3,8.941459846496581,6.219772327285575,1.0,0.1706109970808029,0.958549702167511
6l57,6.916489028930664,6.153438076993311,0.013863341366336584,0.15597565472126007,0.9420574069023132
6ls5,7.971622323989868,5.642542381800298,0.014675539916202244,0.2586467832326889,0.8904280662536621
6mc1,6.300283432006836,5.916657254678205,0.02144592326913137,0.10649852901697159,0.7658546209335327
6md9,19.07164764404297,4.020304765607555,0.0,0.0,0.831987738609314
6mda,13.75483226776123,4.196683545269919,0.0,0.0006654835888184607,0.8652985095977783
6mdc,19.424516677856445,3.877166910655485,0.0,0.0,0.7493808269500732
6mdd,10.907167434692383,2.8800250206004097,0.0,0.0013888889225199819,0.8854788839817047
6ms7,10.717634582519532,7.2702559957552015,0.015475914145823028,0.08854062259197235,0.981587815284729
6n48,15.74069627126058,5.664293723563755,0.012850122778923792,0.08370268406967322,0.9633144934972128
6ncf,18.06383171081543,7.0004733618549695,0.0030891350453403537,0.0034188035875558852,0.5019598722457885
6nn4,,3.735405405474792,0.020120045079829958,,0.541839349269867
6npt,12.494602084159851,3.3143316081189407,1.0,0.034398420713841915,0.9674663990736008
6nsp,12.708525466918946,4.607633986256787,1.0,0.013517327792942523,0.969758665561676
6nss,10.514499282836914,3.6697960827237375,1.0,0.03049752302467823,0.9761719822883606
6nu1,8.159704864025116,5.4198381900623,0.00046374109471931214,0.13601442519575357,0.6195005476474762
6nu5,15.179892349243165,6.489361961347652,0.0001270766463774117,0.05000410154461861,0.9374272227287292
6nub,12.585101509094239,5.587672771375827,0.0002549360463667785,0.08110604472458363,0.9163963913917541
6nwk,2.7463952419403648,5.858958761711045,0.794748882112224,,0.987150001525879
6nwl,12.530014801025391,4.32866070426152,0.6728370959224301,0.22212647050619125,0.987379252910614
6nze,,3.8763144968475394,0.0021916468135682403,,0.8995490550994873
6nzf,,4.135135675490632,0.0036568988901442994,,0.913765549659729
6nzh,,4.668926807006552,0.0043806300796547125,,0.9188501477241516
6oba,11.018050193786621,3.396138658756611,1.0,0.04662263141945004,0.9574690461158752
6ol9,13.699241256713867,3.7941107147971564,1.0,0.043426090478897096,0.9255343794822692
6p1d,10.442966175079345,3.733504465088776,0.003037571265371659,0.07123638987541199,0.6548752248287201
6p1l,14.046340179443359,4.098220838083655,0.010196117574195251,0.0882187694311142,0.6254261016845704
6p1q,7.198561096191407,5.414642914316728,0.0153481096787571,0.20028842240571976,0.9785284876823426
6p7g,14.099370574951172,8.965802909595629,0.0012285308531738224,0.05312477648258209,0.7159679532051086
6p8q,12.582154369354248,3.9244973359388124,0.008396451475883483,0.041594235599040984,0.725852906703949
6peg,16.502528381347656,4.111422664763267,0.17050574201682905,0.04320917725563049,0.9214805006980896
6pf1,17.1820068359375,5.406399343726744,0.0,0.038112396374344826,0.8337818384170532
6pgr,9.286577224731445,6.848032398772862,0.0003134844658919312,0.09509484469890594,0.9220826923847198
6pgu,15.144857168197632,4.392969806180406,0.0,0.050300657632760704,0.740418940782547
6q3f,14.292832612991333,2.1725549551375463,1.0,0.002621412742882967,0.9803741127252579
6q49,12.911097288131714,3.8528078583551326,1.0,0.032949186861515045,0.9809557795524597
6q4d,7.731853294372558,3.169295365114654,1.0,0.2663396060466766,0.8939061284065246
6qce,13.838483619689942,4.005162494722361,0.0,0.1845717441290617,0.6929250657558441
6qch,14.732754325866699,4.501657243849337,0.0,0.21965805115178227,0.7618007481098175
6qcj,14.301228141784668,4.208862901743368,0.022414947849971483,0.13009503055363894,0.7651193022727967
6qcn,0.9419474303722382,4.1566045408115295,0.0,0.8829306483268737,0.9590951800346375
6r49,12.54113737742106,4.607780431824346,1.0,0.09166666865348816,0.9020015199979147
6r4a,8.832652854919434,3.3446343935611074,1.0,0.21453610807657242,0.9134146094322204
6r4b,4.882969999313355,4.572000208990276,1.0,0.24949436038732528,0.9086825728416443
6r4c,12.778750896453857,5.0205605367173565,1.0,0.10149625316262245,0.9034707427024842
6s9w,15.962834040323893,4.183843113201299,1.0,0.0187036885569493,0.9646910627683004
6s9x,13.697429656982422,4.538893588331984,1.0,0.031095605343580246,0.9670476317405701
6sal,17.630619684855144,6.47378606641684,1.0,0.006528917234390974,0.9759643276532491
6sbu,8.77367000579834,7.308997120982328,0.02111850283081379,0.1172090269625187,0.48631214499473574
6sbv,11.432575035095216,6.826639728963306,0.01396062115668412,0.07421462908387184,0.5005614161491394
6squ,,,0.0,,0.892670726776123
6t4g,9.379220676422118,8.06152534182558,1.0,0.12966055124998094,0.981499433517456
6t4i,10.073124122619628,7.891998399456597,1.0,0.13216723650693893,0.9807633519172668
6t4j,6.771372509002686,7.513712649756987,1.0,0.18692637383937835,0.9813026785850525
6t4k,6.829202795028687,7.87565114660706,1.0,0.18199302405118942,0.9804241776466369
6t4t,8.33008394241333,7.096875395036932,1.0,0.14485441148281097,0.9841389179229736
6t4u,10.21519660949707,7.9108323635252535,1.0,0.08013447821140289,0.9812407970428467
6t4w,9.748208618164062,5.647121185777371,1.0,0.12374837771058082,0.9813230872154236
6t4x,10.55565357208252,7.2691929992056545,1.0,0.09221555031836033,0.983346450328827
6t4y,11.733329010009765,7.408416159798536,1.0,0.04740654826164246,0.9787748575210571
6t50,10.751777076721192,5.5651441068925545,1.0,0.07915828227996827,0.9793889045715332
6t5b,11.427492570877074,6.834262716864299,1.0,0.13032455816864968,0.9658562183380127
6t5u,4.396391224861145,6.965204887109872,0.0,0.21092694252729416,0.9621100544929504
6t5v,4.259372901916504,6.052512573776946,1.0,0.20266365110874177,0.9667841196060181
6ta3,5.831072187423706,3.731593554077147,0.0022051224905489096,0.24449423104524612,0.9002124071121216
6tam,7.4470305919647215,7.048556657473955,1.0,0.15702300518751144,0.9578029751777649
6tan,7.07120589017868,6.707701226664364,1.0,0.24404682517051696,0.9664161562919616
6tiw,4.775615262985229,3.608015208815732,0.0071758556912417575,0.3742498278617859,0.8912848114967347
6tlm,13.09522032737732,7.522610525442769,1.0,0.026859843637794256,0.9663782566785812
6tlq,9.09000825881958,5.4424024828245,1.0,0.1399935871362686,0.9795364022254944
6tlt,7.192800426483155,7.8600631922117685,1.0,0.17863086611032486,0.979492449760437
6tpk,16.430956840515137,2.4381597165769455,1.0,0.11073864623904228,0.9612171947956085
6u26,,,0.0,,0.6837370872497559
6u2n,,3.1137305374206803,0.0,0.0,0.6896163105964661
6u2p,,3.613641226905377,0.0,0.0,0.6927342414855957
6u36,,4.175661159170651,0.06850966975892658,0.0,0.5421538352966309
6u38,,4.131342668398511,0.08150449159644571,0.0,0.5210809350013733
6u3e,14.722433805465698,3.5814175547688047,0.0011474004193145581,0.02178811130579561,0.8718377202749252
6u3g,14.722137212753296,3.5672375485183423,6.651064978758717e-05,0.02165587159106508,0.8718377202749252
6u3x,,3.966204360745413,0.0,0.0,0.6937813282012939
6u6y,8.844575023651123,4.977745936980385,0.004420304736830482,0.046584238298237324,0.5287935614585877
6ucg,13.801302274068197,6.727888650056695,1.0,0.01340436504688114,0.9792253772417704
6uel,16.076786518096924,6.433612354206007,0.0,0.022423719987273216,0.5304688066244125
6uo8,3.5926270723342895,4.255807091253974,0.017409208698434202,0.6293121218681336,0.7137964487075805
6uxx,19.259613037109375,2.921712668466399,0.0068810209062909015,0.0006485084304586053,0.7696745991706848
6uxy,18.016090393066406,3.3034366479460657,0.015174952815034356,0.0022421525791287422,0.7579373121261597
6v74,7.226101398468018,5.149748972302043,0.005047171096232651,0.16313908696174623,0.6197278141975403
6v75,7.067246627807617,5.35926783378577,0.004774038024500081,0.13078395947813987,0.646302330493927
6v76,9.849608230590821,5.404014544701947,0.008007088005041251,0.12320935782045125,0.5857826828956604
6vbi,14.196541213989258,4.0589660657813456,0.0,0.042305092141032216,0.8433764219284058
6vcb,16.24853515625,5.795353815404434,0.11159738023689647,0.01812279922887683,0.8319668769836426
6vkk,15.160205841064453,3.8997040384627395,0.0,0.10793239325284958,0.7630483269691467
6vn2,15.347908973693848,3.9712071136303537,0.0,0.02229338386678137,0.6714789867401123
6vn3,12.706016540527344,2.9320165631450337,0.0,0.013376359245739877,0.7226371467113495
6vn4,15.884592771530151,4.386469020432927,0.0,0.01835264711189666,0.7883874773979187
6vn5,11.216359996795655,3.1413050669871336,0.0,0.03715872596949339,0.834271514415741
6vn6,8.706426501274109,3.848773284251318,0.0,0.06180949532426894,0.7061071842908859
6w2j,11.70191764831543,6.365368596341251,0.0004907301571293415,0.0548640040991207,0.5194039344787598
6w30,6.976666831970215,4.0529331283787835,1.0,0.2575054943561554,0.9604459762573242
6wkz,18.778660774230957,4.629619904382012,0.0009761908344534941,0.0028532608412206173,0.8493742644786835
6wl6,18.1683251063029,6.954492989992307,0.0,0.0,0.8893600106239319
6wu8,5.703439235687256,4.2439184658916975,0.0,0.00021043770539108664,0.853101372718811
6x3u,11.255483436584473,3.767557111139505,0.026760994419184902,0.31982828080654147,0.5784828305244446
6x3x,10.954947471618652,3.2888233023850817,0.019496161716323936,0.2739985078573227,0.5834830045700073
6x81,4.462662887573242,7.837058325094603,0.021025266511754535,0.2585813909769058,0.783892011642456
6x82,5.976993370056152,7.823742434466863,0.021707253755475536,0.028897590562701227,0.795244836807251
6x83,2.866473340988159,5.504595807609521,0.02100591934511068,0.18882300443947314,0.7192017912864686
6x85,4.799535274505615,6.338244702954393,0.014265950642872954,0.12854754477739333,0.8666884303092957
6x86,5.9012762069702145,8.017668885297685,0.020525131655936703,0.08614122122526169,0.8161602973937988
6xp9,,3.6000493602830126,0.0,,0.6690279483795166
6yuh,7.041371154785156,3.6474385104780347,1.0,0.36406407356262205,0.9588875651359559
6yz4,16.190021514892578,3.960766935507703,1.0,0.07325975224375725,0.9691336154937744
6z4b,13.948530387878417,3.602076198481953,0.0,0.0887933388352394,0.7065233588218689
6z88,4.107698583602906,4.741439101261886,0.01960150355718875,0.1696582928299904,0.3584482669830322
6z89,4.885964488983154,3.6369998766842193,0.003997005444345789,0.31753073930740355,0.6944651365280151
6zgv,8.971749901771545,3.413604380817027,0.0,0.037515487521886826,0.8350072801113129
6zgx,7.889483273029327,4.032273645852755,0.0,0.04795992840081453,0.8173237293958664
6zgy,12.17221794128418,3.623244132634196,0.0,0.0712501935660839,0.8757853627204895
6zgz,12.99234390258789,3.1782644156283166,0.0,0.030190064416577417,0.7915306687355042
7a2a,12.711200523376466,3.250793150706213,0.0,0.06958089992403985,0.723435926437378
7a8p,16.997896194458008,8.920211164564202,1.0,0.0004453681758604944,0.9021109938621521
7aia,,2.7491059025668445,0.0,,0.9218082904815674
7ak0,15.286126375198364,4.970432727674414,0.0,0.006207554892171174,0.8467483818531036
7ak1,15.847323179244995,4.265966466153896,1.0,0.027003204508218914,0.9726707935333252
7aud,11.688969135284424,3.143831585919696,0.0004683291640999571,0.2706789210438728,0.41800105571746826
7b3m,16.651313543319702,3.915381194076017,0.0,0.04140648851171136,0.9394190311431885
7b7r,14.06746711730957,4.473300434875794,0.0,0.030179058900102973,0.9286126613616943
7b94,13.492917656898499,3.880117320117688,0.0,0.02573727781418711,0.9210615754127502
7b9l,14.094855308532715,4.165101827666958,0.0,0.02278634998947382,0.9310071915388107
7bhr,11.447774124145507,4.418958902838671,0.0,0.016367545770481228,0.976541805267334
7bhs,9.21968469619751,4.468291945181659,0.0,0.16826413571834564,0.9719592452049255
7bht,7.296206665039063,4.4876568391352505,0.0,0.13699200600385666,0.9757673144340515
7bhu,7.608519268035889,4.394803413814479,0.0,0.12140216901898385,0.9782196402549743
7bhv,9.400049495697022,4.411895608043551,0.0,0.15486420840024948,0.9614063978195191
7bhw,9.959518814086914,3.9066484242148336,0.0,0.11068374365568161,0.9546043634414673
7bhx,9.579026412963866,4.002496818093601,0.0,0.11294429898262023,0.9644569873809814
7c7q,2.8170734882354735,3.7849451520390884,0.021395142581928407,0.5960843443870545,0.8970932841300965
7ca3,13.26610507965088,2.4475648255577354,0.016330352467826593,0.02475120350718498,0.8055752873420715
7cfm,15.273579835891724,4.592353364029663,0.044429524385455936,0.029038617620244622,0.7179953157901764
7cfn,14.83919620513916,4.263402367199698,0.17118480805277214,0.046410599102576576,0.6623154481252035
7ckz,15.04387903213501,4.729568849422973,0.11195821355755257,0.014128035298199393,0.9169109463691711
7cr2,,3.5831672341791316,0.003559882597668338,,0.5823842287063599
7cr7,,3.9418598428184026,0.0032008467475109006,,0.4041034638881683
7cum,,5.013278064908997,0.0005186194682984094,,0.7393054604530335
7d8x,1.364341628551483,4.192484120934639,0.006037735008528602,0.7586294889450074,0.8068792819976807
7dtu,2.9178538084030152,3.4633757387398463,0.0,0.5767295897006989,0.6770873546600342
7dtv,1.413871967792511,2.8238323542923682,0.0027446922137487955,0.6817031741142273,0.6187790513038636
7duq,6.822047996520996,6.323463771350153,0.045598187442510436,0.33879690170288085,0.6386836349964142
7e6t,6.37175498008728,3.8219634259230695,0.0,0.31239278316497804,0.7143788456916809
7ehm,11.706030209859213,3.7144675358182115,0.0008523842895104507,0.06621635270615418,0.8895283341407776
7fd8,3.6809718132019045,6.706928774437881,0.009093637418448049,0.5779690444469452,0.807685387134552
7jvm,16.329221725463867,4.353139541826879,0.0,0.0025390624068677425,0.8491483330726624
7jvn,17.14511489868164,3.7247482016844575,0.0,0.0,0.8016365766525269
7kcc,10.975287342071534,4.5359093963988215,0.0,0.15234811902046203,0.9741101741790772
7kce,12.681993985176087,4.610479301648259,0.0,0.043115457007661465,0.9770061731338501
7kcf,,4.884463187786474,0.0,,0.9749878287315369
7kda,14.520207524299622,4.583601462555876,0.0,0.07273755827918649,0.9812862426042557
7kdb,15.577462959289551,4.768516497470233,0.0,0.08401999026536941,0.9643368124961853
7ld3,12.128525257110596,2.9958004269644967,0.14194984594713783,0.019164711877238005,0.9321958422660828
7ljc,11.940846633911132,3.0131745270535553,0.059482179165871375,0.12129002623260021,0.6563624501228332
7ljd,10.180992984771729,4.045945040582262,0.06816067746957204,0.14613563306629657,0.6774870157241821
7lwd,17.281936645507812,4.151567387790473,0.0041793623051440895,0.0076060849241912365,0.9097156524658203
7nec,14.782615470886231,6.884453560231914,1.0,0.009033044596435502,0.9776140451431274
7nh4,14.08003838857015,4.939005391631731,1.0,0.04093990040322145,0.965846598148346
7nh5,13.610021591186523,3.9724065812149045,1.0,0.02706483006477356,0.9690859317779541
7np5,12.408251476287841,7.461266019073929,1.0,0.023221235349774362,0.9785322904586792
7np6,9.93400182723999,7.599320407375181,1.0,0.02156175971031189,0.9788779735565185
7npc,12.698796653747559,7.078490862367431,1.0,0.014221278647892178,0.9803622364997864
7p2l,9.357553482055664,7.286802454114497,1.0,0.041749175637960434,0.9592350125312805
7r75,16.89461088180542,3.9718573600786478,1.0,0.013156453263945878,0.9591708779335022
7r7d,14.138152122497559,4.40499025501971,0.0,0.0001292657689191401,0.8434904515743256
7r7i,6.814772605895996,3.75086106247415,0.0,0.0,0.8295632600784302
7r7l,14.574872493743896,4.089766800015732,0.0,0.00028005975764244795,0.7956703305244446
7rct,13.832997703552246,4.115768518287348,0.0,0.04028472290374339,0.790411913394928
