id,pose rmsd,pocket rmsd,qs score,lddt-pli,confidence
1azx,1.4223757266998291,0.1292365167044487,,0.7594997406005859,0.6242402911186218
1b86,0.3344210386276245,4.984849076771367,0.5287366152886387,0.9534017443656921,0.9469473123550415
1bj4,9.150022792816163,3.6120655139802964,0.5093525757447708,0.08926714062690735,0.9646856904029846
1bm7,2.5049768447875977,2.55358077229592,0.4421952997844989,0.5958991169929504,0.972003984451294
1cqp,0.2601726233959198,4.348944400200174,0.47531014518505293,0.965313732624054,0.7424304604530334
1cza,6.373088359832764,2.979320120000761,0.42764503662291503,0.2221679210662842,0.9294065833091736
1dvs,0.8998904705047608,3.0329037625559576,0.4057250877007741,0.8526047587394714,0.9717894911766052
1dvt,1.981511664390564,4.860933844233402,0.4142902296202589,0.6229736566543579,0.9780291199684144
1dvu,4.658898782730103,4.691784723290682,0.4496622243142748,0.4394143998622894,0.9672212243080139
1dvx,3.2433491706848145,3.3678649404965895,0.4540863633838914,0.43183175921440126,0.9787184596061707
1dvy,3.031017208099365,1.442075084908724,0.6423499546988657,0.5606057047843933,0.9729793906211853
1dvz,1.0086320400238038,1.6005345143559204,0.5505935260795753,0.8879196763038635,0.9744053602218627
1e03,4.355421543121338,0.1194155505601778,,0.5899388790130615,0.6406973958015442
1e4h,1.4555028080940247,4.784259044029224,0.45285309021313047,0.8014516711235047,0.9672435522079468
1e7b,2.0786719799041746,3.238014214740177,0.5604101885605104,0.6489426136016846,0.5456985712051392
1e7c,0.4966617405414581,6.680464381694809,0.5067419304208615,0.940629506111145,0.8290228605270386
1em6,0.18866457045078278,4.563310379889243,0.4375429746799158,0.9897133708000183,0.95169677734375
1eta,0.8668463826179504,2.0636969419098774,0.4767435225812971,0.8492188215255737,0.9539429903030395
1etb,1.1133126497268677,1.593363485678767,0.470878205811959,0.816845977306366,0.9554162502288819
1exv,0.19673989713191986,3.3880021483743676,0.6078902983954694,0.9900063395500183,0.9495574355125427
1f86,2.130167007446289,1.1712555289048525,0.4751963027837649,0.6919772744178772,0.9618049025535583
1fap,2.764799399022111,5.5666526141447,0.5555854763236286,,0.9582664370536804
1fta,0.3315813422203064,2.977809135900737,0.5562042836087071,0.9746291160583496,0.967722499370575
1g9v,0.19155571162700652,6.462198320445228,0.47915644948859565,0.9972518801689148,0.9413442969322204
1gz3,0.356950455904007,6.655056000791487,0.4861391283598498,0.9881492614746094,0.9234066367149353
1gz4,0.3968294560909271,7.168674501616664,0.6195187301319861,0.9862065315246582,0.9245585441589356
1hak,1.8114179372787476,2.860077738568732,0.3588141460954924,0.7629379749298095,0.6283399939537049
1hkb,0.2472149461507797,3.758412024526965,0.5150710517639212,0.9802399039268493,0.5751019477844238
1i72,0.20311144590377808,6.143548671086153,0.5100467861170931,1.0,0.9856617450714111
1i79,0.17826645970344543,6.95172015467004,0.5193943031793994,1.0,0.9856256484985352
1i7b,0.20585228204727174,6.946111331824805,0.5352610905777047,0.9991351366043091,0.9864713788032532
1i7c,0.18955020010471343,2.8226591763484987,0.5166484793350219,0.9932292938232422,0.9855449080467225
1i7m,0.21957018375396728,6.768411401299749,0.577957276825642,0.9968767046928406,0.9621746778488159
1kv1,0.46067285537719727,2.6070609625533088,0.5637600808610201,0.89946209192276,0.9871284484863281
1kv2,0.426422530412674,4.114225520612618,0.5862130514750454,0.9171771287918091,0.9869830250740051
1l5q,0.1846041589975357,4.131598056659789,0.5003762817722721,0.9943259716033935,0.9481702208518982
1l5r,0.2568340390920639,4.3675977316676615,0.47647706444004256,0.9920966148376464,0.9383007764816285
1l5s,0.14446023404598235,3.832472797339284,0.4765062021445495,0.9960503697395324,0.9462725281715393
1l7x,0.15807380378246308,3.9539813798862675,0.48894728514373975,0.993622612953186,0.9457620263099671
1msv,0.16052427291870117,2.433501864312862,0.4726474759480562,1.0,0.949087405204773
1ne7,3.230490761764629,5.743166291045536,0.598523813024627,,0.9119941473007203
1nq9,1.2507296800613403,0.1142232161479205,0.3175893289638395,0.8408405900001525,0.6501514792442322
1nsg,2.7963715221382777,8.222499496160003,0.5277861324845154,,0.9607966899871826
1oj9,0.12267157584428787,6.3182425701828135,0.4597241745905417,0.9938575387001037,0.9604303121566773
1opl,0.49132548570632933,3.6258606567687166,0.5572026674761913,0.9218132138252259,0.6450553417205811
1pj2,7.376224040985107,7.903767828900814,0.42780774586494585,0.10568014234304428,0.46604354977607726
1pj3,8.68229169845581,8.17566957740858,0.4493653175764127,0.07878198623657226,0.4548572599887848
1pj4,6.381978607177734,6.980112981669658,0.4626276611383241,0.14817166030406953,0.532606041431427
1q0b,13.690256118774414,3.771067552049061,0.3853934030041606,0.047979360446333885,0.8603046536445618
1qha,8.865351963043214,3.1047741341098387,0.29340716910363657,0.17937014251947403,0.7567817330360412
1rd4,12.986011791229249,5.551158618777029,0.4090224527797843,0.03161706551909447,0.8818940877914428
1s9i,16.255779457092284,3.7731004541637008,0.4466983398160827,0.018648076243698596,0.8798944473266601
1s9j,15.311530685424804,3.715273590273121,0.447924209039425,0.02206888098735362,0.9499394297599792
1shj,15.19308032989502,5.260878771589725,0.5383988890183992,0.0592982642352581,0.7761930823326111
1shl,15.010143852233886,5.399503463514039,0.4762010822674462,0.04935165420174599,0.8214875102043152
1sr5,4.898852251207078,3.0282185105470436,0.19972009164876905,,0.7812396645545959
1t48,17.013162422180176,6.38269418205674,0.46603465121400334,0.01376455940771848,0.970234501361847
1t49,22.959544563293456,6.001918358994443,0.39739281649164326,0.0016386402654461562,0.9692749857902527
1t4j,23.049424743652345,6.276309232943634,0.36683662758240976,0.003585558058694005,0.9441277742385864
1t5a,14.620034313201904,5.743486069908883,0.5263610098517459,0.07683143876492977,0.5867080211639404
1tb6,13.088152710853256,6.103355257810291,0.20045281298879367,,0.7287447094917298
1tbf,10.017925262451172,3.697849470044548,0.4951105576525105,0.1810329794883728,0.9586378574371338
1tha,3.7123766899108888,3.359874140779226,0.38576071512637417,0.48611130714416506,0.9560317158699035
1thc,19.602652931213377,6.018662100147411,0.28526386075624116,0.0330861359834671,0.9614762425422668
1tlm,16.916308212280274,3.801545188462677,0.44859222749345506,0.015813260152935982,0.9489332795143127
1tt6,10.706772136688233,3.2517566874543555,0.3590953458799413,0.06772285662591457,0.9481016039848328
1tyr,8.593093967437744,4.468608850048421,0.4041589441867277,0.06429253742098809,0.931515634059906
1u21,21.66359519958496,3.718743400462742,0.4982506907999258,9.72762645687908e-05,0.9511471629142761
1uwh,10.924093055725098,6.724190464877974,0.4273263029234283,0.08299254477024079,0.8470532178878785
1uwj,13.909581565856934,6.613854833582911,0.41952276603606575,0.0519697492942214,0.9005337953567505
1v4s,14.342721080780029,4.085733418354527,0.4458938463226508,0.016605998575687408,0.9701897740364075
1w0f,15.786589622497559,4.25020801457738,0.3777718966524575,0.023199851741082966,0.9455005168914795
1w82,17.297174835205077,3.76647229301156,0.5591539709726124,0.011030046441010199,0.9810005903244019
1w83,21.82022647857666,3.7192269752636506,0.5511694156327522,0.014336727885529399,0.9822029829025268
1wbn,19.434772109985353,3.7393252500794767,0.5258483562361235,0.012176014203578233,0.9816648721694946
1wbs,18.468526458740236,4.303274061734447,0.4687441007043939,0.011629952653311192,0.9796646356582641
1wbt,21.69121265411377,4.472516301453594,0.4859055205200362,0.0249700078740716,0.980562686920166
1wbv,0.26673742532730105,3.88245750943445,0.5576630128057317,0.9649375200271606,0.9873706936836243
1x88,11.865091133117676,2.676266543542252,0.43313887951136093,0.06999562326818705,0.8878808498382569
1xdd,14.637613868713379,4.636174058042192,0.42156925737861145,0.023429689928889275,0.9423578023910523
1xdg,14.666645908355713,7.234808712064364,0.4521940425317898,0.0388162761926651,0.948598051071167
1xoi,19.518103790283202,4.426719795281935,0.4878802486183604,0.03246650472283363,0.7512587428092956
1xuo,9.325055789947509,5.822097811287891,0.40600802778917267,0.07294661710038781,0.9424564838409424
1y1d,10.465810298919678,3.71936285074205,0.4162397998565094,0.05533907935023308,0.9417274475097657
1ygc,19.794044494628906,3.817268363771028,0.42191172893270695,0.07411163803189993,0.9127046465873718
1yrs,13.102570056915283,2.878153523389733,0.43337199465506043,0.08875554874539375,0.8557540297508239
1z7j,18.173845481872558,2.7378862185148316,0.42190141390394037,0.1100517213344574,0.9428045272827148
1z8d,26.46712646484375,3.563332272197946,0.44914033172382056,0.011880738125182689,0.9074342131614686
2ati,12.029300594329834,4.386166577527499,0.5215711963865478,0.07807960510253906,0.6191417396068573
2b14,21.3698299407959,3.648360141139359,0.43432601507323004,0.00013927576364949345,0.9535848498344421
2b15,22.45355796813965,3.373701665769887,0.4157901190343536,0.0,0.9538890480995178
2b16,19.70409450531006,4.30591938680607,0.39688427233404144,0.00037344604497775437,0.9444380044937134
2b77,12.714753723144531,3.723901015951875,0.42076730302638676,0.04656977429986,0.9479927062988281
2b9a,10.206405067443848,4.715358717964448,0.4968888915860854,0.05493459259159863,0.9455751538276672
2baj,21.91479606628418,4.316732678633325,0.5141331410443117,0.0006750992761226371,0.9802502036094666
2bak,25.136782264709474,3.9552380005031487,0.4424522438019383,0.005012735980562866,0.9768776416778564
2bk3,10.80375690460205,10.386602265368857,0.4579019075470453,0.06656670719385147,0.8462112307548523
2bu2,19.09680595397949,3.806283918736517,0.46555594612304113,0.04118515625596046,0.9648075461387634
2bu5,32.11686668395996,3.1970627372059814,0.5257180642097768,0.0,0.980414867401123
2bu6,36.77400131225586,3.504040897779953,0.5288850992301951,0.0,0.9747976899147034
2bu7,10.26430253982544,2.8683465014874185,0.46427179113953543,0.1176755115389824,0.9737067580223083
2bu8,25.324888610839842,4.340908982885144,0.42544434138959997,0.0050420168787240986,0.9718758821487427
2bx8,20.771261978149415,5.4107362483343,0.5180049390839057,0.0,0.7856322765350342
2bxa,15.549727630615234,5.9012857425322895,0.5323948340398713,0.059779929876094685,0.7308584213256836
2bxb,21.059795379638672,5.820483060775235,0.47581204768992047,0.0037329693557694556,0.758928096294403
2bxc,24.816487121582032,5.065685047125585,0.4868240208246754,0.00023150106135290117,0.741558563709259
2bxd,21.931877899169923,6.040960812414662,0.5135912396448542,0.0016601192473899573,0.7403421878814698
2bxe,7.903315544128418,6.204676853773407,0.5887215920201718,0.2435847446322441,0.7696659922599792
2bxg,7.5810898542404175,5.115427937085526,0.5064825731588617,0.38766795098781587,0.7623272657394409
2bxh,10.428251457214355,4.232397668166223,0.5088898704373134,0.21966384053230287,0.7937848329544067
2byb,12.236549949645996,9.276602451661013,0.4413325291036817,0.08535969220101833,0.8306869149208069
2c65,11.846135425567628,7.918031182479436,0.42158398500101607,0.08459814563393593,0.8135213494300843
2d5z,1.6114758014678956,5.512272862029997,0.541215890917219,0.6813766360282898,0.9011718153953552
2d60,0.9855070948600769,7.065021959167552,0.4135935703805022,0.7804722189903259,0.9455408573150634
2f7i,7.82055253982544,4.818855277054435,0.4073186932127787,0.0858301892876625,0.9434748530387879
2f8i,14.291503524780273,4.2723325187447205,0.3979581504115804,0.02709381878376007,0.9351240515708923
2fap,5.271521759033203,9.456852499095344,0.49340878126143234,0.3066840708255768,0.9309900879859925
2fbr,9.27858371734619,9.826687972658506,0.3876721187442236,0.06538790613412857,0.9475425124168396
2fhy,8.8328462600708,5.9356749066896795,0.5056753034596,0.22142842710018157,0.8513272523880004
2fie,12.248344993591308,8.069692742707911,0.49932930754179494,0.04010439339326695,0.8999736547470093
2fix,13.16112232208252,7.01501158336365,0.49304254323521607,0.056680083461105826,0.8872713327407837
2fky,14.055802154541016,3.674594536384258,0.45999445199572564,0.04025353228207677,0.8243881702423096
2fl2,17.554216194152833,3.759692069770142,0.4373263218443284,0.051358587201684715,0.845787513256073
2fl6,14.997244453430175,3.920543470573604,0.43969146158349687,0.0769063800573349,0.8486193776130676
2flm,11.727536392211913,8.028986693628216,0.36464678395789746,0.045316812582314014,0.9517202258110047
2fqq,11.306057167053222,6.852461130255046,0.4647452522363758,0.05871119648218155,0.9667673707008362
2fsz,11.51060085296631,4.849933023736312,0.5395971163596787,0.10879114493727685,0.9230843424797058
2g1q,13.329186820983887,4.056293507811763,0.46213503152490387,0.02897143717855215,0.8522728681564331
2g5u,4.983406591415405,4.617856952247019,0.37140648964051126,0.10963591560721397,0.9474023699760437
2g9k,7.5107855796813965,5.3115456023571195,0.3436739440339289,0.05723300650715828,0.9472882628440857
2gab,8.949411582946777,5.088016574517417,0.3738837785325641,0.08515698909759521,0.9422930240631103
2gm1,14.924459266662598,4.056459198646015,0.4973814113622986,0.05594438835978508,0.6717931389808655
2i7n,12.697511959075928,4.0206687297869,0.43507296076659,0.06116167642176151,0.8988227367401123
2i7p,19.960159683227538,3.688981550922749,0.42814769949938175,0.025699454289861024,0.47696401476860045
2ica,17.87912521362305,3.057646303775596,0.3743402214595446,0.01898842412047088,0.9713456153869628
2ieh,18.99323081970215,3.2628373310909438,0.2988066394487951,0.03802808449836448,0.8398229598999023
2jc9,13.926865768432616,4.0780108722493775,0.4637116791033493,0.018604141200194137,0.915709626674652
2jjk,21.940295219421387,7.585114783780959,0.4565303732474752,0.03173584084142931,0.8430563926696777
2o7n,15.196609115600586,6.493564792264965,0.4498871629834958,0.022836941294372082,0.9760605096817017
2o8b,23.12654628753662,7.3274566855258625,0.44979438072513084,0.008528138510882854,0.7015643000602723
2o8c,27.831511306762696,6.884678392826041,0.44199756041179883,0.031379214860498904,0.7005023002624512
2o8d,24.92059440612793,5.618261558043843,0.4046049498755043,0.03799331588670611,0.682163393497467
2o8e,44.165784454345705,4.081863942019523,0.3795837425290189,0.0,0.7161078333854676
2o8f,37.62275619506836,5.878593072408643,0.4606309576261124,0.0,0.6949031710624695
2onb,15.667278480529784,4.1220755463316205,0.303919755605837,0.10931410044431686,0.9479205727577209
2p55,19.495998001098634,4.594785394544503,0.37624330131730055,0.0,0.9433541297912598
2pg2,16.18160285949707,3.481410469164113,0.3677300589124507,0.05940565802156925,0.7974252700805664
2pio,9.55717887878418,5.783424064107703,0.5810708941295545,0.07817309647798538,0.97736496925354
2pip,11.480091285705566,2.9794405341041084,0.3845382232388708,0.07910052575170994,0.9828014373779297
2piq,10.871128845214844,4.030923306675101,0.4337541840834912,0.09383736699819564,0.9830009818077088
2pit,12.293035221099853,5.687180716158095,0.5073991334789927,0.07288544997572899,0.9784997344017029
2piu,12.008035469055176,4.837870457056662,0.4967389480243673,0.09971726536750794,0.9676141977310181
2piv,8.936891841888428,5.545327906239087,0.3722959796313458,0.07187277190387249,0.9816537261009216
2piw,9.078005409240722,5.562776843900549,0.4544393097703289,0.09374694526195526,0.9673660516738891
2pix,10.788291931152344,6.321209445762933,0.500087717497328,0.09670592918992042,0.979706609249115
2pkl,11.925829124450683,6.129185293658192,0.48812811883109575,0.08318823819281533,0.9901156783103943
2q2y,15.731277704238892,4.2764903798238105,0.4216428275905475,0.06593443788588046,0.8408825159072876
2q2z,17.111404991149904,3.021071997906681,0.4295517182422876,0.08387232385575771,0.8230774521827697
2qgc,9.098931264877319,4.291775258230552,0.423089875498763,0.06026765778660774,0.9441970944404602
2qgd,15.329207038879394,3.6072453633092842,0.3738068271617853,0.03430702886544168,0.946748924255371
2qge,6.639819717407226,2.6773466090637585,0.30004327307474515,0.05777945965528488,0.9339496731758118
2qlj,12.095073795318603,4.934246260364818,0.4635712893588999,0.017266982654109597,0.5659914135932922
2qpy,9.240471744537354,4.412080975435444,0.5223573086908483,0.17129649817943574,0.9864794492721558
2rox,21.76547451019287,4.720771490372427,0.2623424581219006,0.03325897906906903,0.9575391054153443
2roy,23.74198188781738,5.183407925544861,0.31383247355427296,0.0,0.9514165759086609
2uyi,11.569286918640136,2.780073574148614,0.4166978081064153,0.04695664383471012,0.820294988155365
2uym,16.05849952697754,3.1072095393093564,0.4226440686200218,0.07881744727492332,0.8491718173027039
2v5z,9.591731548309326,10.310179160998258,0.444436949941237,0.11514855697751045,0.8929938912391663
2v60,10.958060836791992,9.55079385575318,0.4646367167003965,0.07538792118430138,0.8835409998893737
2v61,11.976014328002929,10.62572792781931,0.4724146600716148,0.08103872537612915,0.8468468070030213
2vgb,11.250485038757324,3.9977928844179744,0.4992147694317711,0.14403087496757508,0.6115010857582093
2vgf,9.723324489593505,3.696091411644371,0.48171840060080184,0.1148639053106308,0.60941241979599
2vgg,7.764978408813477,3.970947640751875,0.49562687791144067,0.14900776296854018,0.6074608445167542
2vgi,8.711913108825684,3.654873371160961,0.504226360060253,0.1219847857952118,0.5632843375205994
2vt5,12.278024387359618,5.48881606748872,0.3727554449438551,0.012579619175812694,0.6970168709754944
2wbb,16.109926223754883,5.408784650988375,0.3523601603067759,0.0003187621186953038,0.7235830426216125
2wbd,14.737890434265136,5.467887139715613,0.3506108369499951,0.00040639047947479414,0.7167641043663024
2wgh,23.178210067749024,6.840680815479638,0.5051287612279495,0.01040544342249632,0.6456026792526245
2wog,17.3902229309082,3.33409536982771,0.43517298959747547,0.023070156993344425,0.7430524230003357
2x2r,18.004329872131347,3.6985161046892103,0.41053860291690947,0.029292822163552047,0.7574205040931702
2x7c,14.464750289916992,3.6281197518942014,0.4012858610720539,0.07775941621512175,0.8475693702697754
2x7d,11.131178283691407,3.096884480915017,0.4084134290490581,0.058678260445594786,0.7896949648857117
2x7e,16.3542179107666,3.811664875411566,0.38263425792682665,0.048490186035633084,0.8326695680618286
2xae,12.81268081665039,4.208654912718187,0.5271192756199288,0.040872567892074586,0.7865706205368042
2xcg,12.03838233947754,9.807337613560403,0.42907628012584176,0.05991153419017792,0.9319697499275208
2xcv,16.077368927001952,4.749816415257014,0.3513139798666882,0.02097697858698666,0.8910764455795288
2xcw,23.491219329833985,4.631883747936831,0.40789058565954933,0.030633405438857154,0.8723984718322754
2xfn,8.670137548446656,10.716215493659025,0.4503477665233343,0.08793719708919526,0.9352519392967225
2xfo,10.160631561279297,9.26941378381847,0.3824916824038439,0.06923309545964003,0.9219138383865356
2xfp,10.130473566055297,8.687567571607703,0.42524478400500687,0.08966491632163524,0.9506456136703492
2xfq,8.66695852279663,8.457092906523075,0.4122492417221199,0.0731135655194521,0.9305081367492676
2xhd,12.6461501121521,5.512178571976138,0.382982230255649,0.13062763810157776,0.9405103325843811
2xjc,20.50481758117676,7.261892663967241,0.31424246172647136,0.02348347035003826,0.8716361284255981
2xjd,15.18295726776123,3.8995008181876676,0.3764696915388112,0.010841113468632101,0.91880202293396
2xje,21.897479820251466,3.064127641211571,0.35224127289050666,0.008498969953507185,0.8794592022895813
2xjf,30.303582763671876,6.651836881637254,0.23965594081522307,0.0,0.8211523056030273
2y5k,14.769590091705322,6.506949247826721,0.45550187613674586,0.09025993862305767,0.8507934451103211
2y5l,8.279286766052246,5.985493645039875,0.41203035140030175,0.046971661224961284,0.7092463970184326
2yhd,8.167216491699218,5.9558911901423786,0.5458516303368002,0.16320515125989915,0.9823782324790955
2ylo,10.828993225097657,6.600633348786734,0.42928133589433654,0.0764424660243094,0.9828272461891174
2ylp,9.762542343139648,5.184615607293241,0.485516155248762,0.14051879197359085,0.9788892388343811
2ylq,10.603381538391114,5.3768889765002665,0.42310304069900695,0.13034558538347482,0.9856675624847412
2zb2,10.825461292266846,4.155801681638706,0.45769035793072305,0.07591515779495239,0.6462822139263154
2zmf,17.735090065002442,5.9785065258955425,0.44767308454311544,0.033583343215286734,0.8716402053833008
3a0i,15.658732223510743,3.9892874292422746,0.5343869515587263,0.03429391873069108,0.9622658967971802
3a29,16.393657302856447,4.7714653629268104,0.5467767638865688,0.04702269453555345,0.8721281886100769
3b56,20.309672164916993,3.188576767596489,0.48076369613914466,0.0,0.9481895685195922
3bjf,11.448124599456786,4.965114487654503,0.4667467312195394,0.11824810076504946,0.537371551990509
3bqm,10.285058498382568,5.474107397000701,0.5111697497959554,0.03701820131391287,0.9454507946968078
3bqn,12.717481136322021,6.751715122777261,0.44272479879080173,0.035198808275163175,0.9202495455741883
3ceh,17.297766876220702,3.757646065360034,0.4893934957769477,0.0771581158041954,0.7038538098335266
3cej,15.862317276000976,3.93473799657765,0.5205013389061774,0.072613225877285,0.6910022497177124
3cem,16.75981025695801,3.478891772843549,0.5310479686442471,0.054238171130418775,0.6583922863006592
3cfn,14.616658973693848,3.9751312164209374,0.4274730744099249,0.015019762516021728,0.9444507718086242
3cfq,23.729452514648436,2.7587400128278246,0.4016136046890467,0.0,0.9519337058067322
3cft,22.62044334411621,1.6731260815040607,0.48395749478279126,0.0,0.9560043454170227
3cjo,15.804352188110352,4.4819411954200135,0.5259790273033242,0.07499396493658424,0.8255546569824219
3cn0,6.523990631103516,4.507852494856332,0.36096305264306006,0.10698504149913787,0.9502547025680542
3cn1,8.633534812927246,3.0993813419536176,0.35245852764924623,0.11921529993414878,0.944762396812439
3cn2,9.053531265258789,5.836594159950629,0.44112945030528933,0.024981641210615635,0.9371155023574829
3cn3,16.526685905456542,3.5122513573299736,0.37575579205414605,0.03404188454151154,0.9412890315055847
3cn4,22.404697799682616,1.898064018334583,0.367816207504046,0.002764252491760999,0.9485257029533386
3d2t,9.31139965057373,4.01641063993163,0.4381813010464358,0.05886230543255806,0.9480413913726806
3d83,19.760635375976562,4.385141645624937,0.4689147474046691,0.01436558309942484,0.9827777862548828
3dd1,9.736196613311767,3.5238128458447653,0.4519278129623794,0.09164507836103439,0.7061334669589996
3dds,12.39974536895752,3.7597469173633407,0.48740635750141,0.0969159573316574,0.6920073986053467
3ddw,11.197189140319825,3.604979921884888,0.532474483672474,0.09135686308145523,0.7017471671104432
3dv3,15.689482879638671,3.947718680608596,0.3946749593435489,0.048202167730778456,0.9599093675613404
3dy7,14.961532592773438,4.003288596114136,0.43262881846236406,0.007735885120928288,0.9579414367675781
3dz3,11.716659545898438,7.745022839264708,0.5451174164777235,0.042706391960382464,0.981568717956543
3e2m,11.78791103363037,6.7726626079223795,0.45304050380467037,0.022596724703907965,0.9216725468635559
3e8n,18.43578510284424,4.252224233848025,0.3540184646009533,0.017385562229901553,0.9290804624557495
3e93,24.436325454711913,4.177939303189769,0.45145702799498044,0.007880284823477269,0.9823689341545105
3ep5,15.203396987915038,2.0688584016223728,0.4709637867773011,0.12882012873888016,0.9556917786598206
3epa,9.88114128112793,4.197250747478746,0.5336353766605821,0.14989813715219497,0.971061396598816
3epb,9.292938995361329,4.683226776154791,0.6130509384876298,0.11769960522651672,0.9686591029167175
3eqb,13.21801986694336,4.1498291095894455,0.44788646573629487,0.007142962794750929,0.9664287209510803
3eqc,14.27036418914795,4.180525553679553,0.3742721960687005,0.007014026492834091,0.9583794593811035
3eqg,18.34509620666504,3.9947769945908065,0.42247656395098676,0.020238469669129698,0.9585929155349732
3eqh,16.625622940063476,3.9121541434755294,0.42030025324370446,0.017940254812128843,0.9769819617271424
3esn,12.546715545654298,3.86140258179652,0.4062079586368874,0.05420350953936577,0.949286162853241
3eso,9.284441280364991,4.623996317834198,0.3821804595263962,0.060278679430484775,0.9509883165359497
3esp,20.83856773376465,4.411868734608461,0.42741338682618785,0.024550429545342922,0.9518442511558532
3evj,5.519001293182373,2.2835513248997232,0.34502114487705043,0.280255588889122,0.8512554883956909
3f1o,21.182473754882814,4.921188329169867,0.424239466405737,0.011868474632501602,0.9496663570404053
3f78,17.13262596130371,3.660629179413752,0.5381787680539268,0.06689188729505986,0.9283898115158081
3f9m,19.550911140441894,4.132333443555451,0.49034513637729704,0.012213680241256953,0.963402509689331
3f9n,16.927325439453124,3.8678953232786695,0.46646521969110233,0.00039068046899046747,0.9674677133560181
3fap,6.4894462585449215,10.758952145497355,0.5171660075224672,0.22758670821785926,0.9244200229644776
3fc8,10.744671249389649,6.346991167792787,0.3970058122905182,0.061038218811154364,0.953352427482605
3fcb,9.672927284240723,4.018817603544768,0.39709237907494366,0.032201359048485756,0.9315104246139526
3fr0,17.029906463623046,3.44620840376326,0.5167715071230461,0.05471995491534472,0.9691227078437805
3fud,6.57963924407959,2.8738874236485032,0.46538323712712676,0.10980623364448547,0.9681236624717713
3gcq,18.596059799194336,4.231291290402715,0.40277078599128036,0.014790494460612535,0.9764493942260742
3gcs,15.490062713623047,4.289862767574109,0.4473270563923121,0.020125224208459257,0.9734531760215759
3gcu,16.669293785095213,4.354644629779858,0.5190187332180105,0.07099537912290543,0.9184647798538208
3gcv,13.481208992004394,4.3493656376381855,0.5104999565142375,0.07014657286345027,0.9628594756126404
3gi3,19.69867820739746,4.713342068004008,0.44963744525631577,0.005238225543871522,0.9817844510078431
3glz,20.339126968383788,2.7534361834276013,0.3605581891088967,0.005263157933950424,0.9443296909332275
3goi,17.29749631881714,3.663914180898066,0.4953837155081947,0.011314071144443005,0.966036033630371
3gqy,10.117490100860596,7.716778365500913,0.4898499260403839,0.17108164727687836,0.6398117899894714
3gr4,8.745757102966309,7.531406987227657,0.4413760058176265,0.20897624492645264,0.6838580012321472
3gs0,13.112094306945801,5.529377633602779,0.425552848008098,0.053698663413524625,0.9463667154312134
3gs4,8.930095100402832,6.255301797506199,0.4124407651067507,0.07996719032526016,0.951097846031189
3gs7,22.45876693725586,2.420902422863789,0.37592805766650755,0.00535714291036129,0.9569798946380615
3h0v,11.045644378662109,5.0231681166922515,0.5290920548758242,0.11914065778255463,0.9677201032638549
3h0w,9.955710792541504,5.420868377877563,0.4729767635658259,0.10870686173439026,0.9777012705802918
3h1v,16.10402908325195,4.116929286913063,0.48628028276202606,0.02375374119146727,0.9635811924934388
3h30,2.885390114784241,2.957129130452418,0.5061238816417399,0.3867937743663788,0.7947367906570435
3h6o,13.927120590209961,5.473109519854216,0.48775415387956517,0.06458930955268442,0.6752090334892273
3h7w,13.398963928222656,5.7912492734558025,0.5831458215429924,0.04929648078978062,0.942191219329834
3h82,20.75306339263916,4.301791772880684,0.458912189675811,0.037805337086319925,0.9540892720222474
3hec,17.733606910705568,4.006003709787551,0.4596864156853534,0.01229990910505876,0.9749265193939209
3heg,24.366174697875977,3.7042951017730585,0.39548656610645944,0.0012205291306599975,0.9734012722969055
3hj0,7.380148029327392,4.751765759578143,0.36408510426864815,0.07353236377239228,0.9443550825119018
3hnc,24.84027042388916,7.553551599866935,0.5540040164558142,0.008035104954615235,0.7677548050880432
3hnd,21.120268630981446,6.810245632338857,0.5120180712364031,0.005388177593704313,0.749547028541565
3hne,17.53794059753418,7.375867724788369,0.3918182277028872,0.04380417335778475,0.77568519115448
3hnf,21.943166732788086,7.460161590472753,0.5046261957164421,0.008781581278890371,0.7733097314834595
3hrf,18.189659690856935,3.576642375784293,0.2990370180329331,0.032977635785937306,0.9359246373176575
3hv3,19.333817100524904,4.500831901991103,0.4747138432617387,0.012704770732671022,0.9792097806930542
3hv4,14.855837059020995,4.309436260358249,0.525719346250861,0.0182297122431919,0.9140252947807312
3hv5,16.551717948913574,4.631323178772481,0.47415253282995823,0.04805277858977206,0.9204349517822266
3hv6,14.662719345092773,4.196390765805203,0.46994269880468675,0.06839405074715614,0.9548023819923401
3hv7,17.692667961120605,4.481067343477313,0.5595944258773061,0.04577726647257805,0.9743812680244446
3iad,9.83678731918335,3.72190469311877,0.5336677966474461,0.14384353905916214,0.6758127927780151
3id8,12.520869064331055,4.2563371060435005,0.4809534516270368,0.09390702750533819,0.971124279499054
3idp,14.782444190979003,3.4780984622431093,0.49582217640628984,0.08954998031258583,0.88298100233078
3ifa,21.120551109313965,5.371811887135029,0.4398012024267547,0.009800070169148967,0.7167153716087341
3ifc,18.745777893066407,4.651166955382984,0.48108907591576316,0.01752161458134651,0.744918417930603
3ijg,1.4998516321182251,5.544622126813496,0.41266401181568685,0.6995910286903382,0.9329559564590454
3ijj,10.643818855285645,7.3079974040168265,0.3882884610639815,0.07490617558360099,0.9544374227523804
3imr,7.05192985534668,5.799418237432063,0.3782964365541698,0.09246257022023201,0.9428403496742248
3ims,10.216613388061523,5.189044673743934,0.38830174122465255,0.09989481568336486,0.9404168963432312
3imt,8.92538423538208,5.728687425002292,0.3660164047914477,0.03979745088145137,0.9369393944740295
3imu,8.064315032958984,4.850829854855919,0.43276429327985344,0.05555217266082764,0.9319282293319702
3imv,8.18867473602295,4.023662368351189,0.3347224876499888,0.07590045183897018,0.9385008811950684
3imw,7.66626558303833,4.9495445591272444,0.3488178038942243,0.08199423477053643,0.9522798538208008
3imx,19.74891128540039,3.902125922424635,0.4763237530354374,0.022287825495004653,0.9653789281845093
3ipb,10.375092315673829,11.372865672454012,0.2590649428108346,0.0340002266690135,0.951710557937622
3iw8,20.613915252685548,3.596816109321307,0.5115594300238372,0.04402112923562527,0.9726490139961242
3jvr,15.903089714050292,4.844828780100466,0.35797529549046736,0.03760838299058378,0.9782353639602661
3jvs,21.213694190979005,5.526124892143592,0.399676890611206,0.004268463514745235,0.9747868180274963
3k3b,14.430495738983154,3.637597230754145,0.3843394057308737,0.10598255312070251,0.79788578748703
3k3i,12.971504020690919,3.647204534210129,0.4526794697602824,0.056874112039804456,0.9854669094085693
3k3j,10.34533224105835,3.849714898526662,0.49326226176857874,0.0663917500525713,0.9876228451728821
3k5e,12.599794006347656,3.4744431942373537,0.39408537987871367,0.07707466725260019,0.8805050730705262
3k8s,6.7806483745574955,6.627612956842404,0.5472888123800169,0.12493920028209686,0.7628645300865173
3kbz,14.914351558685302,4.234703805843154,0.4817887503402787,0.11134701929986476,0.8844587445259094
3kc0,13.208090591430665,3.8705613857798205,0.4669600297451787,0.10112470937892795,0.8745998740196228
3kc1,14.702631950378418,3.229988232342405,0.48646309264062476,0.09202272668480874,0.8505693912506104
3kcg,5.0625648858379675,1.7167840584895266,0.3266918713384344,,0.8621898055076599
3ken,18.990604972839357,3.4444536495859106,0.3641290385668551,0.010945729073137045,0.9617135882377624
3kgt,12.590274429321289,2.1299683187094165,0.38686807925636724,0.033809475414454934,0.9511491894721985
3kgu,18.652706718444826,3.854831144049208,0.38392609942327055,0.04614419341087341,0.9506376266479493
3kjf,24.482762336730957,5.660536450727955,0.41512195489690684,0.04609229043126106,0.9565117716789245
3kjn,19.0837100982666,6.200908187191251,0.45269436174209865,0.04231991209089756,0.9525217533111572
3kjq,13.243173694610595,5.339060923167965,0.4473073318047213,0.07686459198594094,0.9423128247261048
3kq7,21.944157600402832,4.358506835551972,0.4712632042318301,0.04186889527481981,0.9780620098114013
3l9h,16.771601104736327,3.863175136576177,0.41841319179876946,0.04395289532840252,0.7750607013702393
3lfb,15.276590919494629,3.6918043154873117,0.5303298014511755,0.02503206320106983,0.9758901000022888
3lfd,17.041244888305663,4.047638258788471,0.5156156223141474,0.020665165968239307,0.9765608906745911
3lfe,17.16102466583252,4.772121161941434,0.46442695957659497,0.023305138759315013,0.9754862785339355
3lu6,5.892189407348633,6.429968542745295,0.5084784648343726,0.3204181924462318,0.710497260093689
3lu7,12.994848155975342,7.270734741480854,0.46370740082449113,0.10741850817576051,0.726867961883545
3lw0,19.150368881225585,4.586645659418795,0.4296317155871213,0.041475138440728185,0.671618914604187
3m1o,22.076051330566408,2.6214051020193576,0.43693943356448345,0.0002816382795572281,0.9442631006240845
3m6f,14.941081047058105,6.128729206143417,0.47612259902183046,0.10199339799582958,0.9829734325408935
3mk6,22.80304527282715,4.333942368316842,0.40823068313246746,0.021804410591721536,0.6123369455337524
3n1v,16.497651481628417,2.763512906615507,0.5040448656583395,0.07874440848827362,0.9519280433654785
3n1w,20.404942893981932,2.704494001739378,0.4718985576945739,0.02667295632418245,0.9794694066047669
3n3l,11.643407154083253,2.8262092550267974,0.36938867688478655,0.06760979772079737,0.9555561304092407
3n45,1.675299620628357,3.348236691475395,0.48434474723149074,0.376320880651474,0.967758059501648
3n46,1.8269088745117188,2.9151916395538646,0.4412346325350012,0.3360092520713806,0.9657715082168579
3n49,19.117184257507326,3.0326661155123467,0.44749567703852766,0.023308812687173486,0.9725278139114379
3n5h,18.560137367248537,3.0806144026286453,0.45687383086687944,0.14256107211112976,0.9537458539009094
3n5j,17.73014736175537,2.5287066488837295,0.4156657547203714,0.134040654450655,0.9519197702407837
3n6k,16.33903865814209,3.1019208073127085,0.26088233542242995,0.05879156030714512,0.9785966396331787
3nax,17.549738883972168,4.205985632132644,0.47383868797395684,0.01983214986976236,0.9711118340492249
3neo,11.110293292999268,2.5181163609808115,0.43238016346593905,0.08387717977166176,0.9595601558685303
3nes,8.136043167114257,2.7401644288756137,0.3704389445638677,0.07064743489027023,0.9402544975280762
3new,8.910541248321532,3.7934558539689567,0.5339901919011929,0.09772270247340202,0.9800150156021118
3nex,8.00285005569458,2.834561724547192,0.3411575660121517,0.08086537942290306,0.9366729617118835
3ng5,7.156277084350586,5.915602401172507,0.32730895025465856,0.1019202671945095,0.9554687738418579
3nnu,21.911103630065917,4.102665588633046,0.4985113401849068,0.004037134704412892,0.9775216341018677
3nnv,19.13544044494629,4.68973359332234,0.48906883017766417,0.002969824825413525,0.9728949904441834
3nnw,22.579581260681152,4.304148215139156,0.49877213311219454,0.010353816696442664,0.976663601398468
3nnx,23.41716480255127,4.656600755790457,0.5182849450152316,0.003836455475538969,0.9792051434516906
3o2m,14.714670753479004,3.4263586255693257,0.4136934886864873,0.016835781512781978,0.933923876285553
3o8p,14.841439247131348,2.872786407244033,0.44176189988487913,0.03656344711780548,0.975278377532959
3o8t,17.06040515899658,3.5249590226019647,0.4522116063485836,0.05142595157958567,0.9699964642524719
3o8u,17.376476860046388,3.600699749789462,0.4569757975492249,0.0462344978004694,0.9700616240501404
3o96,18.582512664794923,3.9588777410456304,0.46246737020655065,0.03102409690618515,0.9632245659828186
3obj,19.289744186401368,3.1803093971333607,0.4686787949283222,0.02027117903344333,0.971305537223816
3oc1,15.255981826782227,2.082166322982787,0.4602090431448466,0.005690260056871921,0.9839772462844849
3of1,10.017335128784179,6.139197533515822,0.460644038894506,0.10133883953094483,0.9091953635215759
3oiv,4.192386817932129,7.320279811578132,0.4418871748593631,0.4215675413608551,0.9726340293884277
3orn,13.709082794189452,3.707566171525169,0.5392896552164241,0.019690760783851145,0.9424767136573792
3orx,10.798062992095947,1.9676514920005932,0.2933515854906334,0.09773784875869751,-39.468755948543546
3orz,13.699050331115723,3.751717312055247,0.5511029203094945,0.0621584452688694,0.5822057783603668
3os3,14.088240814208984,3.97829693499578,0.4126781868510263,0.024853648245334627,0.9417990803718567
3otu,15.592905807495118,3.548152396016622,0.4368323821901828,0.10611583143472672,0.9625409960746765
3ozk,9.059222412109374,5.758112220693274,0.33274190207802107,0.08638523519039154,0.955074143409729
3ozl,16.82192916870117,4.857703061067705,0.4234156792945907,0.035565519332885744,0.9549195170402527
3p3r,22.39955291748047,2.9734124240588566,0.4769465451615363,8.1300811143592e-05,0.9456508755683899
3p3s,18.827004432678223,3.6479916238649737,0.40352170791752157,0.02503851819783449,0.9469371795654297
3p3t,10.600320625305176,3.8646232457778593,0.3782380563844261,0.07472297102212906,0.9514703392982483
3p3u,11.50334005355835,4.480561573449502,0.39335259611502377,0.040702706575393675,0.943990957736969
3pg3,18.130949783325196,3.1371069797914637,0.4747408719222278,0.02327206712216139,0.9777944684028625
3pp1,19.495695686340333,4.044433715033214,0.3414966803174287,0.004181304620578885,0.9455055475234986
3prj,4.138681268692016,3.9874475390056197,0.4581810092495401,0.4290758788585663,0.3979920744895935
3ptz,4.21218843460083,4.084707902736531,0.45579196542853984,0.42446017265319824,0.39920454621315005
3pxf,16.015993309020995,4.121493968606794,0.459024727085332,0.06625458837952465,0.9432425737380982
3pxq,12.071490478515624,3.528489339001446,0.473399151663211,0.15469311475753783,0.9258195757865906
3pxz,13.17176399230957,4.46075077054525,0.38121346096603936,0.056964842788875106,0.9590275526046753
3py1,12.048116493225098,4.208571180235905,0.37974028510484115,0.06587756872177124,0.9597974300384522
3pyy,14.0699613571167,9.337704408725466,0.4508837122868955,0.040403650049120186,0.7298750162124634
3q96,13.344068145751953,8.107900010413285,0.46829227792473543,0.03121600179001689,0.8856935858726501
3rn8,7.839231014251709,7.17961115288183,0.4536597404513265,0.20856614112854005,0.8535507559776306
3rnn,4.951509809494018,4.478626376113643,0.45446451672030086,0.28299713134765625,0.8480435848236084
3rz3,18.782438659667967,6.455938094110074,0.4417734742844061,0.020549900270998477,0.7901020884513855
3s41,17.482153129577636,3.7458539377752276,0.49893474508483376,0.009837950440123677,0.9587974429130555
3sls,13.608700466156005,3.945900412925629,0.47933797197729094,0.03873196691274643,0.8642532229423523
3smq,13.6678035736084,3.860719662453125,0.47064672376446753,0.06267684486228972,0.9623082756996155
3tct,10.732614707946777,5.090178722615435,0.35819470695201217,0.04331466294825077,0.9422047019004822
3u18,8.418734169006347,6.6646441066813935,0.2897342825316804,0.14824329316616058,0.9498147606849671
3uo9,18.544661903381346,3.993567991885585,0.4386116830390735,0.0014126910828053951,0.6404596209526062
3ut3,15.543856239318847,4.97177468223343,0.42870716273924625,0.019512451585615053,0.6106258511543274
3uvv,22.63777313232422,5.530785793055383,0.5270807020729837,0.013777784164994955,0.9545909643173218
3v01,22.0067440032959,3.130832901697775,0.3989672906954879,0.0007368911028606817,0.9424549221992493
3v04,15.21589527130127,3.998934927053206,0.3914776753851951,0.03112034425139427,0.9565122246742248
3vev,23.46585292816162,3.9118657922613904,0.5354909057964681,0.0353658527135849,0.963634979724884
3vey,11.908495426177979,4.171733504176874,0.4577839412271464,0.03181669434998184,0.9703785657882691
3vf6,19.76858730316162,3.9238595727903545,0.5511900395203929,0.012179487198591233,0.9632561087608338
3voz,14.09529447555542,2.929439290181106,0.3738835729950335,0.03413638025522232,0.9541020035743714
3vp1,12.739998912811279,3.5455571676523783,0.40967525815899225,0.05846922677010298,0.9726239204406738
3vp2,27.665939712524413,3.21297713021328,0.4226759098028312,0.006385542452335358,0.9648207783699035
3vp3,22.982568550109864,2.948638121066709,0.4369599608875917,0.005215544067323208,0.9680549502372742
3vp4,26.095378875732422,2.752144062665895,0.433166982954865,0.01439522597938776,0.9716012120246887
3vvh,14.959846496582031,3.9925994554018787,0.4136083454914726,0.02223532274365425,0.7626449227333069
3wig,6.984063339233399,4.474647122513387,0.4977449766736813,0.23631149381399155,0.9196445226669312
3wpn,20.231725120544432,4.142592617613849,0.45120062747111145,0.03814538531005383,0.9540446996688843
3zcw,13.796344375610351,4.13180466796031,0.4147068133442705,0.05985557809472084,0.9345334768295288
3zm9,16.46595344543457,5.2159336938323815,0.40625678397359744,0.02771068699657917,0.862195634841919
3zqt,10.957781028747558,4.866331819227156,0.3968476068534962,0.13310748897492886,0.9792718052864074
3zyx,12.520188426971435,8.596287197200038,0.4477088754187899,0.03995225988328457,0.8843490958213807
4a06,6.088015604019165,4.247478877403694,0.29139862288579726,0.1907458558678627,0.9125629544258118
4a07,7.585520648956299,3.410264658540451,0.3941199391783523,0.223350340873003,0.9399118185043335
4a50,18.05062379837036,3.2994146291291093,0.3653156507340413,0.019020641630049795,0.9436144471168518
4a51,6.512438440322876,2.893112358469887,0.48502351551634393,0.2198016121983528,0.49106815457344055
4a79,10.210826969146728,8.385439026906628,0.43677338115850384,0.05879826322197914,0.824565851688385
4a7a,12.868483734130859,9.661823300220515,0.4250253039731291,0.05451495610177517,0.8821972489356995
4a9y,25.136782264709474,3.9552380005031487,0.4424522438019383,0.004315589251928031,0.9768776416778564
4aa0,25.074237823486328,3.9484886866792737,0.46318732601593393,0.017464035117882304,0.9762645363807678
4abq,21.140040016174318,2.2267656463981855,0.52199111406571,0.014991895854473114,0.9599742650985718
4abu,11.260721588134766,4.773365667859026,0.38749935717158696,0.04544490315020085,0.9534455895423889
4abv,7.609154129028321,4.8411917123349015,0.374467460065947,0.06847145408391953,0.9460291147232056
4abw,18.798264694213866,2.618325701335944,0.3920789007037499,0.0,0.962948739528656
4ac2,8.825372505187989,4.848122892932352,0.38172413779752334,0.040657616406679156,0.9548286557197571
4ac4,19.227925395965578,1.4014033548900025,0.4130395648786028,0.0071658618748188015,0.9467610359191895
4act,20.709568786621094,3.181761421137824,0.46362237058676736,0.06168830990791321,0.9479273915290832
4an2,11.217277908325196,3.9855614950599794,0.4082248869865556,0.025696931686252356,0.9472093701362609
4an3,15.897126770019531,4.210860185454455,0.39467498436692855,0.037288716062903404,0.9579045891761779
4an9,17.128684043884277,4.174046254473924,0.4090937828915186,0.004954238887876272,0.9467633128166199
4anb,16.863136100769044,4.1685679408055645,0.37800004188756775,0.019155342224985362,0.9410793542861938
4ap0,10.486096286773682,3.9015185506989534,0.5281850762255653,0.09177218973636628,0.6084689140319824
4aqh,18.924787330627442,5.914401806401367,0.5267653271949413,0.024354923982173204,0.7948896408081054
4ark,25.236473846435548,3.1668920407821566,0.33825103773668547,0.010817218644660898,0.9295793771743774
4as7,7.9380968570709225,4.2319025626951,0.5221096457765798,0.16790027022361756,0.904472267627716
4aw0,13.351318740844727,3.454861290394889,0.42159690743736417,0.05879409089684486,0.9737374544143677
4aw1,8.245897722244262,3.9597178648836304,0.35625024151840534,0.1447424240410328,0.9351102113723755
4b2d,15.165479850769042,5.971199058870643,0.4496318575974585,0.07802337740431539,0.5913495659828186
4bbg,7.815673398971557,2.5336877353889307,0.4251612453259842,0.15349082201719283,0.92146897315979
4bxn,8.967507934570312,4.425701558956862,0.491643388950207,0.09770467132329941,0.7932129144668579
4bzb,5.811609363555908,3.145675392039979,0.41378611919940367,0.06377717554569244,0.533869206905365
4bzc,4.288098335266113,2.4822019339670236,0.4865561509332218,0.10901523530483245,0.5573097467422485
4c7b,0.12448607981204987,6.581176270447942,0.4116684180122488,0.9320547461509705,0.9820942521095276
4c8b,15.131913566589356,4.658296644184527,0.48159587796808767,0.027061338536441326,0.8269798994064331
4cfe,11.772090721130372,7.8573563323964635,0.4844160819906104,0.03694347776472569,0.6468892931938172
4cff,13.261980628967285,7.3193891954572265,0.5601619526797943,0.07744955833768472,0.6266137838363648
4cll,25.421319007873535,2.3146550137372355,0.49003972264810775,0.007398450607433915,0.91484295129776
4clp,11.18804864883423,3.092360839935926,0.3323300097246252,0.04985476545989513,0.925549328327179
4clw,15.395722198486329,4.428352860069423,0.4205272464770779,0.03863271242007613,0.9423615097999573
4cly,23.714426803588868,2.0538111032271402,0.4500212665896711,0.003500336012803018,0.9075643181800842
4clz,12.367961883544922,3.9261188048286213,0.44018922744560146,0.08173314407467842,0.9074670791625976
4cm2,27.034381103515624,2.7421858628737175,0.5175320709686959,0.004838830325752497,0.9279161810874939
4crt,9.359676742553711,9.800085283401424,0.42927261387424276,0.10266549326479435,0.8494362115859986
4ct1,,3.453371486427971,0.4292681109802648,,0.9718224287033081
4dbn,17.281628036499022,6.334832154969115,0.40219351230960027,0.014586483570747077,0.9134806513786315
4dch,22.859197235107423,4.143384769232715,0.4907969773505945,0.030513259582221508,0.9401104807853699
4der,21.27116870880127,5.1640970875784635,0.40916636610363366,0.022444638656452298,0.9530264019966126
4des,19.133246231079102,5.891050832082934,0.41963757879287583,0.01502137966454029,0.9544384717941284
4det,22.28513946533203,4.627789108072693,0.42119762092583074,0.005741626769304275,0.9523877620697021
4deu,18.21615524291992,2.712092824497213,0.38248073752144096,0.017065390944480896,0.9506000280380249
4dew,23.732907867431642,4.121925470072169,0.38786641899613683,0.0014598540030419827,0.9384389281272888
4dhy,14.453408432006835,4.070439983518599,0.5265805956220531,0.038486836664378646,0.9607166886329651
4dlr,7.066945266723633,5.854208123550687,0.4608754153267311,0.3551305890083313,0.9735791802406311
4dlv,8.802212905883788,6.5189317080236835,0.4387226447449882,0.3027244329452515,0.9741381406784058
4dlx,8.15258855819702,5.077546454267072,0.43115624770941013,0.2986207216978073,0.9739772796630859
4dly,4.736112499237061,5.4105556806972634,0.38550783301756186,0.3840423583984375,0.9671362280845642
4dlz,5.3297483921051025,6.568428911172617,0.3886681787682637,0.37642274498939515,0.967641019821167
4e6a,19.756388092041014,3.4049885789328997,0.36859968940840987,0.004763796040788293,0.9685528516769409
4e6c,21.8581485748291,2.7519662002180794,0.32393748129162925,0.019090259913355112,0.9683112144470215
4e8a,17.008960342407228,3.031924319631651,0.3302493349855413,0.03981793858110905,0.9706902384757996
4ebv,9.775448513031005,3.9976692248046577,0.5448776271806037,0.0922042265534401,0.9699285149574279
4ebw,12.851099586486816,3.5295819066643146,0.5314066785918926,0.03892231109784916,0.9726597785949707
4eh9,13.399488258361817,3.4564145418509638,0.4699241616528463,0.09135059788823127,0.9844382166862488
4ejn,16.05046672821045,4.188568346136909,0.5183697888000929,0.018152874335646628,0.9850412845611572
4ez7,12.889688301086426,4.025279462304622,0.5060241484097844,0.06799749042838812,0.9569066166877747
4fap,6.096535301208496,10.347794214300762,0.48563421187390865,0.2326240874826908,0.9244200229644776
4fc0,14.721247673034668,9.443829311617568,0.4504430880417873,0.060048777237534524,0.9146246910095215
4fea,12.627364253997802,3.2989306060572616,0.4409161566080746,0.11425079703330994,0.7208342552185059
4fi6,12.793839263916016,5.357374671042234,0.33854009109039396,0.0779031828045845,0.9288512349128724
4fi7,11.037973308563233,4.721686938603749,0.4042998803770308,0.1027941346168518,0.9341971039772033
4fi8,7.937312984466553,6.076937151846097,0.28393114615095794,0.08706001490354538,0.9380435347557068
4fxf,8.92485933303833,6.537486277450374,0.5101113953939527,0.1173428624868393,0.5572008728981018
4g0n,4.36773681640625,7.460441047004116,0.5429260315233788,0.32907341718673705,0.9742729187011718
4g1n,18.311034202575684,6.629816253822862,0.49737766942397343,0.024750741943717004,0.6447933554649353
4g8o,16.949742317199707,6.449198608195161,0.42271084139072623,0.004922280833125114,0.6520387411117554
4g8r,20.716953849792482,6.333227648440383,0.3895054320460381,0.006386265601031482,0.8732903480529786
4g9c,14.480139446258544,4.501789628220607,0.45857772845905914,0.04958850629627705,0.861698591709137
4g9r,14.664657974243164,4.004216416375494,0.48526891297962693,0.056296245678095144,0.8382088541984558
4ghi,3.2951293914394784,6.456019454305888,0.5120944753425276,,0.961676824092865
4gqq,10.217120456695557,3.4872802061059445,0.5369988500921383,0.25787338316440583,0.9229124069213868
4gs9,4.236650327863506,4.008949860309904,0.4366083001134288,,0.9504736661911011
4h4b,19.367595291137697,7.114779997019857,0.35730560242024084,0.016580327693372966,0.9142740368843079
4hiq,10.512146377563477,4.1441539726568255,0.33306627354973173,0.06602339576929808,0.9367611885070801
4his,12.972168445587158,4.391082189138998,0.3812780655514688,0.08086179941892624,0.9482051968574524
4hjs,10.483408069610595,4.783002819228987,0.4791477680978537,0.09907400757074356,0.9451835989952088
4hjt,6.920605087280274,7.054603290912965,0.30560264913800306,0.0778556689620018,0.9356260299682617
4hju,7.2668177604675295,4.785262391538903,0.3095876803348288,0.055305199697613716,0.9431441068649292
4hlw,9.50097589492798,5.434083560426039,0.4887241678229267,0.08618003875017166,0.9834383368492127
4hsg,17.680110740661622,3.047157626569051,0.48266013817108905,0.00879905903711915,0.9606866240501404
4i1r,17.482085609436034,3.4037177693743472,0.577680592081982,0.0062515368219465016,0.9672325611114502
4i4f,13.432652854919434,7.15868029375351,0.5333718662904925,0.03710494562983513,0.9810690402984619
4i85,10.919231796264649,4.756444523932353,0.4265845791659146,0.052724340558052064,0.9350395321846008
4i87,9.351318645477296,4.598979253930681,0.4531747466002562,0.09473310112953186,0.9394129157066345
4i89,13.94881992340088,4.360187131212469,0.3992504058581955,0.029715407453477383,0.9487426400184631
4iiz,11.740574169158936,5.228501143348214,0.3689876897869812,0.041828776523470876,0.9359980344772338
4ik6,10.565088653564453,4.977737186639594,0.3492775976700134,0.04097631089389324,0.9359980344772338
4ik7,11.480460739135742,6.380139874871743,0.34557248336688623,0.03473291508853436,0.9322116017341614
4iki,12.259973526000977,5.292835990459973,0.3138809478000691,0.03369586430490017,0.9322116017341614
4ikj,8.163199329376221,5.419000273916283,0.392407206785795,0.04879883751273155,0.9419147610664368
4ikk,8.330228996276855,5.14701353352333,0.3820086029037549,0.051251111552119255,0.9419147610664368
4ikl,8.276855659484863,5.427129878584284,0.3876058394739161,0.04674323871731758,0.9419147610664368
4io8,14.36823329925537,3.605677892707299,0.47182211857043754,0.006319171306677163,0.9731967926025391
4ip7,8.538470935821532,3.777293236118586,0.5459363984746022,0.09297323785722256,0.636424720287323
4ise,19.3686279296875,4.0926905287330175,0.5031444766300195,0.015052190329879523,0.9645245909690857
4isf,17.223784255981446,4.063471531924074,0.5436575964011557,0.010225140489637852,0.9605738878250122
4isg,18.650552558898926,3.492287230062993,0.47599657123089034,0.027010289393365382,0.9591591477394104
4iwv,13.973206329345704,4.001614242124652,0.505024825721397,0.04516834276728332,0.9740072607994079
4ixc,16.564712905883788,3.4962413500447305,0.5289262298535568,0.02205804376862943,0.974372410774231
4ixd,16.453179359436035,6.642566813040197,0.40328021651182205,0.028239579871296883,0.9756200313568115
4jvg,20.07652053833008,7.81049540326609,0.46274927010388806,0.026816727593541145,0.701220428943634
4k5y,13.223388481140137,3.507244246276579,0.3539008362061769,0.06376088298857212,0.8375086545944214
4k7a,14.19735507965088,4.187380006326993,0.452211739305854,0.06585606411099434,0.9865494132041931
4ky2,8.648545265197754,4.478506559058314,0.34679098669509506,0.088785832375288,0.9512532472610473
4l1s,,,,,0.9075652360916138
4l1t,10.030307006835937,4.146683205589886,0.41221288768872366,0.08479158058762551,0.9425381779670715
4l3q,20.424827575683594,3.2173754807861927,0.49977710215510207,0.0072966125328093765,0.967136287689209
4leg,23.71701774597168,4.139250769347622,0.303968157217119,0.03215862677898258,0.9736981987953186
4lmn,17.7146858215332,4.540527043385807,0.37891248901857266,0.016156682930886745,0.9388544797897339
4lpg,18.298291397094726,3.6786376011812036,0.3830691311316617,0.08967661885544657,0.9526946306228637
4lph,18.48771162033081,3.1167213664964852,0.4518758664411296,0.02392153739929199,0.952636456489563
4luc,14.318411159515382,5.612811293806597,0.35499545882876277,0.1789263054728508,0.9045666337013245
4lv6,9.605806636810303,5.740183257265923,0.41001029289579716,0.16419733166694642,0.9371072888374329
4lyf,3.160391374991354,6.251872348010378,0.4343307891764424,,0.9347260236740113
4lyh,3.7158436042422816,6.765422925451536,0.4213155614263184,,0.9173298954963685
4lyj,10.58712978363037,6.318986386943642,0.4262512641482509,0.115785763412714,0.9648263454437256
4m0y,13.330346870422364,6.216740741607047,0.44300477325120147,0.0834817796945572,0.9542205572128296
4m0z,3.1602442494123855,6.544419514390718,0.47831613047076066,,0.953124213218689
4m12,3.5097993933584535,6.571972209333579,0.47900150354117377,,0.9795688152313232
4m13,3.2828301805062727,4.932011275170895,0.5159508412955907,,0.9787593007087707
4m14,11.140935516357422,7.179072046011115,0.5014529995352663,0.1149846337735653,0.9477860808372498
4m15,10.457821083068847,6.879660376616886,0.36611909568905515,0.11629296168684959,0.9476895570755005
4m1o,3.7936187354618065,8.131766680503898,0.519511783035944,,0.933690869808197
4m1s,3.836508411881038,7.333809064753966,0.4323144001422352,,0.9366835951805115
4m1t,3.728115898724611,6.553000412226588,0.4358212721249659,,0.9293667554855347
4m1w,8.290692996978759,6.186299203438759,0.31853036694189973,0.1463080294430256,0.9131234288215637
4m1y,3.6047467246959095,5.7460570768786265,0.45160336456939526,,0.9288419127464295
4m21,3.9707687830675638,7.11608592905894,0.45701073744199033,,0.9191533923149109
4m22,4.053289246559143,6.6926168443832825,0.48646649353325966,0.21499627977609634,0.9270178198814392
4mas,5.159299707412719,5.054932634725644,0.3589197319007039,0.10573044046759605,0.9474023699760437
4mdk,15.356472206115722,6.27866799208963,0.3863989875920097,0.05047050374560058,0.7354897618293762
4mjo,10.069983768463135,6.918682171791476,0.38372966080412174,0.021870236680842935,0.7215928316116333
4mle,17.426452255249025,3.244672866866793,0.5323210595207958,0.007973914878675714,0.9630102753639221
4mlh,13.793832492828368,3.276627339392931,0.5112856761705828,0.028605776838958263,0.957178270816803
4mne,15.527747344970702,3.7864323618501885,0.48786238353702266,0.026556768792215735,0.5529158115386963
4mqt,16.692992782592775,3.21312747158657,0.4325196399185171,0.027454569144174455,0.7821450114250184
4mz7,13.43000774383545,4.389740790473486,0.34779708597642905,0.04332319628447294,0.7258786082267761
4n5d,24.595684051513672,4.830656446592064,0.3774121606566012,0.005738007521722465,0.8828633904457093
4n6g,17.896808242797853,5.7720869278121345,0.43639720298466633,0.004769482091069222,0.8634930610656738
4n7j,23.24255027770996,4.980260706180725,0.4347871680001642,0.0021612504380755125,0.8634930610656738
4n7m,24.6241548538208,4.881985230966377,0.4482423785734461,0.007388366805389524,0.8634930610656738
4n86,7.655038070678711,1.965414206232308,0.33993751871136224,0.1352231450378895,0.9354590654373169
4n87,11.041502380371094,2.52271230619217,0.3451857792144724,0.05315479498822242,0.9360491275787354
4nbk,26.377900314331054,4.1379512849574445,0.4741373158046347,0.013982093264348804,0.9026558995246887
4nbl,28.155164527893067,5.376187943740735,0.4531369220859318,0.00486875728238374,0.8724847078323364
4nbn,28.64338264465332,4.44359071426837,0.4503347268253674,0.0076327614020556215,0.8700125098228455
4ni0,1.3363495111465453,7.003220939764136,0.41210333922702685,0.7339811801910401,0.9799297451972961
4no7,17.489913177490234,4.093544797509496,0.5489012839902141,0.031828210689127445,0.9655974388122559
4oya,,3.4904014367194556,0.5115253925006752,,0.9774462699890136
4oyb,,4.25204856538659,0.5120709159249153,,0.9724140644073487
4oyi,,3.863248887642603,0.5154910893641993,,0.9771849393844605
4oym,,3.4393129416870662,0.5086702722831575,,0.9798473119735718
4oyo,,3.2743200597095283,0.5134501832296017,,0.9690357923507691
4oyp,19.69769287109375,3.1333081098332944,0.5242734291837644,0.0006666666828095913,0.9594339013099671
4oyz,16.85411682128906,2.2890995566976726,0.46820410051396577,0.009581080172210932,0.930792260169983
4oz2,15.204443073272705,3.3517319580098666,0.5566816501648291,0.0587998703122139,0.9693688988685608
4oz3,,3.516569048030065,0.5499703598178488,,0.9756973147392273
4pa0,17.130852890014648,3.9803431380413437,0.49301410887486574,0.03145301714539528,0.5827217817306518
4pcu,6.835962963104248,9.102052958721167,0.49884155750920406,0.161800816655159,0.8005812525749206
4ple,9.24841079711914,9.120863232440334,0.42561791843789487,0.09147977158427238,0.6898958206176757
4qfx,4.784540605545044,2.3131497507760748,0.4182075655761686,0.05430554747581482,0.5831555008888245
4qfy,5.26666145324707,2.272819113759392,0.29583755126811623,0.07265132740139961,0.5610543012619018
4qfz,6.212180423736572,1.7701964626034652,0.3778056749493205,0.06441887989640235,0.5749477267265319
4qg0,5.095712804794312,2.1497673842398646,0.3903586024902956,0.08206209391355515,0.5786774516105652
4qg2,5.260321617126465,2.6196750773063724,0.39074545511521996,0.048557407408952716,0.5527393817901611
4qg4,6.536271333694458,2.154635436040969,0.44217705422682735,0.08789894953370095,0.5398819446563721
4qpl,4.209112215042114,5.118542210509159,0.3667094291964859,0.3899112641811371,0.9155212044715881
4qqn,16.501854705810548,3.9534750544985657,0.3878505526021718,0.02215667422860861,0.9455517888069153
4qxs,24.01328525543213,3.3066232465791385,0.41694528403200404,0.05886526368558407,0.9263944625854492
4rer,26.06161003112793,3.860425280837222,0.5330455929219224,0.0037111020064912736,0.7421931028366089
4rew,27.027179336547853,5.539295500296494,0.4546939838404052,0.03673695921897888,0.7532978177070617
4rol,0.9528260231018066,5.475642259389845,0.4940114256550959,0.8096107840538025,0.9455502390861511
4rom,1.0040353178977965,6.367648705752915,0.490207761519185,0.8133511543273926,0.8679077506065369
4rqk,26.240964698791505,4.1860327249177045,0.3998185211243411,0.006379075290169567,0.9586802244186401
4rqv,25.37909812927246,3.6644861746355692,0.2613775955842347,0.009302962757647037,0.9466057300567627
4rt7,28.99468116760254,3.377601276986924,0.37057401994571054,0.007979043817613274,0.907100784778595
4rxa,14.472761726379394,3.6443609923025577,0.39331253871515975,0.01738198837265372,0.9722870349884033
4rxo,11.430331134796143,2.674599315836681,0.4532792974079902,0.021173063945025206,0.5224218845367432
4rxp,12.91777057647705,3.0689050674877305,0.4253931017832885,0.03570513878948987,0.760770606994629
4rxq,11.018684005737304,2.782028826629478,0.3648699356101814,0.051787619665265086,0.7158034920692444
4rxr,13.59422035217285,2.8326198115386507,0.39896958699845886,0.0520655591506511,0.702448844909668
4rxs,11.720453071594239,3.850720369916491,0.38106370703732895,0.05101503506302833,0.7550678968429565
4ryl,12.176089668273926,3.877242701747698,0.44130538190954915,0.016460955678485333,0.9654496312141418
4tnp,4.347510623931885,3.3032459701642494,0.4173476978411144,0.052555883675813674,0.5152811348438263
4tnq,5.0296282291412355,2.535277851196001,0.4326182269865171,0.05558898597955704,0.5292379796504975
4tnr,4.247135066986084,3.0941487767304587,0.44997662276087996,0.034457837045192716,0.5473949611186981
4tnx,6.392689037322998,2.0134614178598937,0.49452146763355886,0.031239256635308264,0.5317225337028504
4tpt,11.77458839416504,3.4417057655392567,0.5143973449377397,0.03970752581954003,0.9367694139480591
4tpw,5.492555653891402,4.427786107266222,0.3336256307149834,,0.936339259147644
4tqb,4.997978156257736,5.3428048338402485,0.37261556569406024,,0.9434033870697022
4tqc,5.781898459146527,2.8489990350524685,0.3437215441997699,,0.9448495507240295
4umx,12.00177230834961,8.577363000103299,0.40235397091036,0.06296769119799137,0.6799837589263916
4usw,21.51760139465332,3.7623152842158127,0.46873272425123824,0.01613833195879124,0.9201853394508361
4uuu,14.022134780883789,6.713568690591811,0.5112333031035112,0.02743373941630125,0.9364579439163208
4w9n,4.2295210540294645,4.830786899172652,0.5272439527138448,0.33720599561929704,0.7000647068023682
4wo5,14.495056915283204,4.070155707603492,0.5315904527961006,0.03213907415047288,0.8906352639198303
4wv7,10.163063240051269,3.5983939906594613,0.4284392571253157,0.11125240623950958,0.8578511357307435
4xx9,15.233327388763428,4.081834767265134,0.4623432388298621,0.008250721538206562,0.9535835266113282
4xz2,10.432387447357177,3.5649672028382797,0.4600345406744578,0.10509725287556648,0.5646081686019897
4ypq,13.156009197235107,8.104866310360666,0.5802178110732259,0.04996291035786271,0.9753445029258728
4z07,12.35929470062256,3.7126219873956314,0.43531500769190645,0.06458021327853203,0.8287800312042236
4zht,13.19141845703125,2.708453218981072,0.3362860216969657,0.05899861305952072,0.5161565661430358
4zhx,17.848920631408692,3.925632514042406,0.5551527827445666,0.035839540977030994,0.5972248315811157
4zji,13.28141918182373,7.136562460609566,0.557485617533145,0.022148755518719553,0.6625558495521545
4zjj,13.371729850769043,7.92352125890334,0.5740615008836653,0.022460220940411092,0.7141321063041687
4zlo,14.309023475646972,6.813120602947532,0.5647553557222266,0.016464673590962774,0.7914421319961548
4zsg,,3.269002412227646,0.49691752627060515,,0.9819823145866394
4zsj,,3.114195824965154,0.4974418749263947,,0.9807672023773193
4zsl,29.36696586608887,4.316249386769197,0.4532211085692505,0.002206164394738153,0.9788930296897889
5ack,12.011679077148438,4.11745207386607,0.3963849199162438,0.10881399698555469,0.9599181771278381
5afj,1.9332504987716674,6.386685224616942,0.5357733139671691,0.6250890731811524,0.7469197392463685
5afk,7.367319965362549,8.032052742334143,0.5019520289169723,0.12162527330219745,0.8173929810523987
5afl,10.081036949157715,7.976945832201525,0.4969034660091188,0.11480264831334352,0.8197160720825195
5afm,1.3926411151885987,4.6920783082249695,0.4573062598201201,0.6723551511764526,0.7714315056800842
5afn,4.751844191551209,6.63877869807101,0.5051907953770637,0.3764695793390274,0.7737086892127991
5ao0,11.270936203002929,3.2909694700694145,0.4196149791451159,0.02630991190671921,0.845989465713501
5ao1,5.554308891296387,2.668406921302778,0.394832451093012,0.08896951526403427,0.670977509021759
5ao2,8.732287216186524,2.2511566201947995,0.33662842775936735,0.12238778322935104,0.6571755290031434
5ao3,11.286910152435302,1.607652084614021,0.37851275771412773,0.1459171824157238,0.5553623616695404
5ao4,10.796234893798829,5.131806276740727,0.40203520355492195,0.12372834272682667,0.5553623616695404
5btr,3.6076332449913027,5.184606779934759,0.43355041041542747,0.6788130030035973,0.7727855443954468
5c4o,19.67929286956787,6.857086727453395,0.5016215192754506,0.008002679998753592,0.9774592638015747
5c4s,20.379410362243654,7.220790107185053,0.5400439230068449,0.018335013487376272,0.9777456045150756
5c4t,24.504166412353516,4.842923611813288,0.5555516273056739,0.01056296808528714,0.977449631690979
5c4u,9.971102333068847,6.848603791615797,0.5960375098171857,0.042634524405002594,0.9822619915008545
5cgc,8.936823463439941,6.4713008489967,0.5101276108133408,0.19256834089756011,0.91471186876297
5cgd,8.069100475311279,5.217644792194503,0.5135371848290815,0.19431245028972627,0.914371383190155
5cxv,18.206297874450684,4.2889977872229395,0.3665093050391764,0.04778911820612848,0.900706684589386
5d0r,15.761783027648926,4.226720027865378,0.5047684004193618,0.0332059851847589,0.9731216430664062
5d41,17.00588436126709,4.13452117896344,0.40457766349793883,0.036929572001099586,0.8213645100593567
5de1,15.624820899963378,7.657505701971045,0.41009900103215025,0.03903853073716164,0.6259910225868225
5dgm,19.28733539581299,3.479438140935932,0.4416319271508583,0.0524027478415519,0.9662728309631348
5dgn,21.63253288269043,3.2716995988967286,0.4991619860142603,0.039182466268539426,0.9779987812042237
5di7,8.968378067016602,5.955726586620944,0.5564912373525546,0.15508024394512177,0.8795901894569397
5did,10.645041465759277,5.215381174391444,0.5543430673307058,0.1360813707113266,0.8561966180801391
5die,8.085230922698974,6.725754230215491,0.5560409755676807,0.15976783633232117,0.8758907079696655
5dig,7.689904689788818,3.302278324151382,0.519016344102659,0.13111083954572678,0.8206822037696838
5diq,21.41926097869873,3.289284741974312,0.4182351500379327,0.06551518521155231,0.9682649135589599
5djp,15.743576335906983,3.86050799991377,0.44329140518430626,0.035569435358047484,0.9753530859947205
5djr,13.702155590057373,3.180796115188617,0.45730878262820013,0.007165919011458755,0.9790714144706726
5djv,20.55263900756836,3.917652903908471,0.366509402367036,0.08215606790035963,0.9695138692855835
5dk9,10.466154384613038,7.880476846709873,0.5761081955624642,0.09998291581869126,0.8383561134338379
5dkb,10.848728942871094,7.217865637613613,0.5632633842428032,0.09935937076807022,0.8869833588600159
5dke,8.560646057128906,6.624440558078783,0.5711346694131056,0.09561817571520806,0.9231285095214844
5dkg,11.88876371383667,6.593511097783775,0.5421786724372316,0.10523369647562504,0.8708642482757568
5dks,9.669684219360352,7.4561481816222965,0.5379847120084993,0.10145665481686592,0.8698496222496033
5dl4,11.093824577331542,7.3983806293227925,0.5486516692275415,0.04366740807890892,0.8748957395553589
5dlr,10.844103813171387,5.821788559276596,0.5440275862381059,0.1455093115568161,0.8889854550361633
5dmc,8.73319501876831,6.432397297412026,0.547672187088545,0.10943871028721333,0.8871893525123596
5dmf,10.040501403808594,8.2498105635804,0.5440810645533147,0.10601855721324682,0.8869993448257446
5dos,17.576708030700683,5.601721307245403,0.3095056610743529,0.04149250597693026,0.9500279903411866
5dp0,10.3475510597229,8.683075236053039,0.5600975016700429,0.14634539186954498,0.881546425819397
5dpv,15.597322273254395,5.731235065665929,0.4168480967295167,0.032913706311956045,0.9582356810569763
5dr2,19.155926322937013,5.160542338939406,0.3170732552773267,0.018467395333573222,0.9391040086746216
5dr6,19.983547019958497,5.433496706455917,0.38145601265708884,0.006922018341720104,0.9351250529289246
5dr9,16.54232540130615,6.007992005602347,0.38665152013972737,0.046320639876648785,0.9551404714584351
5drj,9.042104148864746,7.319695444975129,0.5531689349196343,0.16696055829524994,0.8882743358612061
5drm,7.371800231933594,6.310037617475028,0.5494729296210215,0.24177706837654114,0.8836890459060669
5dsg,9.368323802947998,3.8575099870573717,0.4739110739379425,0.10612662434577942,0.8523853302001954
5dt4,15.111648750305175,4.981213083729495,0.2801390586978868,0.04043245664797723,0.9595566511154174
5dtv,9.100391006469726,5.451692864873254,0.571417583718158,0.18505775332450866,0.8553551435470581
5du5,12.556072330474853,5.243391075447098,0.5368132976438444,0.11564476266503335,0.8775829553604126
5due,15.729229927062988,7.2309003053020575,0.492880316281297,0.07105749063193798,0.9167718052864074
5dug,14.158776664733887,7.7697671393015,0.5466635482391353,0.08196715861558915,0.9304100871086121
5duh,18.109370231628418,7.404559629900206,0.5401666910683167,0.040597085701301695,0.9244016289710999
5dvs,9.275045394897461,6.348359591795634,0.5885573193545792,0.18218573927879333,0.9107231974601746
5dvv,9.198859024047852,6.35664403566712,0.5390140280648791,0.1649697996675968,0.9087135672569275
5dwe,10.19736442565918,5.399727572552499,0.5661485347618802,0.16341610476374627,0.859959626197815
5dwg,10.619811820983887,5.687715570510792,0.5527165682878915,0.13444751426577567,0.8302848696708679
5dwi,10.55075159072876,6.292641497691702,0.5811136282296457,0.13994262218475342,0.8570230603218079
5dwj,11.472282123565673,6.492941501565885,0.5931452310250993,0.1382199227809906,0.8779303073883057
5dxk,9.085182476043702,4.943678561041862,0.5590707230531964,0.12966594472527504,0.8757139801979065
5dxm,8.636880588531493,6.208112268086602,0.5775242192510064,0.1266923326998949,0.8591654896736145
5dxp,8.262478303909301,4.944420699836964,0.5657733852643465,0.12744477540254592,0.8930285334587097
5dxq,10.838715362548829,5.0302334888678955,0.5581194713376357,0.11740194335579872,0.8984584927558898
5dxr,7.1151158809661865,6.212837982742605,0.5218877416261012,0.19521793723106384,0.9009652853012085
5dy8,8.210495948791504,6.891405699029721,0.5947559042398817,0.16561909765005112,0.8864803791046143
5dyb,7.566915130615234,7.027643827685779,0.5566517338063633,0.22514067590236664,0.8617871165275574
5dyd,11.938220691680907,7.856247088866043,0.5827743563504586,0.12369507551193237,0.9093067288398743
5dz0,9.478586006164551,6.61790434484295,0.5759932118008824,0.1575470745563507,0.8846566200256347
5dz1,8.256700038909912,7.414481775381164,0.5478359716519,0.1935536503791809,0.8632559061050415
5dz3,9.849830818176269,7.625914770858867,0.5976729932352843,0.12845751754939555,0.8638769030570984
5dzh,8.5830584526062,7.545911230310942,0.5499944949544211,0.1918238267302513,0.907679283618927
5dzi,12.90988998413086,5.2452704164870845,0.5309250069172649,0.08133179696742446,0.8970648288726807
5e0w,8.084764671325683,7.266857817004113,0.520779822386964,0.16459115445613862,0.8868907928466797
5e0x,9.393709754943847,8.36291125402995,0.5676152034000225,0.13069517016410828,0.8846814036369324
5e14,10.744035911560058,7.474097015441155,0.5533292472452167,0.1038164734840393,0.8790843486785889
5e15,11.419981384277344,6.707831008344189,0.554803787026272,0.08663361743092537,0.8840551614761353
5e19,9.326992416381836,5.852503470377888,0.5490762261252471,0.13652998954057693,0.9228377342224121
5e1c,16.589034843444825,6.540087757436906,0.49590002806521766,0.08055898728780449,0.9137479186058044
5e29,1.1853331446647644,6.64415586801565,0.3622089273717071,0.7418834328651428,0.9457743048667908
5e84,13.11639051437378,3.7013003937145497,0.45145311236477903,0.0725798581726849,0.4447228372097015
5ehj,9.241073417663575,3.9102548988888186,0.5130082458221537,0.17792014181613922,0.8675930619239807
5ehp,20.538050842285156,4.370065183102384,0.46705288114169796,0.004729434195905924,0.8791481614112854
5ehr,21.51048164367676,3.687912013601843,0.4840105049618287,0.0034055249532684686,0.8779685139656067
5et6,26.089938735961915,3.7840124839654585,0.35734193466625336,0.0009535319230053573,0.6411451697349548
5et8,19.681023788452148,4.048768417321275,0.3326756441236627,0.011607934441417455,0.9345150828361511
5ewj,5.169317674636841,4.288653679021405,0.472838590385604,0.625471830368042,0.8497081756591797
5ewl,4.911734247207642,4.107033003490181,0.4794591339996629,0.6624004960060119,0.8588481068611145
5ewm,5.194406890869141,4.169414161391513,0.5343705970805147,0.6857632756233215,0.8892786979675293
5ezv,15.990145492553712,3.357547116280833,0.5488925433979277,0.030257331021130086,0.5889604210853576
5f2e,10.302019405364991,7.518814826766786,0.4796382565740963,0.1643349677324295,0.9840226650238038
5f6w,6.405208683013916,3.4102750996543123,0.4335763453196027,0.21233095973730087,0.9734395384788513
5f6y,9.893770790100097,3.0993045977245233,0.44422218539299685,0.0693944476544857,0.9764230370521545
5fii,7.662792301177978,3.3198635497757834,0.5446279260713471,0.030785128008574247,0.82191960811615
5fm2,36.6813419342041,3.2411675907420596,0.37757958078499776,5.938242538832128e-05,0.9633931994438172
5fm3,36.00190124511719,3.7996406673101837,0.4317357363240104,5.9031875571236016e-05,0.9633931994438172
5gre,11.465270900726319,2.9698320788160855,0.46621405478480354,0.12554899118840696,0.8943824291229248
5grf,14.899357223510743,3.6540653604674995,0.43131951474316327,0.07038157627684996,0.8934147357940674
5gri,10.581489992141723,3.004919790381752,0.42287024291006164,0.21544975228607655,0.8931226611137391
5gsa,25.94569511413574,3.1823850426103486,0.3708793830766702,0.004271382978186011,0.8671371936798096
5h08,17.25638427734375,6.950327860773454,0.5337317394489393,0.03984927721321583,0.9764888763427735
5h13,30.049202728271485,3.653582385143939,0.3789877212306961,0.016392525291303174,0.9501978039741517
5h14,19.363013648986815,4.3642078669774795,0.42655915314820003,0.018363206600770354,0.8466033458709716
5h15,17.474178314208984,3.9150856046062166,0.48222005186322925,0.016317131370306014,0.8587352395057678
5h17,22.213503456115724,3.8760513265375813,0.4136329550486562,0.015368770901113748,0.9603769183158875
5h19,28.958734130859376,3.9780240009637,0.4404302719922442,0.008045290969312191,0.9734785079956054
5h24,28.92004280090332,3.270768995873449,0.41268851448070026,0.008098357281414791,0.874334180355072
5h25,22.569728469848634,3.073538947232658,0.4148003095004741,0.008042681345250458,0.8799037098884582
5h3q,7.174615097045899,4.131597065257442,0.5576656483024085,0.23516648411750793,0.9798081278800964
5h8h,15.68078670501709,6.667851800919081,0.5480595515200368,0.023072677850723266,0.9635481357574462
5h8q,14.656851959228515,6.582601418847508,0.545461749055536,0.027900080033577978,0.9618379592895507
5htb,13.355823516845703,3.726625714983201,0.4136903461136133,0.05039514973759651,0.9777406454086304
5htc,18.455130767822265,4.227610628743472,0.3505242587043671,0.04044739454984665,0.9695114731788635
5i2c,19.320937728881837,3.612161180938064,0.5580357574057555,0.0005395246262196451,0.6886839032173157
5i2k,14.75475196838379,7.209555791916226,0.5486690735882138,0.03180148898391053,0.9654544711112976
5i2n,14.902455711364746,7.898756056222814,0.550518097641377,0.026542021613568067,0.9607604265213012
5i73,6.5760657787323,3.9567473983184582,0.2547633771447412,0.4941281795501709,0.6983887851238251
5i75,7.8268866539001465,5.117395078699582,0.27620141421048533,0.48839353322982787,0.7139437913894653
5icn,6.64111442565918,3.74601407397373,0.28797681159345145,0.1638629615306854,0.6963577270507812
5ikp,17.76745014190674,3.2557414154114617,0.405574186489444,0.08359016329050065,0.8830847859382629
5in4,13.882439231872558,4.602260131393163,0.4145888212335779,0.06158876419067383,0.6138804078102111
5iv3,14.04804744720459,3.5010806840914936,0.39068201555666826,0.034562939405441286,0.9527717590332031
5iv4,15.246535873413086,3.915426071344439,0.5711329344334611,0.008829744576360099,0.9619662165641785
5j94,23.910463523864745,4.8679241853109145,0.3135682295179046,0.029019035026431085,0.9736981987953186
5ja0,14.82658519744873,3.817573153148767,0.45089687559734914,0.08238364825956523,0.9596600294113159
5ja7,18.803366661071777,3.4365649483760996,0.3280827674065725,0.027085172617807983,0.9450371026992798
5juz,8.809516382217407,3.2468964142093086,0.4244116506354756,0.23442358849570155,0.9460537791252136
5jv0,12.259331512451173,4.368252352167647,0.3793965384337946,0.05895550772547722,0.9363965153694153
5jv1,10.748565673828125,3.868271236894105,0.5016477576801279,0.05066999418195337,0.9595820426940918
5jv2,14.49665126800537,2.4282669976373414,0.3418723611323664,0.07427824884653092,0.9433807492256164
5jyo,25.728146743774413,2.9187872634460503,0.23454734741306957,0.01078152284026146,0.5710081577301025
5jyp,25.604259490966797,3.8502531662897184,0.3413823159359346,0.008087604492902755,0.9727683067321777
5k11,15.48033790588379,7.7309885691392255,0.3732401576877323,0.022450972441583873,0.6811523556709289
5kcj,13.721544933319091,7.285213273448285,0.5427993608892769,0.05151439104229212,0.9617762565612793
5kcv,16.887570190429688,4.505762310649151,0.4910932209693676,0.006977040716446936,0.9753729939460755
5kdq,0.9325484275817871,5.941376418441856,0.36866362943635106,0.8060370087623596,0.9535871028900147
5kdt,17.038321495056152,6.64283296450156,0.5179644216453262,0.042946241423487665,0.9539158463478088
5kkn,25.78263931274414,3.3939863740938003,0.4928804990233268,0.007446631882339716,0.8141057610511779
5kqd,19.11405029296875,4.452837820452783,0.39062974904875025,0.010046494053676724,0.9335891246795655
5ksi,1.119400179386139,7.274759821147578,0.38739037577409885,0.7861885309219361,0.9379303693771363
5ksx,11.835372257232667,3.8187960078525576,0.41108770249312404,0.12301403284072876,0.9316565990447998
5kw2,20.870557403564455,7.779452883338733,0.41519306660329464,0.0036357408156618477,0.9543738245964051
5l57,12.431961250305175,7.833608461489734,0.4260488932799186,0.0630300935357809,0.9618449330329895
5l58,15.074405479431153,7.762519338398332,0.434590866121822,0.09142592698335647,0.9645849585533142
5l7i,21.71377830505371,3.1157213946306754,0.47873265260233006,0.3071014702320099,0.8938456177711487
5lge,17.99037609100342,8.364121471178432,0.43337568790611664,0.04824707731604576,0.5091304063796998
5llm,12.845868110656738,3.6429233688306297,0.5351132116832079,0.0963224908336997,0.9503983855247498
5lm4,16.313599014282225,3.3844132015457844,0.4810675949622131,0.026631743798498066,0.961630117893219
5lu8,14.69284553527832,5.380207389277277,0.35809557621307375,0.2656488299369812,0.9814943671226501
5lu9,12.272908592224121,4.94699940270906,0.3856155499654785,0.2583708643913269,0.9753867506980896
5lua,11.180920886993409,4.596611101151576,0.32104139426972506,0.36901992857456206,0.9548156023025512
5lub,9.994983100891114,4.203843695259162,0.3576200867339559,0.42755851745605467,0.9422471404075623
5lvl,10.563847160339355,3.221806173580036,0.5680977168153225,0.03816454596817494,0.9854238867759705
5lvn,24.19507179260254,3.8044802116879977,0.4430665295748625,0.0,0.9757169127464295
5lvo,15.43460464477539,4.101948621521992,0.3728198128911978,0.1785433292388916,0.9719144701957703
5lvx,12.609630393981934,3.6652869882125736,0.39747906739667893,0.3249096632003784,0.7569699048995971
5lwe,3.4639137268066404,4.4316879599744485,0.5473689098336104,0.40216255784034727,0.7516911864280701
5lwp,20.941420555114746,6.5542087515139,0.47945650379408233,0.007652926637092605,0.9720297694206238
5lyq,10.328679466247559,7.287291761971268,0.5541145697088867,0.04766184352338314,0.9823944926261902
5mju,13.29496726989746,3.556935646577513,0.49923112247006374,0.01982470431830734,0.9694319009780884
5mo4,10.97165813446045,4.266071377866871,0.4660903451282238,0.05399520359933376,0.9638020634651184
5mrd,16.390331077575684,3.474241465264619,0.39759220190636546,0.026593268569558858,0.9650946497917176
5n9r,14.22466812133789,4.361195675036852,0.48150377901391117,0.016628942568786442,0.840474271774292
5n9t,14.376240158081055,3.95360039037367,0.5101599434979924,0.017706844536587597,0.7830788850784302
5ngz,17.53964767456055,4.836742206971317,0.47940470362652093,0.03607106190174818,0.9827825784683227
5nn4,,2.8131154972358243,0.47221702386469766,,0.836606228351593
5o2d,16.41490650177002,6.66327341977517,0.5598307556829802,0.0397080997005105,0.9832468032836914
5obj,14.922660827636719,5.7720637970570134,0.29726265578956945,0.0724443692713976,0.9461792230606079
5obr,12.4450119972229,5.966430602776136,0.46216624316858546,0.10595451931003481,0.981032395362854
5ogc,9.927891159057618,3.7757746998168122,0.4286883233633622,0.19385481774806976,0.7855788230895996
5opk,18.595594215393067,7.391135400015263,0.3778265244310085,0.039857540279626846,0.9073772192001343
5opm,11.256090927124024,6.800580591917364,0.3689102096784154,0.051153790485113856,0.9292816042900085
5orl,6.558535861968994,3.6281930796407074,0.2760720491533861,0.15521983057260513,0.9403237342834473
5orn,14.547949981689452,4.897265357997986,0.29323640841885984,0.049850172642618415,0.9500649094581604
5oro,14.153499603271484,4.444805993957641,0.17962305745044319,0.05446361321955919,0.9154995441436767
5orp,20.06687774658203,5.25760819518931,0.2114070862862013,0.02884551454335451,0.9327361583709717
5orr,8.768414306640626,6.124309926241053,0.20743619003871103,0.19441436864435674,0.9266863107681275
5ors,9.686100196838378,6.303008675926542,0.15250771494053775,0.15451634600758551,0.9012904524803161
5ort,14.570538425445557,6.331244240232446,0.16480602871029223,0.15233013778924942,0.9271074533462524
5orv,10.302290868759155,5.477698318501078,0.21160485084627895,0.20318222492933274,0.9225001811981202
5orw,17.465885353088378,6.846813391053646,0.24476404363913168,0.027520062681287528,0.9439587831497193
5orx,15.852983093261718,5.977540755802383,0.24126813699620872,0.10051020830869675,0.9451605558395386
5ory,8.993030524253845,6.929283824239567,0.14743535253490436,0.14913022965192796,0.911856734752655
5orz,5.891442108154297,6.257962982355207,0.16259534525545163,0.201416221447289,0.920909583568573
5os0,12.339367961883545,6.538902453332872,0.18783008068623025,0.04531870135106146,0.9190753698348999
5os1,7.804752540588379,6.177082322163824,0.2218739134676368,0.1908746726810932,0.9261232256889343
5os2,14.697528171539307,5.8863402051295965,0.19910474990837737,0.08536294847726822,0.9286952972412109
5os3,13.982209014892579,5.374114481260863,0.20621838671908105,0.09753535063937306,0.9390237689018249
5os4,10.135152816772461,5.3622474014261705,0.20537122809070812,0.08063711416907608,0.9098903417587281
5os5,9.826254653930665,6.509555978775187,0.377393021490629,0.16455105748027563,0.940214478969574
5os6,11.425777816772461,5.617188201336138,0.2578379712720278,0.03380054011940956,0.9415846109390259
5osd,9.85235242843628,4.848289418815468,0.3036638836338456,0.21261314749717714,0.9338920474052429
5ose,13.931379699707032,6.125328826760629,0.14910246281815748,0.019163632392883302,0.9159897923469543
5osf,10.904804801940918,6.433274869572289,0.20301472737859597,0.03531696395948529,0.9217736840248107
5pzr,21.487073516845705,7.914548529685042,0.4294003672852438,0.024553847033530474,0.856814706325531
5pzs,21.520591163635252,8.906557360341822,0.4611161580500351,0.022070033382624386,0.8646543264389038
5pzt,12.193261814117431,6.246803512939726,0.39354228525520185,0.011173743050312624,0.6959675669670105
5pzu,13.322445297241211,4.6311350985318445,0.44854187634525405,0.14314338947879152,0.8888232827186584
5pzv,16.71356315612793,4.763511619533508,0.4458964453071367,0.06440134055446833,0.88560391664505
5pzw,16.51742286682129,7.82049369220511,0.449509064048544,0.06225579832680524,0.8579012393951416
5pzx,12.8264404296875,5.838435737046192,0.3906848612088704,0.0073303193639731035,0.7100591778755188
5pzy,11.425475978851319,6.2994792761406675,0.37923687868075107,0.0016989688883768395,0.7265290379524231
5pzz,12.35347671508789,5.982450019041684,0.347571366914608,0.007537322046118788,0.7246916174888611
5q00,10.926859951019287,8.365172629313113,0.38342071578280024,0.006348366406746209,0.7129024505615235
5q01,11.729877853393555,7.13581797940854,0.3852863374839529,0.004219582078803796,0.6942241430282593
5q02,14.17630844116211,6.145106865806788,0.4723037018588224,0.060603938065469265,0.8969773292541504
5q03,12.170814323425294,6.159266239018959,0.3584494349900297,0.0035043208990828134,0.7266754031181335
5q04,9.79803991317749,5.8503396940422885,0.3933962038680208,0.0033269472885876896,0.7224704027175903
5q05,12.981887245178223,6.661182026222347,0.3564326314828448,0.005545809690374881,0.7224334716796875
5q06,13.802957153320312,6.037212270219017,0.48357149897335044,0.04763226786744781,0.87681884765625
5q07,9.449803638458253,7.214883650815304,0.39594606135916316,0.021544596925377846,0.6854865193367005
5q08,12.35805368423462,6.35852737614362,0.3995353101501,0.004587844127672725,0.7116774439811706
5q09,11.74971046447754,7.025554837428193,0.3475808977408791,0.01705394566524774,0.6593579769134521
5q0a,15.931056785583497,5.225253684316406,0.5207165203069847,0.04906308939680457,0.8769327998161316
5q0b,12.976396083831787,6.2185004745528065,0.48869515344952985,0.07116177678108215,0.9006758570671082
5qdf,,,,,0.18140027225017546
5qgf,,,,,0.18140027225017546
5sun,12.334638595581055,6.0141098955110515,0.4137549481115134,0.025619983207434416,0.761540150642395
5svf,14.8284423828125,7.248658974905581,0.4096451184902573,0.033427609503269194,0.5378387689590454
5sw8,20.90456886291504,3.1407373983889375,0.29851417908639655,0.0,0.9070909500122071
5swg,27.471630859375,4.793460548485316,0.55538007740833,0.0322047159075737,0.8965422630310058
5swo,16.5191068649292,6.2462560191111605,0.5211470947655161,0.043082957807928327,0.8762389779090881
5swp,12.231723403930664,4.874309199667442,0.4573149375638268,0.0617076413705945,0.8356151700019836
5swr,19.361948013305664,6.291384046429016,0.3299647167362896,0.042618769127875565,0.8078852653503418
5swt,23.27523307800293,4.280059754581648,0.4562894442097731,0.005247098300606013,0.8706669688224793
5sx8,13.756564044952393,4.65991531056683,0.4963016650027551,0.028459029132500292,0.8605836868286133
5sx9,38.71463966369629,4.602814302762338,0.4574058579814265,0.0006557377055287361,0.855103051662445
5sxa,23.285573196411132,3.7291819357277896,0.296794333714137,0.00226126933703199,0.8601968646049499
5sxb,19.644604110717772,6.689648841372244,0.5067614116888624,0.007583547383546829,0.8367170929908753
5sxc,22.191139221191406,2.816104461018439,0.3244064930122602,0.008567705587483942,0.8258213400840759
5sxd,37.33329315185547,5.752560365460999,0.550477330101003,0.0028864059597253798,0.8216586232185363
5sxe,26.6733097076416,4.394367104729481,0.4619542630764113,0.0026064116507768633,0.9348417758941651
5sxf,17.98662223815918,2.7580925057072685,0.3130824731636992,0.00933710760436952,0.7595660090446472
5sxi,32.570735168457034,6.468068922513311,0.5175702206954325,0.0035545025020837784,0.8032919287681579
5sxk,18.084320640563966,5.287957355109502,0.550524482616676,0.009062858670949936,0.8637277007102966
5t19,8.882148551940919,4.0359837718309,0.4945865718768374,0.24539691358804702,0.95332852602005
5t1a,19.493067073822022,3.76388033639752,0.4494348730026693,0.03997169039212167,0.9629668593406677
5tbm,17.733684730529784,6.251932400058742,0.47877590120274294,0.031881644390523434,0.9585200190544129
5tf9,16.1623254776001,7.137409460237724,0.5115287200083876,0.03643590417341329,0.9279895782470703
5tkb,12.498357772827148,2.8358430098890146,0.4450995756857772,0.15349699854850768,0.677812659740448
5tkd,3.110349230606044,7.308261541849092,0.4801902920006418,,0.9403372764587402
5tp9,16.39822120666504,6.523526179807689,0.5559888493757644,0.02092801676481031,0.9627542734146118
5tpa,13.680898475646973,6.881843730905314,0.5665881083672956,0.026221577636897565,0.9651784658432007
5tqh,10.337898635864258,8.130409700494285,0.3983878314703222,0.04633213058114052,0.5090498208999634
5tzr,5.011854982376098,6.619465706729275,0.4208673607739918,0.31947363913059235,0.8738815665245057
5tzy,16.896970748901367,9.39635819398848,0.42897756922886987,0.10859874486923218,0.9486349821090698
5u3i,0.4590642213821411,8.053813043957438,0.4810960923441499,0.8995049476623536,0.946480393409729
5u5h,,4.46856202566897,0.4325589304897098,,0.9667555570602417
5u5k,19.07643985748291,3.633997723067799,0.5092519294066608,0.027072371682152152,0.9665331482887268
5u5t,15.32709617614746,3.862725184119566,0.4984172795016485,0.04039427526295185,0.8728196024894714
5u62,14.162564182281494,4.073889956607397,0.5201185229153096,0.027764362655580042,0.8661730289459229
5ue4,8.162124347686767,5.7188609877562575,0.4200357678940995,0.2361646980047226,0.9334849834442138
5ue5,5.966828882694244,4.475267144100779,0.26847449739495977,0.30409049391746523,0.7848800361156464
5ufj,1.0642038941383363,7.959400910466994,0.4288181690361295,0.7480549931526184,0.953159761428833
5ugh,9.025954914093017,4.191654992376163,0.5323230346762038,0.056955394148826596,0.7837681651115418
5uhv,6.440882205963135,5.703805125255877,0.3514419323635515,0.4085801839828491,0.9607816815376282
5urj,31.394197082519533,3.4225659572964253,0.5094040562965451,0.0035516393603757025,0.7646611332893372
5urk,24.784895133972167,3.88069597905645,0.5165217714199175,0.001617070264182985,0.7815242648124695
5ut4,13.98221206665039,6.36124342101935,0.5015000191885715,0.008451836300082505,0.9661994457244873
5ut5,17.61886215209961,5.714895553473951,0.4857835472354649,0.005167173157678917,0.951826536655426
5ut6,12.507526397705078,4.662610382184566,0.46171030171577626,0.024810721259564163,0.9738637804985046
5v02,1.3321606040000915,3.501819652365993,0.5299430156208285,0.8594255089759827,0.9437592029571533
5v03,1.1805365204811096,4.112763939276858,0.4151993964882762,0.8691372871398926,0.9343138933181763
5v4w,19.273938941955567,3.3480804792585532,0.4799331341764649,0.03383420240134001,0.9627977132797241
5v4x,19.78275833129883,4.284971960289891,0.5062868220055272,0.01782771022990346,0.9669394135475159
5v6u,18.49388380050659,3.936778209340865,0.3812457938985911,0.012628875521477312,0.8309694766998291
5v6z,17.891259956359864,4.493886724242005,0.4541280126273177,0.009364766534417868,0.7238682806491852
5v9l,3.0160799503326414,7.252036612479874,0.44643179195855376,0.26267205104231833,0.9550231456756592
5v9o,6.569501543045044,9.066205788877678,0.533285341575174,0.26229885816574094,0.9747563242912293
5var,1.165867066383362,4.983632336217869,0.39437346796303685,0.8336514592170715,0.9643245816230774
5vdh,4.616084194183349,4.121746695392229,0.40999774795651167,0.3009872317314148,0.7037557363510132
5vdi,5.8868803024292,4.356697797894671,0.39644120474231687,0.2510054692625999,0.6697161078453064
5vew,12.693561363220216,8.711925946459601,0.38163475129910784,0.05597086623311043,0.8978166341781616
5vex,25.739315032958984,6.160447319555203,0.3919031473290736,0.00010768126230686903,0.8608590483665466
5wdy,17.821804141998292,7.443128439125002,0.46254800778184413,0.030631580203771592,0.847410249710083
5we8,18.50040225982666,7.803911249442043,0.4890653203340237,0.007129363436251879,0.8558496236801147
5wmv,20.411421966552734,9.403154120942101,0.5342596454975059,0.02093349697533995,0.9213621139526367
5wmx,19.906463050842284,7.288070782391604,0.4450894865220302,0.03567994917393662,0.8992556691169739
5wuk,27.14378242492676,3.1736362580804807,0.47883899968744126,0.0005427408497780562,0.9542892336845398
5x0i,8.092653751373291,5.138557405545963,0.4815435277688568,0.1490159303182736,0.5616016864776612
5x2s,0.9056796073913574,4.920908017776533,0.44308028644599584,0.8672369122505188,0.3932392358779907
5x2t,0.8515209794044495,1.8346502654634762,0.47952299995552555,0.8991343975067139,0.3932392358779907
5x69,9.90667953491211,4.213675370024314,0.45077479497962425,0.04981001764535904,0.8100667715072631
5x7d,6.7592918395996096,7.358776862097136,0.5270330890026698,0.29261924624443053,0.9434215784072876
5xez,6.16498122215271,6.68015691306808,0.370082402298952,0.33799743056297304,0.5920764029026031
5xf1,5.3122905731201175,6.36563532065397,0.3994602143807406,0.4573791682720184,0.5689946055412293
5xzr,19.38326416015625,4.184910860626662,0.46241072367514524,0.00010798647708725184,0.9400355696678162
5y2f,14.960161590576172,3.9970667399034134,0.3236214188400343,0.4483068883419037,0.9674389719963074
5ybf,3.3811950206756594,7.27856096037029,0.50599076518557,0.3993011236190796,0.7276505589485168
5ybg,2.333410370349884,7.675405405032802,0.46270242300690445,0.3775455117225647,0.6323025107383728
5yve,3.895665168762207,3.8038242869243333,0.5563060094209116,0.4701717972755432,0.9534648418426513
5yvt,15.715133666992188,3.503893401732385,0.39289363105407094,0.08960232492536306,0.8355560421943664
5zc6,3.824708676338196,4.970294323170139,0.37670808239679887,0.3546126842498779,0.9717005372047425
6b0z,10.373575115203858,8.637853260816515,0.41566091541293737,0.05868663862347603,0.4999435544013977
6b95,,2.965447437817834,0.38018169382391276,,0.9647609472274781
6bbp,21.452771759033205,4.287951636319332,0.4166535673250837,0.012364846107084304,0.9171647548675537
6bbq,17.619098472595216,4.177548374950629,0.3902817955269704,0.015052464255131782,0.899350905418396
6bhv,16.564544105529784,8.759029203619292,0.42354940225385074,0.062431462854146955,0.8301528215408325
6bky,3.6424394130706785,5.401376147509969,0.5475297274498059,0.0473989449441433,0.5554514765739441
6bkz,13.05887050628662,8.71293296985437,0.42483675929259357,0.04347304552793503,0.7318649888038635
6bmr,20.54533920288086,3.286345407746283,0.46850260609476163,0.0001863354002125561,0.8588655591011047
6bmu,20.926712608337404,3.764220013523392,0.43254461087877355,0.004321561381220818,0.9050073981285095
6bmv,26.931215286254883,3.627938102759168,0.4707193796576187,0.0,0.8277889728546143
6bmw,23.419683837890624,2.9656532783873755,0.47848692255342373,0.0018464318942278623,0.90892254114151
6bmx,23.821729278564455,3.3880545952318335,0.43606303886363945,0.0007311451714485884,0.8431268453598022
6bmy,24.315272521972656,3.693091548982842,0.4331957477414278,0.0009384548058733345,0.8909040451049804
6bn5,21.78127326965332,3.4644943267570447,0.40232403661316374,0.020920290052890776,0.8472835183143616
6bnr,0.5145653784275055,7.199911006353114,0.3383380927581905,0.8814356088638305,0.9554343819618225
6boj,7.311563205718994,4.134873583321978,0.5662343306216605,0.16406485438346863,0.6022746562957764
6c98,13.573343276977539,5.824343358515456,0.495120854851619,0.22514750957489013,0.9510565042495728
6c99,12.695312309265137,6.134548047421959,0.4703719853456832,0.45285590291023253,0.9221727967262268
6cjx,4.5275337136375375,5.3107273775176935,0.5016146525552947,,0.8738925099372864
6cmr,,4.205649505338099,0.5270251696058048,,0.9639443993568421
6cms,,4.429585414855928,0.4981845388564031,,0.9618020534515381
6crg,26.44908905029297,3.881432608361474,0.516243091951899,0.007774049043655395,0.8260393381118775
6cwy,0.6596955478191375,3.3637864344731825,0.5202551865602921,0.7543489217758179,0.8321554064750671
6d1y,,3.8408516038667044,0.5264030453990453,,0.9750221610069275
6d1z,13.441880989074708,3.596274122854014,0.5295565938416499,0.1376678628847003,0.9864159345626831
6d20,13.927291107177734,4.622872047458917,0.5463066324054833,0.14573391824960708,0.9854771256446838
6duk,12.510414028167725,3.5383269560309714,0.46632497428167363,0.036240809969604014,0.6182949662208557
6dw4,5.572839546203613,2.7581864555584334,0.44022327914740034,0.0769377239048481,0.5729035377502442
6dwd,1.187117063999176,2.619375676724254,0.47043339491193314,0.2756979376077652,0.7030022740364075
6e5g,7.626740741729736,5.134037730570902,0.4958591285870093,0.1466331288218498,0.8840180158615112
6eg2,20.473940277099608,4.009919773951927,0.46013148084126937,0.010102410148829222,0.952351176738739
6eg3,7.773747062683105,3.5414890136524164,0.4191830946564494,0.07905355766415596,0.9020816802978515
6f7i,10.885837173461914,4.400245480080802,0.4625862638385076,0.1211556600406766,0.8133639335632324
6ffh,7.516342544555664,6.72951292310011,0.3366799845876396,0.20605249255895614,0.9101719737052918
6ffi,4.820313787460327,6.25635957960949,0.3307137347866461,0.26773089468479155,0.8591159701347351
6fhk,12.96895236968994,3.8310244972252256,0.5212654020823035,0.0615808051195927,0.779715895652771
6gg4,11.035552787780762,3.889366671220148,0.4826365012664218,0.01993469810113311,0.5369868695735931
6gg5,10.985997676849365,4.680467981989437,0.5206832555853191,0.04867453891783953,0.5554489493370056
6gg6,,,,,
6h4a,17.092696952819825,4.60838427376104,0.48486888097176195,0.0005964912357740104,0.9776582717895508
6h8r,14.423446083068848,2.9412252530562455,0.4845187818579332,0.006281038164161146,0.9804600000381469
6hhf,18.703837585449218,4.771374873216645,0.4428692298959289,0.02312619499862194,0.9665203332901001
6hhg,16.069240760803222,4.30139342985211,0.4487287118666151,0.02367026749998331,0.969329833984375
6hhh,19.026965141296387,4.173205058004902,0.449795181485216,0.04144330695271492,0.9587894082069397
6hhi,21.25625877380371,4.0845886145461385,0.45019094449325375,0.022624702751636507,0.9627583622932434
6hhj,16.287860298156737,4.753210776223629,0.45186955061925654,0.02184193581342697,0.9725310683250428
6hkx,13.268418502807616,3.2202008494110133,0.5066309485392473,0.09641356579959393,0.8551326870918274
6hky,13.867135429382325,3.592821680453196,0.5184128252793501,0.05217542164027691,0.7853617072105408
6hv0,18.72861557006836,3.52717533660866,0.5136491285444837,0.008229064638726413,0.9752915382385254
6hx1,27.530862045288085,3.9720519666957097,0.552656799705406,0.00311832781881094,0.9714022517204285
6i0m,,3.661352238514456,0.42645214057470976,,0.8341058373451233
6i0o,,3.937354011904523,0.44650319018967694,,0.8190142631530761
6i5g,13.758537864685058,3.1609450143877624,0.4495238534924824,0.02602100297808647,0.7496002912521362
6iik,23.82357864379883,2.9170653168570713,0.505698187952851,0.0026948288083076476,0.7175037562847137
6iil,22.146893310546876,3.006131469812657,0.47051493580632703,0.0034851434640586374,0.7315718770027161
6iim,21.34170036315918,2.92802407082646,0.4151289855100977,0.004348300863057375,0.7511253237724305
6iin,26.22132987976074,3.3128950940923803,0.3925766445498489,0.0016392068355344236,0.8210581064224243
6imx,21.05767230987549,4.83685443212057,0.43258421176568845,0.02551005259156227,0.9325144767761231
6imy,19.918267440795898,2.311262841523264,0.3766758906656045,0.004898331919685006,0.9357338428497315
6kqi,12.268370628356934,6.048634797629626,0.4455671369353067,0.13097079545259477,0.9286097407341003
6kx3,8.941459846496581,6.219772327285575,0.29661432388643705,0.1706109970808029,0.958549702167511
6l57,6.916489028930664,6.153438076993311,0.46810691163283336,0.15597565472126007,0.9420574069023132
6ls5,7.971622323989868,5.642542381800298,0.398355731792153,0.2586467832326889,0.8904280662536621
6mc1,6.300283432006836,5.916657254678205,0.5183800922198667,0.10649852901697159,0.7658546209335327
6md7,27.01923713684082,4.294658884481417,0.473148200620479,0.010061676427721978,0.8428789138793945
6md9,26.606304168701172,3.5946168460487717,0.48425680442376784,0.013838475942611695,0.8534952759742737
6mda,22.077305030822753,3.8555012854287596,0.4530007543440001,0.00013309671776369215,0.8681925177574158
6mdb,24.95760383605957,3.9361888965926086,0.5337751795263086,0.003125,0.8664290070533752
6mdc,26.958443450927735,4.100623566805658,0.42708911714664755,0.0,0.8182656049728394
6mdd,22.205254745483398,2.8719231556675093,0.537012071252378,0.0006586483563296497,0.8765744924545288
6ms7,10.717634582519532,7.2702559957552015,0.5300061992014454,0.08854062259197235,0.981587815284729
6n48,18.67266788482666,5.283829394110912,0.37477825914507923,0.06044505052268505,0.9638441920280456
6ncf,18.06383171081543,7.0004733618549695,0.4458385362703847,0.0034188035875558852,0.5019598722457885
6nn4,,3.735405405474792,0.4611303148978891,,0.541839349269867
6npt,14.536972713470458,3.354019324661105,0.3489416515740773,0.029600492864847183,0.9683193802833557
6nsp,12.708525466918946,4.607633986256788,0.43491386348529193,0.013517327792942523,0.969758665561676
6nss,10.514499282836914,3.6697960827237375,0.5410863871563741,0.03049752302467823,0.9761719822883606
6nu1,10.899645376205445,5.898422485064968,0.48333992811697757,0.109320446010679,0.6037387132644654
6nu5,15.179892349243165,6.48936196134765,0.3809768975808344,0.05000410154461861,0.9374272227287292
6nub,12.585101509094239,5.587672771375827,0.3736274002649343,0.08110604472458363,0.9163963913917541
6nwk,2.7463952419403648,5.858958761711045,0.41941174965374994,,0.987150001525879
6nwl,12.530014801025391,4.3286607042615195,0.41602460600729196,0.22212647050619125,0.987379252910614
6nze,,3.8763144968475394,0.4816520704652354,,0.8995490550994873
6nzf,,4.135135675490632,0.469005140473001,,0.913765549659729
6nzh,,4.668926807006552,0.4263004877780118,,0.9188501477241516
6oba,11.018050193786621,3.396138658756611,0.2912777822440184,0.04662263141945004,0.9574690461158752
6ol9,13.699241256713867,3.7941107147971556,0.4461046521363439,0.043426090478897096,0.9255343794822692
6p1d,10.442966175079345,3.733504465088776,0.4949290991097878,0.07123638987541199,0.6548752248287201
6p1l,14.046340179443359,4.0982208380836544,0.4178914972122163,0.0882187694311142,0.6254261016845704
6p1q,7.198561096191407,5.414642914316728,0.4144991312314663,0.20028842240571976,0.9785284876823426
6p7g,14.099370574951172,8.965802909595629,0.47846283757843855,0.05312477648258209,0.7159679532051086
6p8q,12.582154369354248,3.9244973359388124,0.46964512782223283,0.041594235599040984,0.725852906703949
6peg,16.502528381347656,4.111422664763267,0.33003032200338567,0.04320917725563049,0.9214805006980896
6pf1,19.56108703613281,4.581429182212274,0.4148914208610996,0.01959306625649333,0.8838974475860596
6pgr,18.31859474182129,7.41452283836536,0.4826797171716695,0.04413224384188652,0.9168501257896423
6pgu,17.50502109527588,4.3579787777461965,0.31399511554738807,0.04218353135511279,0.7030628681182861
6q3f,16.834282875061035,2.1162860691090666,0.4886146757809833,0.0020971301943063735,0.9811510562896728
6q49,14.848915290832519,3.8748574447455253,0.5450243224362002,0.028179477900266647,0.9796817302703857
6q4d,7.731853294372558,3.169295365114654,0.3361865392698022,0.2663396060466766,0.8939061284065246
6qce,13.838483619689942,4.005162494722361,0.3768252081804584,0.1845717441290617,0.6929250657558441
6qch,14.732754325866699,4.501657243849337,0.3950594410423762,0.21965805115178227,0.7618007481098175
6qcj,14.301228141784668,4.208862901743368,0.354651209031232,0.13009503055363894,0.7651193022727967
6qcn,0.9419474303722382,4.1566045408115295,0.4479183199451593,0.8829306483268737,0.9590951800346375
6r49,18.775351905822752,4.305070137285964,,0.0550000011920929,0.907594096660614
6r4a,8.832652854919434,3.3446343935611074,0.29853301609289934,0.21453610807657242,0.9134146094322204
6r4b,4.882969999313355,4.572000208990276,0.21503325055171957,0.24949436038732528,0.9086825728416443
6r4c,12.778750896453857,5.0205605367173565,0.18351409144299724,0.10149625316262245,0.9034707427024842
6s9w,19.535778427124022,4.30894804023468,0.44750532655132363,0.017704661306925117,0.9666038393974304
6s9x,19.6907527923584,4.549273629836553,0.4555088076202457,0.018626927956938745,0.9692955613136292
6sal,20.344915008544923,6.767790775831645,0.5581982305632602,0.003988524718442932,0.976620352268219
6sbu,8.77367000579834,7.308997120982326,0.42658852669917946,0.1172090269625187,0.48631214499473574
6sbv,11.432575035095216,6.826639728963306,0.4486921374125945,0.07421462908387184,0.5005614161491394
6squ,,,,,0.892670726776123
6t4g,9.379220676422118,8.06152534182558,0.5445198475108928,0.12966055124998094,0.981499433517456
6t4i,10.073124122619628,7.891998399456597,0.5474686585322585,0.13216723650693893,0.9807633519172668
6t4j,6.771372509002686,7.513712649756987,0.5389344772935638,0.18692637383937835,0.9813026785850525
6t4k,6.829202795028687,7.875651146607059,0.5547648624882958,0.18199302405118942,0.9804241776466369
6t4t,8.33008394241333,7.09687539503693,0.537458026438616,0.14485441148281097,0.9841389179229736
6t4u,10.21519660949707,7.9108323635252535,0.5352988962328601,0.08013447821140289,0.9812407970428467
6t4w,9.748208618164062,5.647121185777371,0.5008467919949139,0.12374837771058082,0.9813230872154236
6t4x,10.55565357208252,7.2691929992056545,0.5436290947755202,0.09221555031836033,0.983346450328827
6t4y,11.733329010009765,7.408416159798536,0.5361897601181155,0.04740654826164246,0.9787748575210571
6t50,10.751777076721192,5.5651441068925545,0.48688291174211384,0.07915828227996827,0.9793889045715332
6t5b,11.427492570877074,6.834262716864299,0.47766858068993834,0.13032455816864968,0.9658562183380127
6t5u,4.396391224861145,6.965204887109872,0.44121409740087375,0.21092694252729416,0.9621100544929504
6t5v,4.259372901916504,6.052512573776946,0.480895031320925,0.20266365110874177,0.9667841196060181
6ta3,5.831072187423706,3.731593554077147,0.48786615314431686,0.24449423104524612,0.9002124071121216
6tam,7.4470305919647215,7.048556657473955,0.48224195784042784,0.15702300518751144,0.9578029751777649
6tan,7.07120589017868,6.707701226664364,0.5036715045988578,0.24404682517051696,0.9664161562919616
6tiw,4.775615262985229,3.608015208815732,0.5072870791754227,0.3742498278617859,0.8912848114967347
6tlm,17.162840843200684,7.1164232403554735,0.530432196945217,0.0215232355898479,0.9671387791633606
6tlq,9.09000825881958,5.442402482824499,0.510935980813255,0.1399935871362686,0.9795364022254944
6tlt,7.192800426483155,7.8600631922117685,0.5629003919842639,0.17863086611032486,0.979492449760437
6tpk,18.418470764160155,2.728610163341023,0.42177389129874937,0.0886783295776695,0.9605810165405273
6u26,,,,,0.6837370872497559
6u2n,,3.1137305374206803,0.5458307712077854,0.0,0.6896163105964661
6u2p,,3.613641226905377,0.5383662892396073,0.0,0.6927342414855957
6u36,,4.175661159170652,0.48599767836503693,0.0,0.5421538352966309
6u38,,4.131342668398511,0.5003704933478436,0.0,0.5210809350013733
6u3e,17.317284965515135,3.7766181418987608,0.4771030597124509,0.01743048904463649,0.8295646071434021
6u3g,17.316910362243654,3.7556757167422425,0.4327335062174991,0.017324697272852064,0.8295646071434021
6u3x,,3.966204360745413,0.5218742220627764,0.0,0.6937813282012939
6u6y,8.844575023651123,4.977745936980385,0.4703328184179908,0.046584238298237324,0.5287935614585877
6ucg,19.441560554504395,6.51368345589429,0.5413415612205561,0.010913512879051268,0.9787280321121216
6uel,18.739948272705078,6.427130357404428,0.4850172481029049,0.017938975989818574,0.5352193713188171
6uo8,3.5926270723342895,4.255807091253974,0.4430018407364598,0.6293121218681336,0.7137964487075805
6uxx,26.155647659301756,2.9048610950709213,0.5637225341414585,0.00012970168609172106,0.8260298490524292
6uxy,27.062746810913087,3.545996376481567,0.5859922289016583,0.00048731076531112195,0.8223812341690063
6v74,7.226101398468018,5.149748972302043,0.4351136145833382,0.16313908696174623,0.6197278141975403
6v75,7.067246627807617,5.35926783378577,0.5055429323252569,0.13078395947813987,0.646302330493927
6v76,9.849608230590821,5.404014544701946,0.4915189514336393,0.12320935782045125,0.5857826828956604
6vbi,14.196541213989258,4.0589660657813456,0.5084704936702471,0.042305092141032216,0.8433764219284058
6vcb,33.08512954711914,6.159617176559361,0.4896693517798057,0.007249119691550732,0.8040520071983337
6vkk,15.160205841064453,3.8997040384627395,0.4297322143206227,0.10793239325284958,0.7630483269691467
6vn2,16.351108932495116,4.062606011284634,0.5114066046405312,0.01907979224342853,0.7080763220787049
6vn3,14.243822479248047,2.9038118655028944,0.5411699529797962,0.01379418047145009,0.7507946491241455
6vn4,17.004324531555177,4.340546367056143,0.48282050014577826,0.015593196384725162,0.8063154935836792
6vn5,11.216359996795655,3.1413050669871336,0.5359277058383658,0.03715872596949339,0.834271514415741
6vn6,11.379473781585693,4.177524240957187,0.5062682484368948,0.05008775796741247,0.7464546203613281
6w2j,19.963032913208007,6.546729346731944,0.5256040672408637,0.03306361059658229,0.5204828143119812
6w30,6.976666831970215,4.052933128378784,0.4046154642832473,0.2575054943561554,0.9604459762573242
6wkz,23.067322540283204,4.9614382599042415,0.4869331740905786,0.019380371499573813,0.8602216124534607
6wl6,22.514126014709472,6.214054973855525,0.49964914725458315,0.0,0.8842653632164001
6wu8,23.352868938446044,3.8481689081283776,0.4484901765694801,4.2087541078217325e-05,0.8262440085411071
6x3u,11.255483436584473,3.767557111139505,0.5321245827991964,0.31982828080654147,0.5784828305244446
6x3x,10.954947471618652,3.2888233023850817,0.5353842977648006,0.2739985078573227,0.5834830045700073
6x81,4.462662887573242,7.837058325094601,0.547519438006908,0.2585813909769058,0.783892011642456
6x82,5.976993370056152,7.823742434466863,0.4819482261202105,0.028897590562701227,0.795244836807251
6x83,2.866473340988159,5.504595807609521,0.490770292109694,0.18882300443947314,0.7192017912864686
6x85,4.799535274505615,6.338244702954392,0.5628686575487479,0.12854754477739333,0.8666884303092957
6x86,5.9012762069702145,8.017668885297685,0.5017986451569135,0.08614122122526169,0.8161602973937988
6xp9,,3.6000493602830117,0.47495973691598004,,0.6690279483795166
6yuh,7.041371154785156,3.647438510478034,0.46948582934836935,0.36406407356262205,0.9588875651359559
6yz4,17.50797004699707,3.8569248601883728,0.44869286901343697,0.06531171277165412,0.9713750720024109
6z4b,13.948530387878417,3.602076198481953,0.46280536899774843,0.0887933388352394,0.7065233588218689
6z88,4.107698583602906,4.741439101261886,0.4605895092351716,0.1696582928299904,0.3584482669830322
6z89,4.885964488983154,3.6369998766842193,0.5086009358611874,0.31753073930740355,0.6944651365280151
6zgv,11.81267786026001,3.4273756096988253,0.5450451602728517,0.04758732169866562,0.849847388267517
6zgx,11.146811151504517,4.049421090043329,0.5083359095944109,0.057953504472970964,0.8312013030052186
6zgy,12.17221794128418,3.623244132634196,0.4802282737587392,0.0712501935660839,0.8757853627204895
6zgz,18.670249938964844,3.8094477722293703,0.5166159662995297,0.037481988314539194,0.8321288704872132
7a2a,12.711200523376466,3.250793150706213,0.4605020799979024,0.06958089992403985,0.723435926437378
7a8p,24.728176879882813,7.466696833200854,0.5157494542320834,0.0014368567033670842,0.9084723711013794
7aia,,2.749105902566845,0.4341168381495509,,0.9218082904815674
7ak0,16.672337150573732,4.923386756711077,0.43220302219300527,0.004966043913736939,0.8516024827957154
7ak1,16.682926368713378,4.120080168132724,0.4869038323235778,0.021602563606575132,0.9746135234832763
7aud,11.688969135284424,3.143831585919696,0.3585119449558399,0.2706789210438728,0.41800105571746826
7b3m,18.295970344543456,3.8843863324342522,0.4832107641840885,0.033125190809369084,0.9400262832641602
7b7r,14.06746711730957,4.473300434875794,0.4148485703549533,0.030179058900102973,0.9286126613616943
7b94,15.41882257461548,3.9963289309795895,0.4433279231591191,0.024109491053968667,0.9274365901947021
7b9l,15.684017562866211,4.0461798981401795,0.5132841353399612,0.018229079991579057,0.9327582716941833
7bhr,11.447774124145507,4.418958902838671,0.5469849277320077,0.016367545770481228,0.976541805267334
7bhs,9.21968469619751,4.468291945181659,0.4819558053415677,0.16826413571834564,0.9719592452049255
7bht,7.296206665039063,4.4876568391352505,0.471713840813491,0.13699200600385666,0.9757673144340515
7bhu,7.608519268035889,4.394803413814478,0.48707370930970456,0.12140216901898385,0.9782196402549743
7bhv,9.400049495697022,4.411895608043551,0.39905397861506087,0.15486420840024948,0.9614063978195191
7bhw,9.959518814086914,3.9066484242148327,0.40778634932667435,0.11068374365568161,0.9546043634414673
7bhx,9.579026412963866,4.002496818093601,0.4755654945336584,0.11294429898262023,0.9644569873809814
7c7q,2.8170734882354735,3.7849451520390884,0.5004302751197915,0.5960843443870545,0.8970932841300965
7ca3,13.26610507965088,2.447564825557736,0.34072247023836344,0.02475120350718498,0.8055752873420715
7cfm,16.727038383483887,4.615793429787438,0.4654322895488157,0.02334126937203109,0.7222681641578674
7cfn,17.71429309844971,4.078110368164552,0.38371425094187506,0.042905131541192534,0.6872550964355468
7ckz,16.32474555969238,4.776986078868123,0.4396227694187381,0.011501830036286265,0.9193617343902588
7cr2,,3.5831672341791316,0.4219233001908913,,0.5823842287063599
7cr7,,3.9418598428184026,0.42076352986095483,,0.4041034638881683
7cum,,5.013278064908997,0.41316854367993017,,0.7393054604530335
7d8x,1.364341628551483,4.192484120934639,0.43918225997323235,0.7586294889450074,0.8068792819976807
7dtu,2.9178538084030152,3.4633757387398454,0.5723728011406244,0.5767295897006989,0.6770873546600342
7dtv,1.413871967792511,2.8238323542923682,0.5137588389381644,0.6817031741142273,0.6187790513038636
7duq,6.822047996520996,6.323463771350153,0.25398852158270446,0.33879690170288085,0.6386836349964142
7e6t,6.37175498008728,3.8219634259230695,0.5126671240293115,0.31239278316497804,0.7143788456916809
7ehm,15.578397178649903,3.7977629814695617,0.41143337534048585,0.04779989151284099,0.9040347814559937
7fd8,3.6809718132019045,6.706928774437881,0.2773409888578131,0.5779690444469452,0.807685387134552
7jvm,24.322132873535157,3.6611086067865806,0.4498340106907383,0.0029714774573221803,0.7956512570381165
7jvn,24.564441299438478,3.7911814987432257,0.5011189751490226,0.0,0.858089804649353
7kcc,10.975287342071534,4.5359093963988215,0.48984820093018744,0.15234811902046203,0.9741101741790772
7kce,12.681993985176087,4.610479301648259,0.5117711220576374,0.043115457007661465,0.9770061731338501
7kcf,,4.884463187786474,0.5142259476411157,,0.9749878287315369
7kda,17.120423984527587,4.5586867399529565,0.5741380870585641,0.06374560222029686,0.9738267064094543
7kdb,15.577462959289551,4.768516497470233,0.5204441711741469,0.08401999026536941,0.9643368124961853
7ld3,14.135375595092773,2.8706223571110825,0.38787939597142485,0.015331769501790405,0.9308945775032044
7ljc,11.940846633911132,3.0131745270535553,0.3687538966812235,0.12129002623260021,0.6563624501228332
7ljd,10.180992984771729,4.045945040582262,0.386742400393593,0.14613563306629657,0.6774870157241821
7lwd,24.022043991088868,4.421672439634465,0.4490056185423352,0.018244653334841134,0.8714487195014954
7nec,14.782615470886231,6.884453560231914,0.5208269486343173,0.009033044596435502,0.9776140451431274
7nh4,17.31367893218994,4.656258569114765,0.4358843293373969,0.03244668701663613,0.967909860610962
7nh5,18.87660331726074,3.8103946188517335,0.44719597098579406,0.017403925862163307,0.9693613886833191
7np5,12.408251476287841,7.461266019073929,0.5542382593684584,0.023221235349774362,0.9785322904586792
7np6,9.93400182723999,7.599320407375181,0.5573453624792566,0.02156175971031189,0.9788779735565185
7npc,12.698796653747559,7.078490862367429,0.6293966511052026,0.014221278647892178,0.9803622364997864
7p2l,23.722969818115235,7.200111563708471,0.5271519892801549,0.008910151524469256,0.963489031791687
7r75,21.326859855651854,3.8219382202705745,0.5318479513664844,0.013600057037547231,0.9615044593811035
7r7d,22.361134719848632,4.39656132471979,0.3922245172922462,5.170630756765604e-05,0.8400008201599121
7r7i,26.074933433532713,3.6872444578678127,0.46469737999839306,0.0,0.8044931173324585
7r7l,25.344909858703613,3.922442292242029,0.4319649364630395,0.00011202390305697918,0.8029719710350036
7rct,13.832997703552246,4.115768518287348,0.5069958198279263,0.04028472290374339,0.790411913394928
