id,pose rmsd,pocket rmsd,qs score,lddt-pli,confidence
10gs,1.029537320137024,,,0.8793919086456299,-0.71
11gs,,,,,-0.38
16pk,3.931129217147827,,,0.5757211446762085,-1.27
184l,0.17749308049678802,,,1.0,0.50
185l,0.5397890210151672,,,0.962579607963562,0.58
186l,0.2980499565601349,,,0.9977341294288635,0.23
187l,0.35120975971221924,,,1.0,0.26
188l,0.25370800495147705,,,1.0,0.03
1a07,,,,,-2.55
1a0q,3.7490248680114746,,,0.5110158920288086,-1.79
1a28,0.644695520401001,,,0.9295454621315002,0.77
1a30,,,,,-0.94
1a42,0.9519434571266174,,,0.9027001857757568,0.03
1a4g,0.8432372808456421,,,0.8964067101478577,0.39
1a4h,2.305324077606201,,,0.6060693860054016,-3.48
1a4k,8.375306129455566,,,0.2860746681690216,-0.91
1a4m,0.9602155685424805,,,0.8729689717292786,0.46
1a4q,1.2877529859542847,,,0.8240259885787964,-0.46
1a4r,0.9897258281707764,,,0.9170026779174805,0.21
1a50,0.48546332120895386,,,0.9662162065505981,0.49
1a52,1.078238606452942,,,0.8499112129211426,-0.00
1a7c,,,,,-2.11
1a7x,5.829248428344727,,,0.22938737273216248,-3.61
1a85,1.5465974807739258,,,0.7978959083557129,-0.23
1a86,1.4727773666381836,,,0.8612110018730164,-0.19
1a8i,0.9873930215835571,,,0.8642857074737549,0.42
1a99,0.15211787819862366,,,1.0,0.55
1a9q,0.40182289481163025,,,1.0,0.59
1a9u,1.1845654249191284,,,0.804724395275116,-0.45
1aaq,1.9603362083435059,,,0.8071160912513733,-0.90
1abf,1.1023921966552734,,,0.8485022783279419,-0.27
1abt,,,,,-2.90
1ad8,31.779958724975586,,,0.0,-2.27
1add,0.4490694999694824,,,0.978537380695343,0.55
1adl,1.9097042083740234,,,0.7216453552246094,-0.89
1ado,1.6523090600967407,,,0.7779411673545837,-0.15
1af2,1.206075668334961,,,0.8171506524085999,-0.12
1af6,,,,,-1.75
1afk,2.2631423473358154,,,0.7042360305786133,-1.20
1afl,1.2739156484603882,,,0.7978723645210266,-1.01
1agm,,,,,-1.17
1ahx,0.2555990219116211,,,1.0,-0.29
1ahy,0.854454755783081,,,0.9243772029876709,-0.36
1ai4,0.4801141917705536,,,0.9643765687942505,0.58
1ai5,0.5812060236930847,,,0.9529411792755127,0.66
1ai7,0.22519728541374207,,,1.0,0.40
1ajp,0.5237274169921875,,,0.9605942964553833,0.36
1ajq,0.1715552806854248,,,1.0,1.15
1akq,0.5908113718032837,,,0.9662036895751953,0.67
1akr,0.47346052527427673,,,0.9767216444015503,0.93
1akt,0.8502010107040405,,,0.9231982231140137,0.68
1aku,0.3017385005950928,,,1.0,1.17
1akv,1.0328930616378784,,,0.8784140944480896,0.19
1akw,0.5248433351516724,,,0.9798933863639832,0.95
1al7,0.883871853351593,,,0.9053347110748291,-0.25
1al8,0.687836766242981,,,0.9461153149604797,-0.49
1alw,,,,,-0.92
1amk,0.35049617290496826,,,1.0,0.26
1amn,0.4172115921974182,,,0.9862831830978394,0.36
1anf,,,,,-0.72
1ao0,11.780841827392578,,,0.07045277208089828,-1.14
1apb,0.8416591286659241,,,0.8902581930160522,-0.38
1apv,,,,,-1.63
1apw,,,,,-1.62
1aq1,1.5123614072799683,,,0.754643976688385,0.32
1at5,,,,,-2.85
1at6,,,,,-3.00
1atl,1.0585676431655884,,,0.8327538371086121,-0.30
1au0,3.521401882171631,,,0.6574150919914246,-0.74
1au2,5.476499080657959,,,0.4638602137565613,-0.81
1auj,2.033518075942993,,,0.7621384263038635,-0.55
1avd,1.1966807842254639,,,0.8359497785568237,-0.10
1avn,0.3487130105495453,,,1.0,-2.35
1aw1,0.22747217118740082,,,1.0,0.08
1awf,4.6340556144714355,,,0.5568091869354248,-3.52
1awh,0.8016541600227356,,,0.9272836446762085,-1.29
1awi,,,,,-3.03
1ax0,0.6347141265869141,,,0.9696030020713806,-0.25
1ax1,,,,,-1.15
1ax2,,,,,-1.22
1axr,1.2691086530685425,,,0.8320895433425903,0.02
1axz,0.8713730573654175,,,0.8989675641059875,-0.63
1ayu,1.9718822240829468,,,0.7328821420669556,-0.78
1ayv,14.420859336853027,,,0.1234293207526207,-0.63
1aze,,,,,-2.57
1azl,0.8520890474319458,,,0.9052995443344116,0.59
1azm,1.2681026458740234,,,0.8740208745002747,0.32
1b05,,,,,-2.56
1b0f,1.4415847063064575,,,0.8565656542778015,-0.83
1b0h,,,,,-3.09
1b2h,,,,,-2.03
1b2i,0.9521223306655884,,,0.8898176550865173,0.62
1b32,,,,,-3.39
1b39,0.9033573865890503,,,0.8873196840286255,-0.56
1b3f,,,,,-3.45
1b3g,,,,,-3.65
1b3h,,,,,-2.73
1b3l,,,,,-3.50
1b40,,,,,-4.13
1b46,,,,,-3.55
1b4d,1.078890085220337,,,0.878912091255188,0.58
1b4h,,,,,-2.26
1b4z,,,,,-3.58
1b51,,,,,-3.03
1b52,,,,,-3.38
1b55,1.9264686107635498,,,0.6673678159713745,-1.51
1b56,2.2116539478302,,,0.6620036363601685,-0.16
1b57,0.20523935556411743,,,1.0,0.24
1b58,,,,,-3.72
1b5g,8.931625366210938,,,0.25858670473098755,-1.89
1b5h,,,,,-1.69
1b5i,,,,,-3.25
1b5j,,,,,-3.55
1b6h,,,,,-2.33
1b6j,,,,,-2.48
1b74,0.5991199612617493,,,0.9564777612686157,-0.91
1b7h,,,,,-2.81
1b8n,1.2247273921966553,,,0.8261474370956421,0.12
1b8o,1.0056620836257935,,,0.8899224996566772,0.19
1b9j,,,,,-2.93
1b9s,0.5501145124435425,,,0.9639959335327148,0.21
1b9t,0.6394334435462952,,,0.9405360221862793,0.57
1b9v,1.3481847047805786,,,0.7748618721961975,-0.21
1ba8,0.8364907503128052,,,0.9030070900917053,-0.57
1bap,0.694489061832428,,,0.933552622795105,-0.28
1bbz,,,,,-2.72
1bcd,0.3983978033065796,,,0.9903509020805359,0.55
1bcj,0.9771201014518738,,,0.8809880018234253,-0.97
1bcu,4.53520393371582,,,0.41437801718711853,0.17
1bdl,,,,,-0.66
1bdq,,,,,-0.29
1bdr,0.6748668551445007,,,0.9355828166007996,-0.32
1bgq,1.7246003150939941,,,0.6964017748832703,-0.42
1bhx,3.945826530456543,,,0.4887295067310333,-1.41
1bil,1.2264851331710815,,,0.8122299313545227,-0.58
1bim,,,,,-0.75
1bio,0.29932278394699097,,,0.9992514848709106,-1.42
1biw,4.766752243041992,,,0.5520588159561157,-1.06
1bji,0.8595946431159973,,,0.8880323171615601,0.09
1bjr,,,,,-3.26
1bkj,0.6844369769096375,,,0.9623799324035645,-0.13
1bky,0.14057618379592896,,,1.0,0.70
1bl6,0.7567627429962158,,,0.9324596524238586,-0.50
1bl7,1.1138241291046143,,,0.8337339758872986,0.30
1bmk,1.9801653623580933,,,0.7232730388641357,-0.83
1bmq,3.094278573989868,,,0.575042188167572,-1.07
1bn3,0.6945770978927612,,,0.9572301506996155,0.80
1bnm,3.1189351081848145,,,0.7191666960716248,-0.57
1bnn,1.0688390731811523,,,0.8829681277275085,0.45
1bnq,0.6223896741867065,,,0.9510869383811951,0.65
1bnt,1.6019296646118164,,,0.8049242496490479,-0.52
1bnu,0.9693785905838013,,,0.9131736755371094,0.84
1bnv,1.3223892450332642,,,0.7877442240715027,-0.18
1bnw,0.5777699947357178,,,0.970308780670166,1.05
1bo5,35.29859161376953,,,0.0,-1.01
1bp0,0.8305582404136658,,,0.905024528503418,-0.08
1bq3,,,,,-2.64
1bq4,3.589343786239624,,,0.45659971237182617,-0.92
1bqn,1.467657208442688,,,0.7927740812301636,-0.24
1br8,,,,,-3.51
1bt6,,,,,-3.39
1btn,1.223205804824829,,,0.819252073764801,-0.66
1bux,2.46402645111084,,,0.7496093511581421,-0.97
1bv7,3.2126784324645996,,,0.6026379466056824,-0.62
1bwb,2.9688427448272705,,,0.6389680504798889,-1.01
1bwn,0.907251238822937,,,0.886199414730072,-1.03
1bxo,1.8565492630004883,,,0.6621507406234741,-1.49
1bxq,0.6513766050338745,,,0.9435721039772034,-0.09
1bzc,1.2499818801879883,,,0.8287914395332336,-1.03
1bzj,1.6630134582519531,,,0.8416058421134949,0.17
1c12,0.52642422914505,,,0.9410211443901062,-0.14
1c29,0.35226476192474365,,,0.9921602606773376,0.13
1c3b,0.2400866001844406,,,1.0,0.53
1c3e,0.8489890098571777,,,0.901168704032898,-0.62
1c3x,0.18594244122505188,,,1.0,0.36
1c4y,1.2072135210037231,,,0.8202764987945557,0.13
1c5f,,,,,-3.55
1c5z,0.27728068828582764,,,1.0,0.79
1c7e,0.8143385648727417,,,0.9244387149810791,0.60
1c7f,0.6501782536506653,,,0.9644474387168884,1.09
1c84,0.3067886531352997,,,0.9917491674423218,0.67
1c85,0.30588653683662415,,,0.9976325631141663,0.61
1c86,0.3542388081550598,,,0.991782009601593,0.89
1c87,0.39950501918792725,,,0.9818339347839355,0.58
1c88,0.3516005277633667,,,0.9937499761581421,0.99
1c8l,4.87553596496582,,,0.3520806133747101,-2.42
1c8v,0.6429194808006287,,,0.9368420839309692,0.11
1c9d,0.5089979767799377,,,0.963567852973938,0.23
1cbr,0.46351122856140137,,,0.967575192451477,0.23
1cbx,0.22956885397434235,,,1.0,0.41
1cea,0.6218885779380798,,,0.9528985619544983,1.09
1ceb,0.8468877673149109,,,0.8995097875595093,1.03
1cet,0.8395420908927917,,,0.9890410900115967,-1.16
1cgl,2.1909220218658447,,,0.7713983058929443,-0.77
1ch8,1.0542103052139282,,,0.8992842435836792,-0.06
1ci7,1.0358368158340454,,,0.8685430288314819,-1.09
1cil,0.508021891117096,,,0.98549884557724,0.64
1cim,0.8337600231170654,,,0.9220489859580994,0.98
1cin,1.3982378244400024,,,0.8144490718841553,-0.31
1ciz,2.2669548988342285,,,0.7595198750495911,0.10
1cj1,1.5848963260650635,,,0.7607060074806213,-0.79
1cka,,,,,-2.62
1ckb,,,,,-2.57
1clu,1.2832425832748413,,,0.8507194519042969,0.39
1cnw,1.6173129081726074,,,0.8102803826332092,0.24
1cny,2.0045738220214844,,,0.8779296875,-1.05
1cp6,0.37866801023483276,,,0.9938650131225586,-0.53
1cpi,,,,,-2.64
1cps,0.6926443576812744,,,0.9366883039474487,0.11
1cqp,5.396022319793701,,,0.3512345552444458,-1.02
1cr6,8.705244064331055,,,0.25705644488334656,-0.23
1cs4,53.154747009277344,,,0.0,0.25
1ctr,0.6694204211235046,,,0.9292635917663574,-1.17
1ctt,1.0317411422729492,,,0.8847305178642273,-0.21
1ctu,0.7632632255554199,,,0.9344795346260071,-0.21
1cw2,0.7215719223022461,,,0.9400656819343567,0.23
1cwb,,,,,-3.71
1cwc,,,,,-2.90
1cx9,0.9655556082725525,,,0.8745915293693542,0.15
1cyn,,,,,-3.51
1czc,0.8998609185218811,,,0.8976833820343018,-0.45
1cze,0.6262177228927612,,,0.9497863054275513,-0.65
1czk,0.7952854633331299,,,0.9550949931144714,0.95
1czl,0.5879677534103394,,,0.9563318490982056,0.99
1czo,0.6047980785369873,,,0.9642542004585266,0.95
1czr,0.2874632775783539,,,0.9939352869987488,1.07
1d04,0.5410685539245605,,,0.9711707830429077,1.04
1d09,0.7417982816696167,,,0.9270650148391724,0.13
1d1p,1.948153018951416,,,0.8483772873878479,0.10
1d2e,0.6890524625778198,,,0.96882563829422,0.28
1d2s,1.2696079015731812,,,0.8174114227294922,-0.08
1d3q,1.6255563497543335,,,0.9013009071350098,-0.75
1d4h,0.8643326163291931,,,0.8890817761421204,-0.35
1d4i,1.7731558084487915,,,0.769335150718689,-0.44
1d4j,1.7054015398025513,,,0.7469177842140198,-0.68
1d4t,,,,,-2.96
1d4y,2.96305251121521,,,0.7195318937301636,-0.05
1d6n,0.22056645154953003,,,1.0,0.24
1d6s,,,,,-2.25
1d6w,1.0480397939682007,,,0.8382206559181213,-0.56
1d7i,0.1899101436138153,,,1.0,0.23
1d7j,0.5593679547309875,,,0.9617347121238708,0.27
1d8e,,,,,-3.08
1d9i,1.0295662879943848,,,0.8770883083343506,-0.40
1dar,0.9986414909362793,,,0.9250326156616211,-0.01
1db1,0.8297224044799805,,,0.90220046043396,-0.15
1db5,0.5202621221542358,,,0.9723719954490662,-0.15
1dbb,2.930189609527588,,,0.5866851806640625,-0.90
1dbj,5.405098915100098,,,0.2828125059604645,-0.73
1dbk,2.686715602874756,,,0.5904411673545837,-0.55
1ddm,,,,,-3.29
1det,4.716221332550049,,,0.41923075914382935,-1.02
1df8,0.9766353964805603,,,0.8772242069244385,-0.02
1dg9,0.5688881278038025,,,0.9779236316680908,-0.09
1dmb,,,,,-3.39
1dmp,3.287846088409424,,,0.613967776298523,-0.46
1dmt,3.7079250812530518,,,0.6180490255355835,-1.40
1dqx,0.847436785697937,,,0.8967983722686768,-0.23
1drj,0.586615800857544,,,0.9582366347312927,0.02
1drk,1.0224404335021973,,,0.866304337978363,-0.05
1dth,3.0299623012542725,,,0.5321888327598572,-0.67
1dub,1.1481108665466309,,,0.899350643157959,-0.92
1dud,22.749284744262695,,,0.001607717014849186,-0.81
1duv,1.2576380968093872,,,0.8239436745643616,0.16
1dx6,1.5993108749389648,,,0.7081618905067444,0.41
1dxp,,,,,-2.24
1dy4,3.6289761066436768,,,0.6416666507720947,0.14
1dzj,,,,,-0.29
1dzk,0.5903977155685425,,,0.9545454382896423,-0.50
1dzm,0.2878796458244324,,,0.9951716661453247,0.23
1dzp,1.9788435697555542,,,0.6887755393981934,0.29
1e00,0.9071156978607178,,,0.8742470145225525,-0.18
1e02,1.7467937469482422,,,0.6916859149932861,-0.27
1e06,0.757470965385437,,,0.9185855388641357,-0.26
1e1y,1.1163232326507568,,,0.9413996338844299,-0.64
1e2k,1.4549238681793213,,,0.7952044010162354,0.11
1e2l,0.3839337229728699,,,0.9938162565231323,0.09
1e34,1.303926944732666,,,0.8481996655464172,-1.37
1e3g,0.6799565553665161,,,0.9346330165863037,0.57
1e3v,2.035154104232788,,,0.6930969953536987,-0.93
1e4h,0.9108285903930664,,,0.9094488024711609,-0.59
1e5j,,,,,-1.91
1e66,0.49349191784858704,,,0.9816446304321289,0.21
1e6s,0.37376198172569275,,,0.9830415844917297,0.03
1e72,0.3012426197528839,,,0.9967461824417114,0.30
1eas,0.49772801995277405,,,0.955719530582428,-0.26
1eb1,,,,,-3.12
1ebg,1.3244256973266602,,,0.8210290670394897,0.98
1ebw,0.9655344486236572,,,0.8948559761047363,-0.36
1eby,0.9076142907142639,,,0.8842592835426331,-0.47
1ecv,0.6711093187332153,,,0.9671762585639954,0.28
1eed,3.3185198307037354,,,0.7594995498657227,-0.62
1egh,0.27889183163642883,,,1.0,-0.03
1ek1,7.5821428298950195,,,0.3125704526901245,0.46
1ek2,1.242903470993042,,,0.8061563968658447,-0.35
1ekb,,,,,-2.62
1ela,0.7396264672279358,,,0.9297573566436768,-0.44
1elr,,,,,-2.91
1els,0.48392701148986816,,,0.9711538553237915,0.40
1em6,1.2352052927017212,,,0.8701388835906982,-0.48
1ent,0.9467698335647583,,,0.8878968358039856,-0.23
1eoj,,,,,-3.82
1eol,,,,,-3.50
1eou,2.3187503814697266,,,0.6436651349067688,-0.73
1epo,0.8200559020042419,,,0.9169642925262451,-0.18
1epp,6.538557052612305,,,0.41939985752105713,-1.13
1epq,,,,,-0.27
1erq,0.49765536189079285,,,0.9733777046203613,0.04
1eve,2.1547234058380127,,,0.7378934621810913,-0.62
1evh,,,,,-2.71
1ew8,0.2677684426307678,,,0.9900000095367432,0.12
1ew9,0.19261299073696136,,,1.0,-0.25
1exv,1.3816574811935425,,,0.8305452466011047,-0.76
1exw,,,,,-0.77
1ez9,,,,,-1.80
1ezf,2.4532344341278076,,,0.5690298676490784,-2.02
1f1j,,,,,-1.85
1f2o,4.466483116149902,,,0.43481847643852234,-1.78
1f2p,5.138603687286377,,,0.350632905960083,-1.26
1f3j,,,,,-3.38
1f40,2.0542843341827393,,,0.6975587606430054,-0.28
1f47,,,,,-3.20
1f4e,0.8039368391036987,,,0.8849502205848694,-0.60
1f4x,27.910629272460938,,,0.0,-2.13
1f57,0.276344895362854,,,1.0,0.73
1f73,0.7933878898620605,,,0.9249100685119629,-0.49
1f74,1.2587133646011353,,,0.8449033498764038,-0.24
1f7b,0.9086809158325195,,,0.9357394576072693,-0.69
1f8a,,,,,-3.04
1f8b,1.0126597881317139,,,0.9128788113594055,0.39
1f8c,0.7719075083732605,,,0.9284313917160034,0.58
1f8d,1.1233028173446655,,,0.8700750470161438,0.29
1f8e,0.7626898288726807,,,0.9507797360420227,0.68
1f90,,,,,-3.22
1f9e,,,,,-2.39
1f9g,0.7182818651199341,,,0.8875545859336853,-0.17
1fao,1.258795976638794,,,0.8258564472198486,-1.08
1fax,0.8490592837333679,,,0.9544931054115295,-0.14
1fbm,0.7471206188201904,,,0.837436318397522,-0.73
1fcx,0.4122692048549652,,,0.9761350154876709,0.29
1fcy,0.27385973930358887,,,0.9967911243438721,0.41
1fcz,0.5606919527053833,,,0.9653667211532593,0.52
1fdq,1.323732852935791,,,0.7942989468574524,-0.47
1fe3,1.129530429840088,,,0.8279467821121216,-0.30
1ff1,,,,,-2.51
1fh7,,,,,-0.57
1fh8,,,,,-0.03
1fh9,,,,,0.03
1fhd,,,,,-0.08
1fig,4.765851974487305,,,0.3412483036518097,-1.68
1fiv,,,,,-2.99
1fj4,0.29272398352622986,,,1.0,-0.06
1fkb,7.979127883911133,,,0.2239776998758316,-4.58
1fkf,2.992422580718994,,,0.49281609058380127,-3.27
1fki,2.300469160079956,,,0.5851134657859802,-1.66
1fkn,,,,,-3.93
1fkw,0.8251294493675232,,,0.9247491359710693,0.30
1flm,0.582748293876648,,,0.9694163799285889,0.27
1fmb,3.2477240562438965,,,0.7566137313842773,-2.29
1fo0,,,,,-2.30
1fo2,1.5710166692733765,,,0.78287672996521,-1.02
1fo3,1.0122432708740234,,,0.8668224215507507,-0.79
1fpc,9.380865097045898,,,0.23168006539344788,-1.95
1fpi,0.8120413422584534,,,0.9334442615509033,0.30
1fpp,14.95517349243164,,,0.008646245114505291,-3.09
1fq4,1.3832592964172363,,,0.798975944519043,-0.46
1fq5,2.2265732288360596,,,0.6651937365531921,-1.67
1fq6,1.8127161264419556,,,0.7714496850967407,-0.92
1fq7,2.1929328441619873,,,0.7292886972427368,-0.38
1fq8,0.7454043626785278,,,0.9126865863800049,0.42
1fsg,0.13423259556293488,,,1.0,0.63
1fsw,2.375453233718872,,,0.7804054021835327,0.42
1fsy,0.4674069583415985,,,0.9836065769195557,0.57
1ft7,0.3443875014781952,,,0.9948680400848389,0.50
1ftj,0.3425016701221466,,,1.0,-4.36
1ftk,0.9510803818702698,,,0.869918704032898,0.78
1ftm,0.468368798494339,,,0.9797029495239258,0.67
1fv0,4.395529270172119,,,0.4623507857322693,-0.37
1fv9,0.15086287260055542,,,1.0,0.47
1fvt,0.6738308072090149,,,0.9366196990013123,0.51
1fw0,0.8552286028862,,,0.9054999947547913,0.76
1fwe,0.14348699152469635,,,1.0,0.45
1fwv,,,,,-2.52
1fyr,,,,,-2.35
1fzk,,,,,-3.00
1fzo,,,,,-3.19
1fzq,1.0756988525390625,,,0.9137709140777588,0.13
1g1d,0.39782965183258057,,,0.9952038526535034,0.63
1g27,0.8310962915420532,,,0.9182344675064087,0.11
1g2a,4.13139533996582,,,0.7566244006156921,0.05
1g2o,0.7399641871452332,,,0.9360380172729492,0.40
1g37,2.001513957977295,,,0.7324486374855042,-0.22
1g3f,,,,,-2.69
1g3m,0.9421935081481934,,,0.8991769552230835,0.10
1g42_a,1.7876063585281372,,,0.7640306353569031,-0.10
1g42_b,2.874066114425659,,,0.5351239442825317,-0.17
1g45,0.7268956899642944,,,0.9285714030265808,0.25
1g46,1.5312119722366333,,,0.8450323939323425,0.22
1g48,0.8921815752983093,,,0.8810344934463501,0.10
1g4j,1.0144716501235962,,,0.896195650100708,-0.17
1g4o,0.9897714257240295,,,0.936855673789978,0.54
1g50,1.320443868637085,,,0.8201376795768738,0.03
1g52,1.6178998947143555,,,0.8893616795539856,0.59
1g53,0.7185060977935791,,,0.9227467775344849,0.38
1g54,0.6515952944755554,,,0.9469387531280518,0.49
1g5f,0.09713888168334961,,,1.0,-0.08
1g5s,0.5857853889465332,,,0.9605262875556946,0.71
1g6g,,,,,-3.01
1g6s,0.8124821782112122,,,0.9334951639175415,-0.22
1g74,6.788437366485596,,,0.17685475945472717,-0.56
1g7g,0.9648495316505432,,,0.8947368264198303,-1.06
1g7p,,,,,-3.18
1g7q,,,,,-3.84
1g7v,1.4997328519821167,,,0.8129770755767822,-1.00
1g85,1.7392578125,,,0.7615273594856262,-0.16
1g9r,1.3595284223556519,,,0.7917261123657227,-0.26
1g9s,1.2210464477539062,,,0.8682659864425659,-0.19
1g9t,0.9838399887084961,,,0.8838087320327759,-0.54
1ga8,,,,,-0.77
1ga9,0.4489178955554962,,,0.9649532437324524,-0.03
1gag,,,,,-3.02
1gah,,,,,-1.17
1gai,,,,,-1.26
1gar,2.203838348388672,,,0.7766166925430298,-0.74
1gbt,0.6105363368988037,,,0.9674757122993469,0.12
1gca,0.7632479667663574,,,0.9050279259681702,-0.28
1gcz,0.6112987399101257,,,0.9628099203109741,0.54
1gfw,2.5943126678466797,,,0.699525773525238,-1.07
1gfy,0.5030004978179932,,,0.9762895107269287,0.96
1ggd,1.324318289756775,,,0.8620154857635498,-0.16
1ggn,9.686777114868164,,,0.1378394365310669,-0.56
1gmy,,,,,0.09
1gni,0.9457739591598511,,,0.8877049088478088,-0.18
1gnj,1.0314137935638428,,,0.8390070796012878,-0.12
1gny,,,,,-1.57
1gpk,0.2807793617248535,,,0.9956217408180237,0.84
1gpn,0.3610139489173889,,,0.9957627058029175,0.27
1gpy,31.580989837646484,,,0.0,-0.52
1grp,0.9053793549537659,,,0.9198841452598572,-0.71
1gsz,0.6490330100059509,,,0.9329865574836731,-0.03
1gt1,2.50578236579895,,,0.5826709270477295,-0.02
1gt3,1.2706443071365356,,,0.8580562472343445,-0.07
1gt4,1.0085563659667969,,,0.8571428656578064,-0.47
1gt5,0.48251044750213623,,,0.9718614816665649,0.08
1gu1,1.8404169082641602,,,0.7720306515693665,0.46
1gu3,,,,,-2.68
1gui,,,,,-2.61
1guw,,,,,-3.57
1gux,,,,,-3.14
1gvk,,,,,-3.33
1gvw,1.0736217498779297,,,0.8666347861289978,-0.06
1gwm,,,,,-2.31
1gwq,,,,,-3.17
1gwr,,,,,-2.99
1gwv,,,,,-1.11
1gww,1.00858473777771,,,0.8737531304359436,0.20
1gx0,1.130949854850769,,,0.8381295204162598,0.15
1gx4,0.8939785957336426,,,0.8860718607902527,0.18
1gx8,1.2958154678344727,,,0.8574610352516174,0.13
1gym,1.3452941179275513,,,0.816067636013031,-1.60
1gyx,0.3122909665107727,,,0.9697231650352478,0.02
1gz9,,,,,-1.57
1gzc,,,,,-1.24
1gzg,5.775472164154053,,,0.3013308048248291,-0.15
1h00,1.0578299760818481,,,0.8900273442268372,-0.50
1h01,2.141263008117676,,,0.7089914679527283,-0.73
1h08,1.505195140838623,,,0.7897350788116455,-0.60
1h0a,1.558234691619873,,,0.8316993713378906,-0.97
1h0r,0.4162690043449402,,,0.9759953022003174,0.59
1h0w,0.4077126383781433,,,0.9858078360557556,0.29
1h1b,1.2280747890472412,,,0.8189922571182251,-0.99
1h1h,,,,,-2.22
1h1p,0.38615232706069946,,,0.9838383793830872,0.82
1h1q,1.087214469909668,,,0.8776077628135681,0.86
1h1r,1.1340224742889404,,,0.8519999980926514,0.88
1h1s,0.44031766057014465,,,0.9887140989303589,0.64
1h22,1.0559473037719727,,,0.8611111044883728,-0.36
1h23,1.01882803440094,,,0.860116183757782,-0.36
1h24,,,,,-2.32
1h27,,,,,-2.10
1h2k,0.21422913670539856,,,1.0,0.61
1h2t,,,,,-2.16
1h35,1.3842954635620117,,,0.8062652349472046,-0.40
1h37,2.3984029293060303,,,0.6393401026725769,-0.00
1h39,0.6997975707054138,,,0.9222813248634338,-0.04
1h3a,0.7828832864761353,,,0.9071609377861023,-0.38
1h3c,0.8964855074882507,,,0.8754480481147766,-0.27
1h3h,,,,,-3.15
1h46,1.6167449951171875,,,0.789826512336731,-0.42
1h4n,0.5994153618812561,,,0.9766790866851807,-0.15
1h5u,7.870968818664551,,,0.2961236536502838,-1.61
1h5v,,,,,-1.76
1h60,1.5510562658309937,,,0.8282520174980164,-0.49
1h61,1.4838800430297852,,,0.832442045211792,-0.52
1h62,0.7875970602035522,,,0.9163066744804382,-0.13
1h6h,3.0130434036254883,,,0.7630252242088318,-2.90
1h79,3.7590129375457764,,,0.3946785032749176,-0.64
1h8y,1.3739981651306152,,,0.842292070388794,-1.10
1h9l,,,,,-3.19
1hbj,1.8054957389831543,,,0.7271028161048889,-1.24
1hbv,3.0015759468078613,,,0.5944170951843262,-1.08
1hc9,,,,,-3.44
1hee,0.5351675152778625,,,0.9623430967330933,0.45
1hef,,,,,-3.20
1heg,11.887913703918457,,,0.13826999068260193,-2.85
1hge,0.9772518873214722,,,0.8830274939537048,-0.18
1hgi,1.5542854070663452,,,0.7777246832847595,-0.07
1hgj,27.131866455078125,,,0.0,-1.88
1hgt,,,,,-3.52
1hi3,,,,,-2.28
1hi4,0.9297176599502563,,,0.9192370176315308,-0.64
1hi5,10.169615745544434,,,0.17550790309906006,-1.48
1hih,4.855849742889404,,,0.41295763850212097,-0.86
1hiv,1.5704673528671265,,,0.7730903029441833,-1.19
1hk3,0.6582349538803101,,,0.9357671141624451,-0.25
1hk5,9.85980224609375,,,0.2772952914237976,-0.54
1hkj,,,,,-1.47
1hkk,,,,,-1.49
1hkm,,,,,-1.39
1hlf,1.8123761415481567,,,0.774218738079071,-0.22
1hlk,0.8651100397109985,,,0.850649356842041,0.58
1hmr,0.9924585223197937,,,0.8656250238418579,-0.13
1hms,0.7326048612594604,,,0.9219924807548523,0.04
1hmt,0.683405876159668,,,0.9287054538726807,0.03
1hn2,0.5424830913543701,,,0.9556623697280884,0.01
1hn4,1.080173373222351,,,0.8369191288948059,-0.13
1hnn,0.6605309247970581,,,0.9298336505889893,0.29
1hos,1.345165491104126,,,0.8087121248245239,-1.01
1hp5,0.7261168956756592,,,0.9292792677879333,0.45
1hpx,1.4678494930267334,,,0.7511180639266968,-1.05
1hqf,1.1537270545959473,,,0.8354368805885315,0.28
1hqg,0.33313804864883423,,,1.0,0.48
1hqh,0.4720718562602997,,,0.9750000238418579,0.42
1hrn,4.916806221008301,,,0.5969626307487488,-0.64
1hsh,0.9474586844444275,,,0.8619109988212585,-0.72
1hte,1.023114800453186,,,0.8797945380210876,-0.79
1htf,1.8882652521133423,,,0.8124315738677979,-1.04
1hti,0.2788662314414978,,,1.0,-0.10
1hty,15.514020919799805,,,0.002217294881120324,-0.20
1hv5,4.063532829284668,,,0.6829361915588379,-0.89
1hvj,1.2817362546920776,,,0.796875,-0.82
1hvk,2.5013394355773926,,,0.6791525483131409,-0.93
1hwr,2.907630443572998,,,0.6074134111404419,-0.95
1hww,0.6797450184822083,,,0.9379084706306458,-0.22
1hxb,3.5652847290039062,,,0.5387396812438965,-1.08
1hxk,0.7293684482574463,,,0.9258177280426025,-0.19
1hxw,1.4066110849380493,,,0.8729787468910217,-0.76
1hyo,0.28675025701522827,,,0.9975489974021912,0.26
1i2s,0.4972938001155853,,,0.9666193127632141,-0.44
1i37,0.9816803336143494,,,0.821739137172699,0.59
1i5h,,,,,-3.34
1i5r,1.1035195589065552,,,0.859415590763092,-0.32
1i7i,1.057382583618164,,,0.8707115650177002,-0.25
1i7z,1.3327003717422485,,,0.772506058216095,-0.11
1i80,0.22804918885231018,,,1.0,0.59
1i8i,,,,,-2.90
1i8j,1.1393702030181885,,,0.8367508053779602,-0.39
1i8z,3.8862531185150146,,,0.6388130784034729,0.23
1i90,1.054102897644043,,,0.8318965435028076,0.09
1i91,1.4428870677947998,,,0.8263651728630066,0.06
1i9l,0.3335060179233551,,,0.9987244606018066,0.33
1i9n,1.8719931840896606,,,0.873576283454895,0.17
1i9o,1.824182391166687,,,0.8961625099182129,0.25
1i9p,1.9189866781234741,,,0.8550724387168884,0.14
1i9q,0.3767777383327484,,,0.9939024448394775,0.15
1iau,,,,,-2.81
1ibc,,,,,-2.75
1ibg,8.563922882080078,,,0.32618510723114014,-2.24
1icj,2.456042528152466,,,0.6760075688362122,-1.49
1ida,1.1534702777862549,,,0.8702290058135986,-0.84
1idb,1.0971680879592896,,,0.8424831032752991,-1.02
1ie9,0.5847534537315369,,,0.944345235824585,0.04
1iem,1.505827784538269,,,0.8891258239746094,-0.04
1iep,0.7185897827148438,,,0.9286059737205505,-0.04
1iew,0.6335020661354065,,,0.9473350048065186,-0.02
1if7,1.7301430702209473,,,0.876185953617096,0.36
1igb,0.7125459313392639,,,0.9082809090614319,0.58
1igj,1.7242144346237183,,,0.8032467365264893,-1.08
1iht,,,,,-3.70
1ii5,2.9534993171691895,,,0.5613207817077637,-3.58
1iig,0.19276194274425507,,,1.0,0.15
1iih,1.2112486362457275,,,0.8500000238418579,0.00
1iiq,1.28798246383667,,,0.7989208698272705,-0.88
1ijr,2.5575642585754395,,,0.6321808695793152,-1.31
1ik4,0.2636192739009857,,,1.0,0.24
1ikt,1.0085035562515259,,,0.9076867699623108,0.04
1ikx,0.5521563291549683,,,0.9613323211669922,-0.15
1iky,1.6075317859649658,,,0.7497438788414001,-0.26
1il3,0.33363088965415955,,,0.9976019263267517,0.34
1il4,0.25884807109832764,,,1.0,0.11
1il9,3.9591784477233887,,,0.4293893277645111,-0.02
1ilh,2.7185091972351074,,,0.6046651005744934,-1.74
1ilq,,,,,-3.24
1imx,4.4063825607299805,,,0.658071756362915,-2.60
1ing,1.1133310794830322,,,0.8614649772644043,0.36
1inh,1.0974851846694946,,,0.8694933652877808,0.58
1inq,,,,,-3.57
1iq1,,,,,-1.84
1is0,,,,,-2.20
1it6,2.3706440925598145,,,0.6431623697280884,-1.73
1iup,0.2922684848308563,,,1.0,0.02
1ivp,1.3933213949203491,,,0.8055756688117981,-0.94
1iwq,,,,,-3.29
1iy7,0.38043299317359924,,,0.9837728142738342,0.30
1j01,0.7599703073501587,,,0.8946078419685364,-0.24
1j17,0.7871376276016235,,,0.8919624090194702,-0.80
1j19,,,,,-3.38
1j4p,,,,,-3.59
1j4q,,,,,-3.51
1j5i,0.8098305463790894,,,0.9619205594062805,-0.98
1jak,0.8414231538772583,,,0.892793595790863,0.31
1jao,0.8985968828201294,,,0.9159513711929321,-0.46
1jaq,1.099576473236084,,,0.8873121738433838,0.04
1jcx,0.8193475604057312,,,0.9021892547607422,-0.76
1jd0,1.111158847808838,,,0.9164383411407471,0.65
1jet,,,,,-2.28
1jeu,,,,,-3.42
1jev,,,,,-3.84
1jfh,,,,,-1.22
1jgl,2.7196168899536133,,,0.5586228370666504,-0.50
1jh1,1.244803786277771,,,0.8436692357063293,0.12
1jii,1.925802230834961,,,0.7342639565467834,-0.91
1jij,1.116562843322754,,,0.9141176342964172,-1.17
1jik,1.371738314628601,,,0.8250249028205872,-1.06
1jil,1.3586399555206299,,,0.8685628771781921,-1.15
1jj9,1.275869607925415,,,0.8383487462997437,-0.28
1jjt,1.2726129293441772,,,0.8606707453727722,0.08
1jk7,1.7042555809020996,,,0.7446879148483276,-1.43
1jld,0.7316757440567017,,,0.9239621162414551,-0.65
1jlr,1.7148447036743164,,,0.7407660484313965,-0.76
1jmf,0.9439353942871094,,,0.8798637986183167,-0.03
1jmg,1.2805646657943726,,,0.8104288578033447,-0.13
1jmi,0.9695824980735779,,,0.8725910186767578,-0.07
1jmq,,,,,-2.37
1jn2,1.4672917127609253,,,0.7931309938430786,-2.19
1joc,1.3008116483688354,,,0.795187771320343,-0.95
1joj,,,,,-2.41
1jp5,,,,,-2.75
1jpl,,,,,-2.85
1jq8,,,,,-3.12
1jq9,,,,,-2.66
1jr1,8.853715896606445,,,0.1749497950077057,-0.71
1jrs,,,,,-1.53
1jt1,1.833662986755371,,,0.7545045018196106,-0.73
1juf,,,,,-3.63
1juj,1.2353923320770264,,,0.8084615468978882,-1.07
1juq,,,,,-1.67
1jut,0.5347446799278259,,,0.963322103023529,-0.67
1juy,1.2904818058013916,,,0.8073592782020569,-0.42
1jvp,1.2009164094924927,,,0.7923588156700134,0.30
1jvu,0.6627035737037659,,,0.963850200176239,0.25
1jwm,,,,,-3.12
1jyi,,,,,-3.09
1jzs,1.5903350114822388,,,0.8190559148788452,-1.75
1k1o,1.1534663438796997,,,0.8252518773078918,-0.32
1k1y,,,,,-1.92
1k2i,0.3823893368244171,,,0.9894209504127502,-0.17
1k3n,,,,,-3.45
1k3q,,,,,-2.68
1k3t,0.857925295829773,,,0.909970223903656,-0.87
1k4g,1.2600717544555664,,,0.825042188167572,0.31
1k4h,0.7569584250450134,,,0.9126908183097839,0.14
1k9q,,,,,-2.61
1k9r,,,,,-2.34
1kc5,,,,,-2.91
1kc7,0.5310023427009583,,,0.9703264236450195,-0.33
1kcs,,,,,-1.87
1kdk,0.5520032048225403,,,0.969462513923645,0.19
1kdw,0.4152962565422058,,,0.9854369163513184,0.47
1kf0,1.8336939811706543,,,0.7398316860198975,-1.09
1kjr,,,,,-1.71
1kl3,,,,,-2.84
1klg,,,,,-3.13
1klu,,,,,-3.14
1km3,0.9939122796058655,,,0.8959821462631226,-0.14
1kmv,0.47307342290878296,,,0.9861111044883728,-0.31
1kmy,0.5122091770172119,,,0.9620853066444397,0.43
1kna,,,,,-2.90
1kne,,,,,-3.27
1koj,0.3576311469078064,,,0.9856630563735962,0.17
1kpm,2.116440773010254,,,0.7327154278755188,-1.16
1kqb,0.13970734179019928,,,1.0,-0.32
1kr3,0.6178540587425232,,,0.9478383660316467,0.43
1kti,1.0939548015594482,,,0.8877952694892883,0.38
1kug,,,,,-3.33
1kui,,,,,-3.10
1kuk,,,,,-2.79
1kv1,0.48664960265159607,,,0.9737762212753296,0.68
1kv2,0.49262383580207825,,,0.9732308983802795,0.31
1kv5,0.22711819410324097,,,1.0,0.05
1kyv,0.34082797169685364,,,0.9967319965362549,0.13
1kz8,1.2145190238952637,,,0.9306282997131348,-1.58
1kzk,0.9955130219459534,,,0.8816013336181641,-0.09
1l0a,,,,,-3.38
1l2s,0.44913533329963684,,,0.9792531132698059,0.77
1l5r,1.220454454421997,,,0.873900294303894,-0.76
1l5s,0.16883668303489685,,,1.0,-0.00
1l6s,0.7504472136497498,,,0.9242549538612366,-0.47
1l83,0.639227032661438,,,0.9480088353157043,-0.38
1l8g,0.4415390193462372,,,0.9842398166656494,-0.16
1laf,1.2829300165176392,,,0.7967371940612793,-4.03
1lah,0.2117227166891098,,,1.0,1.39
1lan,28.436344146728516,,,0.0,-0.76
1lb6,,,,,-3.73
1lbf,1.290614366531372,,,0.8347293734550476,-0.52
1lbk,0.7622142434120178,,,0.9468938112258911,0.00
1lcj,,,,,-3.38
1lcp,0.9452453255653381,,,0.8664688467979431,-0.18
1ld7,1.8913650512695312,,,0.660649836063385,-2.21
1ld8,2.2407617568969727,,,0.5762439966201782,-2.15
1lee,0.52205491065979,,,0.977543294429779,-0.31
1leg,,,,,-3.56
1lek,,,,,-3.38
1lf8,,,,,-3.05
1lf9,,,,,-1.34
1lfo,1.3007926940917969,,,0.8404058814048767,-0.01
1lgt,1.8750730752944946,,,0.8271484375,0.41
1lgw,0.3632640242576599,,,0.9916356801986694,-0.02
1lhd,4.787619113922119,,,0.6496084928512573,-1.09
1lhf,4.629567623138428,,,0.5447936058044434,-1.18
1lhg,4.248110294342041,,,0.4546146094799042,-2.82
1lhu,1.3019311428070068,,,0.8133187890052795,-0.17
1lhv,1.3948025703430176,,,0.8111110925674438,-0.53
1lhw,1.0558761358261108,,,0.8464391827583313,-0.45
1li2,0.20312976837158203,,,1.0,-0.02
1li3,0.6674314141273499,,,0.9365808963775635,0.02
1li6,0.08101680874824524,,,1.0,0.67
1ljt,0.6091863512992859,,,0.9619565010070801,0.32
1lke,1.5858185291290283,,,0.7369338274002075,-0.28
1ll4,,,,,-2.15
1llb,0.42808571457862854,,,0.9918524622917175,-0.14
1lnm,1.813062310218811,,,0.6836158037185669,-0.18
1lol,0.8000316023826599,,,0.933783769607544,-0.33
1loq,0.7916689515113831,,,0.9286971688270569,-0.15
1lor,1.015510082244873,,,0.8829787373542786,-0.11
1los,0.38202300667762756,,,0.9883928298950195,-0.36
1lox,0.5384445786476135,,,0.962579607963562,0.26
1lq2,0.6273838877677917,,,0.9493769407272339,0.43
1lst,1.983068585395813,,,0.6760780215263367,-2.86
1lt5,,,,,-1.32
1lvc,1.9590907096862793,,,0.7094420790672302,-0.82
1lxf,1.6316511631011963,,,0.7521676421165466,-0.79
1lxh,,,,,-3.37
1lyb,,,,,-2.22
1lyx,0.3734988272190094,,,0.9992997050285339,0.15
1lzo,0.5359036326408386,,,0.9357143044471741,-0.19
1lzq,1.249947428703308,,,0.8074557781219482,-1.10
1m0b,1.2611321210861206,,,0.8013059496879578,-1.44
1m0n,0.608699381351471,,,0.9533715844154358,-0.25
1m0o,0.7420248985290527,,,0.9472476840019226,-0.39
1m0q,0.496460884809494,,,0.9709752202033997,-0.22
1m13,1.033421277999878,,,0.8515348434448242,-0.21
1m2r,0.21208781003952026,,,1.0,-0.24
1m2x,0.2983015179634094,,,1.0,-0.12
1m4h,,,,,-2.80
1m5c,0.5148242712020874,,,0.9700393080711365,1.09
1m5d,0.2322673797607422,,,1.0,1.03
1m5e,0.396117240190506,,,0.9883620738983154,0.82
1m5f,0.34207046031951904,,,0.9912434220314026,0.81
1m5w,3.6271514892578125,,,0.36666667461395264,-0.19
1m6p,0.8716895580291748,,,0.8935483694076538,-0.38
1m7d,,,,,-1.51
1m7i,,,,,-1.77
1m7y,0.46497073769569397,,,0.9810126423835754,0.39
1m9n,0.9871984720230103,,,0.8742544651031494,0.25
1mai,1.2602624893188477,,,0.8123655915260315,-1.16
1mdl,0.1946306973695755,,,1.0,-0.62
1me3,0.9727656841278076,,,0.9105330109596252,0.54
1me4,1.462518334388733,,,0.8104745149612427,0.31
1me7,0.8595418930053711,,,0.9315336346626282,0.02
1me8,0.5745410323143005,,,0.9678060412406921,0.14
1mem,1.2008447647094727,,,0.8508918881416321,-0.20
1meu,1.1166026592254639,,,0.8541852235794067,-0.28
1mf4,,,,,-3.30
1mfa,,,,,-1.63
1mfd,,,,,-1.93
1mfg,,,,,-3.29
1mh5,1.7245548963546753,,,0.7316062450408936,-1.08
1mik,,,,,-3.92
1mj7,23.615598678588867,,,0.0,-2.82
1ml1,0.16846495866775513,,,1.0,0.27
1mm6,0.23311398923397064,,,1.0,1.11
1mm7,0.45092684030532837,,,0.9793269038200378,1.03
1mmp,3.0280866622924805,,,0.6317135691642761,-1.20
1mmq,1.304725170135498,,,0.8240988254547119,-1.22
1mmr,1.5288512706756592,,,0.7288861870765686,-1.34
1mn9,1.3998584747314453,,,0.816318929195404,-0.83
1mns,1.3255730867385864,,,0.8410256505012512,-1.00
1moq,1.1327993869781494,,,0.8644400835037231,-0.72
1mpl,,,,,-1.91
1mq1,,,,,-3.55
1mqd,0.41745465993881226,,,0.9825581312179565,0.83
1mqg,0.25724586844444275,,,1.0,1.04
1mqh,0.21379244327545166,,,1.0,1.02
1mqi,0.1511969268321991,,,1.0,0.98
1mqj,0.41804569959640503,,,0.983146071434021,1.02
1mrn,3.4838099479675293,,,0.605537474155426,-1.50
1mrs,0.6853821277618408,,,0.9394347071647644,-0.30
1mrw,1.1124871969223022,,,0.8743119239807129,-0.24
1ms0,1.947503685951233,,,0.7039356231689453,-0.32
1ms6,0.6703307032585144,,,0.9387437701225281,0.92
1ms7,0.24570778012275696,,,1.0,0.94
1msn,1.000298261642456,,,0.8664297461509705,-0.46
1mto,1.517430305480957,,,0.7569001913070679,-0.16
1mu6,1.2637187242507935,,,0.8293042182922363,0.59
1mu8,1.632638931274414,,,0.7573451995849609,0.28
1mui,1.0706634521484375,,,0.8469089269638062,-0.79
1mv0,,,,,-3.15
1mwn,,,,,-2.99
1mwt,0.9522073268890381,,,0.8725637197494507,0.04
1mxo,1.15510892868042,,,0.8747591376304626,0.06
1mxu,0.3937121033668518,,,0.98283451795578,0.92
1my2,0.22559064626693726,,,1.0,0.81
1my3,0.409492164850235,,,0.9841609597206116,0.87
1my4,0.22206613421440125,,,1.0,1.02
1my8,1.0601813793182373,,,0.8352156281471252,0.28
1mzc,1.9481267929077148,,,0.7407407164573669,-1.89
1n1m,0.7807546854019165,,,0.8951612710952759,0.41
1n1t,1.4517245292663574,,,0.7671957612037659,-0.11
1n1v,1.2563562393188477,,,0.8279467821121216,0.32
1n2v,0.2505382001399994,,,1.0,0.37
1n3i,0.7040114402770996,,,0.9503787755966187,0.37
1n3w,,,,,-0.80
1n3z,1.950829267501831,,,0.6626393795013428,-1.45
1n43,0.8119943141937256,,,0.8958966732025146,0.02
1n4h,1.727311372756958,,,0.810675859451294,-0.10
1n4k,3.841648578643799,,,0.3880484104156494,-1.16
1n51,,,,,-2.04
1n5z,,,,,-2.96
1n7i,0.6699740886688232,,,0.9301310181617737,0.23
1n7j,0.717475414276123,,,0.9127604365348816,0.37
1n7t,,,,,-3.52
1n8u,0.7561243772506714,,,0.9050801992416382,0.58
1n8v,0.9152080416679382,,,0.9018567800521851,0.53
1n94,2.679795503616333,,,0.6310975551605225,-2.48
1n95,1.5597572326660156,,,0.7492636442184448,-1.98
1n9a,1.2804285287857056,,,0.8096804618835449,-2.53
1n9m,1.007989525794983,,,0.8731092214584351,-0.04
1nc3,0.9394136071205139,,,0.8828996419906616,-0.10
1nc6,2.3776400089263916,,,0.7825361490249634,-0.40
1ndj,1.0204256772994995,,,0.8542921543121338,-0.01
1ndy,0.5143384337425232,,,0.9713804721832275,0.12
1nf8,0.7414571046829224,,,0.9500839114189148,0.23
1nfs,,,,,-0.05
1nfw,0.5789221525192261,,,0.9628501534461975,0.31
1nh0,,,,,-2.64
1nhg,0.5859957337379456,,,0.9487179517745972,-0.26
1nhv,6.762989044189453,,,0.4958159029483795,-0.95
1nhw,0.8108710646629333,,,0.8970237970352173,-0.71
1nhx,1.2319227457046509,,,0.9297046065330505,-0.19
1ni1,5.594756126403809,,,0.3352832496166229,-1.64
1nj5,1.010337471961975,,,0.8654026389122009,0.15
1nja,1.0756170749664307,,,0.857594907283783,-0.19
1njb,1.1052603721618652,,,0.8438818454742432,-0.10
1njc,0.8833979964256287,,,0.8989690542221069,-0.25
1njd,0.933829665184021,,,0.8960040807723999,-0.02
1nje,0.9965376853942871,,,0.8869935870170593,-0.19
1njj,26.8883056640625,,,0.0,-1.49
1njt,,,,,-1.70
1nju,1.928628921508789,,,0.7336726188659668,-2.21
1nki,0.3040776252746582,,,1.0,-0.18
1nkm,4.0021562576293945,,,0.6657848358154297,-1.75
1nl6,1.2543251514434814,,,0.8114068508148193,-0.46
1nlj,1.1247049570083618,,,0.8444393277168274,0.27
1nlp,,,,,-3.11
1nlt,,,,,-2.86
1nm6,1.9635339975357056,,,0.6479831337928772,-1.59
1nmk,9.067322731018066,,,0.2670774757862091,-0.94
1nnb,0.9298126101493835,,,0.893069326877594,0.35
1nnk,0.24208207428455353,,,1.0,0.89
1nnu,1.9988526105880737,,,0.7091221809387207,-0.31
1no6,0.40771010518074036,,,0.987364649772644,0.02
1no9,32.48264694213867,,,0.0,-2.12
1noj,0.696398913860321,,,0.929513156414032,0.41
1nok,0.4293038547039032,,,0.9777657389640808,0.60
1nox,1.1001348495483398,,,0.8813838362693787,-0.31
1np0,0.8764973878860474,,,0.9004149436950684,0.12
1npa,1.3703398704528809,,,0.784674346446991,-0.63
1npw,1.3337122201919556,,,0.7659056782722473,-0.85
1npz,0.6833439469337463,,,0.9477196931838989,0.05
1nq0,0.4250885248184204,,,0.9868637323379517,0.61
1nq7,0.6656871438026428,,,0.9469339847564697,-0.03
1ntk,1.752724289894104,,,0.7761744856834412,-1.70
1nu3,0.7815593481063843,,,0.9131832718849182,-0.17
1nu8,,,,,-0.35
1nvq,1.596328854560852,,,0.7535282373428345,-0.13
1nvr,1.0982942581176758,,,0.9169719219207764,0.39
1nvs,1.6120041608810425,,,0.7137290239334106,-0.91
1nw4,1.1667817831039429,,,0.8462936282157898,-0.17
1nxy,2.22092342376709,,,0.75,-0.55
1ny0,0.383141428232193,,,0.9813519716262817,-0.40
1ny2,,,,,-2.53
1nym,0.5150066018104553,,,0.975806474685669,-0.31
1nyx,0.703501284122467,,,0.9344073534011841,-0.51
1nyy,0.37547457218170166,,,0.9894444346427917,-0.95
1nz7,1.728772521018982,,,0.7989949584007263,-1.08
1o0f,1.0861809253692627,,,0.9313627481460571,-0.92
1o0h,1.123022437095642,,,0.8205128312110901,-0.68
1o0m,0.6564487814903259,,,0.9706422090530396,0.12
1o0n,1.3709794282913208,,,0.772251307964325,-0.94
1o0o,,,,,-1.92
1o1s,0.8569077253341675,,,0.8876768946647644,-0.80
1o41,0.42549246549606323,,,0.9826302528381348,-1.01
1o42,1.02189040184021,,,0.8927657008171082,-1.03
1o47,1.3966083526611328,,,0.7895220518112183,-1.14
1o49,2.3993351459503174,,,0.6497368216514587,-1.54
1o4b,2.017258405685425,,,0.6648879647254944,-1.18
1o4d,0.5368171334266663,,,0.9635294079780579,-0.52
1o4e,2.0853755474090576,,,0.7383966445922852,-1.13
1o4f,3.3455970287323,,,0.6344647407531738,-0.48
1o4g,2.665286064147949,,,0.7096412777900696,-1.24
1o4l,0.4190354347229004,,,0.9960191249847412,-0.35
1o4m,0.14154797792434692,,,1.0,-0.35
1o4n,0.2826414406299591,,,1.0,-0.15
1o4o,0.6852146983146667,,,0.9267516136169434,-0.94
1o4p,0.9514857530593872,,,0.8846153616905212,-0.34
1o4q,1.1419496536254883,,,0.8327586054801941,-0.39
1o5m,1.4787635803222656,,,0.7528943419456482,-1.49
1o6h,0.8834359049797058,,,0.8883293867111206,-0.06
1o6i,,,,,0.81
1o79,1.084900140762329,,,0.8478747010231018,-0.10
1o7o,0.9917783141136169,,,0.8684371113777161,0.16
1o8b,0.6479982733726501,,,0.9466874003410339,-0.03
1o9e,2.70685076713562,,,0.6354292631149292,-1.65
1oay,0.6229888796806335,,,0.9661885499954224,0.19
1oba,39.25374221801758,,,0.0,-3.76
1obx,,,,,-1.98
1ocn,,,,,-0.31
1ocq,,,,,-0.16
1od8,,,,,0.00
1odj,0.7428587079048157,,,0.9419378638267517,-0.33
1ody,2.9027445316314697,,,0.5830792784690857,-1.58
1oe0,0.6959514021873474,,,0.9469161033630371,0.38
1oe7,0.875208854675293,,,0.9130434989929199,-0.13
1oe8,0.668593168258667,,,0.9520089030265808,-0.33
1oeb,,,,,-3.29
1ofz,1.1595453023910522,,,0.8129496574401855,-0.38
1ogd,0.8628262281417847,,,0.8949999809265137,-0.32
1ogg,,,,,-1.90
1ogx,0.7663477063179016,,,0.914383590221405,-0.21
1ogz,2.697862386703491,,,0.5441696047782898,-0.31
1oh4,,,,,-3.05
1oif,0.6149688959121704,,,0.96875,0.74
1oim,0.5621680617332458,,,0.9620181322097778,0.45
1oiu,1.0889484882354736,,,0.8536736965179443,0.34
1oj5,,,,,-3.61
1okl,2.8344411849975586,,,0.6659049391746521,0.29
1oko,0.7589529156684875,,,0.8961318135261536,-0.81
1okx,,,,,-2.27
1okz,0.8773987889289856,,,0.9314946532249451,0.41
1ol1,,,,,-2.41
1olx,2.870880365371704,,,0.7157394886016846,-1.02
1om9,,,,,-3.46
1ong,1.887393832206726,,,0.7201492786407471,-0.77
1onh,28.79534339904785,,,0.0,-1.55
1onp,0.22834785282611847,,,1.0,0.23
1opi,,,,,-3.23
1oq5,0.48947209119796753,,,0.9803473353385925,-0.26
1ork,1.9411102533340454,,,0.7001173496246338,-1.08
1orw,,,,,0.05
1os0,1.684112548828125,,,0.8190751671791077,-0.56
1osg,,,,,-3.52
1oth,0.2937052249908447,,,0.9956369996070862,0.40
1ouy,1.348048210144043,,,0.7783251404762268,0.03
1ov3,,,,,-2.72
1ove,0.9585675001144409,,,0.8922261595726013,0.33
1ow4,0.6017817258834839,,,0.9591221809387207,0.20
1ow6,,,,,-3.20
1ow7,,,,,-3.33
1ow8,,,,,-3.18
1ox9,,,,,-3.08
1oxg,,,,,-3.43
1oxn,,,,,-2.26
1oxq,,,,,-1.51
1oy7,,,,,-2.34
1oyn,0.8746410608291626,,,0.890057384967804,0.46
1ozv,47.155738830566406,,,0.0,-1.46
1p01,1.0181846618652344,,,0.8817126154899597,0.80
1p02,,,,,-1.29
1p03,,,,,-0.78
1p04,,,,,-1.26
1p05,,,,,-0.78
1p06,,,,,-1.21
1p0y,0.7712050676345825,,,0.9218376874923706,0.59
1p10,,,,,-0.78
1p17,0.596084475517273,,,0.9568815231323242,0.13
1p19,0.7595100998878479,,,0.9100528955459595,0.37
1p1n,1.8230490684509277,,,0.7370242476463318,-0.12
1p1o,0.25378337502479553,,,1.0,1.15
1p1q,0.2134697139263153,,,1.0,0.75
1p28,0.6543330550193787,,,0.9522293210029602,-0.30
1p2g,,,,,-3.47
1p4u,,,,,-2.88
1p6d,3.7809255123138428,,,0.6240681409835815,-0.73
1p6e,3.5789172649383545,,,0.6317873597145081,-0.89
1p93,1.6512783765792847,,,0.7336158156394958,-0.47
1pau,,,,,-2.99
1pb8,0.22644148766994476,,,1.0,1.20
1pbk,3.2601077556610107,,,0.4615885317325592,-3.77
1pbq,0.3071780204772949,,,1.0,1.00
1pcg,,,,,-3.38
1pdq,,,,,-3.20
1pdz,0.3639093339443207,,,0.9936363697052002,0.37
1pf7,0.9985350966453552,,,0.879807710647583,0.30
1pfu,,,,,0.57
1pg2,1.6842080354690552,,,0.7260928750038147,-3.92
1pgp,1.8397341966629028,,,0.7357630729675293,-0.98
1phw,1.3758124113082886,,,0.7889610528945923,-0.61
1pi5,1.181136131286621,,,0.9203540086746216,-0.08
1pig,,,,,-1.39
1pk0,0.9120177626609802,,,0.8884271383285522,-0.70
1pkx,0.8040407299995422,,,0.9090198278427124,0.38
1pme,1.0322589874267578,,,0.9054462909698486,0.15
1pmn,0.6300585269927979,,,0.9369189739227295,0.38
1pmu,0.45557084679603577,,,0.9772727489471436,0.76
1pmv,0.15536172688007355,,,1.0,1.02
1pop,,,,,-2.02
1pot,0.9171427488327026,,,0.8684486150741577,0.55
1ppi,,,,,-1.66
1ppk,1.3915863037109375,,,0.851873517036438,-0.03
1ppl,2.7617135047912598,,,0.7221485376358032,-0.66
1ppw,1.2996244430541992,,,0.7932862043380737,-0.03
1ppx,4.055269241333008,,,0.540680468082428,-2.02
1pr1,1.1096704006195068,,,0.8635246157646179,-0.43
1pr5,1.1203248500823975,,,0.8438538312911987,-0.52
1prl,,,,,-2.94
1prm,,,,,-2.95
1ps3,1.1008272171020508,,,0.8410714268684387,-0.27
1pum,1.5113756656646729,,,0.73591548204422,-0.69
1pun,1.621872067451477,,,0.7583954930305481,-1.19
1puq,3.074127674102783,,,0.49444442987442017,-0.82
1pus,3.016300678253174,,,0.5833333134651184,-1.34
1pvn,0.7265756726264954,,,0.9244471788406372,0.27
1pw6,0.9804346561431885,,,0.851089596748352,-0.71
1pwp,1.1509625911712646,,,0.8239095211029053,-1.12
1pwq,2.9402363300323486,,,0.6481379866600037,-1.02
1pwy,0.5794384479522705,,,0.9750445485115051,0.19
1pxh,4.135260581970215,,,0.7523190975189209,-1.56
1pxi,0.3584124445915222,,,0.9885444641113281,0.54
1pxj,0.3036785125732422,,,0.9889034032821655,-0.05
1pxk,0.6214122772216797,,,0.953592836856842,0.16
1py1,,,,,-3.21
1pyw,,,,,-2.78
1pz5,,,,,-3.33
1q0b,0.9177078008651733,,,0.8893312215805054,-0.22
1q1g,0.8596072196960449,,,0.9070512652397156,-0.05
1q1y,,,,,-0.29
1q3d,0.5887407064437866,,,0.9761512875556946,0.68
1q41,0.23913970589637756,,,1.0,0.73
1q4k,,,,,-2.35
1q4l,2.095838785171509,,,0.7286115288734436,-0.31
1q4w,0.35273250937461853,,,0.994705855846405,0.82
1q54,1.046349048614502,,,0.8735902309417725,0.18
1q5l,,,,,-2.72
1q63,1.5628708600997925,,,0.8159258961677551,0.08
1q65,1.3188673257827759,,,0.8954128623008728,0.17
1q6k,1.2309819459915161,,,0.8531187176704407,0.61
1q6m,0.976294219493866,,,0.8692271709442139,-0.94
1q72,1.1662559509277344,,,0.8675496578216553,-0.47
1q7a,5.4312286376953125,,,0.3294813930988312,-0.46
1q8t,1.3584864139556885,,,0.8130930066108704,-0.06
1q8u,1.1841533184051514,,,0.8666950464248657,-0.02
1q8w,1.3393909931182861,,,0.8643761277198792,0.05
1q91,1.6414988040924072,,,0.7816537618637085,-0.74
1q95,0.34312883019447327,,,0.9953547120094299,0.44
1q9m,0.7150895595550537,,,0.92138671875,0.39
1qaw,12.39926815032959,,,0.06485506892204285,-1.65
1qbq,0.7369672656059265,,,0.9218146800994873,-0.30
1qca,0.940849244594574,,,0.8714717626571655,-1.36
1qf0,1.1037638187408447,,,0.8364130258560181,-0.18
1qf1,1.2290196418762207,,,0.8661417365074158,-0.07
1qf5,1.6832306385040283,,,0.7354347705841064,-0.17
1qfs,0.7749793529510498,,,0.941082775592804,0.59
1qft,0.17422032356262207,,,1.0,0.84
1qi0,,,,,-1.25
1qin,0.653570294380188,,,0.9542682766914368,0.06
1qiw,0.7691039443016052,,,0.9043696522712708,-0.49
1qji,,,,,-1.01
1qk3,0.8213867545127869,,,0.9147018194198608,0.56
1qk4,1.3920793533325195,,,0.8056653738021851,-0.08
1qka,,,,,-3.34
1qkb,,,,,-3.53
1qkn,0.5100216865539551,,,0.9664131999015808,0.20
1qkt,1.0813580751419067,,,0.8800926208496094,-0.08
1qku,1.096874475479126,,,0.8674377202987671,0.04
1ql7,1.011564016342163,,,0.9147597551345825,-0.56
1ql9,1.0601744651794434,,,0.8701629042625427,-0.44
1qm4,0.32141369581222534,,,0.964062511920929,-0.27
1qm5,,,,,-1.58
1qng,,,,,-4.03
1qnh,,,,,-3.92
1qon,0.8805859088897705,,,0.881118893623352,-0.14
1qpb,0.6487400531768799,,,0.7908805012702942,-2.29
1qpe,0.3813042938709259,,,0.9800000190734863,0.84
1qpf,3.0614521503448486,,,0.5276356339454651,-3.43
1qpl,3.5140931606292725,,,0.49734556674957275,-3.06
1qq9,4.546797752380371,,,0.41206395626068115,-1.90
1qr3,,,,,-2.34
1qs4,27.476465225219727,,,0.0,0.07
1qsc,,,,,-2.39
1qti,0.944197952747345,,,0.9093098044395447,0.09
1qtn,,,,,-3.41
1qvt,0.6675321459770203,,,0.9330357313156128,-0.62
1qvu,0.6380607485771179,,,0.959876537322998,-0.30
1qw7,1.038994550704956,,,0.9876543283462524,-3.23
1qwe,,,,,-2.94
1qwf,,,,,-3.29
1qwu,0.9273924231529236,,,0.8916828036308289,-0.07
1qx1,0.7462055087089539,,,0.9107142686843872,-0.23
1qxl,0.6279709935188293,,,0.9522274136543274,0.16
1qxw,0.6347189545631409,,,0.9421241283416748,0.21
1qxy,1.521898627281189,,,0.8245614171028137,-0.12
1qxz,1.3621869087219238,,,0.8237113356590271,0.15
1qy1,0.1755581647157669,,,1.0,0.14
1qy2,0.23976187407970428,,,1.0,0.17
1qyg,1.409964919090271,,,0.8068965673446655,-0.09
1r17,,,,,-2.45
1r1h,1.4907773733139038,,,0.8276119232177734,-0.06
1r1j,1.0853526592254639,,,0.8960674405097961,-0.44
1r2b,,,,,-3.65
1r4w,1.0116527080535889,,,0.8924216032028198,0.00
1r58,2.377317190170288,,,0.7611111402511597,-0.03
1r5g,0.8728068470954895,,,0.8898496031761169,0.09
1r5n,1.0522624254226685,,,0.8824214339256287,0.01
1r5v,,,,,-3.28
1r5w,,,,,-3.74
1r5y,0.37726280093193054,,,0.9872221946716309,0.55
1r6g,0.8869940638542175,,,0.9111570119857788,0.05
1r6z,,,,,-0.81
1r78,1.0194529294967651,,,0.8474106192588806,0.03
1r9l,0.1901380717754364,,,1.0,0.79
1rbo,2.151808261871338,,,0.6926847696304321,-0.25
1rbp,0.6168138384819031,,,0.9430031180381775,0.14
1rdi,0.9791744947433472,,,0.9098984599113464,-1.38
1rdj,20.330215454101562,,,0.0,-1.19
1rdl,0.9947792291641235,,,0.8763157725334167,-1.87
1rdn,19.652090072631836,,,0.000620347389485687,-0.84
1rdt,0.6039667129516602,,,0.9596773982048035,0.61
1re1,0.4395535886287689,,,0.9796819686889648,0.33
1rek,11.339737892150879,,,0.1599423587322235,-1.56
1rgk,1.1855095624923706,,,0.8293269276618958,-1.43
1rgl,2.5614523887634277,,,0.5982944369316101,-1.44
1rhj,1.5331979990005493,,,0.7580285668373108,-0.70
1rhk,,,,,-2.15
1rhm,2.326368808746338,,,0.6409574747085571,-0.28
1rhq,,,,,0.16
1rhr,1.449918508529663,,,0.8139144778251648,-0.86
1rhu,1.5908303260803223,,,0.7790697813034058,-1.05
1rin,0.8504685163497925,,,0.9066358208656311,-0.54
1rjk,0.8681918978691101,,,0.8950228691101074,0.00
1rlp,,,,,-2.79
1rm8,4.9770402908325195,,,0.5645240545272827,-0.09
1rmz,0.5132701396942139,,,0.9772727489471436,0.60
1rne,1.1320927143096924,,,0.8274319171905518,-0.66
1rnm,0.877085268497467,,,0.9366952776908875,-0.82
1rnt,1.4805245399475098,,,0.8877952694892883,-0.78
1ro6,1.3919284343719482,,,0.8346630930900574,0.45
1ro7,1.5301381349563599,,,0.7995207905769348,-0.74
1rpf,1.8720005750656128,,,0.7584670186042786,-0.49
1rpj,0.8743162751197815,,,0.8934502005577087,-0.29
1rq2,0.20131319761276245,,,1.0,-0.64
1rr6,1.5770273208618164,,,0.7787539958953857,0.09
1rri,2.5481278896331787,,,0.654411792755127,-0.92
1rrw,2.1782119274139404,,,0.6641509532928467,-0.15
1rry,35.35704040527344,,,0.0,0.35
1rs4,34.50227737426758,,,0.0,-1.66
1rsi,36.61695098876953,,,0.0,0.22
1rt9,0.9134278893470764,,,0.9031456708908081,0.35
1rti,0.9063705205917358,,,0.9038461446762085,0.02
1rtl,2.7539892196655273,,,0.709766149520874,0.53
1rv1,1.4872045516967773,,,0.7297377586364746,-0.61
1rw8,0.4279493987560272,,,0.9822555184364319,0.72
1rwx,1.940209984779358,,,0.6984200477600098,-0.85
1ryf,1.054258942604065,,,0.8905594348907471,-0.04
1ryh,0.9118106961250305,,,0.9285714030265808,0.23
1rzx,,,,,-2.83
1s17,0.6249388456344604,,,0.945367157459259,0.73
1s19,0.5980448722839355,,,0.9441624283790588,0.19
1s39,0.4811359643936157,,,0.96875,0.13
1s3k,,,,,-3.39
1s50,3.465177536010742,,,0.44576719403266907,-4.23
1s5z,1.386754035949707,,,0.7770061492919922,-0.66
1s63,1.059181571006775,,,0.9003759622573853,-2.01
1s89,0.26775193214416504,,,1.0,-0.05
1s9t,0.37964168190956116,,,0.9920477271080017,0.96
1s9v,,,,,-2.39
1sb1,30.75545310974121,,,0.0,-3.53
1sdu,1.0530881881713867,,,0.8649094104766846,-0.70
1sdv,1.1197986602783203,,,0.8479838967323303,-0.50
1sgu,2.036299228668213,,,0.757557213306427,-1.15
1sh9,1.5311890840530396,,,0.7633786201477051,-1.13
1shd,,,,,-2.26
1siv,0.9288531541824341,,,0.8941314816474915,-1.02
1sj0,1.051273226737976,,,0.8394179940223694,0.25
1sje,,,,,-3.59
1sjh,,,,,-3.60
1sl3,0.6679548621177673,,,0.9333333373069763,-0.16
1sld,,,,,-3.00
1sle,,,,,-2.78
1slg,,,,,-2.02
1sln,1.5267585515975952,,,0.8551106452941895,-1.15
1sm3,,,,,-2.31
1sme,,,,,-2.77
1snk,1.1160612106323242,,,0.8795931935310364,0.40
1sps,,,,,-3.33
1sqb,10.066286087036133,,,0.3449767231941223,-2.00
1sqc,1.878930687904358,,,0.7072192430496216,-0.01
1sqn,1.1964441537857056,,,0.838302731513977,0.48
1sqp,26.476572036743164,,,0.0,-1.03
1sr7,4.034217834472656,,,0.5257999897003174,-1.60
1sre,0.6172517538070679,,,0.9464012384414673,-0.42
1srg,1.5903420448303223,,,0.8631876111030579,-0.25
1sri,0.6775949597358704,,,0.932692289352417,-0.46
1ssq,28.744321823120117,,,0.0,0.44
1std,0.5096291899681091,,,0.962897539138794,-0.15
1stp,0.7414124011993408,,,0.9365941882133484,0.19
1str,,,,,-2.83
1sts,,,,,-2.57
1sv3,0.6770303845405579,,,0.9147058725357056,-0.35
1sw1,0.5419231057167053,,,0.961581289768219,-0.15
1sw2,0.10957223922014236,,,1.0,-0.08
1swg,0.7170777916908264,,,0.9225961565971375,-0.07
1swi,0.703174889087677,,,0.9405242204666138,-0.49
1swk,0.6653974056243896,,,0.9308775067329407,0.01
1swn,0.43787631392478943,,,0.9750000238418579,-0.00
1swp,0.8348379135131836,,,0.899055004119873,-0.00
1swr,0.6448023915290833,,,0.9377118349075317,0.04
1syh,0.2985527515411377,,,0.9945651888847351,1.28
1syi,0.27204596996307373,,,1.0,1.10
1syo,1.0634797811508179,,,0.8309659361839294,-1.12
1sz0,0.8430209755897522,,,0.9043909311294556,-1.05
1t08,,,,,-2.87
1t29,,,,,-2.59
1t31,2.290987014770508,,,0.7767618298530579,-1.23
1t37,,,,,-2.56
1t46,0.6257500648498535,,,0.9534721970558167,-0.03
1t48,0.7851622104644775,,,0.932634711265564,0.12
1t4s,4.8157572746276855,,,0.39923954010009766,-1.10
1t4v,6.915445327758789,,,0.21983161568641663,-2.08
1t5a,0.3634338080883026,,,0.9987804889678955,-0.09
1t5f,1.0150303840637207,,,0.8759036064147949,0.35
1t69,1.3460817337036133,,,0.8807947039604187,-0.24
1t79,,,,,-2.92
1t7d,,,,,-2.93
1t7f,,,,,-3.43
1t7r,,,,,-3.35
1ta2,0.7732656002044678,,,0.9340753555297852,0.45
1ta6,1.0073729753494263,,,0.8853305578231812,0.39
1tbz,4.612700462341309,,,0.47661730647087097,-2.82
1tc1,0.09958650916814804,,,1.0,0.29
1tcw,11.03684139251709,,,0.29307568073272705,-1.87
1td7,0.5867079496383667,,,0.9632675647735596,-0.73
1tet,,,,,-2.99
1tfq,2.550156354904175,,,0.6934880018234253,-1.40
1tft,2.287635564804077,,,0.6479654908180237,-0.80
1tfz,1.1485660076141357,,,0.8653846383094788,-0.43
1thr,,,,,-3.61
1ths,,,,,-3.00
1thz,1.5659576654434204,,,0.8510971665382385,-0.46
1tka,0.5240976214408875,,,0.9544653296470642,0.01
1tkt,0.7559057474136353,,,0.9238826632499695,0.26
1tkx,0.8501883149147034,,,0.9163265228271484,0.55
1tl1,0.8208487629890442,,,0.907543420791626,0.08
1tl3,0.7577213644981384,,,0.9244604110717773,0.36
1tl7,,,,,-0.99
1tl9,,,,,-2.43
1tlp,1.8236347436904907,,,0.77601158618927,-0.56
1tmm,1.0271656513214111,,,0.9041487574577332,-0.73
1tng,0.8441118001937866,,,0.9052795171737671,0.23
1tni,3.58758544921875,,,0.5244791507720947,0.06
1tnj,0.5364922881126404,,,0.976222813129425,0.36
1tnk,1.8001058101654053,,,0.7200704216957092,0.37
1tnl,0.4766843318939209,,,0.9877150058746338,0.37
1tog,0.29933491349220276,,,1.0,-0.27
1toi,0.20733153820037842,,,1.0,-0.38
1toj,0.2328461855649948,,,1.0,-0.54
1tok,0.23378083109855652,,,1.0,-0.36
1tom,1.85329008102417,,,0.7400990128517151,-0.94
1tou,0.3490791320800781,,,0.9765795469284058,0.02
1tpw,0.31062981486320496,,,0.9828680157661438,0.32
1tpz,0.5032204985618591,,,0.96757572889328,0.61
1tq4,1.3121771812438965,,,0.8263646960258484,0.31
1tqf,1.6612510681152344,,,0.8117547035217285,-1.17
1tr7,1.736501932144165,,,0.7551440596580505,0.19
1trd,0.19151586294174194,,,1.0,0.27
1tsi,0.23956528306007385,,,1.0,-0.13
1tsv,0.5655524134635925,,,0.9660751819610596,-0.00
1tsy,0.5748336315155029,,,0.9581567645072937,0.04
1tt1,1.47581148147583,,,0.7793295979499817,0.47
1ttm,0.6824767589569092,,,0.9632866978645325,0.44
1tu6,0.7595390677452087,,,0.9118704795837402,0.88
1tuf,7.375053882598877,,,0.1768973171710968,-0.14
1tv6,2.220520496368408,,,0.7267720103263855,-0.11
1tve,14.5293550491333,,,0.09050772339105606,-1.99
1tvo,0.3956484794616699,,,0.9929519295692444,-0.36
1tvr,0.8790464401245117,,,0.8992000222206116,0.36
1txr,0.7737118601799011,,,0.9283004403114319,0.50
1tyn,3.4441096782684326,,,0.5963114500045776,-2.05
1tyr,1.3068885803222656,,,0.8346273303031921,-1.00
1tys,0.6503798961639404,,,0.9424493312835693,0.14
1u0g,0.23631030321121216,,,1.0,-0.15
1u2r,0.6733284592628479,,,0.9624824523925781,0.21
1u2y,5.794438362121582,,,0.26003822684288025,-0.65
1u32,1.164412021636963,,,0.8488211035728455,-1.31
1u33,1.5838721990585327,,,0.7744082808494568,-1.37
1u3r,0.2853688895702362,,,0.9915540814399719,0.38
1u59,1.5409189462661743,,,0.7672972679138184,0.55
1u65,1.7990719079971313,,,0.7522686123847961,-0.96
1u8t,,,,,-3.25
1u9l,,,,,-3.17
1ua4,1.2585790157318115,,,0.8124186992645264,-0.30
1ucn,1.1073769330978394,,,0.8580441474914551,-0.74
1udt,1.3089919090270996,,,0.7638248801231384,-0.56
1uef,,,,,-3.08
1ugp,4.043962001800537,,,0.4303797483444214,-0.39
1ugw,1.1338067054748535,,,0.8333333134651184,-0.79
1ugx,,,,,-0.95
1ugy,,,,,-1.39
1uh1,,,,,-1.03
1uho,0.7193842530250549,,,0.9541160464286804,-0.09
1ui0,2.8078055381774902,,,0.625,-0.07
1uj0,,,,,-3.39
1uj5,1.415305733680725,,,0.8103161454200745,0.14
1uj6,0.6315967440605164,,,0.9334264397621155,-0.19
1ujj,,,,,-2.83
1ujk,,,,,-2.91
1uk1,1.0313255786895752,,,0.8436224460601807,-0.20
1ukh,,,,,-3.02
1ukt,,,,,-2.24
1ule,,,,,-2.01
1ulg,,,,,-2.21
1uml,0.5006005764007568,,,0.9713930487632751,0.04
1umw,,,,,-1.81
1ung,0.640931248664856,,,0.9328793883323669,0.04
1unl,0.6082518696784973,,,0.9595096707344055,0.04
1uod,1.0271211862564087,,,0.8483145833015442,0.18
1uom,1.0279690027236938,,,0.8565242290496826,0.12
1uou,1.6030936241149902,,,0.813209056854248,0.28
1upf,0.10709509253501892,,,1.0,0.16
1upk,,,,,-3.43
1ur9,,,,,-0.84
1urc,,,,,-1.99
1urg,,,,,-0.97
1usi,16.398958206176758,,,0.005047106184065342,-0.16
1usk,6.690574645996094,,,0.26445579528808594,-0.74
1utc,,,,,-2.67
1utj,0.33541491627693176,,,0.9968253970146179,0.45
1utl,1.2619969844818115,,,0.8179824352264404,0.21
1utm,0.4072680175304413,,,0.9892026782035828,0.40
1uto,0.46727368235588074,,,0.9811912178993225,0.39
1utp,1.0239139795303345,,,0.877464771270752,0.13
1utr,1.2508399486541748,,,0.8230215907096863,-0.62
1utt,2.3919694423675537,,,0.6177172660827637,-0.46
1uv5,0.3181387186050415,,,0.996982753276825,0.92
1uv6,1.1251178979873657,,,0.858031690120697,0.52
1uvs,5.483035564422607,,,0.5057442784309387,-1.53
1uvt,8.691305160522461,,,0.13517698645591736,-2.24
1uwb,0.6847242712974548,,,0.9493243098258972,0.48
1uwf,0.8143817782402039,,,0.896934449672699,0.37
1uwt,0.6882177591323853,,,0.9366405010223389,0.33
1uwu,0.556722104549408,,,0.9701565504074097,0.50
1ux7,,,,,-1.06
1uxa,,,,,-2.52
1uxb,,,,,-2.54
1uy7,0.590244472026825,,,0.9432692527770996,-0.02
1uy9,1.4618300199508667,,,0.8286885023117065,0.12
1uyc,0.8495675325393677,,,0.916809618473053,-0.32
1uyd,0.7822834253311157,,,0.8958646655082703,-0.61
1uyf,0.6415835022926331,,,0.9487463235855103,-0.30
1uyg,0.8082174062728882,,,0.8941637873649597,-0.00
1uyk,0.45687559247016907,,,0.9754385948181152,-0.22
1uym,0.6751565337181091,,,0.9356814622879028,-0.53
1uys,0.884678304195404,,,0.8781838417053223,-0.03
1uz1,0.7021980881690979,,,0.9268559217453003,0.95
1uz4,0.7298763394355774,,,0.9402552247047424,0.32
1uz8,,,,,-2.47
1v0k,,,,,-0.72
1v0l,,,,,-0.04
1v0m,,,,,-0.70
1v0n,,,,,0.06
1v0p,0.6154452562332153,,,0.9382801651954651,-0.39
1v11,4.674493312835693,,,0.4459896385669708,-1.32
1v16,5.134607791900635,,,0.37355658411979675,-1.10
1v1j,1.25473153591156,,,0.8247180581092834,0.49
1v1k,1.9047472476959229,,,0.7420440912246704,-0.84
1v1m,3.601761817932129,,,0.6465649008750916,-0.67
1v2k,0.852354109287262,,,0.8808016777038574,-0.59
1v3x,1.6897040605545044,,,0.8242263197898865,-0.16
1v48,0.35581308603286743,,,1.0,-0.09
1v79,1.198927879333496,,,0.8754138946533203,-0.12
1v7a,0.5710017085075378,,,0.9467766284942627,0.14
1vcj,1.4085370302200317,,,0.7786388397216797,-0.02
1vcu,1.195052981376648,,,0.8247330784797668,-0.39
1vea,3.154168128967285,,,0.790436863899231,-0.29
1veb,2.8769123554229736,,,0.6470833420753479,-1.02
1vgc,0.4554167091846466,,,0.9737093448638916,0.29
1vik,,,,,-1.94
1vj5,0.6246408224105835,,,0.9484200477600098,0.49
1vjc,2.0574944019317627,,,0.6729828715324402,-1.05
1vkj,0.8580662608146667,,,0.8825405836105347,-0.18
1vot,0.6002278327941895,,,0.9530988335609436,0.67
1vwf,,,,,-2.66
1vyf,0.9665550589561462,,,0.8765305876731873,0.12
1vyg,1.8866944313049316,,,0.7584683299064636,-0.15
1vyj,,,,,-3.77
1vyw,1.6330742835998535,,,0.8253424763679504,0.51
1vyz,0.3228694200515747,,,0.9940000176429749,1.01
1w10,1.0278762578964233,,,0.8926435112953186,-0.71
1w13,0.6522071957588196,,,0.9240196347236633,-0.38
1w14,0.8674252033233643,,,0.9220705628395081,-1.29
1w1d,1.3290834426879883,,,0.8153477311134338,-1.81
1w1g,1.5540893077850342,,,0.7844626307487488,-2.24
1w1p,0.5563898682594299,,,0.9607142806053162,0.21
1w1t,2.5921287536621094,,,0.7593416571617126,-0.05
1w1v,0.9581310749053955,,,0.8837548494338989,-0.24
1w1y,0.720241129398346,,,0.9247359037399292,0.25
1w25,,,,,-0.59
1w2g,0.8545287847518921,,,0.9306507110595703,-0.10
1w2h,1.1257717609405518,,,0.851123571395874,-0.26
1w2x,1.2035881280899048,,,0.8243464231491089,-0.55
1w31,0.4741643965244293,,,0.9918879270553589,-0.01
1w3j,0.6309868693351746,,,0.9629854559898376,0.80
1w3k,,,,,-0.55
1w3l,,,,,-0.94
1w4o,1.1273854970932007,,,0.8462199568748474,-0.24
1w4p,1.3489774465560913,,,0.8345141410827637,-0.29
1w4q,1.1393882036209106,,,0.8300812840461731,-0.21
1w51,1.0383050441741943,,,0.8729433417320251,-0.25
1w5v,0.8550179600715637,,,0.8949826955795288,-0.37
1w5w,1.2516109943389893,,,0.8182989954948425,-0.40
1w5x,1.5303338766098022,,,0.7584563493728638,-0.65
1w5y,2.194833755493164,,,0.6939523816108704,-0.49
1w6j,0.7317987680435181,,,0.9206621050834656,-0.36
1w6y,1.0220038890838623,,,0.9045566320419312,-0.08
1w70,0.19018465280532837,,,1.0,-0.29
1w76,1.3674416542053223,,,0.7817700505256653,0.39
1w7h,0.4032471776008606,,,0.9870689511299133,0.15
1w80,,,,,-2.93
1w83,0.6557064056396484,,,0.9491666555404663,0.47
1w84,0.4562379717826843,,,0.9712837934494019,0.00
1w8l,0.4323267638683319,,,0.9869999885559082,0.55
1w8m,0.49580979347229004,,,0.9575163125991821,0.63
1way,0.7880266308784485,,,0.9552023410797119,0.20
1wbg,1.250105857849121,,,0.8393223881721497,-0.22
1wbo,0.6025459170341492,,,0.9576612710952759,0.17
1wbs,0.7130044102668762,,,0.9282477498054504,0.29
1wbt,0.7152018547058105,,,0.9301210641860962,0.35
1wbv,0.753042459487915,,,0.9144562482833862,0.25
1wbw,0.3522200882434845,,,0.9946714043617249,0.43
1wcc,0.3792586028575897,,,0.9824903011322021,0.02
1wcq,0.4265212118625641,,,0.9823809266090393,0.66
1wdn,,,,,-3.43
1wdq,,,,,-0.55
1wdr,,,,,-0.69
1wdy,2.016650438308716,,,0.6732625365257263,-2.09
1we2,0.6153230667114258,,,0.9546089172363281,-0.07
1wkm,6.375555992126465,,,0.2571614682674408,-2.01
1wm1,0.8943173885345459,,,0.899021327495575,0.03
1ws1,,,,,-0.05
1ws4,0.7786214351654053,,,0.8861842155456543,-0.75
1ws5,1.0313271284103394,,,0.8574270606040955,-0.35
1wug,0.3636946678161621,,,0.9972375631332397,-1.23
1wvc,4.061225414276123,,,0.6565138697624207,-0.97
1wvj,0.7282753586769104,,,0.9173228144645691,1.35
1wzy,,,,,-0.23
1x07,0.4436035752296448,,,0.9814004302024841,-0.27
1x1z,0.8439168334007263,,,0.9157534241676331,-0.14
1x38,0.7038756012916565,,,0.9269621968269348,0.55
1x39,0.735318124294281,,,0.9106411933898926,0.40
1x6u,0.7943933606147766,,,0.9187710285186768,-0.91
1x70,0.7554877996444702,,,0.9298469424247742,-0.14
1x78,0.830674409866333,,,0.9147254824638367,0.31
1x7b,0.4622519910335541,,,0.972178041934967,0.63
1x7e,0.7569543123245239,,,0.8960066437721252,0.40
1x7q,,,,,-3.61
1x81,1.0312180519104004,,,0.8373180627822876,-1.42
1x8d,0.8466137051582336,,,0.8889706134796143,-0.20
1x8j,1.6551320552825928,,,0.7416666746139526,-0.17
1x8r,0.7154508829116821,,,0.9262485504150391,-0.04
1x8t,1.9303401708602905,,,0.7754189968109131,-0.37
1x9d,,,,,-1.99
1xa5,2.2103512287139893,,,0.6309261322021484,-1.56
1xb7,,,,,-3.21
1xbb,0.8013178110122681,,,0.9650706648826599,-0.61
1xbc,0.6713030934333801,,,0.9308968186378479,0.66
1xd0,1.5591204166412354,,,0.7766228914260864,-1.02
1xdd,2.839303731918335,,,0.5650277733802795,-1.16
1xdg,3.9640159606933594,,,0.6195244193077087,-1.24
1xff,7.355040073394775,,,0.19566993415355682,-1.01
1xge,2.7120859622955322,,,0.4666377902030945,-0.17
1xh3,,,,,-3.10
1xh4,2.2366058826446533,,,0.6379245519638062,-1.45
1xh5,1.3869500160217285,,,0.7772161960601807,-1.07
1xh7,2.1153740882873535,,,0.7311769127845764,-0.54
1xhm,,,,,-3.09
1xhy,0.7479541897773743,,,0.9323122501373291,0.67
1xjd,1.3681578636169434,,,0.800159215927124,0.48
1xk9,1.6332818269729614,,,0.8167495727539062,-1.03
1xlz,1.2324076890945435,,,0.8254629373550415,0.27
1xm6,1.111790418624878,,,0.8730088472366333,0.38
1xmy,0.9757879376411438,,,0.8720400929450989,0.41
1xn0,0.7505768537521362,,,0.9294392466545105,0.66
1xn2,,,,,-3.80
1xn3,,,,,-3.65
1xnx,0.6465309262275696,,,0.9401623010635376,-0.03
1xnz,0.31397727131843567,,,0.9858276844024658,0.71
1xo2,0.5290387272834778,,,0.961693525314331,0.02
1xoe,1.0874592065811157,,,0.8532702326774597,0.25
1xog,1.0178630352020264,,,0.8795971870422363,0.53
1xom,0.8923164010047913,,,0.9135472178459167,0.19
1xon,0.5452834963798523,,,0.9620717763900757,0.09
1xoq,0.6872358322143555,,,0.9497063159942627,-0.23
1xor,1.2603724002838135,,,0.8523688912391663,0.14
1xos,0.9615815877914429,,,0.9043079018592834,-0.39
1xow,1.3259190320968628,,,0.8249630928039551,0.50
1xoz,1.2899219989776611,,,0.7962185144424438,-0.02
1xr8,,,,,-3.18
1xr9,,,,,-3.67
1xs7,2.6137518882751465,,,0.5870806574821472,-0.91
1xsc,3.075814723968506,,,0.7042586803436279,-1.67
1xt8,1.7135016918182373,,,0.7293333411216736,-2.45
1xud,0.5303454995155334,,,0.9656188488006592,-0.11
1xxe,1.5246622562408447,,,0.7492146492004395,-0.16
1xz8,1.2910012006759644,,,0.7938368320465088,-0.67
1y0l,0.7546175718307495,,,0.9040540456771851,-0.32
1y0x,1.08059823513031,,,0.8417402505874634,0.23
1y19,,,,,-2.71
1y20,0.13010245561599731,,,1.0,1.38
1y2a,,,,,-2.45
1y2b,0.13493183255195618,,,1.0,0.30
1y2c,0.24974793195724487,,,0.9993932247161865,0.32
1y2f,0.9472264051437378,,,0.9441260695457458,-0.29
1y2h,0.15559576451778412,,,1.0,-0.00
1y3a,,,,,-3.49
1y3g,,,,,-1.63
1y3n,,,,,-1.11
1y3p,,,,,-1.49
1y6q,0.8521058559417725,,,0.9147727489471436,-0.10
1y8o,1.5350151062011719,,,0.7661169171333313,-0.71
1y8p,1.2654211521148682,,,0.8244456052780151,-0.02
1y91,0.5744832754135132,,,0.9587182402610779,0.36
1ybg,8.67860221862793,,,0.22030049562454224,-1.08
1yc1,1.7183645963668823,,,0.7503293752670288,-0.23
1yc4,1.3310866355895996,,,0.8136070966720581,-0.08
1yc5,0.37536734342575073,,,0.9903537034988403,0.79
1yci,0.3132249414920807,,,0.9931507110595703,0.17
1ycm,1.2868777513504028,,,0.7976827025413513,0.13
1yda,0.5640194416046143,,,0.9530830979347229,0.72
1ydb,0.37546780705451965,,,0.9960629940032959,0.93
1ydd,1.2320549488067627,,,0.8876543045043945,0.26
1ydk,0.731161892414093,,,0.9301994442939758,-0.32
1ydr,0.8077095746994019,,,0.9198028445243835,-0.03
1yet,2.608105421066284,,,0.5425300002098083,-5.59
1yfz,5.110886573791504,,,0.47620904445648193,-0.32
1yi3,1.3346585035324097,,,0.7877118587493896,0.41
1ykp,2.0022904872894287,,,0.7365145087242126,0.19
1ylv,0.2395825833082199,,,1.0,-0.21
1yly,0.33799901604652405,,,0.9947034120559692,-0.03
1ym1,0.9871886968612671,,,0.875,0.02
1ym2,,,,,-2.94
1ym4,,,,,-3.21
1yms,0.38581788539886475,,,0.9907767176628113,0.19
1ymx,2.1961987018585205,,,0.6653746962547302,-0.55
1ynd,9.269954681396484,,,0.22444508969783783,-2.27
1yon,4.234421253204346,,,0.5731552243232727,-0.81
1you,0.8774226307868958,,,0.921545684337616,0.07
1yq7,0.34500744938850403,,,0.9982598423957825,-0.78
1yqj,0.7848461866378784,,,0.9206703901290894,-0.15
1yqy,1.026857852935791,,,0.8669934868812561,0.16
1yrs,1.705529808998108,,,0.6958438158035278,0.03
1ysg,0.5965470671653748,,,0.9555000066757202,-0.06
1yt9,1.3165581226348877,,,0.8187976479530334,-0.51
1yvf,0.393869012594223,,,0.9824159145355225,0.28
1yvm,0.2106025516986847,,,1.0,0.63
1yvz,0.5984050631523132,,,0.9306358098983765,0.32
1yw7,0.9265122413635254,,,0.8863216042518616,-0.17
1yw8,0.984599232673645,,,0.8650075197219849,-0.20
1ywh,,,,,-3.70
1ywi,,,,,-2.93
1yxd,3.453890323638916,,,0.5980046987533569,-2.56
1yy4,0.42926862835884094,,,0.9770761132240295,0.12
1yy6,,,,,-3.20
1yye,0.746479868888855,,,0.9116989374160767,0.74
1yyr,0.919521689414978,,,0.8765496015548706,-0.04
1yys,0.8680269122123718,,,0.8722084164619446,-0.26
1yz3,0.508711576461792,,,0.960997462272644,0.13
1z2b,11.01457691192627,,,0.0,-2.43
1z3j,1.2558445930480957,,,0.8192471861839294,-0.59
1z3t,,,,,-1.00
1z3v,,,,,-0.81
1z4n,0.9056548476219177,,,0.8812893033027649,-0.71
1z4o,0.6788838505744934,,,0.9304662346839905,-0.54
1z4u,0.6161122918128967,,,0.9553191661834717,-0.19
1z6d,1.9189947843551636,,,0.6901408433914185,-1.16
1z6e,2.0315871238708496,,,0.8169464468955994,-0.23
1z6f,1.7545465230941772,,,0.7891137599945068,-1.31
1z6s,1.0674673318862915,,,0.8856858611106873,-0.69
1z95,1.5854324102401733,,,0.7661042809486389,-0.49
1z9h,0.868598997592926,,,0.9146730303764343,-0.50
1z9y,0.4759093225002289,,,0.9851816296577454,0.84
1zaf,0.4581764042377472,,,0.9838998317718506,0.50
1zaj,0.761354386806488,,,0.9192495942115784,-0.76
1zc9,0.5802147388458252,,,0.9617834687232971,-0.39
1zd2,0.7239623069763184,,,0.9308080673217773,-0.21
1zd3,1.2552969455718994,,,0.8734233975410461,-0.05
1zd4,0.7585264444351196,,,0.9125000238418579,-0.12
1zd5,9.460406303405762,,,0.3007945418357849,-0.16
1ze8,3.109616756439209,,,0.6979362368583679,-0.22
1zfq,0.6765339374542236,,,0.9514435529708862,0.84
1zgb,3.4110970497131348,,,0.6428571343421936,-0.44
1zgi,1.2205326557159424,,,0.841796875,0.62
1zgv,0.9229400753974915,,,0.883989155292511,0.64
1zh7,,,,,-2.96
1zhk,,,,,-3.38
1zhl,,,,,-3.47
1zhy,1.205267310142517,,,0.8341514468193054,-0.39
1zkk,,,,,-2.78
1zkl,0.6961663961410522,,,0.9679665565490723,0.29
1zkn,0.4661191999912262,,,0.9792358875274658,0.17
1zky,1.5049378871917725,,,0.7912772297859192,-0.01
1zm6,,,,,-2.61
1zm7,0.921425461769104,,,0.9010721445083618,0.14
1zoe,0.16414311528205872,,,1.0,-0.32
1zog,0.14098253846168518,,,1.0,-0.38
1zoh,0.4704667627811432,,,0.964640200138092,-0.18
1zom,2.814688205718994,,,0.7158710360527039,-1.18
1zpb,0.9266949892044067,,,0.9281914830207825,-0.26
1zpc,0.7515074014663696,,,0.9344432950019836,-0.30
1zsb,0.3766535818576813,,,0.9907143115997314,0.80
1zsh,,,,,-3.28
1zsr,1.481393575668335,,,0.8074250221252441,-0.55
1ztq,1.0684865713119507,,,0.8549671769142151,-0.46
1zub,,,,,-2.78
1zuc,1.136185646057129,,,0.8383620977401733,0.23
1zxv,1.4336237907409668,,,0.9482182860374451,-1.38
1zyj,0.4496603012084961,,,0.9799145460128784,0.25
1zz1,0.623420000076294,,,0.95556640625,0.00
1zz2,0.7540745735168457,,,0.9152199029922485,-1.21
1zz3,0.39058351516723633,,,0.9988479018211365,0.78
1zzl,0.4675810933113098,,,0.9852112531661987,0.92
220l,0.36170175671577454,,,1.0,-0.04
223l,0.31373098492622375,,,1.0,-0.69
2a0t,,,,,-3.62
2a25,,,,,-2.62
2a2g,1.236370325088501,,,0.8150887489318848,-0.00
2a3i,,,,,-3.43
2a3x,0.8921805024147034,,,0.9053696990013123,-1.38
2a4g,1.3328601121902466,,,0.8309099674224854,-0.73
2a4l,0.6985903382301331,,,0.9486803412437439,0.26
2a4m,1.8756111860275269,,,0.6952662467956543,-0.44
2a4q,4.549919128417969,,,0.53724604845047,-0.58
2a4z,0.4829821288585663,,,0.9622641801834106,1.03
2a58,0.6372115015983582,,,0.9332833290100098,-0.42
2a5b,0.9327073097229004,,,0.8233855366706848,-0.75
2a5c,5.423765182495117,,,0.31293463706970215,-0.77
2a5s,3.5427777767181396,,,0.44514238834381104,-5.33
2a5u,2.3814685344696045,,,0.6474258899688721,0.87
2a8g,1.3076354265213013,,,0.8168550133705139,-0.80
2a8h,1.7589168548583984,,,0.7854141592979431,-0.63
2aa6,0.9943414330482483,,,0.9077423810958862,0.45
2aa9,0.6361669301986694,,,0.9498587846755981,-0.22
2aac,0.7537018656730652,,,0.932762861251831,-0.63
2aay,0.8029375672340393,,,0.9260563254356384,-0.34
2ad5,6.5665764808654785,,,0.4101654887199402,-0.89
2ada,0.7408826947212219,,,0.9176602363586426,0.57
2adu,0.29137861728668213,,,0.9947229623794556,0.73
2aeb,,,,,0.23
2ael,4.30380916595459,,,0.38600629568099976,-0.48
2aez,,,,,-1.43
2afw,1.797101378440857,,,0.7899729013442993,0.58
2afx,0.3588520288467407,,,0.9973261952400208,0.75
2agv,0.6865611672401428,,,0.941142201423645,0.24
2ai7,0.4765775501728058,,,0.9730769395828247,0.56
2ai8,0.3785912096500397,,,0.9693251252174377,0.47
2aia,0.5441237688064575,,,0.9636850357055664,0.48
2aie,0.27995726466178894,,,0.9973958134651184,0.23
2aig,0.48120060563087463,,,0.9785627722740173,0.40
2aj8,0.6762350797653198,,,0.9185039401054382,0.17
2ajb,1.6678413152694702,,,0.7945442199707031,-0.23
2ajd,0.4153091013431549,,,0.9819532632827759,0.67
2al5,0.1489977091550827,,,1.0,0.99
2alv,0.8463977575302124,,,0.9120579957962036,-0.52
2am1,0.48494961857795715,,,0.9746294021606445,-0.24
2am2,1.0549806356430054,,,0.8495055437088013,-0.62
2am4,2.286970853805542,,,0.7034671306610107,-1.02
2am9,0.9581747651100159,,,0.8709936141967773,0.09
2ama,1.4057106971740723,,,0.8144916296005249,-0.17
2amt,1.3751423358917236,,,0.6910256147384644,-1.17
2amv,1.7574573755264282,,,0.7671451568603516,-1.36
2an5,0.5514747500419617,,,0.9653652310371399,0.15
2ao6,1.2956944704055786,,,0.8678247928619385,0.67
2aoc,,,,,-2.13
2aod,,,,,-1.43
2aoe,2.1317853927612305,,,0.771015465259552,-1.62
2aof,,,,,-3.93
2aog,1.5100504159927368,,,0.7639898061752319,-1.34
2aoh,,,,,-3.48
2aoi,,,,,-3.59
2aoj,,,,,-3.89
2aow,0.3567160367965698,,,0.9876847267150879,0.04
2aox,0.395016610622406,,,0.9820573925971985,-0.20
2aq7,0.29154375195503235,,,0.9935770630836487,-0.16
2aq9,,,,,-2.78
2aqb,0.3860042095184326,,,0.9807268977165222,-0.01
2arm,,,,,-1.31
2asu,,,,,-1.82
2ath,1.755541205406189,,,0.7385700345039368,-0.23
2auc,,,,,-3.27
2aux,1.008063554763794,,,0.8993344306945801,0.41
2auz,0.6489992737770081,,,0.9533678889274597,0.76
2avi,1.0726680755615234,,,0.8767064809799194,-0.10
2avm,1.5199569463729858,,,0.7854344844818115,-0.96
2avo,0.8576962947845459,,,0.9041595458984375,-0.55
2ax6,0.6211654543876648,,,0.9527736306190491,0.55
2ay1,0.4234955310821533,,,0.9803149700164795,-0.20
2ay2,0.3189932405948639,,,0.9880596995353699,0.05
2ay3,0.44497278332710266,,,0.977319598197937,-0.29
2ay4,0.36494770646095276,,,0.9904336929321289,-0.16
2ay6,0.46161919832229614,,,0.9719873070716858,-0.20
2ay7,,,,,-0.17
2ay8,0.6205271482467651,,,0.8876329660415649,0.03
2az5,4.377439498901367,,,0.41613781452178955,-0.95
2az8,3.9516336917877197,,,0.7033678889274597,-1.79
2az9,1.5622361898422241,,,0.8166058659553528,-1.56
2azc,,,,,-1.19
2azm,,,,,-1.93
2azr,0.5264190435409546,,,0.9654545187950134,0.20
2b17,1.3913079500198364,,,0.8260204195976257,-0.67
2b1g,0.847230076789856,,,0.8863916397094727,0.13
2b1i,0.8371753096580505,,,0.8965919613838196,0.43
2b1p,1.1741139888763428,,,0.9001736044883728,-0.25
2b1q,,,,,-1.34
2b1r,,,,,-2.20
2b1v,1.127172827720642,,,0.8415178656578064,0.22
2b2v,,,,,-2.97
2b4l,0.1639845371246338,,,1.0,0.92
2b4m,0.2817767560482025,,,1.0,0.90
2b54,0.4355755150318146,,,0.9814944267272949,0.35
2b5j,0.5683044791221619,,,0.9571942687034607,-0.33
2b7a,0.40595048666000366,,,0.9890244007110596,0.97
2b7f,,,,,-3.40
2b8l,0.718484103679657,,,0.922950804233551,0.25
2b8v,0.9909222722053528,,,0.8939189314842224,0.30
2b9a,4.275607109069824,,,0.3564285635948181,-0.38
2baj,0.3462267816066742,,,0.9943467378616333,0.50
2bal,0.7668551802635193,,,0.9247311949729919,0.34
2ban,0.7874550819396973,,,0.9453015327453613,-0.29
2bba,,,,,-3.21
2bcd,,,,,-2.49
2bdl,5.207924842834473,,,0.3608614206314087,-0.96
2be2,0.4056880474090576,,,0.9839015007019043,-0.17
2bes,0.5833054780960083,,,0.9632196426391602,-0.10
2bet,0.7550431489944458,,,0.9382086396217346,-0.11
2bgd,0.4168730080127716,,,0.9833815097808838,0.62
2bgr,,,,,-2.44
2bjm,0.18082211911678314,,,1.0,-0.34
2bkt,1.0499566793441772,,,0.8884168267250061,-0.17
2bkz,0.9147365689277649,,,0.9456169009208679,1.01
2bmk,0.7111776471138,,,0.9494818449020386,-0.02
2bmz,,,,,-1.42
2bo4,,,,,0.04
2boh,0.6794562935829163,,,0.9398437738418579,0.03
2boi,3.147225856781006,,,0.6055155992507935,-0.79
2boj,0.8183085322380066,,,0.9043026566505432,-0.55
2bpv,1.0618058443069458,,,0.8735875487327576,-0.16
2bpy,1.3017756938934326,,,0.8358209133148193,-0.71
2bq6,0.5721445679664612,,,0.9419999718666077,-0.08
2bqv,1.7686258554458618,,,0.8264679908752441,-0.47
2bqw,1.6153990030288696,,,0.7591807842254639,0.06
2br6,0.400614470243454,,,0.9857456088066101,0.78
2brb,1.5599528551101685,,,0.75,-0.78
2brm,0.7329269051551819,,,0.9211864471435547,0.72
2brp,12.858932495117188,,,0.1808556616306305,-2.05
2bt9,1.0236847400665283,,,0.8557692170143127,-0.41
2btr,1.2042760848999023,,,0.894961953163147,0.72
2bts,0.6931731700897217,,,0.9275291562080383,0.46
2buv,0.4991893470287323,,,0.9666230082511902,0.42
2bv4,0.9394999146461487,,,0.8848238587379456,-1.38
2bvd,0.8115164637565613,,,0.9305317401885986,-0.97
2bvx,0.46172142028808594,,,0.9828687310218811,0.49
2bw7,1.3279504776000977,,,0.818306028842926,-0.69
2bxt,1.0959879159927368,,,0.8694385886192322,0.53
2byr,3.0523338317871094,,,0.5444663763046265,-1.18
2bys,0.5187051296234131,,,0.9623180627822876,0.38
2bz8,,,,,-3.34
2bza,0.2570343017578125,,,1.0,0.51
2bzz,3.3046083450317383,,,0.5355917811393738,-2.40
2c1a,1.0140634775161743,,,0.8703358173370361,-0.76
2c1b,1.5185506343841553,,,0.767957329750061,-0.74
2c1p,0.955568790435791,,,0.9100486040115356,0.07
2c1q,1.0115694999694824,,,0.8831385374069214,0.18
2c2l,,,,,-3.51
2c3l,0.33850228786468506,,,0.9912909865379333,0.48
2c4v,0.2825811505317688,,,0.9979591965675354,0.32
2c57,0.7884379029273987,,,0.9156553149223328,0.31
2c5o,0.6528869271278381,,,0.9285714030265808,0.12
2c68,0.5244569778442383,,,0.9678932428359985,0.50
2c69,0.7042037844657898,,,0.9413716793060303,0.13
2c6g,1.188459873199463,,,0.8465228080749512,-5.42
2c6i,0.41610535979270935,,,0.9865556955337524,0.48
2c6k,0.5011416077613831,,,0.9729452133178711,0.71
2c6l,0.6087740063667297,,,0.9463087320327759,0.42
2c6o,0.8211037516593933,,,0.9119138121604919,0.23
2c80,0.7029335498809814,,,0.9338129758834839,-0.23
2c90,0.635563850402832,,,0.9335294365882874,0.76
2c92,0.583579957485199,,,0.9580761194229126,0.03
2c94,0.9220672249794006,,,0.9169960618019104,-0.05
2c97,2.1276237964630127,,,0.7327855825424194,-0.10
2c9b,0.43456733226776123,,,0.9542483687400818,0.04
2c9d,0.7758229970932007,,,0.8994505405426025,-0.19
2ca8,0.6214518547058105,,,0.9443855881690979,0.19
2cbj,0.9042314291000366,,,0.8787967562675476,0.27
2cbs,0.959482729434967,,,0.8661859035491943,-0.44
2cbu,0.6132223606109619,,,0.9512670636177063,0.36
2cbv,0.5339615941047668,,,0.9636929631233215,0.37
2cbz,1.778297781944275,,,0.8312000036239624,-0.68
2ccs,0.6853020191192627,,,0.9484127163887024,0.28
2cct,0.3149719536304474,,,0.9896142482757568,0.85
2ccu,3.495668411254883,,,0.6696022748947144,-0.65
2ce9,,,,,-2.20
2ceq,0.8893200755119324,,,0.8916967511177063,0.38
2cer,0.6086560487747192,,,0.9611436724662781,0.06
2ces,0.6083332896232605,,,0.9484732747077942,0.86
2cet,2.702882766723633,,,0.7699750065803528,0.20
2cex,1.2939717769622803,,,0.7825443744659424,-1.65
2cgw,0.24725742638111115,,,1.0,0.53
2cgx,0.29463329911231995,,,1.0,-0.22
2cht,1.589792013168335,,,0.7191201448440552,-0.49
2chz,0.6705026626586914,,,0.9437298774719238,0.35
2cia,,,,,-2.40
2cji,0.7699043154716492,,,0.9148471355438232,0.34
2ckm,2.377880096435547,,,0.7787547707557678,-1.58
2clf,0.6045519113540649,,,0.9371980428695679,-0.04
2clh,0.31813013553619385,,,0.9956140518188477,0.33
2cli,0.3565434515476227,,,0.9982876777648926,0.27
2clk,0.20065689086914062,,,1.0,0.30
2cll,0.6490137577056885,,,0.9546079635620117,0.29
2clm,1.4751516580581665,,,0.7920863032341003,-0.01
2clo,0.3582727611064911,,,0.9914050698280334,0.43
2cm8,1.6672306060791016,,,0.8585690259933472,0.33
2cma,1.4530991315841675,,,0.8247340321540833,-1.51
2cmb,1.9995887279510498,,,0.8011682033538818,-1.71
2cmc,3.7013673782348633,,,0.7508351802825928,-1.34
2cmf,0.7480983138084412,,,0.901576578617096,-0.50
2cmo,2.0921874046325684,,,0.7167070508003235,-1.48
2cn8,0.32948440313339233,,,0.9925447106361389,0.67
2cne,1.6343904733657837,,,0.7829641103744507,-2.22
2cnf,0.9710484743118286,,,0.9246487617492676,-0.76
2csm,15.214113235473633,,,0.004385964944958687,-1.20
2csn,0.4502018094062805,,,0.9752941131591797,-0.00
2ctc,0.5058180093765259,,,0.9764397740364075,0.24
2cv3,,,,,-2.93
2d06,2.6920058727264404,,,0.597470223903656,-0.36
2d0k,1.0920641422271729,,,0.8917456269264221,-0.27
2d1x,,,,,-3.49
2d2v,,,,,-2.47
2d3u,0.5187569856643677,,,0.9651845693588257,0.14
2d3z,0.7069291472434998,,,0.9184397459030151,0.37
2dbl,9.491779327392578,,,0.18618881702423096,-1.59
2ddf,2.6241939067840576,,,0.7376803159713745,-1.16
2dri,0.6587927341461182,,,0.9264367818832397,0.18
2ds1,1.430063247680664,,,0.8150237798690796,0.23
2dua,0.13172242045402527,,,1.0,-0.13
2duv,1.8831335306167603,,,0.7469879388809204,-0.80
2dwx,,,,,-0.52
2dxs,1.160032868385315,,,0.8304821252822876,-0.92
2e1w,0.9034057855606079,,,0.9111635088920593,0.33
2e27,6.933454513549805,,,0.25205159187316895,-2.11
2e2r,0.5006185173988342,,,0.9593572616577148,0.26
2e5y,2.249008893966675,,,0.658214271068573,-0.89
2e7f,1.0673644542694092,,,0.9410480260848999,-0.75
2e7l,,,,,-3.89
2e91,0.4072628319263458,,,0.9838709831237793,-0.77
2e92,0.21495088934898376,,,0.9962038993835449,-0.79
2e94,2.567521810531616,,,0.6200466156005859,-1.05
2e95,1.1352996826171875,,,0.8316075205802917,-1.22
2e99,3.6014838218688965,,,0.7096070051193237,-1.04
2e9d,1.4713214635849,,,0.759968101978302,-1.66
2e9o,0.8277129530906677,,,0.9274537563323975,0.19
2ea2,0.7726885080337524,,,0.9025765061378479,-0.21
2eep,0.7724798917770386,,,0.9237523078918457,0.38
2eg8,1.2421494722366333,,,0.8067376017570496,-0.12
2ei6,1.2893444299697876,,,0.9233333468437195,-0.11
2epn,0.6347594857215881,,,0.9530332684516907,0.09
2er0,,,,,-2.68
2er6,,,,,-2.06
2er9,,,,,-3.76
2esm,2.08701753616333,,,0.7898613810539246,0.06
2etk,0.3703705966472626,,,0.9884210228919983,0.40
2etm,0.7913256883621216,,,0.9105263352394104,-0.25
2etr,0.8506026864051819,,,0.9373562932014465,0.10
2eum,,,,,-1.70
2evc,0.23010380566120148,,,0.991651177406311,0.64
2evl,,,,,-1.11
2evm,0.41438043117523193,,,0.9834401607513428,0.40
2evo,1.792433500289917,,,0.7169913649559021,0.78
2ew5,2.8019299507141113,,,0.6751968264579773,-0.62
2ew6,0.6161705255508423,,,0.9445667862892151,0.24
2ewa,0.9953376650810242,,,0.9193323850631714,-0.12
2ewb,9.331439971923828,,,0.374794065952301,-0.95
2ews,1.2406766414642334,,,0.8278564214706421,-0.31
2ewy,1.173117756843567,,,0.8239091634750366,-0.16
2exg,1.2622319459915161,,,0.8454935550689697,0.24
2exm,0.2651560306549072,,,1.0,0.70
2ez5,,,,,-3.04
2ez7,6.924677848815918,,,0.24542683362960815,-0.28
2f01,0.37015604972839355,,,0.9972627758979797,0.09
2f18,1.5711376667022705,,,0.7555350661277771,-0.80
2f1a,1.9027003049850464,,,0.6924428939819336,-0.75
2f1b,1.0951578617095947,,,0.8159340620040894,-1.02
2f3e,1.4451028108596802,,,0.8011826872825623,-0.86
2f3f,1.8866413831710815,,,0.7019944190979004,-0.49
2f3r,4.351525783538818,,,0.6337385773658752,-0.88
2f5t,,,,,-1.03
2f6j,,,,,-2.04
2f7o,0.863208532333374,,,0.8973922729492188,0.20
2f7p,1.870592713356018,,,0.7923588156700134,-0.47
2f8i,0.3851323425769806,,,0.9948347210884094,-0.25
2f9k,0.4445745348930359,,,0.9906716346740723,-0.58
2fah,0.20744076371192932,,,1.0,0.23
2fai,1.8803765773773193,,,0.7053846120834351,0.26
2fb8,1.2638176679611206,,,0.8410828113555908,-0.45
2fda,1.2235817909240723,,,0.8516556024551392,-0.58
2fdd,1.046006441116333,,,0.866217315196991,-0.94
2fde,1.072170376777649,,,0.8636924624443054,-0.55
2fdp,0.9411274790763855,,,0.9170984625816345,-0.01
2ff1,1.0693929195404053,,,0.832647442817688,-0.00
2ff2,2.2306480407714844,,,0.7309630513191223,0.07
2fgh,2.4201552867889404,,,0.6186006665229797,-0.92
2fgu,,,,,-1.03
2fgv,,,,,-1.08
2fhy,0.49026596546173096,,,0.9745935201644897,0.09
2fj0,0.5710456371307373,,,0.9691901206970215,-0.01
2fkf,7.637838363647461,,,0.11104972660541534,-2.51
2fl2,1.1282477378845215,,,0.8302354216575623,-0.13
2fl5,0.6207112073898315,,,0.970325231552124,-0.29
2fle,1.7782679796218872,,,0.7019230723381042,-0.96
2flh,0.5464015603065491,,,0.9469696879386902,0.22
2flr,10.806840896606445,,,0.12417994439601898,-1.58
2flu,,,,,-3.47
2fm2,3.3430299758911133,,,0.6923728585243225,-0.83
2fmb,12.95372486114502,,,0.1193232387304306,-2.82
2fme,0.7555785179138184,,,0.931392252445221,0.07
2fo4,,,,,-3.77
2fpz,0.6208338737487793,,,0.9377853870391846,0.58
2fq6,2.253909111022949,,,0.7612144351005554,-0.81
2fqt,1.8352105617523193,,,0.7854166626930237,-0.89
2fqw,1.1247379779815674,,,0.8591654300689697,-0.24
2fqx,1.009115219116211,,,0.8668360114097595,-0.19
2fqy,1.144913673400879,,,0.8555629849433899,-0.18
2fr3,1.975807785987854,,,0.7898613810539246,0.11
2fsv,19.114295959472656,,,0.02002640813589096,-0.88
2ftd,2.4805314540863037,,,0.720474123954773,-0.14
2fv5,1.4912569522857666,,,0.8361836075782776,0.06
2fv9,2.6081745624542236,,,0.7072233557701111,-0.51
2fw3,0.7659005522727966,,,0.9035966992378235,-0.13
2fw6,0.4745488464832306,,,0.976344108581543,0.42
2fwp,0.39189353585243225,,,0.9923912882804871,0.57
2fwy,1.0824310779571533,,,0.9066068530082703,-0.46
2fwz,1.1234772205352783,,,0.8896210789680481,-0.36
2fx7,,,,,-3.36
2fx9,,,,,-3.65
2fxr,0.868893563747406,,,0.9128788113594055,-0.01
2fxu,1.7353529930114746,,,0.7683417201042175,-0.88
2fyv,1.5562195777893066,,,0.8242574334144592,-0.77
2fzc,1.8788660764694214,,,0.7207854390144348,-1.25
2fzk,2.0095207691192627,,,0.7312138676643372,-0.71
2g0h,0.6001525521278381,,,0.952194333076477,0.19
2g19,0.5106872320175171,,,0.9740325808525085,0.36
2g1q,3.089022159576416,,,0.6179039478302002,-0.23
2g1r,0.903253972530365,,,0.8844586610794067,-0.00
2g1y,1.1231123208999634,,,0.8722891807556152,0.10
2g24,1.1079511642456055,,,0.8709677457809448,-0.69
2g5p,0.6723116040229797,,,0.9423945546150208,-0.32
2g5t,0.7402366399765015,,,0.957619845867157,-0.31
2g63,1.4276877641677856,,,0.8958333134651184,-0.51
2g6p,0.4657415449619293,,,0.9820296168327332,-0.40
2g6q,,,,,-2.88
2g71,0.576053261756897,,,0.956204354763031,-0.09
2g72,0.7622292041778564,,,0.915742039680481,0.06
2g78,0.6649878025054932,,,0.9382352828979492,0.06
2g79,0.7493540644645691,,,0.931382954120636,0.20
2g83,0.8918238878250122,,,0.9007176756858826,0.45
2g8n,0.6165152788162231,,,0.9415223002433777,0.31
2g8r,7.37846040725708,,,0.18912063539028168,-0.38
2g94,1.7286416292190552,,,0.8144310712814331,-0.20
2g9q,1.1132875680923462,,,0.8340455889701843,-0.16
2g9r,3.406970977783203,,,0.6594771146774292,-0.40
2g9u,2.9987540245056152,,,0.6549773812294006,-0.22
2g9v,1.0607538223266602,,,0.8678082227706909,-0.07
2gbf,0.44247695803642273,,,0.9729872941970825,0.06
2gbg,0.6915974020957947,,,0.942375898361206,0.28
2gbi,1.8532921075820923,,,0.7538119554519653,0.37
2gd8,2.6525278091430664,,,0.6896964907646179,-0.14
2gej,2.2425239086151123,,,0.662151038646698,-1.08
2gek,1.4189568758010864,,,0.800494372844696,-1.32
2gfa,,,,,-2.41
2gfk,0.8134787678718567,,,0.9402276873588562,-0.12
2gfs,0.7686634659767151,,,0.9001426696777344,-0.19
2gg0,2.835264205932617,,,0.7004608511924744,0.06
2gg3,0.47465941309928894,,,0.977078914642334,0.11
2gg5,0.7472444176673889,,,0.9455284476280212,0.63
2gg7,0.35603001713752747,,,0.9913294911384583,-0.09
2ggb,1.0502386093139648,,,0.8712948560714722,-0.31
2ggu,,,,,-1.82
2gh6,0.9510830640792847,,,0.9121338725090027,0.01
2gh7,0.4581427574157715,,,0.9832123517990112,0.11
2gh9,,,,,-1.03
2gj4,33.364994049072266,,,0.0,-1.35
2gj5,2.4290640354156494,,,0.6678498983383179,-0.32
2gkl,2.4671781063079834,,,0.7123287916183472,0.39
2gl0,1.2098102569580078,,,0.8423728942871094,-0.23
2glp,2.2375433444976807,,,0.8035006523132324,-0.46
2gm1,0.6436721086502075,,,0.9361172318458557,-0.31
2gm9,40.330970764160156,,,0.0,-1.15
2gmx,1.2280604839324951,,,0.8566460609436035,-1.08
2gnf,1.4201008081436157,,,0.8473118543624878,-0.36
2gni,0.788748562335968,,,0.9177852272987366,0.57
2gnj,1.1545737981796265,,,0.8634488582611084,0.35
2go4,12.948338508605957,,,0.11404833942651749,-0.26
2gtk,0.5972129106521606,,,0.9331651926040649,-0.21
2gtv,0.9295077323913574,,,0.8824278712272644,-0.86
2gvv,0.7376781702041626,,,0.9214628338813782,-0.06
2gyi,1.4370757341384888,,,0.7939560413360596,-0.22
2gz2,,,,,-0.35
2gz7,1.8477948904037476,,,0.7929226756095886,-0.71
2gzl,11.174063682556152,,,0.11602700501680374,-1.71
2h13,,,,,-3.14
2h15,1.8243614435195923,,,0.7345132827758789,-0.19
2h2d,,,,,-3.52
2h2g,,,,,-2.63
2h3e,0.4576657712459564,,,0.963447630405426,0.33
2h42,2.219586133956909,,,0.6577324271202087,-0.64
2h4g,0.36130017042160034,,,0.9964850544929504,0.47
2h4k,0.5503783226013184,,,0.9805956482887268,0.34
2h4n,0.5985062122344971,,,0.9594395160675049,0.56
2h5a,5.318453311920166,,,0.28492647409439087,-1.18
2h5d,,,,,-1.32
2h5e,1.076573371887207,,,0.8919270634651184,-0.19
2h5i,,,,,-1.92
2h5j,,,,,-1.25
2h65,,,,,-3.13
2h6b,0.17773431539535522,,,1.0,0.58
2h6k,,,,,-3.02
2h6t,,,,,-2.39
2h96,0.9471152424812317,,,0.9343003630638123,0.11
2h9m,,,,,-2.46
2h9n,,,,,-2.65
2h9p,,,,,-3.66
2h9t,,,,,-3.96
2ha0,0.36867275834083557,,,0.9846368432044983,-0.14
2ha2,1.0744692087173462,,,0.8798977732658386,-0.65
2ha3,2.79193377494812,,,0.59375,-0.09
2ha4,0.3740129768848419,,,1.0,-0.43
2ha5,0.18593449890613556,,,1.0,0.12
2ha6,0.8636953830718994,,,0.8904638886451721,-0.45
2ha7,10.659165382385254,,,0.23466257750988007,-0.33
2hah,4.663761138916016,,,0.5544096827507019,-1.51
2hai,1.966959834098816,,,0.6733687520027161,0.07
2haw,0.7614469528198242,,,0.9319620132446289,-0.14
2hb1,0.21365638077259064,,,1.0,0.74
2hd1,0.27770623564720154,,,1.0,0.54
2hdq,0.14253979921340942,,,1.0,0.02
2hds,16.05898666381836,,,0.0,-0.03
2hf8,0.6310549378395081,,,0.9526627063751221,-0.15
2hh5,1.570613980293274,,,0.77459317445755,0.19
2hha,0.6034656763076782,,,0.950652539730072,0.18
2hiw,1.0036232471466064,,,0.8748832941055298,-0.04
2hjb,10.406072616577148,,,0.09645328670740128,-0.17
2hkf,,,,,-2.22
2hm1,4.675849437713623,,,0.6073876619338989,-0.86
2hmb,1.087522029876709,,,0.8504902124404907,-0.07
2hmu,1.5808074474334717,,,0.7872582674026489,-0.77
2hmv,1.9042762517929077,,,0.7644787430763245,-0.82
2hmw,1.2184313535690308,,,0.8290572762489319,-0.94
2hnc,0.21587267518043518,,,1.0,0.95
2hnx,0.7369402647018433,,,0.925543487071991,-0.42
2hny,1.3843019008636475,,,0.7692307829856873,-0.17
2hob,,,,,-2.34
2hoc,2.248539686203003,,,0.7944015264511108,0.28
2hog,1.675482153892517,,,0.8357874751091003,0.41
2hqu,0.988338828086853,,,0.8823529481887817,-0.61
2hr6,22.296497344970703,,,0.0,-0.43
2hrm,24.01744842529297,,,0.0,-0.81
2hvx,2.7031466960906982,,,0.6185468435287476,-0.91
2hw2,4.043803691864014,,,0.3842030167579651,-2.59
2hwg,0.27064940333366394,,,1.0,-0.00
2hwp,2.086421251296997,,,0.7221577763557434,-0.28
2hyy,0.5597610473632812,,,0.945222020149231,0.00
2hz0,0.8204717040061951,,,0.904631495475769,0.47
2hz4,1.2857577800750732,,,0.7744054794311523,-0.80
2hzi,0.5386967658996582,,,0.9680268168449402,0.18
2hzl,0.13193783164024353,,,1.0,0.66
2hzn,0.7869256734848022,,,0.9064294099807739,0.68
2hzy,0.391415536403656,,,0.9903684854507446,0.41
2i0g,1.1706222295761108,,,0.816615641117096,-0.01
2i0h,0.8586047291755676,,,0.9198564887046814,-0.27
2i0v,1.7882500886917114,,,0.6898542046546936,-1.53
2i0y,0.8286130428314209,,,0.9225759506225586,0.49
2i1m,0.9644951820373535,,,0.9026580452919006,0.45
2i2c,6.692595958709717,,,0.34125587344169617,-2.19
2i3h,,,,,-3.51
2i3i,0.7877393960952759,,,0.9146183729171753,0.61
2i3v,8.67038631439209,,,0.17786885797977448,-1.71
2i3z,0.7019768953323364,,,0.922281801700592,0.26
2i40,1.4140156507492065,,,0.8042168617248535,-0.12
2i4t,1.413122534751892,,,0.8011126518249512,-0.36
2i4w,0.9881487488746643,,,0.876153826713562,-0.46
2i5f,,,,,-1.43
2i5j,9.623398780822754,,,0.13124999403953552,-1.00
2i6b,1.0588610172271729,,,0.8352712988853455,-0.42
2i72,0.481942743062973,,,0.9576059579849243,0.24
2idk,0.9846014380455017,,,0.8636080026626587,-1.08
2ie4,1.0700747966766357,,,0.8330479264259338,-1.48
2ig0,,,,,-1.10
2igv,,,,,-0.25
2igw,,,,,-0.30
2igx,1.4102778434753418,,,0.8045927286148071,-0.38
2ihj,2.879985809326172,,,0.5711497664451599,-1.31
2ihq,0.8703517317771912,,,0.902999997138977,0.60
2iit,1.233901858329773,,,0.8525910377502441,-0.70
2iiv,0.8107073307037354,,,0.9262232184410095,-0.26
2ima,0.8695200085639954,,,0.9413333535194397,0.66
2imd,,,,,-0.41
2io6,0.5867262482643127,,,0.9548919796943665,0.34
2ioa,1.5655276775360107,,,0.7748404741287231,-0.50
2iok,0.3644302785396576,,,0.9910596013069153,0.54
2ipo,0.9417321085929871,,,0.9106239676475525,0.20
2irz,1.2985377311706543,,,0.8140172362327576,0.09
2isc,0.49140310287475586,,,0.9622793197631836,-0.20
2isv,0.25734299421310425,,,0.9822198152542114,0.28
2isw,0.21181243658065796,,,1.0,0.26
2it4,0.8713797926902771,,,0.8909774422645569,0.60
2ito,0.8000733852386475,,,0.9383803009986877,-0.36
2ity,1.204556941986084,,,0.8938506841659546,-0.34
2itz,0.7234050631523132,,,0.9728915691375732,-0.19
2iu0,8.189079284667969,,,0.1137184128165245,-0.36
2iv9,,,,,-2.64
2ivu,1.379993200302124,,,0.7760844230651855,0.02
2ivz,,,,,-2.48
2iw6,2.3241825103759766,,,0.6929723620414734,-0.51
2iyf,3.1871631145477295,,,0.5265108346939087,-3.98
2izl,0.9716431498527527,,,0.8830071091651917,-0.10
2izx,0.9485640525817871,,,0.8824257254600525,0.08
2j27,1.071120262145996,,,0.8912466764450073,-0.01
2j2u,0.9097330570220947,,,0.8899354338645935,-0.06
2j34,1.0230767726898193,,,0.892123281955719,0.06
2j47,1.3704142570495605,,,0.7686136364936829,-0.28
2j4a,1.1187809705734253,,,0.8600000143051147,-0.29
2j4g,0.8809837698936462,,,0.8850931525230408,0.32
2j4i,1.509456992149353,,,0.807692289352417,-1.20
2j4k,1.3062410354614258,,,0.8082047700881958,-0.73
2j4q,1.9154211282730103,,,0.7469512224197388,-1.49
2j4z,0.7954742908477783,,,0.9338926076889038,0.55
2j50,2.1195077896118164,,,0.7068155407905579,0.25
2j62,0.7746227383613586,,,0.9081172347068787,0.34
2j75,0.6007977724075317,,,0.9433333277702332,0.69
2j77,0.9105432033538818,,,0.8854602575302124,0.18
2j78,0.30417078733444214,,,0.991983950138092,0.91
2j79,0.29004719853401184,,,0.9984756112098694,0.80
2j7b,0.9126901030540466,,,0.9135160446166992,0.36
2j7d,1.1217687129974365,,,0.8787764310836792,0.83
2j7e,0.7036406993865967,,,0.948924720287323,0.33
2j7f,0.5614372491836548,,,0.951200008392334,0.65
2j7g,0.8877716064453125,,,0.8759286999702454,0.19
2j7h,0.998314380645752,,,0.8914319276809692,0.81
2j7w,0.9173488020896912,,,0.9177350401878357,-1.47
2j7x,1.2080676555633545,,,0.8389544486999512,0.11
2j83,0.9216238260269165,,,0.8859890103340149,-0.01
2j87,1.4796955585479736,,,0.7971652150154114,-0.24
2j94,1.2887650728225708,,,0.8121019005775452,0.09
2j95,1.0610204935073853,,,0.9013840556144714,-0.14
2j9a,,,,,-3.10
2j9h,0.4858608543872833,,,0.9705169796943665,-0.00
2j9l,0.863068163394928,,,0.9036312699317932,-0.53
2ja3,1.4615737199783325,,,0.7846715450286865,-0.45
2jal,0.7988221049308777,,,0.9147489666938782,-0.25
2jbk,1.5235124826431274,,,0.8073843121528625,0.64
2jbl,1.0384316444396973,,,0.855586588382721,-1.19
2jbo,0.9485034346580505,,,0.8596368432044983,-0.05
2jbu,,,,,-2.35
2jc0,2.8225438594818115,,,0.5559610724449158,-0.82
2jdh,,,,,-1.55
2jdl,,,,,-3.20
2jdm,3.262025833129883,,,0.6036585569381714,-0.53
2jdn,1.5096863508224487,,,0.7588607668876648,-0.70
2jdo,3.9948177337646484,,,0.5252960324287415,-0.58
2jdp,0.7178465127944946,,,0.9137681126594543,-0.53
2jdt,0.8098480105400085,,,0.9367549419403076,-0.75
2jdu,0.8457688689231873,,,0.8978779911994934,-0.61
2jdy,1.105021595954895,,,0.8520408272743225,-1.22
2jew,0.4893062710762024,,,0.9740465879440308,0.49
2jf4,1.0003008842468262,,,0.857758641242981,-0.46
2jfh,1.661824345588684,,,0.8330618739128113,-0.70
2jg0,1.0181862115859985,,,0.8697394728660583,-0.49
2jg8,2.923750162124634,,,0.5773137807846069,-1.30
2jgs,0.8808111548423767,,,0.8860543966293335,0.06
2jh0,0.5321629643440247,,,0.9723307490348816,-0.01
2jh5,0.6764424443244934,,,0.9373342394828796,-0.07
2jh6,3.169605016708374,,,0.6776390671730042,-0.21
2jiw,2.1220498085021973,,,0.7048872113227844,-0.58
2jj3,0.5364580750465393,,,0.9602941274642944,0.48
2jjb,,,,,-0.86
2jjk,1.4521942138671875,,,0.797996997833252,-0.06
2jjr,0.2089821696281433,,,1.0,-0.83
2jk9,,,,,-3.41
2jke,0.8425736427307129,,,0.912109375,-0.24
2jkh,1.3901156187057495,,,0.779608964920044,-0.40
2jko,0.6889330744743347,,,0.9324712753295898,-0.01
2jkp,0.9472519159317017,,,0.8934240341186523,-0.41
2jkq,1.502018690109253,,,0.8743154406547546,-0.52
2jnp,1.1311081647872925,,,0.87129145860672,0.23
2jo9,,,,,-2.65
2joa,,,,,-2.79
2jq9,,,,,-3.38
2jqi,,,,,-2.92
2jqk,,,,,-3.16
2jql,,,,,-3.54
2jsd,0.8819075226783752,,,0.9142335653305054,0.36
2jst,0.9497653245925903,,,0.8667218685150146,0.07
2jup,,,,,-2.00
2jxr,0.7306276559829712,,,0.923902690410614,0.24
2k00,,,,,-3.01
2k0g,2.2120983600616455,,,0.6924321055412292,-0.31
2k0x,,,,,-3.34
2k1q,,,,,-2.43
2k2g,0.9596378803253174,,,0.9019607901573181,-0.58
2k2r,,,,,-3.23
2k3w,,,,,-3.18
2k46,,,,,-2.80
2k4i,3.275700092315674,,,0.44870129227638245,-1.99
2kbr,,,,,-3.26
2kbs,,,,,-2.92
2kdh,4.701658725738525,,,0.37279292941093445,-1.43
2ke1,,,,,-2.62
2kgi,,,,,-2.94
2khh,,,,,-3.26
2knh,,,,,-3.63
2ko7,2.496535301208496,,,0.6485587358474731,-2.10
2koh,,,,,-3.56
2kp8,2.614243268966675,,,0.6548763513565063,-1.31
2ks9,,,,,-3.51
2ksp,,,,,-3.12
2kup,,,,,-3.11
2kvm,,,,,-3.20
2l0i,,,,,-2.31
2l12,,,,,-3.48
2l1b,,,,,-3.19
2l3r,,,,,-3.34
2l6e,,,,,-3.32
2l6j,,,,,-3.66
2l7u,,,,,-3.04
2l8j,,,,,-2.83
2l98,0.5811783075332642,,,0.9570895433425903,-0.79
2las,,,,,-3.30
2lbm,,,,,-3.33
2lbv,1.2546041011810303,,,0.8069381713867188,-1.22
2lcs,,,,,-2.93
2lct,,,,,-3.21
2lha,,,,,-1.71
2liq,,,,,-1.30
2lkk,0.921431303024292,,,0.9105648398399353,-0.17
2lko,1.5880756378173828,,,0.7908878326416016,-1.51
2ll6,,,,,-3.52
2ll7,,,,,-3.13
2lpr,,,,,-0.67
2lsr,,,,,-3.68
2lsv,,,,,-3.20
2ltv,,,,,-2.94
2ltw,,,,,-2.97
2ltx,,,,,-3.13
2lty,,,,,-3.30
2ly0,0.8929112553596497,,,0.859375,-0.53
2lya,7.097140789031982,,,0.7034883499145508,-3.61
2lyb,3.56605863571167,,,0.6708015203475952,-3.37
2m0o,,,,,-3.06
2m0v,,,,,-2.15
2m3o,,,,,-2.78
2m41,,,,,-3.28
2mas,1.3546903133392334,,,0.7950310707092285,-0.70
2mc1,,,,,-3.25
2mg5,,,,,-3.36
2mip,,,,,-3.38
2mji,1.3781191110610962,,,0.84560227394104,-0.66
2mkr,,,,,-2.94
2mlm,0.49036091566085815,,,0.9835293889045715,-0.60
2mnz,,,,,-3.22
2mow,,,,,-2.41
2mps,,,,,-3.15
2ms4,,,,,-2.93
2mwy,,,,,-3.30
2n0u,1.5777009725570679,,,0.7137904763221741,-1.68
2n27,1.4358934164047241,,,0.8095238208770752,-1.46
2n3k,,,,,-3.40
2n8t,,,,,-3.42
2n9e,,,,,-2.93
2n9x,,,,,-3.38
2ncz,,,,,-3.23
2nd0,,,,,-3.19
2ndf,,,,,-3.11
2ndg,,,,,-2.77
2ndo,0.45643532276153564,,,0.9752907156944275,-0.70
2nm1,,,,,-3.30
2nn8,,,,,-2.61
2nnd,0.1984340250492096,,,1.0,0.15
2nng,0.5203677415847778,,,0.988095223903656,0.83
2nnk,1.450068473815918,,,0.7707192897796631,-0.79
2nnp,0.9738746285438538,,,0.8689154386520386,-0.56
2nns,1.0360710620880127,,,0.9371827244758606,0.59
2np9,1.3469958305358887,,,0.7914651036262512,-1.15
2nq6,0.4155970513820648,,,0.9900793433189392,-0.19
2nq7,0.4845002293586731,,,0.9751521348953247,-0.16
2nsj,0.8309531807899475,,,0.8853846192359924,0.66
2nsl,0.8920601606369019,,,0.9058333039283752,0.39
2nsx,1.1979444026947021,,,0.7016509175300598,0.05
2nt7,0.9765704870223999,,,0.9038265347480774,0.13
2nta,0.547129213809967,,,0.9571999907493591,0.37
2ntf,1.0845750570297241,,,0.891686201095581,-0.05
2nv7,0.550256073474884,,,0.9704116582870483,0.80
2nw4,0.8913366794586182,,,0.8753571510314941,0.48
2nwl,1.6867222785949707,,,0.7248995900154114,-3.92
2nwn,,,,,-3.56
2nww,1.0666066408157349,,,0.8965295553207397,0.00
2nxd,,,,,-3.52
2nyr,,,,,-2.21
2o1c,0.31885379552841187,,,1.0,-0.19
2o1v,1.8830742835998535,,,0.7517544031143188,-1.54
2o2u,0.37833482027053833,,,0.9834494590759277,0.27
2o3p,1.4964489936828613,,,0.8655115365982056,0.52
2o3z,0.6679244637489319,,,0.9277899265289307,0.43
2o4h,5.383227825164795,,,0.3404321074485779,-0.30
2o4j,0.7139777541160583,,,0.926764726638794,0.00
2o4r,1.0007191896438599,,,0.8871809840202332,-0.06
2o4s,1.188759684562683,,,0.8084897994995117,-0.86
2o4z,0.2880663275718689,,,0.9966063499450684,0.72
2o63,0.5790101289749146,,,0.9675043225288391,-0.02
2o65,6.908680438995361,,,0.24133948981761932,0.00
2o7v,,,,,-0.03
2o9a,2.596798896789551,,,0.6115269660949707,-0.23
2o9i,0.8950740694999695,,,0.8822537064552307,-0.21
2o9j,1.0994675159454346,,,0.8527607321739197,0.04
2o9r,,,,,-0.87
2o9v,,,,,-2.36
2oa0,0.4270823299884796,,,0.9851046800613403,0.33
2oax,1.5422207117080688,,,0.77703458070755,0.36
2obf,1.7195079326629639,,,0.7784988880157471,0.21
2obo,1.2450987100601196,,,0.7659642696380615,0.26
2oc0,3.9811313152313232,,,0.6206803321838379,0.16
2oc1,0.7829362750053406,,,0.9256476759910583,-0.02
2oc4,1.0539911985397339,,,0.8854166865348816,0.14
2oc7,1.063111662864685,,,0.7620305418968201,0.27
2oc9,2.4164724349975586,,,0.7681543231010437,0.00
2odd,,,,,-3.20
2oei,,,,,-2.49
2of2,0.5696637630462646,,,0.9566831588745117,-0.10
2off,34.589576721191406,,,0.0,-1.26
2ogy,0.7281705737113953,,,0.9286821484565735,-0.66
2ohk,3.096451759338379,,,0.5842013955116272,-0.09
2ohm,0.39301779866218567,,,0.9904761910438538,0.68
2ohp,0.43504810333251953,,,0.9765012860298157,0.29
2ohq,0.7707483172416687,,,0.9369245171546936,0.40
2oht,0.3862966001033783,,,0.9949209690093994,0.54
2ohu,0.972186267375946,,,0.878830075263977,0.16
2ohv,0.8643118143081665,,,0.8866544961929321,0.03
2oi0,1.3265389204025269,,,0.7755934596061707,-0.07
2oi2,1.0587828159332275,,,0.8733396530151367,-0.03
2oi3,,,,,-3.01
2oi9,,,,,-3.58
2oiq,1.56827974319458,,,0.7820150852203369,0.20
2oj9,0.8599046468734741,,,0.9061210751533508,0.49
2ojg,0.19599252939224243,,,1.0,0.72
2oji,0.4712177515029907,,,0.9782794117927551,0.56
2ojj,0.6069687604904175,,,0.9628880023956299,0.15
2olb,,,,,-3.83
2ole,4.067362308502197,,,0.6179808974266052,-0.87
2on3,0.700398325920105,,,0.9166666865348816,0.03
2on6,2.7093117237091064,,,0.6641167998313904,0.05
2onb,2.1466214656829834,,,0.752212405204773,-1.07
2ooz,0.336931049823761,,,0.9931761622428894,0.66
2op3,0.780961811542511,,,0.8917710185050964,0.13
2op9,0.8106969594955444,,,0.8999221324920654,-0.92
2opb,1.1841527223587036,,,0.8148630857467651,-0.08
2oph,1.0669872760772705,,,0.8622685074806213,0.06
2oq6,0.2556625306606293,,,1.0,0.59
2oqi,1.1429263353347778,,,0.8249686360359192,-0.15
2or4,0.7045894265174866,,,0.9462890625,0.76
2or9,,,,,-3.23
2ork,0.8492673635482788,,,0.9372509717941284,-1.96
2os9,0.6777651309967041,,,0.9438325762748718,-1.40
2osm,2.340245246887207,,,0.7220339179039001,0.55
2ot1,1.873402714729309,,,0.8205274939537048,-1.59
2ov4,1.8855161666870117,,,0.7397798895835876,-0.67
2ovq,,,,,-3.26
2ovv,0.48726874589920044,,,0.9737569093704224,-0.31
2ovy,0.7697786092758179,,,0.9276785850524902,-0.48
2ow2,1.1303938627243042,,,0.841819703578949,-0.15
2ow6,1.1189814805984497,,,0.8625792860984802,-0.31
2ow7,0.7352418303489685,,,0.9124423861503601,0.01
2ow9,0.7575767636299133,,,0.9198552370071411,-0.03
2oxd,0.7614220380783081,,,0.8930445909500122,-0.55
2oxn,0.5730795860290527,,,0.9569408893585205,-0.16
2oxx,0.23873430490493774,,,1.0,-0.36
2oxy,0.10424161702394485,,,1.0,-0.44
2oyk,0.9282383322715759,,,0.8869426846504211,-0.73
2oyl,2.4103314876556396,,,0.7239766120910645,-0.64
2oz2,0.9624470472335815,,,0.8931261897087097,-0.05
2oz7,2.2151377201080322,,,0.6696904897689819,-0.33
2p09,2.346863031387329,,,0.7996503710746765,-1.83
2p0d,1.2937134504318237,,,0.8224381804466248,-1.67
2p0x,,,,,-0.77
2p15,0.6454182267189026,,,0.9383803009986877,0.41
2p1c,1.113675832748413,,,0.8590534925460815,-0.77
2p2a,0.5925294756889343,,,0.9429547786712646,0.29
2p3a,1.4082117080688477,,,0.7985888123512268,-1.74
2p3c,2.9152019023895264,,,0.6565887331962585,-1.59
2p3g,1.4832998514175415,,,0.8432267904281616,0.54
2p3i,1.4262782335281372,,,0.8339080214500427,-1.53
2p4j,1.114751935005188,,,0.8502017259597778,-0.40
2p4s,0.5944376587867737,,,0.959713876247406,0.25
2p4y,0.7144614458084106,,,0.9319085478782654,-0.05
2p53,1.3051764965057373,,,0.8152482509613037,-0.20
2p7a,0.4961200952529907,,,0.977419376373291,-0.10
2p7g,0.49127480387687683,,,0.966946005821228,0.28
2p93,1.1918153762817383,,,0.8411967754364014,0.83
2p94,1.0528666973114014,,,0.9026235938072205,0.35
2p99,0.6182461977005005,,,0.9375,0.39
2p9a,3.946579933166504,,,0.4440406858921051,0.52
2pax,0.22545380890369415,,,1.0,0.16
2pbw,5.576100826263428,,,0.5972396731376648,0.38
2peh,,,,,-3.06
2pem,,,,,-2.62
2pfy,0.36044666171073914,,,0.9926470518112183,1.05
2pg2,,,,,0.29
2ph6,0.8850761651992798,,,0.910179615020752,0.12
2ph8,1.6350926160812378,,,0.7294589281082153,-0.33
2ph9,4.214666366577148,,,0.3665577471256256,-0.57
2phb,1.641469955444336,,,0.826106607913971,0.63
2piy,1.246972918510437,,,0.8239710927009583,-0.93
2piz,0.506399393081665,,,0.952180027961731,-0.30
2pj0,0.9625279903411865,,,0.9142376780509949,-0.46
2pj1,4.6710734367370605,,,0.6811996102333069,-0.68
2pj2,1.516953945159912,,,0.834269642829895,-0.61
2pj3,0.5634050965309143,,,0.968358039855957,-0.34
2pj4,0.6044636368751526,,,0.9389743804931641,-0.27
2pj5,1.1862305402755737,,,0.8890937566757202,-0.65
2pj6,0.7778031229972839,,,0.9498806595802307,-0.76
2pj7,0.7156426906585693,,,0.9221556782722473,-0.60
2pj8,1.4231010675430298,,,0.8725669384002686,-0.98
2pj9,0.7973310947418213,,,0.9097906351089478,-0.55
2pja,1.0066149234771729,,,0.8924857974052429,-1.12
2pjc,1.1376303434371948,,,0.8672752976417542,-1.09
2pjl,0.5392530560493469,,,0.9695945978164673,0.54
2pmc,,,,,-3.01
2pmk,1.3317275047302246,,,0.8149150013923645,-1.46
2pnx,,,,,-3.45
2poq,0.9573149681091309,,,0.8779863715171814,-0.31
2pou,1.012040138244629,,,0.9383910298347473,0.80
2pq9,0.8870334625244141,,,0.9045553207397461,-0.07
2pqb,2.340240001678467,,,0.676097571849823,-0.20
2pqc,2.1086666584014893,,,0.6725543737411499,-0.35
2pqj,0.17836837470531464,,,1.0,0.50
2pql,0.1626775711774826,,,1.0,0.45
2pr9,,,,,-2.92
2pri,31.91578483581543,,,0.0,-0.55
2prj,0.5261747241020203,,,0.9595000147819519,0.48
2psv,0.9423363208770752,,,0.8926600217819214,-0.55
2psx,,,,,-0.78
2ptz,0.5629554390907288,,,0.9610705375671387,0.80
2pu0,0.21998196840286255,,,1.0,0.88
2pu1,1.150797724723816,,,0.8826530575752258,0.51
2pu2,0.8071333169937134,,,0.9223684072494507,-0.24
2puy,,,,,-2.64
2pv1,,,,,-2.85
2pv2,,,,,-2.84
2pv3,,,,,-3.06
2pvh,0.5593372583389282,,,0.9504910111427307,0.06
2pvj,1.4896080493927002,,,0.8561508059501648,-0.16
2pvk,2.555041551589966,,,0.7243958711624146,-0.67
2pvl,1.026503562927246,,,0.9254636168479919,0.30
2pvm,1.5220983028411865,,,0.8363970518112183,-0.25
2pvn,7.1761860847473145,,,0.3050670027732849,-0.83
2pvu,1.797795295715332,,,0.7021780014038086,-3.34
2pvv,0.36913982033729553,,,0.9912382960319519,0.73
2pwd,0.8172124624252319,,,0.9143192768096924,-0.63
2pwg,0.8749855160713196,,,0.9059251546859741,-0.75
2pwr,3.7538955211639404,,,0.6761126518249512,-0.65
2py4,26.87166976928711,,,0.0,-1.78
2pyi,1.4779080152511597,,,0.7608342170715332,-0.46
2pyn,6.013830661773682,,,0.3859945833683014,-0.48
2pyy,14.100079536437988,,,0.007800891529768705,-0.33
2pze,1.300220012664795,,,0.8223415017127991,-0.45
2pzi,0.3772473633289337,,,0.9865269660949707,0.91
2q1l,0.7428819537162781,,,0.9217391014099121,-0.16
2q2a,5.772103309631348,,,0.2961922585964203,-4.76
2q2c,13.768237113952637,,,0.02857142873108387,-0.23
2q2y,1.3428552150726318,,,0.8519900441169739,-0.99
2q2z,0.910918653011322,,,0.9727393388748169,-1.02
2q38,0.3486960530281067,,,0.9967448115348816,0.65
2q3z,,,,,-2.20
2q54,1.323438286781311,,,0.8086603879928589,-0.84
2q5k,0.9401379227638245,,,0.8916389346122742,-0.61
2q63,1.5310876369476318,,,0.8089430928230286,-0.53
2q64,0.795979380607605,,,0.9100580215454102,-0.29
2q6f,,,,,-1.86
2q6h,1.216695785522461,,,0.8568301200866699,-0.40
2q72,1.477306842803955,,,0.828044593334198,-0.04
2q7o,1.5641682147979736,,,0.7943548560142517,-0.05
2q7q,0.267535924911499,,,0.9965659379959106,0.08
2q7y,1.3175053596496582,,,0.8596754670143127,-0.80
2q80,2.155897378921509,,,0.7073298692703247,-0.48
2q88,0.47674426436424255,,,0.9737149477005005,1.16
2q89,1.1317826509475708,,,0.8477182388305664,0.55
2q8h,0.5129520893096924,,,0.9699074029922485,0.04
2q8i,2.0407493114471436,,,0.6238872408866882,-2.42
2q8s,0.7169037461280823,,,0.9428143501281738,0.03
2q8z,0.32662609219551086,,,0.9862518310546875,-0.04
2q93,0.3259904086589813,,,0.9912382960319519,0.48
2q94,0.9251367449760437,,,0.8607438206672668,0.18
2q96,1.4805328845977783,,,0.7899436354637146,0.47
2q9m,,,,,-0.60
2q9n,4.320197582244873,,,0.593047022819519,-1.47
2q9y,0.36964210867881775,,,0.9938356280326843,-0.42
2qaf,0.8721097111701965,,,0.9135020971298218,-0.38
2qbq,0.8740572333335876,,,0.9325451850891113,0.04
2qbs,0.5179110169410706,,,0.9742753505706787,0.50
2qbw,,,,,-3.07
2qbx,,,,,-3.02
2qc6,1.3788813352584839,,,0.8251096606254578,-0.03
2qcd,0.9226531982421875,,,0.8928571343421936,-0.15
2qcf,1.0604482889175415,,,0.8832312226295471,-0.17
2qcg,1.0108860731124878,,,0.8855298757553101,-0.23
2qci,0.8912654519081116,,,0.8846328258514404,-0.30
2qcm,0.7317253947257996,,,0.9412479996681213,-0.57
2qcn,1.1290138959884644,,,0.8565188050270081,-0.37
2qd6,0.8707602620124817,,,0.8896788954734802,-0.30
2qd9,0.9011377096176147,,,0.9514925479888916,-0.36
2qdt,0.8673811554908752,,,0.8976868391036987,-0.08
2qe2,0.6537450551986694,,,0.9470304846763611,-0.05
2qf6,0.6201914548873901,,,0.936284065246582,0.23
2qfo,0.376787930727005,,,0.9850000143051147,-0.11
2qg0,1.8802343606948853,,,0.7439801692962646,-1.10
2qg2,0.30926093459129333,,,0.9976635575294495,0.22
2qh6,1.6638580560684204,,,0.7432291507720947,0.15
2qhc,2.560673236846924,,,0.627761960029602,-1.19
2qhn,0.3614705801010132,,,0.997802197933197,1.06
2qhy,1.0569911003112793,,,0.8602050542831421,-0.30
2qhz,0.4108596742153168,,,0.9803677797317505,0.14
2qi0,1.4482356309890747,,,0.8212489485740662,-0.36
2qi1,1.525928258895874,,,0.7856255173683167,-0.16
2qi3,1.3851251602172852,,,0.8121801614761353,-0.45
2qi5,0.855828583240509,,,0.8991897106170654,-0.26
2qic,,,,,-3.04
2qiq,0.8918492794036865,,,0.9095454812049866,-0.67
2qju,0.8657979369163513,,,0.9023297429084778,-0.18
2qk5,0.7102372646331787,,,0.9455607533454895,-0.02
2qky,0.9974050521850586,,,0.8682975769042969,-0.30
2ql5,,,,,-1.74
2ql7,,,,,-1.67
2ql9,,,,,-1.63
2qlb,,,,,-1.49
2qlf,,,,,-1.71
2qlj,,,,,-2.39
2qlm,1.1646546125411987,,,0.8321565985679626,-0.39
2qln,0.929438054561615,,,0.8589810729026794,-0.50
2qm7,1.0425409078598022,,,0.8935574293136597,-0.12
2qmd,0.7823538780212402,,,0.9105113744735718,-0.20
2qmf,0.936147153377533,,,0.8666394948959351,-0.03
2qmj,,,,,-2.49
2qn1,3.7323124408721924,,,0.45124804973602295,-2.22
2qn2,4.280630111694336,,,0.33680057525634766,-1.71
2qn3,1.5336490869522095,,,0.7705735564231873,-0.60
2qnb,1.7553642988204956,,,0.7626459002494812,-0.25
2qnn,,,,,-0.65
2qnx,1.1071840524673462,,,0.866706132888794,-0.32
2qnz,0.6887747645378113,,,0.9142300486564636,-0.32
2qo1,4.054679870605469,,,0.44191521406173706,-0.48
2qo8,1.9585334062576294,,,0.8870614171028137,-0.01
2qoa,0.42487749457359314,,,0.9872754216194153,0.70
2qoe,1.6276367902755737,,,0.8585526347160339,-0.69
2qoh,1.9919368028640747,,,0.7439091801643372,-0.51
2qp8,0.7581375241279602,,,0.9153525233268738,-0.48
2qpj,0.9352387189865112,,,0.8645526170730591,-0.91
2qpq,0.3276905119419098,,,0.9974358677864075,-0.33
2qpu,33.624210357666016,,,0.0,-2.11
2qrh,1.4405769109725952,,,0.7945292592048645,-0.01
2qrk,0.6543048620223999,,,0.9363468885421753,0.08
2qrl,0.17225970327854156,,,1.0,-0.13
2qrm,1.0585331916809082,,,0.8785714507102966,-0.05
2qrp,1.2653557062149048,,,0.8343915343284607,-0.13
2qrq,1.0852280855178833,,,0.852142870426178,0.34
2qt5,,,,,-3.55
2qt9,0.909123420715332,,,0.9183480739593506,-0.19
2qtb,0.7846241593360901,,,0.9103489518165588,-0.03
2qtg,1.0297051668167114,,,0.8799083828926086,-0.01
2qtt,0.9160142540931702,,,0.8932968378067017,-0.04
2qu6,0.8479840159416199,,,0.9024038314819336,0.19
2qv7,3.6765248775482178,,,0.48972973227500916,-1.16
2qve,0.7109948396682739,,,0.9691919088363647,0.25
2qw1,4.149074077606201,,,0.45028409361839294,-1.14
2qwb,0.703618049621582,,,0.9496821761131287,0.20
2qwc,1.390645146369934,,,0.83740234375,0.02
2qwd,0.8111522793769836,,,0.9189913868904114,0.51
2qwe,1.4785469770431519,,,0.756619930267334,-0.24
2qwf,1.1917712688446045,,,0.8189922571182251,0.02
2qwg,1.5609608888626099,,,0.7546641826629639,-0.01
2qx0,0.6725462675094604,,,0.9441805481910706,-0.37
2qzk,2.4222817420959473,,,0.6329491138458252,-0.86
2qzl,0.8344370126724243,,,0.9149895906448364,-0.11
2qzr,2.225188732147217,,,0.8130000233650208,-0.03
2qzx,,,,,-3.17
2r03,,,,,-2.76
2r0h,,,,,-2.80
2r0u,1.6655529737472534,,,0.741990864276886,0.05
2r0y,,,,,-1.31
2r1w,,,,,-0.54
2r1x,,,,,-2.46
2r1y,,,,,-2.05
2r23,,,,,-2.57
2r2b,,,,,-2.40
2r3c,,,,,-3.14
2r3f,0.5180937647819519,,,0.9619728922843933,0.47
2r3g,5.866669654846191,,,0.2899082601070404,0.28
2r3h,0.35985830426216125,,,0.9846311211585999,0.48
2r3j,1.0748342275619507,,,0.9087733030319214,0.57
2r3k,0.5141569375991821,,,0.9781249761581421,0.64
2r3m,0.7114840149879456,,,0.9498730897903442,0.44
2r3n,0.9607236385345459,,,0.9147058725357056,0.78
2r3o,1.023231863975525,,,0.913385808467865,0.87
2r3p,0.6417387127876282,,,0.9666203260421753,0.59
2r3t,1.04801607131958,,,0.8591402173042297,-0.19
2r3y,,,,,-2.37
2r4b,0.5875058174133301,,,0.9439066052436829,0.20
2r4f,1.090345025062561,,,0.8736903667449951,-0.30
2r58,0.4936036765575409,,,0.9617021083831787,1.17
2r5a,0.3247339427471161,,,1.0,1.06
2r5q,0.9387540221214294,,,0.8844892382621765,-0.59
2r6f,1.127504825592041,,,0.8598901033401489,-0.57
2r6n,1.6188228130340576,,,0.7284023761749268,0.33
2r6w,0.7304402589797974,,,0.9256453514099121,0.29
2r75,1.121525526046753,,,0.862610399723053,-0.62
2r7g,,,,,-2.86
2r8q,0.13983330130577087,,,0.9954545497894287,0.20
2r9b,,,,,-3.34
2r9m,0.7597711682319641,,,0.918367326259613,1.09
2ra6,0.7549278140068054,,,0.9408682584762573,0.07
2rc8,0.5595400929450989,,,0.968654453754425,0.84
2rc9,0.129416823387146,,,1.0,0.91
2rcb,0.5071446299552917,,,0.9742424488067627,0.87
2rcn,1.2467066049575806,,,0.8887381553649902,0.19
2rcu,0.7084854245185852,,,0.9242937564849854,-0.04
2rcw,0.4483622610569,,,0.9836409687995911,0.46
2rcx,0.4198054075241089,,,0.9869888424873352,0.29
2reg,0.32139524817466736,,,0.9929022192955017,0.82
2rf2,0.9140058755874634,,,0.873229444026947,0.21
2rfy,,,,,-0.57
2rg5,0.5275673866271973,,,0.962193489074707,0.20
2rg6,1.627679705619812,,,0.8122837543487549,0.15
2rgu,2.0371503829956055,,,0.7568208575248718,-0.72
2ri9,,,,,-0.62
2ria,1.4932398796081543,,,0.8182692527770996,-1.76
2rib,3.9819576740264893,,,0.416424423456192,-1.71
2rin,0.4849596619606018,,,0.972482442855835,-0.30
2rio,1.4126522541046143,,,0.8185538649559021,-0.33
2rip,0.6267944574356079,,,0.9319213032722473,0.02
2rjp,1.3040015697479248,,,0.8508211970329285,-0.06
2rjr,1.6660693883895874,,,0.7504990100860596,-0.43
2rjs,1.3057962656021118,,,0.820270299911499,0.03
2rk7,0.15212248265743256,,,1.0,0.27
2rk8,0.3024784028530121,,,1.0,0.37
2rka,0.3305785655975342,,,0.9971482753753662,0.18
2rkd,0.6117042899131775,,,0.9466192126274109,0.24
2rkf,1.2502658367156982,,,0.8352223038673401,-0.84
2rkg,0.8383466601371765,,,0.8855777978897095,-0.67
2rkm,,,,,-1.90
2rkn,2.25102162361145,,,0.7575757503509521,-1.34
2rku,1.2093812227249146,,,0.829865038394928,-0.57
2rly,,,,,-2.42
2rm0,,,,,-2.91
2rnw,,,,,-3.55
2rnx,,,,,-3.64
2rol,,,,,-3.07
2rox,1.8997920751571655,,,0.7283549904823303,-0.60
2rqu,,,,,-3.19
2rvn,,,,,-3.57
2sfp,1.6303702592849731,,,0.7964823842048645,0.17
2sim,1.4733836650848389,,,0.7962297797203064,0.16
2srt,1.4229156970977783,,,0.7721909880638123,-1.36
2std,0.2399456948041916,,,1.0,-0.12
2tpi,,,,,-1.76
2tsr,0.7781344056129456,,,0.9355670213699341,-1.19
2upj,4.741603851318359,,,0.4379611015319824,-0.98
2usn,6.48817253112793,,,0.5176281929016113,-0.95
2uuo,1.9253100156784058,,,0.7853773832321167,-0.76
2uup,1.1673578023910522,,,0.833116888999939,-0.67
2uvm,0.5220426917076111,,,0.9871794581413269,-0.45
2uw8,6.418940544128418,,,0.3465058207511902,-1.34
2uwd,0.64962238073349,,,0.9430758953094482,0.70
2uwl,0.4604285657405853,,,0.9719387888908386,0.60
2uwo,0.6237795352935791,,,0.9468896985054016,0.28
2uwp,0.5706542134284973,,,0.9558638334274292,0.22
2uxi,0.7400871515274048,,,0.9125874042510986,-0.79
2uxu,1.3321810960769653,,,0.7817460298538208,-1.23
2uy3,0.16135166585445404,,,1.0,0.71
2uy5,2.4415125846862793,,,0.642961859703064,0.29
2uyi,0.4403161406517029,,,0.9733606576919556,0.45
2uym,0.4541625678539276,,,0.9860917925834656,0.35
2uyn,0.6494560241699219,,,0.9488449096679688,0.34
2uyw,0.47824978828430176,,,0.9781085848808289,0.04
2uz6,,,,,-2.59
2uz9,0.25838539004325867,,,0.9941314458847046,0.73
2uzb,0.82738196849823,,,0.8959311246871948,0.21
2uzd,0.8001008629798889,,,0.8740279674530029,-0.13
2uzj,1.661832332611084,,,0.7341325879096985,-0.64
2uzl,2.3163702487945557,,,0.7753485441207886,-0.89
2v00,0.3482065498828888,,,0.9911556839942932,0.18
2v0z,1.4089301824569702,,,0.805655300617218,-0.21
2v10,0.8121994137763977,,,0.9015726447105408,0.30
2v11,1.0511412620544434,,,0.8423245549201965,-0.01
2v12,0.9076566696166992,,,0.8695651888847351,-0.09
2v13,1.1609814167022705,,,0.8336693644523621,-0.11
2v16,4.119616508483887,,,0.6169844269752502,-0.15
2v22,1.539888858795166,,,0.7568104267120361,-1.74
2v25,2.8672285079956055,,,0.5277777910232544,-4.51
2v2c,0.2853027880191803,,,1.0,0.16
2v2h,0.19189010560512543,,,1.0,0.26
2v2q,0.562508761882782,,,0.9704433679580688,-0.77
2v2v,0.757240355014801,,,0.9123222827911377,-0.46
2v3d,0.7544717788696289,,,0.9145256876945496,-0.84
2v3e,1.0699681043624878,,,0.8448963165283203,-0.91
2v3u,0.7379880547523499,,,0.9360294342041016,0.85
2v54,1.3977160453796387,,,0.807851254940033,-0.51
2v57,0.4342174232006073,,,0.9709543585777283,-0.45
2v58,0.5064741373062134,,,0.9656955003738403,-0.05
2v59,0.886958658695221,,,0.8905990123748779,-0.33
2v5a,0.6306671500205994,,,0.9328829050064087,-0.12
2v7d,,,,,-2.75
2v83,,,,,-3.19
2v95,6.700801372528076,,,0.34609755873680115,0.17
2va5,0.7745943665504456,,,0.9413506984710693,0.21
2vb8,0.32318180799484253,,,0.9951508641242981,-0.09
2vba,0.9341709613800049,,,0.9391509294509888,-0.26
2vc7,4.710892200469971,,,0.5758647918701172,-0.74
2vc9,0.9592517614364624,,,0.8808793425559998,-0.66
2vcg,1.1930580139160156,,,0.8634116053581238,-0.24
2vd1,1.5353710651397705,,,0.8799999952316284,-0.33
2veu,2.334782123565674,,,0.8303179740905762,-1.78
2vew,3.94150447845459,,,0.7262658476829529,-1.87
2vey,1.1562769412994385,,,0.848024308681488,-1.57
2vf6,0.21723651885986328,,,1.0,-0.45
2vfk,1.3368663787841797,,,0.7954071164131165,-0.46
2vfz,2.028210163116455,,,0.7012144327163696,-0.50
2vgc,0.5568134784698486,,,0.9576271176338196,-0.39
2vh0,1.9390926361083984,,,0.8036750555038452,-0.03
2vh6,0.963710367679596,,,0.8945783376693726,0.25
2vi5,1.1331690549850464,,,0.8801460862159729,-0.37
2vin,0.7642173171043396,,,0.9012141227722168,-0.53
2vio,0.4772825539112091,,,0.9811828136444092,-0.06
2vip,0.8025357723236084,,,0.8866231441497803,-0.39
2viq,1.0425384044647217,,,0.8455555438995361,-0.80
2viw,4.225831031799316,,,0.6154494285583496,-0.89
2viz,0.7988010048866272,,,0.9178187251091003,0.52
2vj6,0.9564699530601501,,,0.886188268661499,0.40
2vj8,5.594410419464111,,,0.30020371079444885,0.02
2vjx,0.7302916049957275,,,0.9180942177772522,0.96
2vk2,0.3834555745124817,,,0.988095223903656,0.53
2vk6,1.3824249505996704,,,0.7950160503387451,-0.05
2vl1,,,,,-0.27
2vl4,0.5888088941574097,,,0.9624723792076111,0.58
2vl8,1.0679574012756348,,,0.8545241951942444,-0.64
2vmc,85.89159393310547,,,0.0,-1.23
2vmd,85.4944076538086,,,0.0,-1.60
2vmf,0.8269060254096985,,,0.9248220920562744,0.54
2vnf,,,,,-3.03
2vnp,1.3451038599014282,,,0.7786738276481628,-0.10
2vo5,1.8932890892028809,,,0.6781495809555054,-0.62
2vo7,1.6444025039672852,,,0.8237265348434448,0.30
2vpe,,,,,-2.63
2vpn,0.5038369297981262,,,0.9577546119689941,1.00
2vpo,0.1553686112165451,,,1.0,1.03
2vpp,0.9449470043182373,,,0.8841145634651184,0.48
2vqj,0.7189381122589111,,,0.9581005573272705,-0.78
2vqm,2.695101022720337,,,0.9044871926307678,-0.83
2vqt,0.4786112308502197,,,0.9712897539138794,-0.16
2vr3,,,,,-2.91
2vr4,0.8094221353530884,,,0.9065457582473755,-0.24
2vrj,1.1623926162719727,,,0.8489782810211182,-1.09
2vsl,,,,,-2.53
2vt3,1.1576522588729858,,,0.821980357170105,-1.08
2vth,0.4547632038593292,,,0.9692874550819397,-0.24
2vti,0.8734405636787415,,,0.9056316614151001,-0.15
2vtl,0.28025293350219727,,,0.9965517520904541,0.74
2vtn,0.2867685556411743,,,0.9925438761711121,0.80
2vto,0.5790820717811584,,,0.9547756910324097,0.59
2vtp,0.5511255860328674,,,0.9663394093513489,0.25
2vtq,0.6428708434104919,,,0.945195198059082,0.63
2vtr,0.19087478518486023,,,1.0,0.79
2vts,0.6205893754959106,,,0.9448249340057373,0.64
2vtt,0.4446834623813629,,,0.9755747318267822,0.69
2vu3,0.7000173330307007,,,0.9364598989486694,0.69
2vur,0.5378948450088501,,,0.9661409854888916,0.44
2vv9,1.0855534076690674,,,0.9059571623802185,-0.31
2vvc,0.9601446986198425,,,0.9263059496879578,0.31
2vvn,0.4812573492527008,,,0.982899010181427,0.74
2vvo,0.8643532395362854,,,0.9108108282089233,-0.22
2vvt,3.6517245769500732,,,0.557361364364624,-0.30
2vvu,0.9921603798866272,,,0.919549286365509,0.79
2vvv,1.2857446670532227,,,0.8895055651664734,0.92
2vw1,1.3664302825927734,,,0.881465494632721,0.12
2vw5,2.275031805038452,,,0.6100123524665833,-1.99
2vwc,2.146967649459839,,,0.5958475470542908,-2.50
2vwl,1.6138763427734375,,,0.816494345664978,0.15
2vwm,0.7774272561073303,,,0.9331797361373901,0.25
2vwn,1.3675580024719238,,,0.8488151431083679,0.68
2vwo,1.5157322883605957,,,0.8344465494155884,0.36
2vwu,0.6118239164352417,,,0.9700910449028015,-0.26
2vwv,0.855720043182373,,,0.8962810039520264,-1.03
2vx9,6.5798563957214355,,,0.375,-1.63
2vxa,1.2589948177337646,,,0.8910362124443054,-0.20
2vxj,,,,,-2.32
2vxn,0.2732177674770355,,,1.0,0.35
2vyt,0.7171533703804016,,,0.9520202279090881,0.98
2vzr,0.8195617198944092,,,0.9200680255889893,-0.53
2w06,2.009129047393799,,,0.7919730544090271,0.04
2w08,4.055229187011719,,,0.4879385828971863,-0.51
2w0p,,,,,-3.53
2w0s,0.8970291614532471,,,0.8918750286102295,-0.58
2w0x,0.500877857208252,,,0.9704670310020447,0.30
2w0z,,,,,-3.07
2w10,,,,,-3.00
2w12,2.097986936569214,,,0.7989904880523682,-0.38
2w1g,1.743855595588684,,,0.7610085010528564,0.53
2w1h,0.2217581570148468,,,0.9981002807617188,0.84
2w1i,1.0303153991699219,,,0.9095588326454163,0.53
2w26,0.9858805537223816,,,0.8918322324752808,0.36
2w2u,,,,,-3.28
2w3k,1.0423767566680908,,,0.902211606502533,-0.06
2w3o,,,,,-2.17
2w47,,,,,-1.45
2w4i,0.9318299889564514,,,0.847953200340271,-0.75
2w4x,0.7288431525230408,,,0.9370155334472656,0.16
2w5i,3.4785983562469482,,,0.5209720134735107,-1.31
2w66,1.3516360521316528,,,0.8256198167800903,0.20
2w67,1.0633476972579956,,,0.8495613932609558,0.38
2w68,,,,,-3.12
2w6c,1.8390116691589355,,,0.7045735716819763,-0.56
2w6m,0.14910593628883362,,,1.0,0.19
2w6o,0.7933210730552673,,,0.9207921028137207,-0.27
2w6t,,,,,-3.01
2w6u,,,,,-2.20
2w70,0.20702171325683594,,,1.0,0.60
2w76,,,,,-2.98
2w77,,,,,-2.08
2w7y,,,,,-0.77
2w85,,,,,-3.23
2w87,1.0286166667938232,,,0.8810679316520691,-0.35
2w8f,1.7343600988388062,,,0.6993433237075806,-0.72
2w8j,0.47336992621421814,,,0.9731183052062988,-0.40
2w8w,0.5856829881668091,,,0.9473947882652283,-0.28
2w92,0.825599193572998,,,0.9126074314117432,-1.64
2w97,,,,,-0.23
2w9h,0.6313567757606506,,,0.9601727724075317,-0.24
2w9r,,,,,-3.15
2wa3,0.27683189511299133,,,1.0,0.51
2wa4,0.9289594292640686,,,0.8797376155853271,0.57
2wa8,,,,,-3.08
2wb5,1.2199560403823853,,,0.8216245770454407,-0.25
2wbb,0.7747012972831726,,,0.9189602732658386,0.17
2wbd,0.3865278959274292,,,0.9806782603263855,0.41
2wbg,0.7455801367759705,,,0.9420123100280762,-0.41
2wc3,0.9145475029945374,,,0.8922610282897949,-0.65
2wc4,0.42103928327560425,,,0.9846938848495483,0.20
2wca,0.6554921865463257,,,0.9403553009033203,-0.44
2wcg,2.844031572341919,,,0.5786061882972717,-0.59
2wd3,2.62166166305542,,,0.7083333134651184,-0.56
2wd7,1.931476354598999,,,0.7062289714813232,-0.26
2we3,1.3520801067352295,,,0.8100719451904297,-0.80
2weg,0.49369940161705017,,,0.9798507690429688,0.74
2weh,0.4634539783000946,,,0.9630681872367859,0.94
2wej,0.29588887095451355,,,1.0,0.97
2weo,0.4635372459888458,,,0.971969723701477,0.97
2weq,2.1681759357452393,,,0.6690835356712341,-2.27
2wey,0.6858580112457275,,,0.9230072498321533,-0.16
2wf1,0.9119060039520264,,,0.8802904486656189,-0.15
2wf2,1.3223905563354492,,,0.8172926306724548,-0.24
2wf3,1.0508564710617065,,,0.8805418610572815,-0.13
2wf4,0.7240055203437805,,,0.9535590410232544,0.26
2wf5,0.807740330696106,,,0.9214285612106323,-0.74
2wfj,,,,,-4.56
2wgi,0.6145911812782288,,,0.9642126560211182,-0.35
2wgj,1.1187965869903564,,,0.8556510806083679,-0.35
2who,0.45945948362350464,,,0.9775104522705078,0.86
2wi1,1.178256869316101,,,0.860497236251831,-0.21
2wi4,0.8314863443374634,,,0.8941571116447449,-0.41
2wi7,0.9823617339134216,,,0.8911719918251038,-0.77
2wib,1.2007454633712769,,,0.8557088971138,0.04
2wic,1.2172216176986694,,,0.8501838445663452,0.10
2wig,,,,,-0.08
2wij,,,,,-0.02
2wik,,,,,0.32
2wj2,0.6343869566917419,,,0.9621801972389221,0.21
2wjg,1.2742369174957275,,,0.8778446912765503,-0.12
2wji,0.8627673983573914,,,0.9417506456375122,-0.01
2wk2,,,,,-1.48
2wk6,0.4741956293582916,,,0.9785714149475098,0.63
2wkt,1.5216221809387207,,,0.8321678042411804,-1.32
2wky,0.4934588372707367,,,0.9798598885536194,1.06
2wl5,2.41990327835083,,,0.7671821117401123,-1.63
2wly,,,,,-1.50
2wlz,,,,,-0.87
2wm0,,,,,-1.23
2wmr,0.36314865946769714,,,0.9801912307739258,0.97
2wmw,0.5693386197090149,,,0.9747596383094788,0.86
2wn9,0.5833343267440796,,,0.9484962224960327,0.10
2wnj,1.1440590620040894,,,0.8652777671813965,0.14
2wnl,6.189536094665527,,,0.2785714268684387,0.01
2wo8,0.4959636628627777,,,0.9698085188865662,0.26
2won,0.31506431102752686,,,0.9936327338218689,-0.05
2woq,0.6743268370628357,,,0.9373649954795837,-0.17
2wp1,,,,,-2.89
2wpa,1.0318807363510132,,,0.8727647662162781,1.21
2wpb,1.9067507982254028,,,0.7070815563201904,-0.97
2wq4,0.9813724756240845,,,0.8542435169219971,-0.76
2wqp,0.6482667922973633,,,0.9363394975662231,-0.72
2wr8,30.2812557220459,,,0.0,-1.56
2wsx,0.48947873711586,,,0.9686411023139954,0.44
2wtc,0.9074450135231018,,,0.9034369587898254,-0.45
2wtj,0.6314657926559448,,,0.9293388724327087,-0.23
2wtx,1.5377062559127808,,,0.7471561431884766,-0.49
2wuf,1.6360572576522827,,,0.7385550737380981,-0.49
2wuu,2.4320478439331055,,,0.6339195966720581,-1.46
2wvt,0.8202285170555115,,,0.9021276831626892,-0.60
2wvz,0.7817046046257019,,,0.9077908992767334,-0.38
2ww2,0.8628131151199341,,,0.9096572995185852,-0.17
2wwj,1.979245901107788,,,0.75,-0.07
2wxj,0.9771416187286377,,,0.8672707676887512,0.03
2wxk,0.7715545296669006,,,0.9319018125534058,0.27
2wxn,1.5139719247817993,,,0.8129058480262756,0.41
2wxv,0.6789643168449402,,,0.9342465996742249,0.48
2wyf,,,,,-1.27
2wyg,1.623631477355957,,,0.8096280097961426,0.25
2wyi,0.5761386752128601,,,0.9359410405158997,-0.31
2wyj,0.7504655122756958,,,0.9353396892547607,0.46
2wyn,,,,,-0.79
2wzf,0.743589460849762,,,0.9292993545532227,-0.06
2wzm,2.1962690353393555,,,0.6619521975517273,-0.71
2wzy,2.5999596118927,,,0.5413222908973694,-3.09
2x00,1.8482986688613892,,,0.6921921968460083,-1.38
2x09,0.9741396903991699,,,0.8830897808074951,0.63
2x2c,,,,,-3.90
2x2k,0.5799291133880615,,,0.9535573124885559,0.35
2x2l,0.971604585647583,,,0.8914048075675964,-0.17
2x2r,0.4773390293121338,,,0.9708850979804993,-0.60
2x39,1.3070780038833618,,,0.8380408883094788,0.08
2x3t,1.3602455854415894,,,0.8075539469718933,-2.03
2x4o,,,,,-3.62
2x4r,,,,,-3.51
2x4s,,,,,-3.20
2x4t,,,,,-3.42
2x4u,,,,,-3.76
2x4z,0.6785793304443359,,,0.9381281137466431,-0.17
2x52,3.4195120334625244,,,0.5740313529968262,-3.25
2x6e,0.7852422595024109,,,0.9431547522544861,0.11
2x6f,0.44973281025886536,,,0.8847184777259827,0.01
2x6i,0.34106454253196716,,,0.9926778078079224,0.40
2x6j,0.5516393780708313,,,0.9526813626289368,0.10
2x6w,,,,,-2.25
2x6x,,,,,-2.56
2x6y,,,,,-2.33
2x7c,1.554998517036438,,,0.7366864085197449,-0.12
2x7d,1.7262877225875854,,,0.687841534614563,-0.54
2x7s,2.915125608444214,,,0.6290716528892517,-0.31
2x7t,1.4731031656265259,,,0.8108108043670654,-0.26
2x7x,3.4693570137023926,,,0.5305980443954468,-0.11
2x81,0.7504255175590515,,,0.912216305732727,0.16
2x85,,,,,-2.37
2x8d,0.27708953619003296,,,0.9981435537338257,0.55
2x8e,0.37182706594467163,,,0.9881404042243958,0.71
2x8i,0.6217485666275024,,,0.936956524848938,0.18
2x8z,0.9915940165519714,,,0.8662790656089783,0.59
2x97,0.8105698227882385,,,0.9262632131576538,-0.27
2x9e,0.8178920745849609,,,0.9448732137680054,-0.24
2xab,1.1513251066207886,,,0.8874198794364929,-0.28
2xae,0.6781375408172607,,,0.9172437787055969,-0.28
2xaf,,,,,-0.40
2xag,,,,,-0.88
2xah,,,,,-0.25
2xaj,,,,,-0.50
2xaq,,,,,-0.62
2xas,,,,,-1.16
2xb7,0.7610908150672913,,,0.973042368888855,-0.39
2xb8,1.2065749168395996,,,0.8271918892860413,0.25
2xb9,1.0987234115600586,,,0.8484176993370056,0.25
2xbj,1.6497507095336914,,,0.8285123705863953,-0.27
2xbx,0.8264241218566895,,,0.9172727465629578,0.45
2xc0,0.49900195002555847,,,0.9647519588470459,0.68
2xc4,0.5383169651031494,,,0.9712148904800415,0.67
2xch,1.0719683170318604,,,0.8382740616798401,0.22
2xcn,1.8915975093841553,,,0.7859228849411011,0.80
2xcs,11.346386909484863,,,0.02963194064795971,-2.41
2xd6,1.5655895471572876,,,0.7287999987602234,-1.28
2xd9,0.214864581823349,,,1.0,1.50
2xda,1.1042996644973755,,,0.8727830648422241,0.90
2xdk,0.577256441116333,,,0.9480712413787842,0.11
2xdl,0.7417980432510376,,,0.921842634677887,-0.35
2xdm,1.3989136219024658,,,0.8087406158447266,0.07
2xdw,,,,,-1.30
2xej,3.317941427230835,,,0.806921660900116,-1.24
2xel,0.788571834564209,,,0.9276315569877625,-0.90
2xez,0.5884466171264648,,,0.9358407258987427,0.35
2xf0,0.4047811031341553,,,0.9664328694343567,0.64
2xfi,0.8588094115257263,,,0.8882259130477905,0.11
2xfj,0.7923185229301453,,,0.9060062170028687,0.40
2xg5,11.441743850708008,,,0.12531250715255737,-2.57
2xg9,,,,,-0.69
2xgm,0.2457902878522873,,,1.0,-0.01
2xgo,2.001551866531372,,,0.7904320955276489,-1.44
2xgs,0.48072877526283264,,,0.9534510374069214,-0.05
2xh5,1.4352880716323853,,,0.7660760879516602,-0.14
2xhm,0.9547216892242432,,,0.8837988972663879,-0.69
2xhr,1.2259128093719482,,,0.8439626097679138,-0.67
2xhs,,,,,-3.32
2xht,0.5789981484413147,,,0.9407767057418823,-0.16
2xhx,1.2289299964904785,,,0.8133012652397156,-0.08
2xi7,0.6998577117919922,,,0.9663461446762085,0.38
2xib,0.716635525226593,,,0.945569634437561,0.07
2xii,0.7598025798797607,,,0.9083557724952698,-0.83
2xix,3.784714937210083,,,0.4618181884288788,0.11
2xiz,0.3311324715614319,,,0.9975247383117676,0.78
2xj1,0.9842349290847778,,,0.8683643937110901,0.32
2xj2,1.8626461029052734,,,0.7807080745697021,-0.20
2xj7,0.9296714067459106,,,0.8861019611358643,0.49
2xjg,0.6216773390769958,,,0.9251618385314941,0.03
2xjj,0.9384424090385437,,,0.8852847814559937,-0.05
2xk1,0.7677863836288452,,,0.9093511700630188,-0.26
2xk3,0.9291824102401733,,,0.8705287575721741,-0.16
2xk4,0.7219204306602478,,,0.9417197704315186,-0.25
2xk7,0.9627770185470581,,,0.9175295829772949,-0.15
2xk8,0.8031696081161499,,,0.9148010015487671,-0.41
2xkc,0.6608089804649353,,,0.9649999737739563,0.07
2xl2,,,,,-3.23
2xl3,,,,,-3.03
2xlc,,,,,0.04
2xln,0.8951364755630493,,,0.906050980091095,-0.55
2xm1,0.7635220289230347,,,0.9232625365257263,0.26
2xm2,0.9927187561988831,,,0.8902116417884827,0.38
2xml,0.1966370791196823,,,1.0,0.49
2xn3,0.9567429423332214,,,0.8702290058135986,0.46
2xnb,0.7303669452667236,,,0.921595573425293,0.43
2xne,0.9257106781005859,,,0.9667721390724182,0.19
2xni,1.5724456310272217,,,0.7545180916786194,-0.40
2xnm,1.8426884412765503,,,0.7822234034538269,-0.48
2xno,0.8678988814353943,,,0.9313077926635742,-0.30
2xnp,0.7579635381698608,,,0.9245714545249939,-0.35
2xo8,,,,,-0.50
2xow,0.5993562340736389,,,0.9501915574073792,-0.45
2xp2,1.317133903503418,,,0.8218978047370911,-0.92
2xp3,0.3368179202079773,,,0.9950494766235352,0.41
2xp4,0.7841210961341858,,,0.9007537961006165,0.33
2xp5,0.22138722240924835,,,0.999315083026886,0.51
2xp6,0.39083144068717957,,,0.982375979423523,0.71
2xp8,0.5756969451904297,,,0.9502164721488953,0.06
2xpa,0.5126597881317139,,,0.9675052165985107,0.04
2xpb,0.3600791394710541,,,0.9937388300895691,0.05
2xpc,1.5173472166061401,,,0.7871951460838318,-1.05
2xqq,,,,,-1.88
2xrw,,,,,-3.30
2xsb,0.8875161409378052,,,0.9150110483169556,0.44
2xtn,1.7446950674057007,,,0.7897561192512512,-0.12
2xto,1.3346015214920044,,,0.8396674394607544,-0.01
2xu1,0.7776960730552673,,,0.8930602669715881,0.96
2xu3,1.186719298362732,,,0.8483371734619141,0.89
2xu4,0.8732162714004517,,,0.8910800814628601,0.76
2xu5,0.9146422147750854,,,0.8911339044570923,0.84
2xup,2.478807210922241,,,0.6519476175308228,-1.40
2xuz,1.2438805103302002,,,0.8948412537574768,-1.22
2xv1,0.620570182800293,,,0.9265850782394409,-1.29
2xwd,0.5167562365531921,,,0.9659961462020874,0.06
2xwe,1.2531055212020874,,,0.8090766668319702,-0.95
2xx2,1.7193379402160645,,,0.6814194321632385,-0.56
2xx4,1.4319735765457153,,,0.7928870320320129,0.00
2xxn,,,,,-3.39
2xxr,6.650388717651367,,,0.24142156541347504,-4.64
2xxt,0.7101225256919861,,,0.9409368634223938,0.87
2xxw,15.114460945129395,,,0.01246334332972765,-0.38
2xxx,14.36463737487793,,,0.013532763347029686,-0.24
2xxy,0.6172469258308411,,,0.9554794430732727,0.71
2xy9,0.7757586240768433,,,0.9296744465827942,-0.62
2xyd,1.0753408670425415,,,0.8643973469734192,-0.65
2xyt,6.132342338562012,,,0.5286716222763062,-1.19
2xyu,0.7450488805770874,,,0.931775689125061,0.52
2xz5,0.35024580359458923,,,1.0,0.21
2xzc,,,,,-1.60
2xzw,7.253769874572754,,,0.17701049149036407,-0.43
2y06,,,,,-2.63
2y07,,,,,-2.94
2y1x,0.958767831325531,,,0.8579027652740479,-0.32
2y2h,0.3819620907306671,,,0.9897849559783936,-0.02
2y2j,1.8331708908081055,,,0.798113226890564,0.07
2y2k,0.3891879618167877,,,0.9958419799804688,-0.29
2y2p,0.759739875793457,,,0.9218472242355347,-0.42
2y36,,,,,-3.07
2y4k,1.8886380195617676,,,0.8009036183357239,-0.71
2y4l,1.1112565994262695,,,0.8801887035369873,-0.62
2y4m,1.2752562761306763,,,0.8251634240150452,-0.71
2y4s,,,,,-3.06
2y54,0.9238453507423401,,,0.8629912734031677,0.47
2y55,,,,,-0.37
2y56,0.9301005005836487,,,0.8727959990501404,0.07
2y57,0.8749969005584717,,,0.9116102457046509,0.10
2y5f,2.0595128536224365,,,0.730088472366333,-0.63
2y5g,1.153156042098999,,,0.9490172266960144,-0.50
2y5h,1.288539171218872,,,0.8637173175811768,-0.15
2y5k,1.951351284980774,,,0.8229166865348816,-0.80
2y5l,0.5598182678222656,,,0.962598443031311,0.26
2y6d,1.911316990852356,,,0.7211538553237915,-0.72
2y6o,1.8102562427520752,,,0.7589605450630188,-0.15
2y6s,,,,,-3.59
2y76,1.5732512474060059,,,0.8346100449562073,-0.19
2y7i,1.4659415483474731,,,0.7854201197624207,-3.39
2y7k,0.31825754046440125,,,1.0,-0.43
2y7p,0.15835919976234436,,,1.0,-0.17
2y7w,0.8307870626449585,,,0.8976648449897766,-0.47
2y7x,1.710599660873413,,,0.7910194396972656,0.34
2y7z,0.6549670100212097,,,0.9380208253860474,0.18
2y80,1.3700740337371826,,,0.8102766871452332,0.18
2y82,0.8490195870399475,,,0.906408965587616,0.22
2y8c,0.7291840314865112,,,0.9355280995368958,-1.37
2y8i,14.964069366455078,,,0.16927480697631836,-1.43
2y8l,12.726123809814453,,,0.07701914757490158,-1.02
2y8o,,,,,-2.57
2y8q,15.589896202087402,,,0.05534825846552849,-0.50
2y9g,,,,,-2.03
2ya6,0.9135236144065857,,,0.8971843123435974,0.65
2ya8,1.4059733152389526,,,0.8192090392112732,0.76
2yac,0.7791262269020081,,,0.9339080452919006,0.37
2yay,1.8742072582244873,,,0.7678571343421936,-1.16
2yaz,0.5655490159988403,,,0.9564120769500732,0.04
2yb0,0.38994672894477844,,,0.9819859266281128,0.21
2yb9,0.7801899909973145,,,0.9170792102813721,0.17
2ybp,1.9047167301177979,,,0.7722222208976746,0.37
2ybs,0.18292249739170074,,,0.9972144961357117,0.55
2yc0,0.35148781538009644,,,0.9917218685150146,0.47
2yc3,0.3647631108760834,,,0.9934006333351135,-0.12
2yc5,0.8844872713088989,,,0.8827404379844666,-0.24
2ych,0.7843815088272095,,,0.9039818644523621,-0.23
2yde,0.4677598476409912,,,0.9741379022598267,0.59
2ydi,0.5007510781288147,,,0.9889847040176392,0.05
2ydj,1.0522356033325195,,,0.8589466214179993,0.55
2ydk,0.48774921894073486,,,0.9827044010162354,0.87
2ydm,0.9256523251533508,,,0.8853427767753601,0.22
2ydo,2.0914347171783447,,,0.698113203048706,0.68
2ydt,,,,,0.04
2ydv,1.1834704875946045,,,0.8425644636154175,0.53
2ydw,0.8281977772712708,,,0.9068708419799805,-0.71
2yem,1.290145754814148,,,0.7829968929290771,-0.94
2yer,0.30410850048065186,,,0.9991438388824463,0.86
2yex,0.5334411263465881,,,0.9546247720718384,0.90
2yfa,0.2619997262954712,,,0.9939024448394775,-0.03
2yfx,1.3820723295211792,,,0.8414368629455566,-0.61
2yg2,,,,,-0.60
2yga,2.2968978881835938,,,0.6260234117507935,-1.77
2yge,1.8682169914245605,,,0.6805225610733032,-1.99
2ygf,2.451355218887329,,,0.5873362421989441,-2.39
2ygu,2.0939204692840576,,,0.6320754885673523,-0.45
2yhd,19.150808334350586,,,0.0016685206210240722,-0.86
2yhw,1.2150843143463135,,,0.8531818389892578,-0.58
2yhy,1.0562716722488403,,,0.8787174820899963,-0.67
2yi5,0.8936868906021118,,,0.9295709133148193,-0.27
2yig,2.321310520172119,,,0.7325158715248108,-0.39
2yiq,0.7410560846328735,,,0.9113429188728333,-0.59
2yiv,17.817758560180664,,,0.0,-1.12
2yj9,0.9473407864570618,,,0.8672360181808472,0.70
2yjb,1.088747262954712,,,0.8596757650375366,0.70
2yjc,1.138041615486145,,,0.8600109815597534,0.77
2yjq,,,,,-1.64
2yjw,0.2295926958322525,,,1.0,0.75
2yjx,0.7877820730209351,,,0.9054232835769653,0.14
2yk1,1.4956603050231934,,,0.7617481350898743,0.49
2yk9,0.7330722808837891,,,0.9040470123291016,-0.23
2ykb,1.3782453536987305,,,0.7868731617927551,0.22
2yke,2.0442869663238525,,,0.7269357442855835,0.29
2yki,1.711561918258667,,,0.8200808763504028,0.27
2ykj,1.3362690210342407,,,0.7917827367782593,-0.13
2ylc,,,,,-1.64
2yln,3.5289058685302734,,,0.51474529504776,-0.16
2ylo,1.2366489171981812,,,0.8748142719268799,-0.88
2ylp,1.7416647672653198,,,0.7818021178245544,-0.99
2ym4,0.9557141661643982,,,0.9159544110298157,0.45
2ym6,0.6182564496994019,,,0.9461538195610046,0.38
2ym8,0.7206926941871643,,,0.9273415803909302,-0.28
2ymd,0.12102729082107544,,,1.0,0.82
2ymt,,,,,-1.87
2ynd,0.5708763003349304,,,0.9462401270866394,-0.63
2ynn,,,,,-2.77
2ynr,,,,,-2.57
2yns,,,,,-2.97
2yof,0.9433993697166443,,,0.8829522728919983,-0.86
2yog,0.9520714282989502,,,0.9239726066589355,-0.76
2yoj,0.4171571731567383,,,0.982119619846344,0.68
2yol,6.952493190765381,,,0.3080786168575287,-1.92
2ypi,0.35436466336250305,,,0.9727653861045837,0.15
2ypo,29.926542282104492,,,0.0,-0.24
2ypp,5.795840263366699,,,0.30559757351875305,-0.11
2yq6,,,,,-3.35
2yz3,0.7923417687416077,,,0.9233766198158264,0.11
2z1w,0.33680710196495056,,,0.9954648613929749,0.32
2z3z,1.5492801666259766,,,0.7834821343421936,-0.81
2z4r,1.141444206237793,,,0.8571811318397522,-0.09
2z4w,0.9161133766174316,,,0.9288294911384583,-0.80
2z4y,0.3733656108379364,,,0.9888059496879578,-1.06
2z4z,0.608047604560852,,,0.9401125311851501,-0.67
2z50,0.7163295745849609,,,0.8953313231468201,-1.19
2z52,0.7093223333358765,,,0.9136960506439209,-1.17
2z5o,,,,,-3.06
2z5t,,,,,-3.10
2z60,0.9075260162353516,,,0.9198520183563232,-0.28
2z6w,,,,,-3.38
2z7h,6.0404253005981445,,,0.4095127582550049,-0.92
2z7i,0.878472089767456,,,0.8817991614341736,-0.78
2z8e,,,,,-1.01
2z92,1.2611576318740845,,,0.8602856993675232,-0.45
2z94,0.16553717851638794,,,1.0,-1.63
2z9g,0.4678303003311157,,,0.989130437374115,-0.17
2za3,1.0611786842346191,,,0.8592592477798462,-0.12
2za5,0.9991737604141235,,,0.8978040814399719,-0.63
2zas,0.49884775280952454,,,0.9693675637245178,0.08
2zaz,1.909342885017395,,,0.9030701518058777,-0.22
2zc9,7.786340236663818,,,0.19620980322360992,-1.37
2zcq,0.9888394474983215,,,0.8784194588661194,-1.33
2zdt,0.4901355504989624,,,0.9713438749313354,0.35
2zdx,0.3885992467403412,,,0.9868972897529602,0.66
2zfp,3.0422356128692627,,,0.7023141384124756,-0.77
2zg1,1.1030033826828003,,,0.8464095592498779,-1.04
2zg3,,,,,-0.97
2zga,4.30858039855957,,,0.650696873664856,-1.16
2zgm,,,,,-1.89
2zjw,4.486294746398926,,,0.3841632008552551,-0.63
2zkj,1.3008917570114136,,,0.804651141166687,0.04
2zlf,,,,,-2.75
2zmj,0.5605135560035706,,,0.9567757248878479,0.05
2zmm,0.8213061094284058,,,0.9131016135215759,0.11
2zn7,1.4873064756393433,,,0.899935245513916,-0.11
2zns,0.7738059759140015,,,0.9099525809288025,-3.80
2znt,0.6642729640007019,,,0.9464524984359741,0.65
2zof,0.7445254921913147,,,0.938707709312439,-0.10
2zq0,,,,,-1.40
2zsc,0.7594785094261169,,,0.9173553586006165,-0.10
2zu3,2.0365898609161377,,,0.7244376540184021,-0.33
2zu4,4.714372158050537,,,0.6699010729789734,-0.91
2zu5,1.0457760095596313,,,0.89673912525177,-0.79
2zva,0.8588460087776184,,,0.9412955641746521,0.17
2zvj,0.45860588550567627,,,0.9952493906021118,0.57
2zwz,0.7803940773010254,,,0.9090436697006226,-0.30
2zx7,1.4535462856292725,,,0.8111110925674438,-0.39
2zx9,3.51198148727417,,,0.6379013657569885,-0.10
2zxa,0.8130905032157898,,,0.8997201323509216,-0.12
2zxb,1.2396653890609741,,,0.812841534614563,0.16
2zxd,0.7784903645515442,,,0.9144444465637207,-0.30
2zxg,1.1087367534637451,,,0.8558052182197571,-0.61
2zy1,0.7666572332382202,,,0.9104938507080078,-1.05
2zym,,,,,-2.10
2zyn,,,,,-2.50
2zz1,0.7064676284790039,,,0.9427909851074219,-0.16
2zz2,1.5153677463531494,,,0.7569781541824341,-0.63
2zz6,1.11431884765625,,,0.8721088171005249,-0.34
3a1c,1.1190236806869507,,,0.8117154836654663,-0.70
3a1d,1.3297715187072754,,,0.7690504193305969,-0.66
3a1e,1.1206514835357666,,,0.8363636136054993,-0.72
3a1s,1.1038858890533447,,,0.8755943179130554,-0.34
3a1t,0.8083590269088745,,,0.9648829698562622,-0.14
3a29,0.20026162266731262,,,1.0,0.43
3a2o,0.9201175570487976,,,0.8842203617095947,-0.65
3a3y,1.7113151550292969,,,0.6775956153869629,-1.70
3a4p,0.8056563138961792,,,0.9162198305130005,0.04
3a6t,0.6638495326042175,,,0.9636363387107849,0.18
3a9i,6.910067558288574,,,0.26216214895248413,-1.24
3abt,1.3684781789779663,,,0.8128370046615601,-0.06
3abu,2.6655733585357666,,,0.6443613171577454,-0.90
3adv,3.977814197540283,,,0.481376975774765,-0.20
3afk,,,,,-1.60
3ah8,,,,,-3.74
3ahn,4.705686569213867,,,0.4819102883338928,-0.52
3aho,1.7541136741638184,,,0.815129816532135,-0.74
3aid,1.7307348251342773,,,0.7223451137542725,-0.89
3aig,1.5302129983901978,,,0.7622573971748352,-0.07
3aje,0.8354177474975586,,,0.9178370833396912,-3.85
3alt,,,,,-2.24
3amb,1.657191514968872,,,0.8194282650947571,-0.19
3amv,0.9125561118125916,,,0.9043321013450623,-1.01
3anq,1.9417054653167725,,,0.7014315128326416,0.06
3anr,0.9050817489624023,,,0.8973799347877502,0.56
3ans,0.6701306700706482,,,0.9244094491004944,-0.06
3ant,1.2523149251937866,,,0.8308538198471069,-0.59
3ao1,0.43665170669555664,,,0.9616833925247192,-0.09
3ao2,1.3924890756607056,,,0.7999160885810852,-0.28
3ao4,0.18238279223442078,,,1.0,0.00
3ao5,1.9528824090957642,,,0.7910216450691223,-0.29
3aox,1.5738139152526855,,,0.8422496318817139,-0.73
3ap4,,,,,-2.12
3ap7,,,,,-2.95
3aqt,0.21182473003864288,,,1.0,-0.16
3ara,1.67946457862854,,,0.8050239086151123,-1.42
3arb,1.4834060668945312,,,0.7883424758911133,-0.15
3ard,1.2300567626953125,,,0.8053769469261169,-0.13
3are,1.2108101844787598,,,0.8094892501831055,-0.30
3arf,11.442113876342773,,,0.29546502232551575,-0.58
3arg,1.3252081871032715,,,0.7940102219581604,-0.65
3arn,0.6145505309104919,,,0.970588207244873,-0.89
3arx,0.7467877864837646,,,0.9256386756896973,0.29
3ary,2.4734816551208496,,,0.7371951341629028,-0.47
3ask,,,,,-3.28
3asl,,,,,-2.73
3at1,0.2879696190357208,,,1.0,0.23
3at4,0.7588891386985779,,,0.9560906291007996,0.29
3ati,0.16264432668685913,,,1.0,0.12
3atk,0.5943455696105957,,,0.9407467246055603,0.33
3atm,0.2130076289176941,,,1.0,0.61
3atp,8.642224311828613,,,0.19183672964572906,-1.00
3atu,1.0000174045562744,,,0.8510584831237793,0.04
3atv,0.9937819838523865,,,0.8658906817436218,0.32
3atw,,,,,-0.98
3au6,3.1529157161712646,,,0.4963199198246002,-1.52
3av9,,,,,-2.57
3ava,,,,,-2.69
3avb,,,,,-2.95
3avf,,,,,-2.91
3avg,,,,,-2.76
3avh,,,,,-2.86
3avi,,,,,-3.27
3avj,,,,,-2.94
3avk,,,,,-3.07
3avl,,,,,-3.19
3avm,,,,,-3.00
3avn,,,,,-3.03
3avz,,,,,-1.21
3aw0,,,,,-2.20
3axk,14.898615837097168,,,0.1341012567281723,-2.53
3ay9,1.0070433616638184,,,0.8643724918365479,0.27
3aya,,,,,-2.58
3ayc,,,,,-3.20
3b0w,2.5465087890625,,,0.5844370722770691,-1.59
3b1m,3.4165236949920654,,,0.5746394991874695,-0.89
3b1t,2.3727996349334717,,,0.8324427604675293,0.30
3b1u,0.9682601094245911,,,0.8897415399551392,-0.05
3b26,0.4411919116973877,,,0.9702268242835999,-0.17
3b2t,2.2314538955688477,,,0.7654798626899719,-0.61
3b3c,0.5894039273262024,,,0.949999988079071,0.51
3b3s,3.0150160789489746,,,0.5196759104728699,-1.67
3b3w,5.896162509918213,,,0.36007463932037354,-1.06
3b3x,0.6387465000152588,,,0.9479434490203857,-0.25
3b50,1.2741329669952393,,,0.8233387470245361,-0.50
3b65,1.1682058572769165,,,0.8519052863121033,0.40
3b66,0.6580719351768494,,,0.9356256723403931,0.44
3b67,1.08444344997406,,,0.8624260425567627,0.06
3b7i,0.8964370489120483,,,0.9164285659790039,0.47
3b7r,1.1611485481262207,,,0.875582754611969,-0.66
3b7u,5.780956745147705,,,0.5082237124443054,-0.49
3b8q,0.6602302193641663,,,0.9447527527809143,0.34
3b8z,0.7532383799552917,,,0.8985148668289185,0.26
3b92,1.6004334688186646,,,0.7599264979362488,-0.21
3b95,,,,,-2.63
3b9g,2.090653419494629,,,0.7256795167922974,-0.04
3b9s,1.456605076789856,,,0.7413461804389954,0.36
3bar,0.6707457304000854,,,0.9422253966331482,-0.15
3bb1,1.578270435333252,,,0.7618948221206665,0.14
3bbf,0.9611226916313171,,,0.8711755275726318,-0.89
3bc4,18.483993530273438,,,0.011419249698519707,-1.80
3bc5,0.7867646813392639,,,0.9146788716316223,-0.03
3bcn,3.3885011672973633,,,0.7067371010780334,-0.65
3bcs,0.6949474215507507,,,0.9427244663238525,0.38
3be9,0.6304411292076111,,,0.938866138458252,0.67
3bet,1.1181281805038452,,,0.8966480493545532,0.23
3bex,0.5301658511161804,,,0.9602649211883545,-0.07
3bf1,8.979653358459473,,,0.18703855574131012,-0.56
3bft,0.16077986359596252,,,1.0,0.97
3bfu,0.24765431880950928,,,0.99947589635849,0.90
3bg8,0.1674536168575287,,,1.0,0.00
3bgq,1.0383011102676392,,,0.8771056532859802,0.19
3bgs,0.6183561086654663,,,0.9580258131027222,0.10
3bh3,0.19465526938438416,,,1.0,-0.13
3bhb,,,,,-3.39
3bhx,0.5228227972984314,,,0.9787065982818604,0.35
3bi0,0.7532649040222168,,,0.9213768243789673,0.14
3bim,,,,,-3.30
3biz,0.7949011325836182,,,0.9398379325866699,-0.02
3bjc,0.3859997093677521,,,0.9923599362373352,-0.02
3bjm,0.41527533531188965,,,0.9805699586868286,-0.40
3bkk,1.1248259544372559,,,0.8540164828300476,-0.01
3bl0,0.2970739006996155,,,0.9939576983451843,-0.02
3bl2,,,,,-3.57
3bla,0.45548102259635925,,,0.981289803981781,0.22
3bls,5.438950538635254,,,0.40893664956092834,0.01
3blt,0.8759255409240723,,,0.8962963223457336,0.13
3blu,0.19527915120124817,,,1.0,-0.04
3bm6,1.0053900480270386,,,0.86714768409729,-0.38
3bm8,0.44273635745048523,,,0.9796037077903748,-0.00
3bm9,0.5357311367988586,,,0.9653699994087219,0.06
3bmo,2.2796249389648438,,,0.7044444680213928,-0.62
3bmq,0.6416487097740173,,,0.9547872543334961,-0.48
3bmy,2.03246808052063,,,0.7845080494880676,-0.12
3bpc,,,,,-1.69
3br9,1.1469601392745972,,,0.8170546293258667,-0.04
3bra,0.33750882744789124,,,0.996052622795105,0.01
3brn,0.4765438139438629,,,0.9734848737716675,0.26
3bti,0.5582489967346191,,,0.9774143099784851,-0.45
3btr,,,,,-3.48
3bu1,0.2977399230003357,,,1.0,0.28
3buf,1.208344578742981,,,0.8670886158943176,-0.19
3bug,0.5299153327941895,,,0.9712643623352051,0.21
3buh,0.6374596953392029,,,0.9339762330055237,0.19
3bum,,,,,-2.92
3bun,,,,,-2.69
3buw,,,,,-4.16
3bva,1.2848809957504272,,,0.8631933927536011,-1.03
3bx5,0.7323783040046692,,,0.9298975467681885,0.67
3bxe,0.13226903975009918,,,1.0,0.31
3bxf,1.628870964050293,,,0.6568287014961243,0.08
3bxg,1.1602312326431274,,,0.8420839905738831,-0.23
3bxh,1.0250627994537354,,,0.8756117224693298,0.07
3bxs,1.7523003816604614,,,0.6828025579452515,-0.93
3bym,3.681267499923706,,,0.5977500081062317,-0.66
3bys,1.2668907642364502,,,0.8109375238418579,0.13
3byu,1.2315914630889893,,,0.8529977202415466,0.12
3bz3,1.9307711124420166,,,0.7194741368293762,-0.84
3bzf,,,,,-2.90
3bzi,,,,,-1.31
3c0z,0.40817153453826904,,,0.9667266011238098,0.82
3c14,48.969722747802734,,,0.0,0.27
3c1k,1.5435526371002197,,,0.806598961353302,-0.69
3c1n,11.112707138061523,,,0.0751088559627533,-0.74
3c1x,0.697024941444397,,,0.9388677477836609,0.40
3c2f,4.756197929382324,,,0.5186915993690491,-0.73
3c2o,0.5148355960845947,,,0.9779829382896423,-0.45
3c2u,1.516785979270935,,,0.8228862881660461,-0.82
3c39,0.22743695974349976,,,1.0,-0.01
3c3o,,,,,-3.62
3c3q,,,,,-3.32
3c3r,,,,,-3.48
3c43,1.7665278911590576,,,0.8378634452819824,-0.30
3c45,0.858106255531311,,,0.928019642829895,-0.08
3c4f,0.34481263160705566,,,0.9891892075538635,0.67
3c4h,0.4543604254722595,,,0.9744318127632141,0.61
3c52,0.32386791706085205,,,0.9972587823867798,0.35
3c56,0.5915324687957764,,,0.9736024737358093,-0.09
3c5u,0.9391224384307861,,,0.8760683536529541,0.12
3c6w,,,,,-3.33
3c79,0.46365493535995483,,,0.9750402569770813,0.30
3c7p,1.4754642248153687,,,0.8662884831428528,-0.01
3c84,0.4570681154727936,,,0.9699312448501587,0.50
3c8e,0.18226204812526703,,,1.0,0.26
3c9e,0.9525652527809143,,,0.8921302556991577,0.42
3cbs,,,,,-0.01
3ccb,0.2812121510505676,,,1.0,-0.25
3cct,0.6610117554664612,,,0.9424189925193787,-0.28
3ccw,0.9579764604568481,,,0.8691052198410034,-0.31
3ccz,0.740039587020874,,,0.9296578168869019,-0.68
3cd0,1.3430356979370117,,,0.787446141242981,-1.01
3cd5,1.03802490234375,,,0.8889447450637817,0.01
3cd7,0.704728901386261,,,0.9282150864601135,-0.07
3ce0,0.7674881815910339,,,0.9633105993270874,-0.23
3cfn,4.081668376922607,,,0.41950756311416626,-0.56
3cft,1.672197699546814,,,0.7373046875,-0.59
3cfv,,,,,-2.92
3cgy,1.9888908863067627,,,0.7535087466239929,-0.68
3chp,1.078132152557373,,,0.8727924823760986,0.18
3cib,0.8344194889068604,,,0.9024288058280945,-0.41
3cic,1.262305498123169,,,0.8269667029380798,-0.59
3cid,0.9184628129005432,,,0.9117646813392639,-0.40
3cii,,,,,-3.59
3cj2,0.705163300037384,,,0.925000011920929,1.01
3cj3,1.936295747756958,,,0.673305094242096,-0.03
3cj5,0.7690871953964233,,,0.9588785171508789,0.45
3cjo,3.4482574462890625,,,0.6515474915504456,-0.66
3ck7,,,,,-1.79
3ck8,,,,,-3.11
3ckb,,,,,-1.76
3cke,1.4540654420852661,,,0.8068181872367859,-0.86
3ckp,1.1349058151245117,,,0.8500000238418579,-0.69
3ckt,1.0940200090408325,,,0.8241919875144958,-0.08
3cl0,0.6661792993545532,,,0.9264150857925415,0.29
3clp,1.7498202323913574,,,0.7329910397529602,-0.08
3cm2,1.503062129020691,,,0.8027499914169312,-0.82
3cm7,1.956538438796997,,,0.7132176756858826,-0.63
3coj,,,,,-1.42
3cow,0.7907726168632507,,,0.9343434572219849,0.29
3coy,0.753214955329895,,,0.9288265109062195,0.14
3cpc,0.34106209874153137,,,0.9799291491508484,0.41
3cph,12.967632293701172,,,0.09847383946180344,-2.93
3cpj,38.5953254699707,,,0.0,-2.25
3cqu,1.1331247091293335,,,0.914383590221405,0.80
3cqw,1.4271196126937866,,,0.8217905163764954,0.46
3cs8,,,,,-3.64
3cth,0.7355868220329285,,,0.9161324501037598,0.19
3ctj,1.7641760110855103,,,0.8012208342552185,0.06
3ctt,1.5489223003387451,,,0.7522603869438171,-0.24
3cwe,2.5674893856048584,,,0.9296428561210632,-0.81
3cwk,0.6582350134849548,,,0.9295709133148193,-0.01
3cx9,23.714181900024414,,,0.0,-0.70
3cy2,0.5289663672447205,,,0.9461382031440735,0.25
3cyz,0.36628270149230957,,,0.9978813529014587,0.06
3czv,0.3317331373691559,,,0.9921466112136841,0.70
3d0e,1.2845505475997925,,,0.8574134111404419,0.29
3d14,0.5141157507896423,,,0.9591108560562134,0.29
3d1e,,,,,-1.45
3d1f,,,,,-3.63
3d1g,2.650519371032715,,,0.5786163806915283,-1.45
3d1x,1.087056279182434,,,0.8530518412590027,-0.50
3d1y,3.547548532485962,,,0.5885125994682312,-1.02
3d25,,,,,-3.39
3d27,0.6315455436706543,,,0.9470720887184143,0.41
3d2e,0.9689787030220032,,,0.8836287260055542,-0.27
3d2t,6.205313682556152,,,0.27941176295280457,-0.16
3d32,,,,,-3.09
3d3x,,,,,-1.90
3d4fa,2.2716805934906006,,,0.6862139701843262,-1.19
3d4fb,6.073990345001221,,,0.3299120366573334,0.44
3d4y,0.4909012019634247,,,0.9629629850387573,0.46
3d4z,0.8397935032844543,,,0.8976833820343018,0.17
3d50,1.4759025573730469,,,0.8900862336158752,-0.76
3d51,1.065070629119873,,,0.8659999966621399,-0.57
3d5m,0.8437846302986145,,,0.9259554147720337,0.40
3d62,0.47530680894851685,,,0.9788828492164612,-0.89
3d6o,1.4276819229125977,,,0.810520350933075,-0.74
3d6p,1.2607347965240479,,,0.8392045497894287,-0.67
3d6q,0.993924081325531,,,0.9285714030265808,-0.55
3d78,0.3160545527935028,,,0.9949748516082764,0.03
3d7b,0.7597499489784241,,,0.9535176157951355,-0.47
3d7d,1.0544893741607666,,,0.8684486150741577,-0.51
3d7f,2.6914515495300293,,,0.6435643434524536,-1.33
3d7g,0.8866954445838928,,,0.9002071619033813,-0.04
3d7h,1.1998460292816162,,,0.8586660623550415,-0.29
3d7m,1.142518401145935,,,0.852928102016449,0.45
3d83,1.5350209474563599,,,0.8080057501792908,0.06
3d8w,0.7273474335670471,,,0.9225663542747498,0.71
3d8y,0.8408271670341492,,,0.9554020166397095,-0.61
3d8z,1.054990530014038,,,0.8797538876533508,-0.26
3d9v,0.5505118370056152,,,0.9631901979446411,-0.12
3d9z,0.36060047149658203,,,0.9933686852455139,0.90
3da9,1.0007908344268799,,,0.8611111044883728,0.22
3dab,,,,,-3.35
3daj,2.540769100189209,,,0.695873498916626,-0.62
3db6,2.547384262084961,,,0.6495766639709473,-0.49
3db8,2.1941184997558594,,,0.7984567880630493,0.06
3dbs,0.8012140393257141,,,0.9183804392814636,0.35
3dbu,0.7488610744476318,,,0.9288840293884277,0.57
3dc3,0.364152193069458,,,0.9956395626068115,0.85
3dcc,0.22872082889080048,,,1.0,0.95
3dcq,3.8236289024353027,,,0.5991947054862976,-1.89
3dcr,2.1099979877471924,,,0.6831080913543701,-1.75
3dcs,0.9095343947410583,,,0.9572368264198303,0.93
3dct,1.3213282823562622,,,0.8317916393280029,-0.09
3dcw,0.30241715908050537,,,0.995512843132019,1.03
3dd0,0.1885736733675003,,,1.0,0.96
3dd8,2.0706517696380615,,,0.697098970413208,0.56
3dda,,,,,-2.89
3ddf,1.7492457628250122,,,0.7280775904655457,-0.80
3ddg,0.7867119908332825,,,0.9012711644172668,-0.84
3ddu,0.4450249969959259,,,0.9794022440910339,0.58
3deh,1.288725733757019,,,0.8091317415237427,-0.65
3dei,6.17988395690918,,,0.34837543964385986,-1.59
3dej,4.665220737457275,,,0.3959064185619354,-1.00
3dek,8.199302673339844,,,0.1757679134607315,-1.44
3dgl,3.811180591583252,,,0.7196969985961914,-1.21
3dgn,2.140418291091919,,,0.7675840854644775,-1.87
3dgo,3.9553022384643555,,,0.7700757384300232,-2.00
3dgq,6.736921787261963,,,0.2552681863307953,-0.23
3dhk,5.995384693145752,,,0.40559157729148865,-2.14
3di6,0.7637718915939331,,,0.9158228039741516,-0.52
3diw,,,,,-3.24
3djo,3.880178451538086,,,0.6285081505775452,-0.59
3djp,0.8424631357192993,,,0.9248046875,-0.28
3djq,1.5570443868637085,,,0.853965163230896,-1.17
3djv,0.77073734998703,,,0.9175874590873718,-0.30
3djx,1.2300370931625366,,,0.8049549460411072,-0.39
3dk1,0.9298499822616577,,,0.8921343088150024,-0.30
3dkf,0.5242875218391418,,,0.9644808769226074,0.63
3dkg,1.0171973705291748,,,0.9197635054588318,0.42
3dkj,5.786819934844971,,,0.30535054206848145,-0.66
3dla,2.7262768745422363,,,0.5673595070838928,-1.43
3dln,0.7652403712272644,,,0.916265070438385,-3.95
3dm6,1.4752260446548462,,,0.8051656484603882,-1.08
3dnd,1.1450988054275513,,,0.853672981262207,0.21
3dng,0.4554733633995056,,,0.9760406613349915,0.19
3dog,1.598973035812378,,,0.7817408442497253,-0.14
3dow,,,,,-3.25
3doy,2.49127459526062,,,0.7131979465484619,-0.45
3doz,1.455762505531311,,,0.8166090250015259,-0.69
3dp0,2.1488096714019775,,,0.7440972328186035,-0.32
3dp2,2.3194758892059326,,,0.6782915592193604,-0.55
3dp4,0.20030651986598969,,,1.0,0.83
3dp9,0.673082172870636,,,0.9441776871681213,-0.10
3dpc,,,,,-3.08
3dpd,0.43707507848739624,,,0.9706196784973145,1.01
3dpe,0.940741777420044,,,0.9229466319084167,-0.04
3dpf,1.933746099472046,,,0.7794471383094788,-0.10
3dpo,,,,,-3.07
3drf,,,,,-2.64
3drg,,,,,-3.01
3dri,,,,,-3.01
3ds0,,,,,-3.25
3ds1,,,,,-3.49
3ds3,,,,,-2.99
3ds4,,,,,-3.12
3ds6,0.5891850590705872,,,0.9560731053352356,0.87
3dst,1.9544506072998047,,,0.7209529876708984,-0.77
3dsu,0.7830549478530884,,,0.9271019697189331,-0.79
3dt1,0.7927834391593933,,,0.9488932490348816,0.44
3dux,4.511781215667725,,,0.6215277910232544,-1.40
3duy,0.8789380192756653,,,0.9022925496101379,-0.02
3dv1,1.5093085765838623,,,0.7605740427970886,-0.11
3dv5,1.5958541631698608,,,0.7286585569381714,-0.46
3dvp,,,,,-2.88
3dwb,2.066814422607422,,,0.7553072571754456,-1.25
3dx0,1.1449862718582153,,,0.83152174949646,0.54
3dx1,0.7575690150260925,,,0.921999990940094,0.24
3dx2,1.5481035709381104,,,0.7864271402359009,-0.35
3dx3,0.5306169986724854,,,0.9691358208656311,0.43
3dx4,0.4631701111793518,,,0.9761072397232056,0.28
3dxg,3.9350337982177734,,,0.6296610236167908,-0.14
3dxh,1.5832043886184692,,,0.8987730145454407,-1.19
3dxm,2.1049747467041016,,,0.6783167123794556,-0.29
3dy6,0.6681303977966309,,,0.920285701751709,-0.24
3dz4,29.137802124023438,,,0.0,-2.81
3dzt,0.9235031604766846,,,0.8762755393981934,-0.28
3e0q,3.0454306602478027,,,0.5703592896461487,-0.06
3e12,2.7278716564178467,,,0.5684604644775391,-0.38
3e1r,,,,,-2.42
3e3b,1.1944433450698853,,,0.8346104621887207,-0.36
3e3c,0.547272264957428,,,0.9677914381027222,-0.16
3e3u,2.6128458976745605,,,0.7159367203712463,0.41
3e5u,0.24441328644752502,,,1.0,0.52
3e6y,2.357598304748535,,,0.6846216917037964,-1.51
3e73,1.671042561531067,,,0.7155688405036926,-0.61
3e7a,,,,,-2.21
3e7b,1.434111475944519,,,0.8047831058502197,-1.59
3e7o,0.5872392654418945,,,0.957812488079071,0.49
3e81,1.2822681665420532,,,0.8464912176132202,-0.94
3e8n,0.6152892708778381,,,0.9530051350593567,0.17
3e8u,,,,,-2.96
3e92,8.855700492858887,,,0.1881386935710907,0.17
3e93,0.77474045753479,,,0.8893129825592041,0.25
3e9i,0.9010506272315979,,,0.898172914981842,-0.76
3eax,8.328890800476074,,,0.18588469922542572,-1.98
3eb1,2.5024921894073486,,,0.7403640151023865,-2.31
3ebh,1.1262587308883667,,,0.8606340885162354,0.46
3ebi,1.3554551601409912,,,0.8373702168464661,0.10
3ebl,1.1412948369979858,,,0.791201114654541,-0.45
3ebp,1.2861639261245728,,,0.9323999881744385,-0.69
3ecn,0.20159736275672913,,,1.0,0.16
3eeb,,,,,-1.21
3efr,1.1416854858398438,,,0.8746212124824524,0.71
3eft,1.424525499343872,,,0.8554455637931824,-0.09
3eg6,,,,,-2.18
3egk,3.7184317111968994,,,0.5175691246986389,-2.22
3egt,1.3324037790298462,,,0.8252583742141724,-0.62
3ehn,,,,,-1.28
3eht,,,,,-3.31
3ehw,0.8800656199455261,,,0.8895927667617798,-0.53
3ehy,0.733280599117279,,,0.9178571701049805,0.36
3eid,1.1818290948867798,,,0.9076776504516602,0.05
3eio,1.1197305917739868,,,0.8306772708892822,-1.06
3ej1,0.4790233373641968,,,0.9674528241157532,1.08
3ejp,0.4681439995765686,,,0.9644531011581421,-0.20
3ejs,1.4342442750930786,,,0.7666184902191162,-1.20
3ejt,1.1893393993377686,,,0.8374233245849609,-1.09
3eju,0.9356231093406677,,,0.8823953866958618,-0.69
3eka,37.8728141784668,,,0.0,-1.64
3eko,0.8752749562263489,,,0.8677455186843872,0.33
3ekq,1.4034838676452637,,,0.7839116454124451,-0.90
3eks,1.0726358890533447,,,0.8253588676452637,0.18
3ekx,1.0299288034439087,,,0.852031409740448,-0.09
3el0,1.0919097661972046,,,0.8574134111404419,-0.98
3el1,1.4078104496002197,,,0.8046042323112488,-0.56
3el4,1.1158099174499512,,,0.8592801094055176,-0.79
3el7,0.6540212631225586,,,0.9308406710624695,0.73
3el8,0.5547589659690857,,,0.9664391279220581,0.43
3elc,0.774178683757782,,,0.9439461827278137,0.30
3elj,1.0485076904296875,,,0.8832573890686035,-0.37
3elm,0.8619436025619507,,,0.9131467938423157,-0.10
3emg,0.8411077857017517,,,0.923274576663971,0.01
3emh,,,,,-2.98
3eml,0.7187639474868774,,,0.9320470094680786,0.25
3eor,1.2452534437179565,,,0.9205729365348816,-0.59
3eou,0.30224287509918213,,,0.9923986196517944,0.83
3eov,,,,,-3.35
3eq7,1.3117822408676147,,,0.8054421544075012,0.08
3eq9,0.7721000909805298,,,0.9169719219207764,0.33
3eqb,1.009599208831787,,,0.8494245409965515,0.39
3eqs,,,,,-3.15
3er3,,,,,-0.69
3erd,0.8144100904464722,,,0.9153911471366882,0.05
3ern,0.5657125115394592,,,0.9660852551460266,-0.03
3ery,,,,,-3.29
3esj,1.7507885694503784,,,0.835287868976593,0.23
3ess,0.2584141194820404,,,1.0,0.43
3eu5,0.8443241119384766,,,0.9081500768661499,-0.87
3eu7,,,,,-3.47
3evc,1.4112352132797241,,,0.820270299911499,-0.67
3evd,1.7240997552871704,,,0.7131924033164978,-0.94
3ew2,0.639863133430481,,,0.9463682174682617,0.19
3ewj,1.913110613822937,,,0.7999153733253479,-0.10
3ewu,0.8190404772758484,,,0.9195623993873596,-0.41
3ex2,0.8562716841697693,,,0.9020752310752869,-0.29
3ex3,0.6230045557022095,,,0.946329653263092,-0.23
3eyd,1.2334928512573242,,,0.8596105575561523,0.12
3eyf,,,,,-3.22
3eyg,0.8211956024169922,,,0.9203910827636719,0.49
3eyl,1.5849510431289673,,,0.8184974789619446,-0.70
3eys,,,,,-2.50
3ezr,0.9685328602790833,,,0.8902631402015686,0.08
3f07,0.709372341632843,,,0.8874773383140564,-0.11
3f15,1.1435047388076782,,,0.8374645709991455,-0.47
3f33,3.7946414947509766,,,0.49124205112457275,-1.35
3f34,0.9024933576583862,,,0.8923766613006592,-1.34
3f35,1.328594446182251,,,0.8061674237251282,-1.05
3f36,3.6411545276641846,,,0.4350329041481018,-1.43
3f37,1.1089215278625488,,,0.8605769276618958,-1.02
3f38,0.9588748216629028,,,0.8852040767669678,-1.12
3f39,2.6194589138031006,,,0.5864361524581909,-0.21
3f3a,8.080764770507812,,,0.2228017896413803,0.05
3f3c,0.6933847069740295,,,0.9426087141036987,0.53
3f3d,9.514588356018066,,,0.1909722238779068,-0.47
3f3e,11.429447174072266,,,0.06884057819843292,-0.08
3f3u,0.5086202621459961,,,0.9676308631896973,0.48
3f3v,1.3380858898162842,,,0.8548850417137146,0.44
3f3w,0.5910657644271851,,,0.9583333134651184,0.08
3f48,3.3367319107055664,,,0.48259052634239197,-4.68
3f5j,,,,,-1.47
3f5k,,,,,-1.61
3f5l,,,,,-0.81
3f68,1.2347933053970337,,,0.8338305354118347,-0.62
3f6g,10.809906005859375,,,0.13819876313209534,-0.90
3f6h,9.457334518432617,,,0.05524344742298126,-1.67
3f70,,,,,0.68
3f78,0.8330923914909363,,,0.8959423899650574,0.19
3f7g,2.425483226776123,,,0.6614888906478882,-0.95
3f7h,1.7262307405471802,,,0.7236841917037964,-0.77
3f7i,0.7840871810913086,,,0.9106451869010925,0.09
3f7u,0.6549833416938782,,,0.9265649914741516,-0.38
3f7z,1.1300592422485352,,,0.8865355253219604,-0.27
3f82,0.768128514289856,,,0.9173497557640076,0.39
3f8c,13.283529281616211,,,0.04722921922802925,-1.20
3f8e,0.6423379778862,,,0.9554687738418579,-3.15
3f8f,1.4757765531539917,,,0.7852563858032227,-1.15
3f8w,1.0982561111450195,,,0.8544303774833679,-0.01
3f9w,,,,,-2.69
3fas,13.838709831237793,,,0.022727273404598236,-1.29
3fat,0.40567710995674133,,,0.985264241695404,0.78
3fbr,,,,,-3.42
3fc1,1.5177162885665894,,,0.7617684602737427,0.06
3fc8,4.81484842300415,,,0.5331125855445862,-0.48
3fci,1.5212384462356567,,,0.8908882141113281,-0.20
3fck,7.8617987632751465,,,0.4704446792602539,-0.25
3fcl,2.1675686836242676,,,0.7079310417175293,-0.24
3fcq,0.3547394275665283,,,0.983208954334259,0.35
3fdn,0.991098165512085,,,0.8614245653152466,-0.62
3fdt,,,,,-3.74
3fed,1.016096591949463,,,0.9089958071708679,0.33
3fee,0.24316351115703583,,,1.0,0.53
3fei,0.3455120623111725,,,0.9971264600753784,-0.03
3fej,1.3809736967086792,,,0.8445639610290527,0.13
3ff3,1.15620756149292,,,0.8477011322975159,-5.61
3ff6,1.2200226783752441,,,0.814389705657959,-0.84
3ffp,0.987058162689209,,,0.939793586730957,0.23
3fgc,0.6801338791847229,,,0.9407181739807129,-0.41
3fh5,0.8135300874710083,,,0.9164465069770813,0.21
3fh7,0.665233850479126,,,0.9324191808700562,0.41
3fh8,0.587201714515686,,,0.9513981342315674,0.35
3fhr,1.6041687726974487,,,0.8305960893630981,0.24
3fi3,0.4900270700454712,,,0.9811703562736511,-0.64
3fj7,0.7906598448753357,,,0.9185048937797546,0.17
3fjg,0.4680272042751312,,,0.9577205777168274,0.04
3fjz,0.25622987747192383,,,1.0,0.87
3fk1,0.2859911620616913,,,1.0,0.75
3fkt,2.076681137084961,,,0.7218950986862183,-1.26
3fl5,0.5795685648918152,,,0.9638975262641907,0.11
3fl9,0.7074036002159119,,,0.9085160493850708,-0.01
3fmq,0.43038293719291687,,,0.988095223903656,-0.78
3fmr,1.4997706413269043,,,0.8159777522087097,-1.37
3fn0,,,,,-3.12
3fnm,0.7781058549880981,,,0.913755476474762,0.73
3fpd,1.4650849103927612,,,0.7816295623779297,-0.55
3fpm,0.43507692217826843,,,0.9789950847625732,0.45
3fq7,0.4823667109012604,,,0.9654054045677185,-0.20
3fqa,0.20465877652168274,,,1.0,-0.04
3fr4,0.4862267076969147,,,0.9736445546150208,0.24
3fr5,0.8861398100852966,,,0.8762446641921997,0.27
3frg,0.7303712368011475,,,0.9170939922332764,0.18
3frz,0.7900823950767517,,,0.8993197083473206,-0.20
3ft2,,,,,-3.10
3ft3,,,,,-3.58
3ft4,,,,,-3.37
3ftq,1.2975726127624512,,,0.8098557591438293,-0.28
3fts,0.37365368008613586,,,0.9878526926040649,0.26
3ftv,1.3164119720458984,,,0.8211130499839783,0.40
3ftw,0.4114212095737457,,,0.9808070659637451,0.41
3fu0,0.3930686414241791,,,0.989676833152771,0.53
3fu3,3.2200236320495605,,,0.5293053388595581,0.24
3fu5,1.1935291290283203,,,0.8719879388809204,0.67
3fue,0.2764193117618561,,,0.9963017702102661,-0.06
3fuf,0.2592012882232666,,,1.0,0.09
3fuh,0.496587336063385,,,0.9736841917037964,0.09
3fuj,0.6834014058113098,,,0.9603365659713745,0.25
3fuk,1.4980156421661377,,,0.7564898133277893,0.23
3ful,1.0877376794815063,,,0.8443995118141174,0.35
3fum,1.201433777809143,,,0.8401360511779785,0.10
3fup,0.9243646264076233,,,0.9133561849594116,0.18
3fuz,16.24688148498535,,,0.006810897495597601,-1.18
3fv1,1.4970664978027344,,,0.7677514553070068,-0.10
3fv3,,,,,-2.93
3fv8,0.9019228219985962,,,0.931277871131897,0.11
3fvg,0.5461567044258118,,,0.9675273895263672,0.72
3fvh,,,,,-1.46
3fvk,1.0333508253097534,,,0.8926553726196289,0.94
3fvl,1.3418495655059814,,,0.762499988079071,-0.35
3fvn,1.8389428853988647,,,0.7728758454322815,0.51
3fw3,0.8282825350761414,,,0.920121967792511,0.05
3fw4,0.7292763590812683,,,0.9025735259056091,-0.51
3fwv,,,,,-3.00
3fxv,1.8674018383026123,,,0.7976519465446472,-0.78
3fxw,1.6891297101974487,,,0.7755235433578491,-0.12
3fyj,0.8098434805870056,,,0.902466356754303,0.48
3fyk,1.1596837043762207,,,0.8323063254356384,0.65
3fz1,0.7783038020133972,,,0.9347609281539917,0.63
3fzs,0.6647979021072388,,,0.9667539000511169,0.16
3fzy,,,,,-1.11
3g08,1.8845897912979126,,,0.7345753312110901,-0.49
3g0b,0.6300197243690491,,,0.9661290049552917,0.36
3g0e,0.9079551100730896,,,0.9109697937965393,0.11
3g0f,0.7299528121948242,,,0.9040066599845886,0.00
3g0i,0.18075402081012726,,,1.0,-0.01
3g0w,0.6281653046607971,,,0.9475228190422058,0.47
3g19,,,,,-2.40
3g1d,0.8026334047317505,,,0.9173850417137146,-0.07
3g1m,0.951204240322113,,,0.9077480435371399,-0.31
3g1v,0.87607741355896,,,0.9234769940376282,-0.08
3g2h,0.8871064782142639,,,0.9113737344741821,0.36
3g2i,0.591065526008606,,,0.9581376910209656,0.51
3g2j,0.763981819152832,,,0.9025919437408447,0.23
3g2k,1.0362541675567627,,,0.850789487361908,0.04
3g2n,0.9406827092170715,,,0.8964899778366089,0.34
3g2s,,,,,-3.19
3g2t,,,,,-2.92
3g2u,,,,,-2.60
3g2v,,,,,-2.87
3g2w,,,,,-3.21
3g2y,1.4884252548217773,,,0.8350144028663635,-0.08
3g2z,0.25419071316719055,,,1.0,-0.15
3g30,2.1912198066711426,,,0.7604166865348816,0.02
3g31,0.4524167478084564,,,0.9758453965187073,-1.31
3g32,0.388372004032135,,,0.9843304753303528,-0.71
3g34,0.4551265239715576,,,0.9887323975563049,-0.79
3g3d,0.9669216275215149,,,0.890625,-0.38
3g3m,0.7495912313461304,,,0.9264000058174133,-0.37
3g3r,0.492016077041626,,,0.9780821800231934,-0.77
3g42,0.7579574584960938,,,0.943617045879364,0.12
3g4f,0.862702488899231,,,0.9045698642730713,-1.97
3g4k,1.0840803384780884,,,0.9159212708473206,0.80
3g4l,0.573432445526123,,,0.9470149278640747,0.05
3g5k,1.202809453010559,,,0.8248106241226196,-0.09
3g5v,,,,,-3.60
3g5y,,,,,-3.51
3g7l,,,,,-2.90
3g8e,1.1327985525131226,,,0.8719795346260071,-0.67
3g8o,0.7197064757347107,,,0.9225634336471558,0.33
3g9l,1.5528353452682495,,,0.7781440019607544,-0.50
3ga5,0.9174630045890808,,,0.8922818899154663,-0.31
3gba,1.1355290412902832,,,0.8684210777282715,0.41
3gbb,1.5348317623138428,,,0.8044871687889099,0.60
3gbe,0.7000027894973755,,,0.9235782027244568,-0.39
3gc4,0.47858381271362305,,,0.9729064106941223,0.40
3gc5,0.37844011187553406,,,0.9833585619926453,0.89
3gc7,1.5405690670013428,,,0.725907027721405,-0.35
3gcp,0.5790969729423523,,,0.9525446891784668,0.22
3gcs,1.4465574026107788,,,0.8323076963424683,0.36
3gcv,0.849524199962616,,,0.9104265570640564,0.35
3gds,,,,,-2.29
3gdt,0.8006055951118469,,,0.9136740565299988,-1.06
3gen,0.4865911304950714,,,0.9764516353607178,0.55
3gep,0.6606047749519348,,,0.9522653818130493,0.41
3gf2,1.3479169607162476,,,0.7745398879051208,-1.12
3ggc,0.6866944432258606,,,0.9336832165718079,0.17
3ggj,0.9935258030891418,,,0.8999051451683044,-0.09
3ggu,0.8383369445800781,,,0.8977384567260742,-0.63
3gi5,1.2620902061462402,,,0.8552278876304626,-0.82
3gjd,9.895560264587402,,,0.12757731974124908,0.54
3gjq,,,,,-2.25
3gjs,,,,,-1.55
3gjt,,,,,-1.67
3gjw,0.2837354242801666,,,0.9986085295677185,0.55
3gk1,0.589335024356842,,,0.9673295617103577,-0.38
3gk2,1.151742696762085,,,0.8547903895378113,-1.83
3gl6,,,,,-3.01
3gm0,0.41192829608917236,,,0.9733059406280518,0.68
3gn7,1.3506790399551392,,,0.885169506072998,0.78
3gnv,0.5688719153404236,,,0.9676985144615173,0.20
3gnw,3.4409472942352295,,,0.5020610094070435,-0.50
3gol,26.305316925048828,,,0.0,-0.40
3gpe,1.6815814971923828,,,0.7871972322463989,-1.90
3gr2,0.5046336054801941,,,0.9210097789764404,0.35
3gs6,0.44573482871055603,,,0.9685828685760498,-0.32
3gs7,2.6628119945526123,,,0.5549362897872925,-0.24
3gsg,1.4163398742675781,,,0.7870575189590454,-0.26
3gsm,0.9127686023712158,,,0.8898176550865173,0.19
3gt9,3.262472629547119,,,0.5835874080657959,-0.61
3gtc,1.2548280954360962,,,0.8033333420753479,0.41
3gus,2.400733709335327,,,0.7406250238418579,-0.13
3guz,0.25024810433387756,,,1.0,-0.33
3gv6,,,,,-2.69
3gv9,0.46919992566108704,,,0.9574132561683655,0.68
3gvb,6.604048728942871,,,0.2400568127632141,0.42
3gw5,0.9220309853553772,,,0.8817114233970642,0.07
3gws,0.3562535345554352,,,0.9858900308609009,0.33
3gwt,0.60854172706604,,,0.9503649473190308,-0.54
3gwu,1.7333402633666992,,,0.7159926295280457,-0.84
3gwv,0.8594955801963806,,,0.8978300094604492,-0.32
3gww,0.37806016206741333,,,0.9890710115432739,0.15
3gwx,1.707048773765564,,,0.7122302055358887,-0.26
3gx0,4.328065395355225,,,0.6608594655990601,-1.66
3gxt,0.610021710395813,,,0.9490740895271301,-0.60
3gxy,,,,,-2.65
3gxz,,,,,-3.58
3h03,0.5323363542556763,,,0.9641608595848083,0.02
3h06,1.3008395433425903,,,0.813703715801239,-0.22
3h0b,1.0308157205581665,,,0.8852459192276001,-0.46
3h0v,29.54411506652832,,,0.0,-3.02
3h0z,1.8618741035461426,,,0.756827712059021,-1.23
3h1z,,,,,-2.96
3h21,0.24204866588115692,,,0.9994588494300842,0.12
3h2c,0.12323503941297531,,,1.0,0.33
3h2n,0.29248058795928955,,,0.995945930480957,0.83
3h3c,1.2293806076049805,,,0.8917018175125122,-0.54
3h59,0.8930524587631226,,,0.9286105036735535,0.24
3h5s,0.8913736939430237,,,0.889452338218689,0.25
3h6z,,,,,-2.12
3h78,0.26608461141586304,,,1.0,-0.13
3h85,,,,,-3.13
3h91,,,,,-2.10
3h9k,0.9999176859855652,,,0.8466469645500183,0.02
3hau,4.568305969238281,,,0.5852059721946716,-1.55
3haw,2.105452299118042,,,0.7247229814529419,-1.14
3hb4,0.8825979232788086,,,0.8900119066238403,-0.58
3hb8,0.9947662949562073,,,0.8830897808074951,0.17
3hbo,1.3459333181381226,,,0.8344226479530334,-0.96
3hcm,1.1854225397109985,,,0.8263274431228638,-0.90
3hd3,0.9262505173683167,,,0.8698949813842773,0.50
3hdk,2.133885622024536,,,0.7538602948188782,-1.42
3hdz,0.6890919804573059,,,0.9213043451309204,-0.00
3hfj,8.546340942382812,,,0.21350806951522827,-0.27
3hfz,0.28988948464393616,,,0.991900622844696,0.30
3hg1,,,,,-3.33
3hha,1.2507678270339966,,,0.8545331358909607,0.86
3hik,,,,,-1.47
3hiv,8.561382293701172,,,0.25660234689712524,-2.40
3hj0,2.3839025497436523,,,0.7797203063964844,-0.53
3hjo,1.169498085975647,,,0.8655015230178833,-0.51
3hk1,1.0884369611740112,,,0.9011628031730652,0.08
3hkn,,,,,-2.46
3hkq,1.4052691459655762,,,0.8178732991218567,-0.47
3hkt,,,,,-1.10
3hku,1.0476648807525635,,,0.8890600800514221,-0.29
3hl5,4.0800461769104,,,0.766094446182251,0.30
3hl7,1.330970287322998,,,0.8858936429023743,-0.10
3hl8,0.4697290360927582,,,0.987864077091217,-0.27
3hll,0.5030320882797241,,,0.9727272987365723,0.02
3hlo,,,,,-1.43
3hng,0.2673329710960388,,,1.0,0.77
3hp2,0.46556028723716736,,,0.9800918698310852,0.04
3hp5,1.53590726852417,,,0.7575210332870483,0.67
3hq5,0.9395496249198914,,,0.8914706110954285,0.23
3hqh,,,,,-2.06
3hqr,0.2043260782957077,,,1.0,0.63
3hr1,0.7932758927345276,,,0.9225195050239563,-0.07
3hrb,0.8848950266838074,,,0.8953220844268799,0.18
3hrf,18.173748016357422,,,0.005549389403313398,-0.47
3hs4,0.2720387876033783,,,1.0,0.61
3hu1,1.5291578769683838,,,0.7584787011146545,-0.44
3hu2,1.0765297412872314,,,0.8377367854118347,-0.40
3hu3,1.0119260549545288,,,0.8664241433143616,-0.63
3huc,7.0631489753723145,,,0.46191513538360596,-0.26
3hv6,0.6397960782051086,,,0.949945867061615,0.30
3hv7,0.4521980881690979,,,0.9900841116905212,0.10
3hvh,0.9774222373962402,,,0.8926136493682861,0.30
3hvj,0.8855577111244202,,,0.9073373675346375,0.19
3hvk,0.6691997051239014,,,0.9358679056167603,0.56
3hww,10.753265380859375,,,0.0467914454638958,-0.51
3hx3,0.522199809551239,,,0.9566786885261536,0.45
3hxb,5.5125885009765625,,,0.28999999165534973,-1.76
3hxd,6.2377471923828125,,,0.3495004177093506,-1.96
3hxf,8.479700088500977,,,0.15518257021903992,-2.06
3hy5,1.0791293382644653,,,0.8466386795043945,-0.44
3hy7,0.6379076838493347,,,0.9695122241973877,0.11
3hzk,,,,,-2.10
3hzm,0.5934550166130066,,,0.9766082167625427,-0.56
3hzv,,,,,-2.12
3hzy,,,,,-2.76
3i02,,,,,-2.93
3i0r,0.9995437860488892,,,0.8702805042266846,-0.37
3i0s,1.1665980815887451,,,0.8655462265014648,-0.34
3i1y,0.3290461599826813,,,0.9958620667457581,-0.33
3i25,2.9244186878204346,,,0.7340450882911682,-0.52
3i4a,0.5434343814849854,,,0.9616477489471436,0.50
3i4y,0.5927926898002625,,,0.9620822668075562,0.20
3i51,0.5024490356445312,,,0.9651898741722107,0.40
3i5r,,,,,-3.06
3i6m,1.258737325668335,,,0.8190559148788452,0.02
3i6o,0.8063978552818298,,,0.906120777130127,0.21
3i6z,1.3486380577087402,,,0.7863677740097046,-0.78
3i73,22.321453094482422,,,0.0,-1.27
3i7g,2.7892439365386963,,,0.7863984704017639,-0.58
3i8t,,,,,-3.11
3i90,,,,,-3.72
3i91,,,,,-2.38
3i97,2.2372124195098877,,,0.6546762585639954,-1.17
3i9g,1.3446787595748901,,,0.8311648368835449,-0.30
3ia6,0.4984896183013916,,,0.9675480723381042,0.00
3ibc,,,,,-2.10
3ibi,0.6356335878372192,,,0.9583333134651184,0.50
3ibl,0.6697840690612793,,,0.9444444179534912,0.22
3ibn,0.9898959994316101,,,0.9212018251419067,0.10
3ibu,0.9394012093544006,,,0.9066416025161743,0.49
3ie3,0.9612146019935608,,,0.8876923322677612,-0.22
3ieo,2.864689826965332,,,0.5857843160629272,-1.65
3iet,,,,,-3.20
3if7,0.739032506942749,,,0.9413854479789734,-1.02
3ig1,0.45073220133781433,,,0.9969135522842407,-0.17
3ig6,1.1535956859588623,,,0.8536121845245361,-0.45
3ig7,1.1353548765182495,,,0.8958333134651184,0.40
3igg,0.4516834318637848,,,0.9798850417137146,0.73
3igp,1.3199843168258667,,,0.9068080186843872,0.27
3ihz,1.8605467081069946,,,0.7132952809333801,-1.55
3iit,1.4260677099227905,,,0.9086589217185974,0.36
3iiw,,,,,-2.15
3ijg,6.798628807067871,,,0.24394463002681732,-1.66
3ijh,1.1909047365188599,,,0.831384003162384,-0.80
3ijy,,,,,-1.33
3ikc,,,,,-1.68
3ikd,0.971480667591095,,,0.8910362124443054,-0.65
3il5,1.015358328819275,,,0.8885185122489929,-0.84
3il6,0.7091853618621826,,,0.9269596338272095,-0.18
3ilq,12.0203275680542,,,0.17990654706954956,-0.71
3imc,0.2169085443019867,,,0.9993638396263123,0.45
3img,0.28221768140792847,,,0.9974358677864075,0.57
3imy,0.1765952855348587,,,1.0,0.19
3iof,0.21709908545017242,,,1.0,-0.53
3iog,2.6154072284698486,,,0.6082352995872498,-0.08
3ioi,1.3997721672058105,,,0.8274685144424438,-1.19
3ip5,1.426444411277771,,,0.7575757503509521,-2.47
3ip6,2.025991678237915,,,0.6313186883926392,-4.53
3ip8,0.22599060833454132,,,1.0,0.31
3ip9,0.592869222164154,,,0.9575757384300232,1.32
3ipa,1.4373204708099365,,,0.755384624004364,-2.79
3iph,0.954645574092865,,,0.897020697593689,0.66
3ips,1.1466546058654785,,,0.8214285969734192,-0.03
3ipx,0.6046505570411682,,,0.9564831256866455,0.52
3iqg,,,,,-2.16
3iqi,,,,,-2.67
3iqj,,,,,-2.52
3iqq,,,,,-3.43
3iqu,,,,,-2.70
3irx,2.5616226196289062,,,0.6813725233078003,-0.32
3isw,,,,,-3.12
3itc,0.35272499918937683,,,0.9955089688301086,-0.95
3ith,0.6925837397575378,,,0.9288135766983032,-1.20
3itu,0.15821613371372223,,,1.0,0.65
3iu7,0.17195284366607666,,,1.0,0.93
3iu9,0.25294235348701477,,,1.0,-0.07
3iuc,1.7436397075653076,,,0.7631446123123169,-0.02
3iut,0.5969715714454651,,,0.9560906291007996,0.15
3ivc,1.1273057460784912,,,0.855088472366333,0.00
3ivg,1.4106080532073975,,,0.7990296483039856,-0.17
3ivh,0.7555532455444336,,,0.9199561476707458,-0.03
3ivq,,,,,-1.85
3ivx,0.8594954013824463,,,0.9074292182922363,0.00
3iw4,2.2518675327301025,,,0.7116976976394653,0.22
3iw5,0.9902481436729431,,,0.884861946105957,-0.24
3iw7,0.6144102811813354,,,0.9616013169288635,0.46
3iw8,0.6101526021957397,,,0.960422158241272,0.01
3iww,1.0357425212860107,,,0.8925372958183289,-0.57
3jdw,0.33387476205825806,,,1.0,0.97
3jq7,0.6081892251968384,,,0.9440789222717285,-0.39
3jq9,1.5598753690719604,,,0.7428209185600281,-0.78
3jqa,0.4163588285446167,,,0.9823788404464722,-0.28
3jqb,0.4569151699542999,,,0.9684466123580933,-0.34
3jqg,0.48934173583984375,,,0.9778324961662292,-0.60
3jrs,0.6043838858604431,,,0.9522532224655151,0.51
3jrx,1.7499403953552246,,,0.7835078239440918,0.21
3jsi,0.4864145517349243,,,0.9625668525695801,0.50
3jsw,0.846442699432373,,,0.882377028465271,-0.04
3juk,0.9879130125045776,,,0.8614077568054199,-0.64
3jvk,,,,,-2.24
3jwq,2.5245912075042725,,,0.6442494988441467,-0.25
3jy0,0.7972114086151123,,,0.9416835904121399,0.88
3jyj,0.24931856989860535,,,0.9860074520111084,0.26
3jyr,,,,,-1.39
3jzb,1.0239522457122803,,,0.8529411554336548,0.14
3jzc,0.7538884282112122,,,0.9157348275184631,0.64
3jzf,0.78557950258255,,,0.9276463985443115,0.06
3jzg,,,,,-2.27
3jzh,,,,,-2.77
3jzj,,,,,-1.10
3jzk,1.5342637300491333,,,0.7446191906929016,-0.02
3jzo,,,,,-3.05
3jzp,,,,,-3.53
3jzq,,,,,-3.82
3jzr,,,,,-3.58
3jzs,,,,,-3.57
3k00,,,,,-1.28
3k02,2.786971092224121,,,0.5804804563522339,-1.81
3k22,0.8913504481315613,,,0.8962554931640625,-0.03
3k23,1.8317219018936157,,,0.7072733044624329,-1.17
3k26,,,,,-1.31
3k27,,,,,-2.37
3k37,0.875309407711029,,,0.9046310782432556,0.26
3k3b,2.0052146911621094,,,0.6182505488395691,-0.12
3k3e,,,,,0.27
3k3g,5.597086429595947,,,0.3628808856010437,-0.96
3k3h,,,,,0.31
3k3i,0.42735588550567627,,,0.97420334815979,0.52
3k41,0.9376250505447388,,,0.9087759852409363,-0.39
3k4d,0.8193783760070801,,,0.9232364892959595,-0.41
3k4q,,,,,-1.76
3k54,1.8838974237442017,,,0.7508640289306641,-0.54
3k5d,1.0632753372192383,,,0.8712944388389587,-0.17
3k5f,2.4419500827789307,,,0.7817641496658325,-0.08
3k5g,0.7780213356018066,,,0.9175874590873718,-0.15
3k5i,0.8327571749687195,,,0.9043874144554138,-0.12
3k5k,1.3658314943313599,,,0.874451756477356,0.08
3k5u,0.7276614308357239,,,0.910287082195282,0.14
3k5x,0.7603700757026672,,,0.9159836173057556,-0.07
3k7f,0.6942548751831055,,,0.9527953863143921,0.17
3k83,0.4355235993862152,,,0.9729102253913879,0.24
3k84,1.455628752708435,,,0.7831003069877625,-0.67
3k8c,0.5954080820083618,,,0.9476386308670044,-0.03
3k8d,0.8099315166473389,,,0.9060439467430115,-0.66
3k8o,2.1717476844787598,,,0.7124010324478149,-0.19
3k99,0.40150782465934753,,,0.9876977205276489,0.39
3ka2,,,,,-1.37
3kac,0.6282329559326172,,,0.9551281929016113,0.60
3kad,1.1015815734863281,,,0.8815789222717285,-0.22
3kag,0.4389744699001312,,,0.9890804886817932,-0.11
3kb3,1.0813641548156738,,,0.8690476417541504,0.03
3kb7,1.094962477684021,,,0.8336021304130554,-0.21
3kbz,0.42700567841529846,,,0.9808061122894287,0.76
3kd7,,,,,-2.26
3kdc,1.0891398191452026,,,0.8767550587654114,-0.43
3kdm,2.572150945663452,,,0.6001472473144531,-0.47
3kdt,1.0975075960159302,,,0.8703599572181702,0.03
3kec,0.5330507755279541,,,0.963452935218811,-0.31
3ked,2.2965216636657715,,,0.7146596908569336,0.54
3kej,0.9005610942840576,,,0.8844612836837769,-0.17
3kek,0.5440853238105774,,,0.9590780735015869,-0.08
3kf7,0.8286508917808533,,,0.9073834419250488,0.06
3kfc,0.6716929078102112,,,0.9467592835426331,-0.03
3kga,0.8137180805206299,,,0.888920783996582,0.55
3kgq,0.18879124522209167,,,1.0,0.61
3khj,0.6104239225387573,,,0.9138692617416382,-0.42
3khv,0.42856141924858093,,,0.9979451894760132,-0.14
3kig,0.5167385935783386,,,0.9882698059082031,0.77
3kiv,0.763117253780365,,,0.9309338331222534,0.64
3kjd,1.4362678527832031,,,0.9005101919174194,0.85
3kjf,1.0869801044464111,,,0.8740941882133484,-0.02
3kjn,4.980037212371826,,,0.515544056892395,-1.57
3kjq,1.1005115509033203,,,0.8625954389572144,-0.51
3kku,3.8777124881744385,,,0.6304794549942017,-0.28
3kl6,1.125083088874817,,,0.89453125,-0.00
3kmc,0.5071276426315308,,,0.9649493098258972,0.00
3kme,1.0108567476272583,,,0.8826836347579956,-0.62
3kmy,2.0454018115997314,,,0.7407002449035645,0.05
3kpu,0.19021539390087128,,,1.0,-0.42
3kpv,0.41119372844696045,,,0.9769230484962463,0.24
3kpw,0.14174774289131165,,,0.9936440587043762,-0.15
3kqa,0.6211907267570496,,,0.9583333134651184,-0.73
3kqb,1.3907467126846313,,,0.857597291469574,0.16
3kqc,1.1489847898483276,,,0.8684815764427185,-0.06
3kqd,2.616330862045288,,,0.7666906118392944,0.16
3kqe,1.5992906093597412,,,0.7733827233314514,0.15
3kqm,0.12543579936027527,,,1.0,0.65
3kqp,0.13948005437850952,,,1.0,0.19
3kqr,0.6532363295555115,,,0.9371921420097351,0.79
3kqy,0.27593502402305603,,,0.9992897510528564,0.02
3kr0,0.747498631477356,,,0.9259999990463257,0.16
3kr1,0.7627708911895752,,,0.9248633980751038,0.41
3kr2,1.0145124197006226,,,0.8515625,0.19
3kr8,0.7397429347038269,,,0.9343112111091614,0.70
3krl,0.7801445126533508,,,0.9432953000068665,0.43
3krw,0.7131815552711487,,,0.9349696636199951,-0.58
3ksl,1.6718289852142334,,,0.7858479022979736,-0.57
3ksq,3.777120351791382,,,0.48006534576416016,-1.55
3kv2,1.200314998626709,,,0.8300220966339111,0.64
3kw9,0.5929184556007385,,,0.952404797077179,-0.10
3kwa,5.027698040008545,,,0.4414460361003876,0.02
3kwb,0.9403954148292542,,,0.8629143834114075,-0.66
3kwf,0.8123990297317505,,,0.8890577554702759,-0.00
3kwj,1.975892186164856,,,0.6664482355117798,-1.13
3kwz,1.98207688331604,,,0.7105091214179993,-0.28
3kx1,5.682594299316406,,,0.6095545887947083,-0.52
3kyf,,,,,-0.81
3kyg,,,,,-1.11
3kyq,0.8331030011177063,,,0.8880331516265869,-1.12
3l0e,1.001049280166626,,,0.8762008547782898,-0.59
3l0k,1.072448492050171,,,0.8720449209213257,-0.36
3l0n,0.652685284614563,,,0.9533153176307678,-0.19
3l13,0.8855764865875244,,,0.9129213690757751,0.18
3l17,1.4284723997116089,,,0.7979452013969421,0.00
3l1n,1.8180716037750244,,,0.7416666746139526,-0.95
3l1s,0.48116305470466614,,,0.9775280952453613,0.42
3l38,1.1759384870529175,,,0.8198621273040771,-0.15
3l3a,1.1924208402633667,,,0.8175926208496094,0.12
3l3l,0.4954255223274231,,,0.981448769569397,0.51
3l3m,1.0947623252868652,,,0.8803050518035889,0.29
3l3x,,,,,-3.37
3l4u,3.007554054260254,,,0.7397875785827637,-0.84
3l4w,0.7214269638061523,,,0.9262948036193848,-0.05
3l4z,1.423630952835083,,,0.7730891704559326,-0.81
3l58,0.8143536448478699,,,0.8934800624847412,-0.96
3l5r,1.3637747764587402,,,0.7658102512359619,-0.32
3l6f,,,,,-2.99
3l6h,0.2131260186433792,,,1.0,0.96
3l6x,,,,,-3.94
3l79,0.941539466381073,,,0.8996937274932861,0.45
3l7a,1.0108693838119507,,,0.9092307686805725,0.16
3l7b,0.5117601156234741,,,0.9629629850387573,0.48
3l7c,0.777983546257019,,,0.9190441966056824,0.33
3l7d,2.0797669887542725,,,0.7034883499145508,-0.45
3l7g,1.0111727714538574,,,0.8601449131965637,-0.17
3l8x,0.7743579149246216,,,0.9128590226173401,0.61
3l9l,1.2307605743408203,,,0.8093891143798828,-1.17
3l9m,2.7000632286071777,,,0.753627598285675,-0.31
3l9n,3.8673932552337646,,,0.45961347222328186,-2.47
3lbl,0.9808461666107178,,,0.8726190328598022,0.39
3lbz,4.438429355621338,,,0.44762569665908813,-1.41
3lco,1.7885240316390991,,,0.808809757232666,0.21
3ldq,0.9086020588874817,,,0.9248533844947815,-0.70
3ldw,0.9651974439620972,,,0.8891509175300598,-0.61
3le8,0.6993590593338013,,,0.8479803204536438,-0.19
3lf0,0.8355746865272522,,,0.9104846715927124,-0.36
3lfn,0.8758792281150818,,,0.9049510955810547,0.77
3lfs,0.7363046407699585,,,0.9282786846160889,1.24
3lgl,,,,,-1.02
3lgp,1.6283918619155884,,,0.9031932353973389,-0.28
3lgs,0.7047780156135559,,,0.9263322949409485,0.01
3lhj,0.4573381543159485,,,0.9799883961677551,0.59
3li2,1.5024371147155762,,,0.8676136136054993,-1.26
3lir,1.044599175453186,,,0.9338235259056091,-0.85
3lj7,0.5178860425949097,,,0.967391312122345,0.61
3ljt,2.160238265991211,,,0.7312113046646118,-0.01
3ljz,1.4653359651565552,,,0.7608881592750549,-0.20
3lk0,0.6081827282905579,,,0.9770408272743225,-1.23
3lk1,0.3759012222290039,,,0.9930070042610168,-0.72
3ll8,,,,,-3.49
3lle,0.9494423270225525,,,0.8744493126869202,-0.61
3llm,4.541035175323486,,,0.6130136847496033,-0.90
3lmk,6.908057689666748,,,0.24379844963550568,-2.64
3lmp,1.1190290451049805,,,0.8698412775993347,-0.98
3lnz,,,,,-2.99
3lok,0.5984699726104736,,,0.9614955186843872,-0.62
3loo,1.4531817436218262,,,0.7753807306289673,-0.96
3lox,1.2354460954666138,,,0.8410757780075073,0.46
3lp0,63.47024154663086,,,0.0,-0.46
3lp4,6.326670169830322,,,0.3103448152542114,-1.24
3lp7,1.1995164155960083,,,0.8175531625747681,0.55
3lpf,0.6278310418128967,,,0.9461973905563354,-0.94
3lpg,0.6644397974014282,,,0.9172566533088684,-1.42
3lpl,0.35630500316619873,,,1.0,-0.06
3lpr,,,,,-0.53
3lq5,2.158151388168335,,,0.7703333497047424,-0.39
3lqj,,,,,-2.49
3lrh,,,,,-3.17
3ls4,12.636276245117188,,,0.0870818942785263,-1.20
3lvp,0.3557397127151489,,,0.9611693024635315,0.59
3lvw,1.0986783504486084,,,0.8608617782592773,0.12
3lw0,1.8942433595657349,,,0.7626538872718811,-0.94
3lxe,0.5924389958381653,,,0.9510135054588318,-0.12
3lxg,0.5574522614479065,,,0.9904494285583496,0.43
3lxk,0.7004519701004028,,,0.9433895945549011,0.39
3lxo,0.9393110275268555,,,0.8963302969932556,0.02
3lzz,9.660568237304688,,,0.21220657229423523,-1.52
3m11,0.7122572064399719,,,0.9325787425041199,0.36
3m3r,,,,,-3.11
3m53,,,,,-3.09
3m54,,,,,-2.57
3m55,,,,,-2.27
3m57,,,,,-3.00
3m58,,,,,-2.28
3m59,,,,,-2.28
3m5a,,,,,-2.15
3m6p,1.8294010162353516,,,0.8144299387931824,0.12
3m6q,1.9065428972244263,,,0.8058574795722961,-0.20
3m6r,1.86808443069458,,,0.8333333134651184,0.25
3m89,2.2654812335968018,,,0.6301336884498596,-0.93
3m8q,1.1811087131500244,,,0.8625812530517578,-0.33
3m8u,1.9304828643798828,,,0.7199090123176575,-1.28
3m96,0.8346775770187378,,,0.904599666595459,0.01
3ma3,7.04261589050293,,,0.29229798913002014,0.13
3mam,0.5667529702186584,,,0.9570610523223877,-0.38
3mb6,7.141885280609131,,,0.25992780923843384,-0.30
3mb7,0.7234557271003723,,,0.9329372048377991,0.13
3mbp,,,,,-0.95
3mbz,3.531141757965088,,,0.5213963985443115,-0.87
3mct,0.12916666269302368,,,1.0,0.18
3me9,,,,,-1.72
3mea,,,,,-1.72
3mfv,0.5446742177009583,,,0.9681318402290344,0.54
3mfw,0.5066750645637512,,,0.9814814925193787,0.38
3mhc,2.939974784851074,,,0.7431694269180298,-0.05
3mhw,0.5382245779037476,,,0.9740259647369385,0.69
3mi2,1.5335370302200317,,,0.7951174378395081,-0.06
3mi3,22.974607467651367,,,0.0,-2.14
3mj1,0.36441493034362793,,,0.9936661720275879,0.57
3mj5,0.8027913570404053,,,0.9160346984863281,-0.49
3mjl,0.11842309683561325,,,0.9955089688301086,0.62
3mkf,0.5890302062034607,,,0.9754672646522522,-1.06
3mkn,2.0308542251586914,,,0.7114678621292114,-0.85
3mks,0.4877817630767822,,,0.9600591659545898,-0.17
3ml2,0.41071876883506775,,,0.9934476017951965,0.20
3ml5,0.6525256633758545,,,0.9516752362251282,0.80
3mlb,0.5753536224365234,,,0.9523612260818481,-0.17
3mle,1.3771631717681885,,,0.8231440782546997,-0.60
3mmf,3.3948018550872803,,,0.6632922291755676,0.04
3mna,2.2711305618286133,,,0.8842975497245789,-0.27
3moe,1.4579660892486572,,,0.8551136255264282,0.26
3mof,0.13511759042739868,,,1.0,0.28
3moh,0.2135344296693802,,,0.9640411138534546,0.30
3mp1,,,,,-2.40
3mp6,,,,,-1.72
3mpt,0.553137481212616,,,0.950507640838623,-0.04
3mqf,0.8517857789993286,,,0.9059606194496155,-0.42
3mrt,2.231293201446533,,,0.7368282675743103,-0.03
3mrv,1.510970115661621,,,0.8181072473526001,-0.00
3ms7,1.9118329286575317,,,0.7530927658081055,-0.36
3ms9,0.12249705940485,,,1.0,-0.19
3msj,0.6337080001831055,,,0.9464285969734192,0.19
3mt7,0.778022289276123,,,0.9272363185882568,-0.21
3mt8,0.3413737714290619,,,0.9876237511634827,-0.20
3mta,0.8387334942817688,,,0.9242874383926392,-0.23
3mtb,0.6498351693153381,,,0.9432223439216614,-0.10
3mtd,0.8402827382087708,,,0.9124857187271118,0.01
3muf,0.7195658683776855,,,0.9298418760299683,0.36
3muk,,,,,-3.34
3mv5,0.9237040281295776,,,0.923160195350647,0.59
3mvl,0.6041775941848755,,,0.9472610950469971,0.31
3mvm,0.5341609120368958,,,0.9547960162162781,0.43
3mww,25.00724220275879,,,0.0,-0.46
3mxc,,,,,-2.24
3mxd,1.3501672744750977,,,0.8188816905021667,-0.63
3mxf,0.6412029266357422,,,0.9634581208229065,0.41
3mxr,2.127394676208496,,,0.7028301954269409,-0.95
3mxs,1.959713101387024,,,0.7423245906829834,-0.65
3myq,1.212307095527649,,,0.8564162850379944,-0.54
3mz6,3.408996343612671,,,0.8947688341140747,-0.93
3mzc,0.6315110921859741,,,0.9626225233078003,0.97
3n0h,0.5252267122268677,,,0.9563636183738708,-0.30
3n0n,0.8578300476074219,,,0.8915478587150574,0.43
3n1c,1.07901930809021,,,0.8651185631752014,-0.25
3n1v,0.3431509733200073,,,0.9885057210922241,0.11
3n1w,0.4822452962398529,,,0.9592326283454895,0.04
3n23,9.367510795593262,,,0.20004625618457794,-1.62
3n35,0.8010406494140625,,,0.9042288661003113,-0.22
3n3g,23.79823112487793,,,0.0,0.08
3n3l,0.978492259979248,,,0.9178571701049805,-0.14
3n45,6.146872520446777,,,0.3086380958557129,-0.89
3n46,0.6665417551994324,,,0.9578853249549866,-0.17
3n49,0.4623890519142151,,,0.9755681753158569,-0.04
3n4c,0.75432950258255,,,0.9133928418159485,0.43
3n4l,1.0148811340332031,,,0.8477723002433777,-0.09
3n5k,5.132035255432129,,,0.4983333349227905,-1.28
3n5u,,,,,-2.57
3n76,0.7053333520889282,,,0.9348371028900146,0.75
3n7h,0.308458536863327,,,0.998481810092926,-0.01
3n7s,3.5392181873321533,,,0.6281577348709106,-1.40
3n9r,1.8123520612716675,,,0.8997504115104675,-0.08
3n9s,0.5536837577819824,,,0.9808593988418579,-0.22
3nal,0.9031333923339844,,,0.895061731338501,0.01
3nam,1.2347270250320435,,,0.7898465394973755,0.19
3nan,1.2964982986450195,,,0.7986196279525757,-0.69
3nb5,2.8600447177886963,,,0.8058882355690002,0.26
3nba,1.0698822736740112,,,0.875724196434021,-0.78
3nc9,0.8544121980667114,,,0.9281437397003174,-0.31
3ncq,0.9292449355125427,,,0.8826581239700317,-0.50
3ncr,1.09360671043396,,,0.8740201592445374,-0.38
3ncz,0.599906325340271,,,0.9535316228866577,0.49
3neo,1.2548271417617798,,,0.7653743028640747,-0.70
3nex,2.0299458503723145,,,0.8688405752182007,-0.78
3nf6,0.7547939419746399,,,0.9259582161903381,0.01
3nf7,25.98287010192871,,,0.0,-0.16
3nf9,27.51692008972168,,,0.0,-0.06
3nfk,,,,,-3.14
3nfl,,,,,-2.82
3ng4,,,,,-1.35
3nga,0.7233985066413879,,,0.9543412923812866,0.24
3nhi,0.9159628748893738,,,0.871515154838562,-0.06
3nht,,,,,-0.05
3ni5,1.94268000125885,,,0.8615664839744568,-1.00
3nif,0.44889163970947266,,,0.9799311757087708,-0.16
3nii,,,,,-2.60
3nij,,,,,-2.04
3nik,,,,,-2.13
3nil,,,,,-0.99
3nim,,,,,-0.95
3nin,,,,,-2.71
3njq,0.9630921483039856,,,0.8578042387962341,-0.77
3nk8,0.28682029247283936,,,0.9965618848800659,-0.20
3nlb,0.9109156131744385,,,0.8894878625869751,-0.06
3nm6,0.20762260258197784,,,1.0,-0.13
3nmq,0.7980238199234009,,,0.9071100950241089,-0.74
3nnu,1.344398856163025,,,0.8323671221733093,0.26
3nnw,0.54425048828125,,,0.9635650515556335,0.72
3nok,0.8302039504051208,,,0.8612224459648132,0.06
3np7,0.7377126812934875,,,0.9297752976417542,0.10
3np9,0.8582385182380676,,,0.8817780613899231,0.18
3npa,1.163413643836975,,,0.8535075783729553,0.22
3nq3,1.0263208150863647,,,0.8469899892807007,0.21
3nq9,5.776688098907471,,,0.3078571557998657,0.14
3ns9,0.8397430181503296,,,0.9253450632095337,0.37
3nsh,0.3917882740497589,,,0.986061692237854,0.11
3nsn,,,,,-2.37
3ntp,1.2408490180969238,,,0.8063910007476807,-0.67
3nuy,2.9392929077148438,,,0.5952072739601135,-0.22
3nw3,,,,,-1.14
3nwb,0.9926756620407104,,,0.8957854509353638,0.33
3nwe,0.7275287508964539,,,0.9386904835700989,0.44
3nww,0.8507970571517944,,,0.8967446684837341,-0.16
3nxq,1.3632209300994873,,,0.8135638236999512,-0.96
3ny3,,,,,-2.79
3nyd,0.2202027589082718,,,1.0,0.53
3nyx,0.4349042475223541,,,0.984274685382843,0.64
3nzi,,,,,-2.84
3nzu,0.5687173008918762,,,0.9423374533653259,0.12
3o0e,,,,,-2.59
3o0j,1.035744309425354,,,0.8493071794509888,-0.40
3o0u,1.2274601459503174,,,0.8042126893997192,0.60
3o1d,,,,,-3.27
3o1e,,,,,-3.42
3o4k,9.555313110351562,,,0.09949362277984619,-1.72
3o4l,,,,,-3.45
3o64,2.1765050888061523,,,0.8132586479187012,-0.86
3o6l,,,,,-3.02
3o6m,,,,,-2.97
3o6t,1.3129035234451294,,,0.8226163983345032,-0.28
3o75,1.162207841873169,,,0.8585141897201538,-0.21
3o7u,0.15657728910446167,,,1.0,0.33
3o84,0.5859853029251099,,,0.9296875,-0.87
3o86,2.6531033515930176,,,0.7059164643287659,0.18
3o8h,1.9798282384872437,,,0.6754822731018066,-0.88
3o8p,0.5318009853363037,,,0.9651360511779785,0.49
3o9b,1.2691570520401,,,0.8270964622497559,-0.20
3o9c,1.0197632312774658,,,0.8721340298652649,-0.09
3o9h,0.9338594079017639,,,0.9058614373207092,-0.14
3oay,47.29942321777344,,,0.0,-1.36
3ob0,,,,,-1.89
3obq,,,,,-2.62
3obu,,,,,-2.62
3obx,,,,,-3.19
3oc0,2.0475659370422363,,,0.6973243951797485,-0.70
3ocb,1.7483769655227661,,,0.8038605451583862,0.02
3ocp,1.7051405906677246,,,0.7179245352745056,-0.52
3oct,0.9765715599060059,,,0.8624442219734192,-0.16
3ocz,1.3766367435455322,,,0.8320530652999878,-0.60
3odi,,,,,-3.35
3odl,,,,,-3.77
3odu,0.7411859631538391,,,0.9174440503120422,-0.62
3oe6,0.5469416975975037,,,0.9610894918441772,-0.98
3oe8,1.2083163261413574,,,0.8125,-0.81
3oe9,0.6965179443359375,,,0.910780668258667,-0.72
3og7,0.6358670592308044,,,0.9578744769096375,0.09
3ogp,1.315484881401062,,,0.7915878891944885,-0.56
3ogq,1.0058836936950684,,,0.8625919222831726,-0.69
3ohf,0.7721561193466187,,,0.9058848023414612,-0.42
3ohh,0.9036988019943237,,,0.8886554837226868,-0.03
3ohi,0.43763571977615356,,,0.9643361568450928,-0.23
3oik,8.904655456542969,,,0.21298342943191528,-0.50
3oil,4.670042991638184,,,0.5038461685180664,0.02
3oim,1.2037681341171265,,,0.8334932923316956,-0.02
3oka,1.3455759286880493,,,0.8134920597076416,-0.38
3okc,1.1509227752685547,,,0.8351393342018127,-0.31
3okh,0.8198035955429077,,,0.9036954045295715,-0.01
3oki,0.6395065784454346,,,0.9327152967453003,0.77
3okp,,,,,-0.19
3oku,0.9737485647201538,,,0.9219626188278198,-0.08
3okv,5.482858180999756,,,0.395476758480072,-0.52
3old,,,,,-1.37
3ole,,,,,-1.74
3olf,0.44416120648384094,,,0.9839285612106323,0.85
3olg,,,,,-1.76
3oli,,,,,-1.50
3omm,0.7269341349601746,,,0.9370192289352417,0.61
3oob,8.129316329956055,,,0.259569376707077,-1.47
3oq5,,,,,0.45
3oqf,0.40770748257637024,,,0.9868228435516357,0.08
3orn,0.9120573401451111,,,0.8661719560623169,-0.12
3ot3,5.45879602432251,,,0.42753201723098755,0.51
3ot8,0.8013589978218079,,,0.9331316947937012,0.93
3otf,0.6773797273635864,,,0.9322396516799927,0.22
3otq,0.3908299505710602,,,0.9979627728462219,0.24
3otx,1.7455157041549683,,,0.7469461560249329,-0.92
3ouj,0.2533039152622223,,,1.0,0.99
3ove,,,,,-2.36
3ovn,0.3552972674369812,,,0.9987980723381042,0.10
3ovx,1.5463919639587402,,,0.7562015652656555,-0.43
3ow3,2.7154059410095215,,,0.5826427340507507,-0.81
3ow4,1.679138422012329,,,0.7425997257232666,-0.53
3owd,0.7659010291099548,,,0.9091559648513794,-0.78
3owl,0.6445327401161194,,,0.9296375513076782,0.08
3oxc,0.9150777459144592,,,0.885464608669281,-0.36
3oxi,0.3115592300891876,,,0.9972283840179443,0.78
3oy0,2.5901389122009277,,,0.7524703741073608,-0.05
3oy8,,,,,-1.72
3oyp,,,,,0.08
3oyq,1.3299458026885986,,,0.8402777910232544,0.56
3oyw,,,,,-1.90
3oz1,2.220705509185791,,,0.7448506951332092,-0.66
3ozg,1.0973875522613525,,,0.8552631735801697,0.02
3ozj,1.3220515251159668,,,0.7888985872268677,-0.75
3ozp,1.0238224267959595,,,0.9335442781448364,0.18
3p0g,1.4495859146118164,,,0.8083333373069763,-0.04
3p17,6.9661054611206055,,,0.28104305267333984,-1.44
3p1d,0.3961220383644104,,,0.9847221970558167,0.30
3p23,1.186294436454773,,,0.8379970788955688,-0.44
3p2h,0.40162813663482666,,,0.9840067625045776,-0.12
3p3t,0.8631671071052551,,,0.9043321013450623,-0.31
3p3u,1.0266104936599731,,,0.8787375688552856,-0.49
3p4f,,,,,-2.91
3p4r,0.9187280535697937,,,0.8906752467155457,0.32
3p4v,1.5791915655136108,,,0.8514150977134705,-0.53
3p4w,22.674837112426758,,,0.0,-1.00
3p50,24.522869110107422,,,0.0,-1.13
3p5k,1.9111636877059937,,,0.8594398498535156,0.27
3p78,0.825180172920227,,,0.9323882460594177,0.36
3p79,0.681928813457489,,,0.9409385323524475,0.11
3p7a,0.5534975528717041,,,0.9709302186965942,0.04
3p7b,0.6562463641166687,,,0.9454697966575623,0.07
3p7c,0.8627058267593384,,,0.9314956068992615,-0.06
3p7i,0.23027896881103516,,,1.0,0.87
3p8e,1.1501601934432983,,,0.8293343782424927,0.10
3p8h,0.8186615109443665,,,0.9400544762611389,0.48
3p9h,,,,,-2.72
3p9l,,,,,-2.54
3p9m,,,,,-3.08
3pa8,1.554716944694519,,,0.7565789222717285,-0.33
3pab,,,,,-3.09
3pax,0.3227523863315582,,,0.9962871074676514,0.41
3pb3,0.818886399269104,,,0.9075028896331787,0.38
3pb7,1.4690191745758057,,,0.8455249667167664,-0.24
3pb8,1.6735215187072754,,,0.7247267961502075,0.41
3pb9,0.24884913861751556,,,1.0,0.83
3pbb,0.501983642578125,,,0.9833641648292542,0.31
3pcb,1.192977786064148,,,0.8337469100952148,-0.23
3pcc,0.7187549471855164,,,0.9244791865348816,0.06
3pce,2.324699640274048,,,0.6722772121429443,-0.27
3pcf,0.45041781663894653,,,0.9936489462852478,0.42
3pch,0.9195094108581543,,,0.8926211595535278,-0.03
3pcj,0.45021140575408936,,,0.9821428656578064,0.66
3pck,0.4516265094280243,,,0.9804878234863281,0.69
3pcn,0.5620507001876831,,,0.9758620858192444,0.30
3pcu,1.2950286865234375,,,0.7881593704223633,0.01
3pd2,1.2567108869552612,,,0.8267138004302979,-0.93
3pd4,0.8874368667602539,,,0.9183608889579773,-0.49
3pd9,0.6879653930664062,,,0.9402777552604675,0.42
3pdh,,,,,-3.52
3pdq,0.4852323830127716,,,0.9773175716400146,-0.09
3pe1,0.37484368681907654,,,0.9862174391746521,0.35
3pfp,0.9065123200416565,,,0.9028213024139404,0.33
3pgu,0.26102215051651,,,1.0,0.22
3pi5,0.8020774722099304,,,0.8919540047645569,-0.16
3pix,0.3655010163784027,,,0.9960595369338989,0.44
3piz,1.1366251707077026,,,0.9547545909881592,-0.81
3pj2,1.126796007156372,,,0.8730158805847168,-0.88
3pj8,1.3652732372283936,,,0.8462050557136536,0.52
3pjg,2.5169544219970703,,,0.6976251006126404,-1.20
3pka,0.7131549119949341,,,0.9387633800506592,-0.44
3pkb,0.4341752231121063,,,0.9872372150421143,0.25
3pkc,1.523045539855957,,,0.8464325666427612,-0.23
3pkd,1.9556649923324585,,,0.8138360977172852,-0.29
3pke,1.6756988763809204,,,0.8504592180252075,0.07
3pkn,,,,,-2.99
3pm1,5.767184734344482,,,0.27960172295570374,-1.38
3pn1,1.3694486618041992,,,0.8744460940361023,-0.21
3pn3,19.192806243896484,,,0.0,-1.63
3pn4,0.44286462664604187,,,0.9858179688453674,0.61
3po6,1.8042519092559814,,,0.7911821603775024,-0.01
3poa,,,,,-2.89
3poz,0.8214158415794373,,,0.8958521485328674,-0.47
3pp1,0.7083427309989929,,,0.9359056353569031,0.18
3ppk,0.7815990447998047,,,0.9062896966934204,-0.13
3ppm,2.111149787902832,,,0.7018163204193115,-0.00
3ppo,0.40489277243614197,,,0.99556964635849,0.29
3ppp,0.19795392453670502,,,1.0,0.23
3ppq,0.8002078533172607,,,0.9232081770896912,0.47
3ppr,0.4251757562160492,,,0.9857142567634583,0.34
3pqz,,,,,-3.24
3pr0,0.9986159205436707,,,0.8785325884819031,0.08
3prz,0.16990448534488678,,,1.0,0.65
3ps6,0.5715367197990417,,,0.9524922370910645,-0.01
3psd,0.7393263578414917,,,0.9327427744865417,0.61
3psl,,,,,-3.84
3ptg,0.4109165668487549,,,0.9911016821861267,-0.10
3pty,18.131399154663086,,,0.0,-1.23
3puk,,,,,-3.68
3pwh,0.7502546310424805,,,0.9363484382629395,0.03
3pww,1.3575787544250488,,,0.8437219858169556,-0.13
3py0,0.7270685434341431,,,0.9308978915214539,0.57
3pyy,0.5681851506233215,,,0.962893545627594,0.20
3pz3,3.506054401397705,,,0.4885011911392212,-3.00
3q1x,28.696067810058594,,,0.0,0.14
3q2a,0.5019450187683105,,,0.9651810526847839,0.81
3q2h,1.3547186851501465,,,0.7675026059150696,-0.31
3q2j,0.1837681382894516,,,1.0,-0.31
3q2m,0.6773561835289001,,,0.9399092793464661,-0.15
3q3k,0.8582586646080017,,,0.8882499933242798,0.57
3q3t,3.4485068321228027,,,0.6528795957565308,-0.02
3q4b,0.5756706595420837,,,0.944473385810852,0.01
3q4j,,,,,-1.09
3q4k,,,,,-3.09
3q4l,,,,,-2.90
3q5h,1.3904612064361572,,,0.7718539834022522,-0.74
3q5u,,,,,-1.65
3q6k,0.3520120084285736,,,0.9858786463737488,0.77
3q6s,,,,,-3.15
3q6w,1.5364649295806885,,,0.8397737741470337,-0.31
3q72,1.3022969961166382,,,0.84935063123703,0.44
3q7j,2.6156227588653564,,,0.6179385781288147,-0.53
3q7p,1.2452549934387207,,,0.8581514954566956,0.40
3q7q,1.1216293573379517,,,0.9021739363670349,0.53
3q8d,,,,,-3.15
3q8h,1.647817611694336,,,0.7994332313537598,0.59
3q92,0.4639257490634918,,,0.9773049354553223,-0.77
3qa2,1.041214108467102,,,0.9466966986656189,-0.70
3qai,0.467960923910141,,,0.9718706011772156,-0.49
3qbh,0.7670240998268127,,,0.9208371043205261,-0.47
3qc4,1.5607413053512573,,,0.7559322118759155,-0.86
3qc9,1.4875738620758057,,,0.7582807540893555,-0.69
3qce,0.9178444743156433,,,0.9141458868980408,0.54
3qcf,1.7035000324249268,,,0.7503822445869446,0.70
3qch,0.4070270359516144,,,0.9796466827392578,0.71
3qci,1.337710976600647,,,0.9095208048820496,0.39
3qcl,0.870392918586731,,,0.9077922105789185,-0.15
3qd0,1.010337233543396,,,0.8841317296028137,0.29
3qem,0.8078285455703735,,,0.9012914896011353,-0.59
3qfd,,,,,-3.71
3qfv,0.8447026610374451,,,0.9180244207382202,0.60
3qfy,0.6899070739746094,,,0.9273504018783569,-0.83
3qfz,0.7452203631401062,,,0.931010901927948,-0.77
3qg6,,,,,-2.74
3qgw,0.7436219453811646,,,0.9372977614402771,0.79
3qgy,2.163248062133789,,,0.7755720019340515,0.13
3qi1,1.1573591232299805,,,0.8550689220428467,-0.35
3qi3,,,,,0.13
3qi4,0.19686049222946167,,,0.9822443127632141,0.24
3qin,0.954764723777771,,,0.908682644367218,-0.20
3qio,0.6130033731460571,,,0.970099687576294,0.30
3qip,62.87760543823242,,,0.0,-0.45
3qiy,0.6208393573760986,,,0.942392885684967,-0.06
3qj0,1.0374469757080078,,,0.8809160590171814,-0.17
3qkk,4.42198371887207,,,0.4556737542152405,-1.40
3qkl,4.659839630126953,,,0.43165886402130127,-1.09
3qkm,4.306402683258057,,,0.5074059367179871,-1.59
3ql9,,,,,-3.19
3qlc,,,,,-2.86
3qlm,7.3619890213012695,,,0.2629654109477997,-1.45
3qmk,,,,,-3.08
3qnd,1.2531877756118774,,,0.8424068689346313,-1.29
3qnj,,,,,-2.92
3qo2,,,,,-3.27
3qo3,16.702829360961914,,,0.0,-2.27
3qo9,1.3723081350326538,,,0.8110706806182861,-0.44
3qox,0.6623832583427429,,,0.9306122660636902,0.36
3qpn,0.23131616413593292,,,1.0,0.20
3qpo,0.809539794921875,,,0.9016335010528564,-0.54
3qpp,0.5146450996398926,,,0.9635167717933655,-0.11
3qqk,0.30921661853790283,,,0.9943181872367859,0.87
3qri,0.6710757613182068,,,0.9275147914886475,0.31
3qrj,1.122326135635376,,,0.8780224323272705,0.16
3qs4,7.878149032592773,,,0.21845793724060059,-0.03
3qs5,10.750879287719727,,,0.14603960514068604,0.07
3qs6,11.684101104736328,,,0.06291209161281586,-0.06
3qsd,0.8909460306167603,,,0.8975866436958313,0.33
3qt6,0.5910760164260864,,,0.9511218070983887,0.06
3qtf,1.0575441122055054,,,0.8379999995231628,0.59
3qto,4.342914581298828,,,0.4229494631290436,-2.41
3qtv,7.418463230133057,,,0.2471395879983902,-1.67
3que,2.2424163818359375,,,0.6399798393249512,-1.08
3qup,6.552181243896484,,,0.3165137469768524,0.34
3qw6,,,,,-2.06
3qw8,,,,,-1.49
3qwc,9.940452575683594,,,0.20010845363140106,-1.62
3qx5,7.8575663566589355,,,0.23154489696025848,-2.02
3qx9,1.692960500717163,,,0.7574218511581421,-0.38
3qzq,0.8756754398345947,,,0.9122051000595093,0.40
3qzt,,,,,-1.93
3qzv,,,,,-2.00
3r00,0.20612718164920807,,,1.0,0.85
3r01,0.18393832445144653,,,1.0,0.80
3r0h,,,,,-3.20
3r0i,0.46600106358528137,,,0.9873595237731934,0.24
3r17,1.2057589292526245,,,0.8846982717514038,0.82
3r1v,0.6283606886863708,,,0.9525108933448792,0.28
3r2y,1.6079084873199463,,,0.8312586545944214,0.57
3r42,,,,,-2.65
3r4m,2.436491012573242,,,0.8024096488952637,0.12
3r4n,0.9492031335830688,,,0.8850092887878418,-0.96
3r4p,0.6406235098838806,,,0.9414893388748169,-0.35
3r5j,,,,,-3.07
3r5m,0.544846773147583,,,0.9673174619674683,0.11
3r5n,0.5372762680053711,,,0.9577319622039795,-0.38
3r5t,3.319288492202759,,,0.62451171875,-1.56
3r6g,,,,,-2.42
3r6u,0.9493552446365356,,,0.8686006665229797,0.40
3r7b,,,,,-0.42
3r7n,,,,,-1.64
3r8u,1.825238823890686,,,0.759393036365509,0.32
3r8z,0.46528762578964233,,,0.9786282181739807,0.76
3r92,1.3189470767974854,,,0.7832914590835571,-0.00
3r93,,,,,-2.76
3rbq,,,,,-2.52
3rbu,0.46056315302848816,,,0.9857010841369629,0.63
3rcd,0.8728899955749512,,,0.8930336236953735,-0.83
3rcj,1.1251155138015747,,,0.8837962746620178,-0.10
3rdh,0.6505992412567139,,,0.9459459185600281,-1.37
3rdo,0.4704022705554962,,,0.9779260754585266,0.25
3rdq,0.8643825650215149,,,0.8917682766914368,0.10
3rdv,,,,,-3.32
3rey,0.6431969404220581,,,0.9171923995018005,-0.48
3rhk,0.9475903511047363,,,0.8796895146369934,-0.48
3ri1,0.8043864369392395,,,0.9011741876602173,0.21
3rik,1.0071529150009155,,,0.8666974306106567,-0.22
3ril,0.738852858543396,,,0.9121286869049072,-0.26
3rin,0.5789046883583069,,,0.9626604318618774,0.79
3rjm,,,,,-1.88
3rjw,1.0207130908966064,,,0.8805405497550964,-0.00
3rkb,0.6204330325126648,,,0.9452614188194275,1.22
3rl3,7.138848781585693,,,0.35202085971832275,-1.20
3rlp,0.46073225140571594,,,0.9628297090530396,-0.29
3rlq,0.6925913095474243,,,0.9204545617103577,0.60
3rm9,0.7126924395561218,,,0.9140625,0.23
3ro4,0.556144654750824,,,0.9650493264198303,-0.10
3roc,0.749276876449585,,,0.9329590201377869,-0.27
3rq7,,,,,-1.65
3rqe,,,,,-3.06
3rr4,0.36243823170661926,,,0.9832427501678467,0.75
3rsb,3.00028395652771,,,0.5430009365081787,-0.67
3rse,,,,,-0.82
3rsx,1.0158568620681763,,,0.8596882224082947,0.91
3rt4,2.997570037841797,,,0.6092603206634521,-1.11
3rt6,0.4161103069782257,,,0.9840989112854004,0.94
3rt8,0.26525306701660156,,,1.0,1.02
3rtf,0.1417357623577118,,,1.0,1.01
3rth,1.2607992887496948,,,0.8251366019248962,-0.04
3rtm,4.072075843811035,,,0.45627209544181824,-0.51
3rtp,0.5438648462295532,,,0.9703733921051025,-0.04
3rtx,,,,,-2.62
3ru1,0.8881341814994812,,,0.8913043737411499,-0.09
3rup,2.197962760925293,,,0.6494312286376953,-0.29
3rv3,2.0637166500091553,,,0.6745385527610779,-0.35
3rv4,2.0342962741851807,,,0.675000011920929,-0.35
3rv6,0.4110044538974762,,,0.9850000143051147,0.04
3rvg,1.0752519369125366,,,0.9092888236045837,0.47
3rvi,1.3914417028427124,,,0.8275761008262634,-0.54
3rwc,,,,,-3.80
3rwe,,,,,-3.93
3rwf,,,,,-3.17
3rwg,,,,,-3.51
3rwh,,,,,-3.89
3rwi,,,,,-2.82
3rwj,,,,,-3.20
3rwp,2.9365761280059814,,,0.6862637400627136,-0.24
3rx5,11.033940315246582,,,0.21511627733707428,-1.38
3rx7,2.9103167057037354,,,0.6183282732963562,-1.43
3rx8,1.6175228357315063,,,0.769569456577301,-1.19
3rxa,0.7117279171943665,,,0.8987138271331787,0.46
3rxd,0.35490328073501587,,,0.9933510422706604,0.16
3rxf,0.3292793035507202,,,1.0,0.55
3rxg,0.7042458653450012,,,0.9146706461906433,0.05
3rxh,0.15454734861850739,,,1.0,0.67
3rxi,0.2543227970600128,,,1.0,0.58
3rxk,0.43499481678009033,,,0.9733073115348816,0.10
3rxl,0.155062735080719,,,1.0,-0.04
3rxm,0.22145995497703552,,,1.0,0.80
3rxo,0.49336621165275574,,,0.9643705487251282,0.68
3rxp,0.23617781698703766,,,1.0,0.32
3ry8,,,,,-0.94
3ryy,0.5884032249450684,,,0.9582278728485107,0.72
3rz3,1.726651668548584,,,0.7899214625358582,-1.31
3rz9,,,,,-2.40
3rzb,0.3282550573348999,,,0.9969512224197388,1.28
3rzi,13.42047119140625,,,0.029205607250332832,-1.15
3s0b,0.1700291484594345,,,1.0,0.29
3s0d,0.777766764163971,,,0.9133738875389099,0.09
3s0e,0.2594218850135803,,,1.0,0.27
3s0j,0.7210047841072083,,,0.9304589629173279,0.26
3s1g,0.20763717591762543,,,1.0,0.91
3s1y,0.9040479063987732,,,0.8640235662460327,0.05
3s3i,0.6683301329612732,,,0.9363442659378052,0.30
3s3q,0.8496629595756531,,,0.8987206816673279,0.19
3s3v,0.9869766235351562,,,0.8648086786270142,-0.28
3s56,1.284875512123108,,,0.8202614188194275,-0.76
3s5y,0.692908763885498,,,0.9325494766235352,-0.45
3s6t,1.5436692237854004,,,0.8717105388641357,-0.32
3s71,0.3729042410850525,,,0.9937673211097717,1.05
3s72,0.34449854493141174,,,0.9972299337387085,1.14
3s73,0.2961345613002777,,,0.99643874168396,1.11
3s74,1.702829360961914,,,0.7397025227546692,1.01
3s75,1.3223844766616821,,,0.8374233245849609,1.19
3s76,0.12842534482479095,,,1.0,1.20
3s77,0.3043327033519745,,,1.0,1.12
3s78,0.19581858813762665,,,1.0,1.24
3s7f,,,,,-3.15
3s8x,1.8677022457122803,,,0.7999049425125122,0.01
3s9e,12.65208911895752,,,0.03770197555422783,-2.13
3s9i,0.35401999950408936,,,0.990406334400177,0.32
3s9t,0.6879152059555054,,,0.9205202460289001,-0.68
3s9y,0.5964004993438721,,,0.9513422846794128,-0.05
3sad,0.17701980471611023,,,1.0,0.61
3sap,1.8094735145568848,,,0.8408679962158203,-0.07
3sax,1.7319375276565552,,,0.7984429001808167,-0.26
3sb0,0.32377946376800537,,,0.9957386255264282,0.34
3sbh,0.8959183096885681,,,0.9344978332519531,0.16
3sbi,0.2192283272743225,,,1.0,0.56
3sc1,1.9735355377197266,,,0.8042596578598022,0.01
3sdg,0.44968339800834656,,,0.9805458784103394,-0.21
3sfc,0.4851049482822418,,,0.9628859758377075,-0.19
3sff,1.3268264532089233,,,0.8225057721138,-0.40
3sfg,8.95666790008545,,,0.13345521688461304,-0.71
3sfh,0.6037322282791138,,,0.9495614171028137,0.04
3sfi,1.4285773038864136,,,0.8028414845466614,-0.27
3sh1,2.9424681663513184,,,0.5121904015541077,-1.05
3sha,3.153754234313965,,,0.5296092629432678,-2.20
3shb,,,,,-2.47
3shc,4.688507556915283,,,0.3686586320400238,-1.34
3shy,0.7815902233123779,,,0.9094203114509583,-0.55
3shz,0.9652876853942871,,,0.9215016961097717,0.08
3si3,7.04715633392334,,,0.23641304671764374,-0.77
3si4,8.346529960632324,,,0.20806793868541718,-2.22
3sie,0.8237591981887817,,,0.9251432418823242,-0.20
3sio,2.734691858291626,,,0.553459107875824,-1.21
3sji,1.3846487998962402,,,0.8197157979011536,0.04
3sjo,1.4429664611816406,,,0.7841101884841919,0.01
3ska,0.5894207954406738,,,0.9478346705436707,0.65
3ske,0.8650969862937927,,,0.8806098699569702,0.35
3skf,2.200026273727417,,,0.7980093955993652,-0.30
3sl0,1.7025972604751587,,,0.8494094610214233,0.07
3sl1,1.0301849842071533,,,0.9329954981803894,0.22
3sl4,1.0994149446487427,,,0.8927503824234009,-0.67
3sl5,1.063115119934082,,,0.8988269567489624,0.17
3sl8,2.352769374847412,,,0.8090327382087708,-0.16
3slz,1.4993317127227783,,,0.7831411957740784,-1.24
3sm0,0.634688675403595,,,0.9460719227790833,0.43
3sm1,,,,,-2.09
3smq,0.7424482107162476,,,0.9335629940032959,-0.62
3snb,,,,,-2.95
3snc,,,,,-2.30
3snd,,,,,-0.83
3sni,0.9486375451087952,,,0.884543776512146,0.24
3so6,,,,,-3.18
3soq,,,,,-2.69
3sou,,,,,-3.07
3sov,,,,,-2.51
3sow,,,,,-3.07
3spf,2.063931703567505,,,0.732032835483551,-0.91
3srb,0.4832983911037445,,,0.9801660776138306,0.52
3src,0.3777291774749756,,,0.9890438318252563,0.68
3str,1.2549591064453125,,,0.8536472916603088,0.03
3su0,1.5660041570663452,,,0.7745535969734192,0.36
3su1,1.573359727859497,,,0.8066335916519165,0.59
3su2,1.325667142868042,,,0.8436669707298279,0.18
3su3,1.6913756132125854,,,0.7715053558349609,-0.36
3su4,5.0799665451049805,,,0.4069620370864868,-1.52
3su5,1.6865816116333008,,,0.7900815010070801,-0.54
3su6,1.7066028118133545,,,0.7466722130775452,-0.35
3sur,1.0582506656646729,,,0.8595152497291565,0.27
3sus,1.0305418968200684,,,0.8654181361198425,0.57
3sut,1.1331629753112793,,,0.8196078538894653,-0.77
3suu,0.6222782731056213,,,0.9474431872367859,-0.16
3suv,1.257941484451294,,,0.8151183724403381,-0.19
3suw,0.6518760323524475,,,0.9563339948654175,0.29
3sv2,7.568955421447754,,,0.25517383217811584,-1.86
3sv6,1.3617655038833618,,,0.8195159435272217,0.10
3sv7,1.4343730211257935,,,0.7998897433280945,-0.11
3sv8,1.574744462966919,,,0.774948000907898,-0.07
3sv9,1.2513866424560547,,,0.860660195350647,-0.36
3sw2,2.0809850692749023,,,0.7768181562423706,-0.61
3sw8,0.5120714902877808,,,0.967293918132782,0.76
3sw9,,,,,-2.80
3sww,0.6754921078681946,,,0.9213197827339172,-0.21
3sx4,0.6064063310623169,,,0.9367138147354126,-0.52
3sxu,,,,,-3.34
3sym,1.240501880645752,,,0.8669458627700806,0.23
3syr,0.8195250630378723,,,0.9274647831916809,0.39
3szb,0.26131683588027954,,,1.0,-0.40
3szm,,,,,-2.45
3t01,0.24071913957595825,,,1.0,0.56
3t03,0.8281515836715698,,,0.9165446758270264,-0.59
3t07,1.8129029273986816,,,0.6816996932029724,-1.22
3t0t,0.48562899231910706,,,0.9713836312294006,-0.26
3t1n,,,,,-1.38
3t2c,,,,,0.02
3t2v,5.335123062133789,,,0.00932320486754179,-1.20
3t2w,0.8136039972305298,,,0.9196096658706665,-0.03
3t3d,0.7162927389144897,,,0.9357143044471741,0.59
3t3e,0.2072124481201172,,,1.0,0.54
3t3g,0.6228408217430115,,,0.9435483813285828,0.52
3t3h,1.0611943006515503,,,0.8843441605567932,0.50
3t3i,0.44313785433769226,,,0.9775132536888123,0.45
3t3y,0.29571256041526794,,,1.0,0.23
3t4n,1.7188003063201904,,,0.7012448310852051,-0.58
3t4p,,,,,-2.44
3t5i,,,,,-1.16
3t5u,0.29581430554389954,,,0.9942029118537903,0.88
3t64,1.1433742046356201,,,0.8734025359153748,-0.61
3t6b,,,,,-2.57
3t6j,,,,,-1.86
3t6r,,,,,-2.06
3t70,1.0665476322174072,,,0.8575353026390076,-0.48
3t7g,,,,,-2.92
3t82,1.1527941226959229,,,0.8464163541793823,-0.71
3t83,2.0107908248901367,,,0.7085427045822144,-1.55
3t84,1.0079315900802612,,,0.8934859037399292,-0.06
3t85,1.239859938621521,,,0.8344594836235046,-1.40
3t8s,1.2171144485473633,,,0.8404255509376526,-2.87
3ta0,1.803248643875122,,,0.7504432797431946,-0.24
3tao,0.21363630890846252,,,1.0,0.25
3tay,1.8234570026397705,,,0.7043172717094421,-2.02
3tb6,1.150721549987793,,,0.8292682766914368,-0.46
3tc5,1.711320161819458,,,0.7304572463035583,-0.53
3tcp,0.7410010695457458,,,0.9406446814537048,0.22
3tcy,18.63446617126465,,,0.0,-1.39
3td4,0.9483163356781006,,,0.8898876309394836,-0.22
3tdh,1.4655894041061401,,,0.784820020198822,-0.25
3tdj,0.5871133208274841,,,0.9455645084381104,-0.36
3tdu,,,,,-3.36
3tdz,,,,,-3.29
3tf6,,,,,-0.26
3tf7,,,,,-1.94
3tfk,,,,,-3.51
3tg5,,,,,-2.71
3tgs,0.7376653552055359,,,0.9432650208473206,-0.24
3th0,,,,,-3.33
3thd,1.0197322368621826,,,0.8975972533226013,-0.21
3ti6,0.812972366809845,,,0.9029411673545837,0.18
3tif,1.0438337326049805,,,0.8702312111854553,-0.40
3tiz,0.3728943467140198,,,0.9862270355224609,0.18
3tjh,,,,,-3.04
3tjm,,,,,-1.12
3tk2,25.06890296936035,,,0.0,0.21
3tki,0.655827522277832,,,0.9473167657852173,0.36
3tku,0.6046762466430664,,,0.9564393758773804,0.34
3tkw,1.409420371055603,,,0.8630841374397278,-0.48
3tlh,3.9505248069763184,,,0.6186507940292358,-2.08
3tmk,1.322859525680542,,,0.8160138726234436,-1.15
3tne,2.470898389816284,,,0.7419742941856384,-0.77
3tpp,0.7789502739906311,,,0.9225663542747498,0.38
3tpr,0.8773938417434692,,,0.9057672619819641,0.14
3tpx,,,,,-3.31
3ts4,4.539808750152588,,,0.5286219120025635,-0.52
3tsd,1.1432747840881348,,,0.8138889074325562,-0.26
3tsk,4.713819980621338,,,0.5006635785102844,-0.53
3tsz,,,,,-3.52
3tt0,,,,,-0.58
3tt4,0.6493564248085022,,,0.9688303470611572,-0.05
3ttm,0.17129802703857422,,,1.0,0.63
3ttn,0.24312390387058258,,,0.9988505840301514,0.46
3ttz,1.3747410774230957,,,0.8490427136421204,0.26
3tu1,1.0207487344741821,,,0.8862928152084351,-0.28
3tu9,6.916496753692627,,,0.2186284065246582,-1.05
3tv4,0.8792832493782043,,,0.8979779481887817,-0.10
3tv5,0.8275667428970337,,,0.8948220014572144,-0.59
3tv7,0.6868543028831482,,,0.9430146813392639,-0.08
3tv8,0.9397476315498352,,,0.8928571343421936,-0.62
3tvc,0.5635631680488586,,,0.9829989075660706,0.19
3tvl,0.7929717302322388,,,0.883952260017395,-0.56
3twd,3.9364752769470215,,,0.7828947305679321,-3.01
3twj,0.7153488397598267,,,0.9369403123855591,-0.44
3twp,3.2194595336914062,,,0.6358107924461365,-0.52
3twr,,,,,-3.20
3tws,,,,,-3.40
3twu,,,,,-3.05
3twv,,,,,-3.21
3twx,,,,,-3.06
3txo,4.94071626663208,,,0.3629220128059387,-0.04
3ty0,1.163819432258606,,,0.8378631472587585,-0.40
3tz0,0.35521945357322693,,,1.0,0.59
3tz4,0.5102806091308594,,,0.9689306616783142,0.62
3tza,0.7142910957336426,,,0.9361454844474792,0.17
3tzd,,,,,-3.20
3tzm,1.4306645393371582,,,0.8238372206687927,-0.06
3u0d,1.3421586751937866,,,0.8257352709770203,-0.24
3u0p,3.4507529735565186,,,0.565559446811676,-0.63
3u0t,,,,,-3.03
3u10,1.7693455219268799,,,0.7132688164710999,-0.02
3u15,2.6649346351623535,,,0.5025168061256409,-0.96
3u1y,1.1319836378097534,,,0.8860898017883301,-0.38
3u3f,,,,,-3.42
3u3u,1.1655772924423218,,,0.8415805101394653,-0.59
3u3z,,,,,-2.13
3u4h,5.793844699859619,,,0.37691423296928406,-0.52
3u4o,0.5643914937973022,,,0.9525076150894165,0.49
3u4r,0.8354475498199463,,,0.9018858075141907,0.84
3u51,,,,,-2.01
3u5l,1.9744105339050293,,,0.6894599199295044,-0.75
3u6a,0.9108625054359436,,,0.8190045356750488,0.85
3u78,6.1970648765563965,,,0.2506393790245056,-2.49
3u7k,4.144674301147461,,,0.619300901889801,0.17
3u7l,1.278468370437622,,,0.8217262029647827,0.17
3u7m,0.9333495497703552,,,0.9093475341796875,-0.10
3u7n,2.0635263919830322,,,0.7058823704719543,-0.14
3u81,0.8694576025009155,,,0.9349641799926758,-0.13
3u8d,0.8057049512863159,,,0.9256311655044556,0.09
3u8h,1.4061305522918701,,,0.81695157289505,-0.65
3u8l,0.46190503239631653,,,0.9688019752502441,0.48
3u90,0.62574303150177,,,0.9375,-2.03
3u92,0.6580935716629028,,,0.945219099521637,1.02
3u93,17.06904411315918,,,0.0012594457948580384,-2.76
3u9c,0.0877431333065033,,,1.0,0.30
3u9n,7.095105171203613,,,0.27254265546798706,0.21
3u9q,0.43625980615615845,,,0.9915865659713745,0.16
3ubx,1.28046452999115,,,0.7925400733947754,-0.54
3ucj,3.8832199573516846,,,0.44904690980911255,-0.87
3ud7,,,,,-2.08
3uda,,,,,-2.00
3uda_2,,,,,-2.12
3udh,1.1201807260513306,,,0.8669833540916443,0.17
3udj,1.3508965969085693,,,0.8452380895614624,0.19
3udk,1.812591314315796,,,0.6803746223449707,-0.29
3udm,3.109147548675537,,,0.6123456954956055,-0.84
3udn,4.552955150604248,,,0.5872969627380371,-0.46
3udp,1.707702875137329,,,0.7074592113494873,-0.56
3udq,1.6735198497772217,,,0.7526564598083496,-0.49
3udr,0.8633677363395691,,,0.8762589693069458,-0.15
3udy,2.055135726928711,,,0.6702637672424316,-0.63
3ue4,0.930404007434845,,,0.889072835445404,-0.54
3ued,,,,,-2.16
3uef,,,,,-2.52
3ueo,,,,,-2.31
3uev,1.0930614471435547,,,0.8205645084381104,0.48
3uew,1.206144094467163,,,0.8670212626457214,0.28
3uex,1.2637113332748413,,,0.857308566570282,0.36
3uf9,6.288180828094482,,,0.31500646471977234,-1.45
3ufl,1.982106328010559,,,0.7705088257789612,-0.67
3ug2,0.9854579567909241,,,0.9366554021835327,-0.61
3uh4,0.5830512642860413,,,0.9539918899536133,0.50
3uhm,2.039717435836792,,,0.6664626598358154,0.18
3uib,1.0283334255218506,,,0.8607644438743591,-0.16
3uig,,,,,-2.05
3uih,,,,,-2.49
3uii,,,,,-2.35
3uij,,,,,-1.93
3uik,,,,,-2.06
3uj9,0.21249191462993622,,,1.0,-0.10
3ujc,0.5157203078269958,,,0.9594430923461914,-0.09
3ujd,0.16399778425693512,,,1.0,0.02
3umo,1.3493914604187012,,,0.804358959197998,-0.60
3ump,1.0379841327667236,,,0.8649017214775085,-0.61
3umq,10.566804885864258,,,0.004716981202363968,-1.04
3umx,0.872168242931366,,,0.9103084206581116,0.46
3unn,,,,,-3.34
3uo4,0.6159429550170898,,,0.9260274171829224,0.32
3uo9,1.4038127660751343,,,0.9087340235710144,-1.89
3uod,0.5385708808898926,,,0.9583920836448669,0.20
3uok,0.7295446991920471,,,0.9257866144180298,0.16
3up2,0.5005425810813904,,,0.9690054655075073,0.17
3upi,0.75516277551651,,,0.9252976179122925,0.79
3upk,1.4475916624069214,,,0.7686893343925476,-1.55
3upv,,,,,-3.26
3upz,0.7153679728507996,,,0.9189976453781128,0.47
3uqg,0.8713158965110779,,,0.9122340679168701,0.33
3uqp,,,,,-2.85
3ur0,0.35190388560295105,,,0.9948453903198242,-1.44
3ur9,1.2931389808654785,,,0.8759600520133972,0.48
3uri,,,,,-2.50
3usn,1.2080918550491333,,,0.8252840638160706,-0.27
3usx,2.6051297187805176,,,0.6343167424201965,-1.08
3uug,0.46677401661872864,,,0.9698354601860046,0.18
3uuo,0.4352480173110962,,,0.9796574115753174,0.53
3uvk,,,,,-2.67
3uvl,,,,,-3.37
3uvm,,,,,-3.01
3uvn,,,,,-3.21
3uvo,,,,,-2.69
3uvp,0.7655397057533264,,,0.9091726541519165,0.42
3uvq,0.8800527453422546,,,0.8877601623535156,-0.30
3uvu,,,,,-3.55
3uvw,,,,,-3.02
3uvx,,,,,-3.34
3uw9,,,,,-1.18
3uxd,0.10988260805606842,,,1.0,0.83
3uxk,0.3500721752643585,,,0.9952830076217651,0.01
3uxl,0.3925217092037201,,,0.9902108311653137,-0.04
3uxm,0.9406571984291077,,,0.8986697793006897,0.28
3uyr,,,,,-3.43
3uyt,0.7341210842132568,,,0.9361454844474792,0.38
3uz5,0.14691506326198578,,,1.0,0.65
3uzd,,,,,-2.56
3v0l,1.3125935792922974,,,0.8160418272018433,-0.90
3v0p,0.7997678518295288,,,0.9243531823158264,-0.25
3v1r,0.8842127919197083,,,0.9287709593772888,-1.09
3v2n,0.6032518744468689,,,0.9425926208496094,0.30
3v2o,,,,,-2.51
3v2p,0.793549120426178,,,0.9122889041900635,0.11
3v2q,0.8592570424079895,,,0.9118942618370056,0.15
3v2w,1.0091429948806763,,,0.8773792386054993,0.43
3v2x,,,,,-3.27
3v30,,,,,-3.57
3v3b,,,,,-3.44
3v3q,0.5815907716751099,,,0.9677777886390686,-1.33
3v43,,,,,-2.90
3v4j,1.2914313077926636,,,0.891566276550293,-0.28
3v4x,1.0953377485275269,,,0.8573446273803711,-0.84
3v51,0.6691696047782898,,,0.937901496887207,0.53
3v5g,0.4837179481983185,,,0.9772727489471436,0.52
3v5j,0.9906946420669556,,,0.9499309659004211,0.25
3v5l,0.5787830352783203,,,0.9591029286384583,-0.15
3v5t,0.5632332563400269,,,0.9561952352523804,0.24
3v66,5.224967002868652,,,0.33999142050743103,-1.30
3v6s,7.627967357635498,,,0.5417570471763611,-0.94
3v78,1.1488432884216309,,,0.8224790096282959,-0.83
3v7s,0.9379467964172363,,,0.8558639287948608,-0.43
3v7t,0.7354720830917358,,,0.9045329689979553,-1.17
3v7x,2.0730247497558594,,,0.8509708642959595,0.11
3v8w,0.943304717540741,,,0.854938268661499,-0.26
3vap,0.6877585649490356,,,0.9695562720298767,-0.15
3vb4,,,,,-2.46
3vb5,,,,,-3.01
3vb6,,,,,-1.63
3vb7,,,,,-1.85
3vbd,3.3803188800811768,,,0.6600840091705322,-0.01
3vbg,1.632510781288147,,,0.7029569745063782,0.05
3vbq,0.6350792050361633,,,0.9459654092788696,0.35
3vbt,0.33953508734703064,,,0.9909470677375793,0.58
3vbv,0.5304815173149109,,,0.9616883397102356,-0.22
3vbw,1.1236401796340942,,,0.8191340565681458,-0.51
3vbx,0.7789599895477295,,,0.9235127568244934,-0.23
3vby,0.4921608865261078,,,0.9756380319595337,0.18
3vc4,0.2682681083679199,,,0.997171938419342,0.30
3veh,5.581831932067871,,,0.25701531767845154,-0.24
3veu,1.2752488851547241,,,0.8892201781272888,-0.08
3vf3,1.081119179725647,,,0.8381876945495605,-0.74
3vf5,1.2308874130249023,,,0.8216049671173096,-0.16
3vg1,0.6304618716239929,,,0.9535306096076965,0.19
3vgc,0.9148242473602295,,,0.8993212580680847,0.11
3vh9,0.15589550137519836,,,1.0,0.26
3vha,1.6539138555526733,,,0.6704713106155396,-1.16
3vhc,1.3176180124282837,,,0.7804511189460754,-1.75
3vhk,0.32408347725868225,,,0.9971819519996643,0.24
3vhu,2.013793706893921,,,0.6715059280395508,-0.66
3vjk,0.7513078451156616,,,0.9319119453430176,-0.03
3vjl,2.3883135318756104,,,0.8091577291488647,-0.55
3vjm,1.2396615743637085,,,0.826133131980896,-0.66
3vo3,0.49455761909484863,,,0.9701417088508606,0.58
3voz,1.9398223161697388,,,0.7062084078788757,-0.83
3vp1,1.1472322940826416,,,0.8321596384048462,-0.71
3vp2,19.42540740966797,,,0.0,-0.20
3vp3,20.18482208251953,,,0.0,-0.60
3vp4,0.7387634515762329,,,0.9233871102333069,0.06
3vrt,1.1554611921310425,,,0.8668224215507507,0.05
3vru,0.7284947633743286,,,0.9189785718917847,-0.08
3vrv,0.6963512897491455,,,0.928367555141449,-0.05
3vrw,0.7403537034988403,,,0.9051339030265808,-0.15
3vry,0.5735560059547424,,,0.9507575631141663,0.79
3vsw,1.4110676050186157,,,0.7900696992874146,-0.17
3vsx,1.3296912908554077,,,0.7864906787872314,-0.43
3vtb,0.6969389319419861,,,0.9288899898529053,0.22
3vtc,0.5067663192749023,,,0.9622877240180969,0.09
3vtd,0.6027324795722961,,,0.9441649913787842,-0.01
3vtr,,,,,-2.36
3vv7,1.7666884660720825,,,0.7522287964820862,-0.35
3vv8,1.7393447160720825,,,0.7603270411491394,-0.30
3vva,0.7435044646263123,,,0.8843490481376648,-0.29
3vvy,1.2956873178482056,,,0.7988805770874023,-1.02
3vvz,0.8656757473945618,,,0.899128258228302,-0.22
3vw7,1.2210463285446167,,,0.800559401512146,-0.24
3vws,14.670502662658691,,,0.03795116767287254,-0.99
3vx3,0.9717739224433899,,,0.8714370727539062,0.27
3vyd,0.8634947538375854,,,0.9051724076271057,-0.61
3vye,0.9264847636222839,,,0.8623822331428528,-0.16
3vyf,1.095126986503601,,,0.8458693027496338,-0.54
3vzg,,,,,-1.52
3w07,0.9489151835441589,,,0.897826075553894,-0.19
3w0l,1.1108444929122925,,,0.839122474193573,-0.19
3w2o,1.1034969091415405,,,0.8534161448478699,-0.54
3w2p,2.0766243934631348,,,0.819562554359436,-0.42
3w2q,0.7572721838951111,,,0.907192587852478,-0.64
3w2r,0.630652904510498,,,0.941136360168457,-0.07
3w2s,0.8361774682998657,,,0.9056332111358643,0.42
3w2t,0.4388503134250641,,,0.9754025340080261,-0.00
3w37,,,,,-2.15
3w55,1.1833150386810303,,,0.8579215407371521,-0.37
3w5t,1.1049312353134155,,,0.8367231488227844,-0.05
3w69,1.7291123867034912,,,0.7915452122688293,-0.28
3w9k,0.8960918188095093,,,0.9142066240310669,-0.04
3w9r,0.5584390163421631,,,0.9596962332725525,0.33
3wab,0.5415787696838379,,,0.9611529111862183,0.72
3wav,1.572360873222351,,,0.8015503883361816,-0.21
3waw,1.795941948890686,,,0.7459319233894348,-0.04
3wax,1.081395149230957,,,0.8681350350379944,-0.27
3way,0.7082327008247375,,,0.9143518805503845,-0.15
3wd9,0.9082114100456238,,,0.8947368264198303,0.04
3wdz,,,,,-3.44
3we4,0.7688394784927368,,,0.9559999704360962,0.14
3wf7,0.9183751344680786,,,0.8809523582458496,-0.03
3wff,1.3800188302993774,,,0.842391312122345,0.74
3wfg,1.03041672706604,,,0.8550257682800293,0.13
3wgw,1.0267903804779053,,,0.8832720518112183,-0.27
3wha,0.5375322103500366,,,0.9477003216743469,-0.21
3wi2,1.5289918184280396,,,0.7956100106239319,-0.24
3wix,0.7152408957481384,,,0.9333620071411133,0.48
3wjw,0.8980289101600647,,,0.9170812368392944,-0.24
3wk4,0.6019681692123413,,,0.9576771855354309,0.13
3wk5,6.4699554443359375,,,0.37295082211494446,0.38
3wk6,0.6833297610282898,,,0.9320436716079712,0.04
3wk7,0.5806076526641846,,,0.9562118053436279,-0.09
3wk8,1.9387420415878296,,,0.7470179200172424,0.05
3wk9,0.3920647203922272,,,0.991134762763977,0.02
3wka,0.4880093038082123,,,0.973347544670105,0.28
3wkb,0.4421623647212982,,,0.9799771308898926,-0.31
3wkc,1.0461790561676025,,,0.8388429880142212,-0.56
3wkd,0.4617103040218353,,,0.9753717184066772,0.17
3wke,1.4592318534851074,,,0.8103271722793579,-0.45
3wmb,0.6784924864768982,,,0.9607942700386047,-0.53
3wmc,0.8465583920478821,,,0.9481382966041565,-0.66
3wnr,0.39498525857925415,,,0.9942810535430908,-0.63
3wns,3.739835262298584,,,0.5386996865272522,0.27
3wnt,0.21100573241710663,,,0.9967191815376282,0.60
3wqh,1.800347089767456,,,0.8731002807617188,-0.34
3wqv,,,,,-1.94
3wqw,,,,,-3.01
3ws8,0.5948074460029602,,,0.9554698467254639,-0.14
3ws9,0.6188823580741882,,,0.9374090433120728,-0.22
3wsy,,,,,-3.70
3wt5,3.4301698207855225,,,0.6694095134735107,-0.11
3wt7,0.7729896903038025,,,0.922095537185669,-0.04
3wtj,0.893115222454071,,,0.8902343511581421,0.79
3wtk,0.5971397161483765,,,0.9570578336715698,0.68
3wtn,0.38433390855789185,,,0.9859601259231567,0.65
3wto,0.44663146138191223,,,0.9789762496948242,0.55
3wut,,,,,-2.92
3wuu,,,,,-2.62
3wuv,,,,,-2.94
3wv1,0.6358500719070435,,,0.9425531625747681,-0.28
3wv2,0.47251394391059875,,,0.9786184430122375,-0.05
3wv3,0.35391709208488464,,,0.9932143092155457,0.14
3wvm,0.842246949672699,,,0.8982300758361816,0.02
3wyj,,,,,-2.77
3wyk,2.0955615043640137,,,0.8152542114257812,-0.57
3wyl,0.5782790184020996,,,0.9633151888847351,0.02
3wym,1.5210394859313965,,,0.8489736318588257,0.04
3wz6,5.664339542388916,,,0.31060606241226196,-0.55
3wzn,0.8165640234947205,,,0.9163498282432556,-0.08
3wzp,1.899785041809082,,,0.7420178651809692,-0.47
3x1k,0.8969613313674927,,,0.8784648180007935,-0.53
3zbf,0.8857348561286926,,,0.8893312215805054,-0.65
3zc6,1.344090461730957,,,0.8171957731246948,-0.24
3zdh,0.17832636833190918,,,1.0,0.53
3zh8,6.683122634887695,,,0.34110787510871887,-0.74
3zhf,,,,,-2.98
3zhx,0.9787453413009644,,,0.8682851195335388,-0.53
3zi0,3.447563409805298,,,0.5579216480255127,-0.87
3zi8,17.076173782348633,,,0.0005787037080153823,-0.21
3zj6,1.0943889617919922,,,0.8404423594474792,0.09
3zj8,0.6341051459312439,,,0.9486182928085327,-0.41
3zjc,1.0308971405029297,,,0.8594582676887512,-0.11
3zk6,3.5599019527435303,,,0.5835168957710266,-1.23
3zke,,,,,-2.78
3zkf,,,,,-2.68
3zki,0.5344566702842712,,,0.9641008973121643,0.54
3zll,0.30232056975364685,,,0.9970149397850037,-0.65
3zls,1.1143484115600586,,,0.9202806353569031,0.58
3zlv,0.13085885345935822,,,1.0,0.40
3zlw,3.7368154525756836,,,0.47647058963775635,-0.48
3zlx,1.9580785036087036,,,0.7940000295639038,0.28
3zly,3.150008201599121,,,0.5739583373069763,0.37
3zm4,0.9384824633598328,,,0.8662477731704712,0.21
3zm5,0.7722095251083374,,,0.9107298254966736,-0.41
3zmg,0.6555345058441162,,,0.9739819169044495,0.74
3zmh,0.4246397316455841,,,0.9818952083587646,0.48
3zmi,0.9151744246482849,,,0.887499988079071,0.05
3zmj,0.22301125526428223,,,1.0,0.06
3zmm,0.9276531934738159,,,0.8730867505073547,-0.30
3zmp,,,,,-1.03
3zmq,,,,,-2.68
3zmt,,,,,-3.09
3zmv,,,,,-3.04
3zmz,,,,,-3.19
3znc,1.7409920692443848,,,0.8208661675453186,-0.31
3zo1,1.2581202983856201,,,0.8166666626930237,0.39
3zo2,0.6516649723052979,,,0.9368000030517578,0.42
3zo4,3.018620491027832,,,0.638359785079956,-0.48
3zot,0.388389527797699,,,0.9956555962562561,0.11
3zpq,0.5199076533317566,,,0.9618736505508423,0.68
3zps,1.3061676025390625,,,0.8125,-0.80
3zpu,1.2475160360336304,,,0.828088104724884,-0.54
3zq9,,,,,-1.26
3zqe,2.6720314025878906,,,0.5284482836723328,-1.67
3zqt,4.771366596221924,,,0.35516178607940674,-1.23
3zrc,1.2350709438323975,,,0.782330334186554,0.01
3zrk,0.38090962171554565,,,0.981217622756958,1.11
3zrl,5.802150249481201,,,0.23849692940711975,0.51
3zrm,6.105707168579102,,,0.23024830222129822,1.01
3zsq,0.7551376819610596,,,0.923154354095459,-1.11
3zst,,,,,-3.50
3zsw,0.9894424676895142,,,0.8699262142181396,-1.10
3zsx,3.0204405784606934,,,0.6545287370681763,-1.16
3zsy,0.8867157101631165,,,0.9114503860473633,-0.87
3zsz,0.8418993949890137,,,0.9100318551063538,-1.27
3zt1,0.9996071457862854,,,0.8715181350708008,-1.04
3zt2,0.9525495767593384,,,0.8835453391075134,-0.26
3zt3,0.6299880146980286,,,0.9263937473297119,-0.25
3zt4,0.9177106618881226,,,0.882520318031311,-0.69
3ztc,0.8217112421989441,,,0.9042699933052063,0.22
3ztd,0.726450502872467,,,0.8927083611488342,0.21
3ztx,1.4391155242919922,,,0.8168352842330933,-0.45
3zuk,1.9267033338546753,,,0.7843930721282959,-0.98
3zv7,0.6645620465278625,,,0.9309523701667786,0.25
3zvt,,,,,-0.39
3zvv,0.1641923040151596,,,1.0,0.26
3zvw,,,,,-0.42
3zvy,,,,,-2.92
3zw3,0.5289624929428101,,,0.9753344655036926,0.95
3zxe,7.518673419952393,,,0.46118950843811035,-2.43
3zxh,1.6477049589157104,,,0.698762059211731,-0.17
3zxr,0.5771265625953674,,,0.9628528952598572,0.09
3zxz,0.6901118755340576,,,0.9336734414100647,0.33
3zya,0.900400698184967,,,0.8700274229049683,-0.05
3zyb,,,,,-1.61
3zyh,0.8869553804397583,,,0.9141483306884766,-0.94
3zyr,,,,,-3.04
3zyu,0.45691582560539246,,,0.9837057590484619,0.23
3zze,0.8674249649047852,,,0.8917218446731567,-0.13
3zzf,0.274530827999115,,,1.0,0.12
3zzh,3.4169459342956543,,,0.35178571939468384,-0.47
4a0j,,,,,-2.66
4a22,0.5732498168945312,,,0.9739583134651184,-0.32
4a2a,,,,,-3.40
4a4e,1.0212209224700928,,,0.9589905142784119,-0.13
4a4f,0.8339765667915344,,,0.97775799036026,-0.92
4a4g,5.01993465423584,,,0.6530343294143677,-0.19
4a4l,0.6135675311088562,,,0.9584282636642456,0.42
4a4o,0.7986039519309998,,,0.9491353034973145,0.30
4a4v,0.5489723086357117,,,0.963652491569519,0.02
4a4x,0.7891542315483093,,,0.9244521260261536,-0.37
4a50,0.5904619693756104,,,0.953438401222229,-0.13
4a51,0.8135292530059814,,,0.8540655374526978,-0.34
4a6b,1.22610604763031,,,0.8078528046607971,-1.04
4a6c,1.7276908159255981,,,0.7839391827583313,-0.92
4a6l,0.9262533187866211,,,0.9164841175079346,-0.60
4a6s,2.1145331859588623,,,0.765072762966156,-1.00
4a6w,0.14527320861816406,,,1.0,0.71
4a7b,3.697479486465454,,,0.5063009858131409,-0.54
4a7c,1.301332950592041,,,0.8202781677246094,-0.18
4a7i,0.9827675819396973,,,0.8983585834503174,0.12
4a95,0.34645965695381165,,,0.9914772510528564,-0.17
4a9c,,,,,-2.33
4a9m,0.8602722883224487,,,0.8494898080825806,0.05
4a9n,0.6144553422927856,,,0.8075787425041199,-0.10
4a9r,1.591856837272644,,,0.8337191343307495,-0.25
4a9s,0.32821470499038696,,,1.0,-0.46
4a9u,0.6070138812065125,,,0.9829136729240417,-0.13
4aa0,0.8898842334747314,,,0.8898809552192688,-0.26
4aa1,,,,,-2.95
4aa5,1.0848666429519653,,,0.8813349604606628,0.18
4aa7,25.609983444213867,,,0.0,-2.37
4aac,0.7428614497184753,,,0.9466975927352905,0.39
4ab8,0.5159760117530823,,,0.9812231659889221,-0.14
4ab9,0.1970578283071518,,,1.0,-0.32
4aba,0.18860052525997162,,,1.0,0.69
4abb,0.19717569649219513,,,1.0,0.52
4abd,0.2551795244216919,,,0.9993946552276611,0.53
4abe,1.0160962343215942,,,0.9208144545555115,0.41
4abf,0.14987848699092865,,,1.0,0.48
4abh,0.3472931385040283,,,0.9893617033958435,0.61
4abi,,,,,-3.19
4abk,1.061398983001709,,,0.8799728751182556,-0.15
4abu,1.5737817287445068,,,0.8072034120559692,-0.44
4abv,2.7339582443237305,,,0.6981292366981506,-0.60
4aci,0.20574307441711426,,,1.0,-0.01
4acu,3.6523449420928955,,,0.6519189476966858,0.33
4ad2,,,,,-0.74
4ad3,,,,,-1.16
4ael,0.8702568411827087,,,0.8849502205848694,-0.43
4afe,1.3179231882095337,,,0.8672875165939331,-0.21
4afg,0.2017003297805786,,,1.0,0.63
4afh,0.9318751096725464,,,0.8777089715003967,0.11
4afj,6.777589797973633,,,0.2632450461387634,0.13
4ag8,0.5791262984275818,,,0.9529339671134949,0.54
4agd,0.9122567772865295,,,0.9684542417526245,-0.75
4agl,0.5805681943893433,,,0.9202127456665039,0.11
4agm,1.1670479774475098,,,0.9262114763259888,-0.66
4agn,1.0718826055526733,,,0.9260203838348389,-0.49
4ago,1.028720736503601,,,0.8779554963111877,-0.77
4agq,0.5871055722236633,,,0.9694403409957886,-0.68
4ahr,0.45365002751350403,,,0.9799196720123291,-0.36
4ahs,2.8069889545440674,,,0.6166380643844604,-0.19
4ahv,0.7875999808311462,,,0.9089999794960022,-0.22
4ai8,0.35927054286003113,,,0.9943365454673767,0.41
4aif,,,,,-3.17
4aig,1.8938339948654175,,,0.6746231317520142,-0.24
4aj2,0.7327231764793396,,,0.9323708415031433,-0.39
4aj4,0.4307803511619568,,,0.9553571343421936,-0.07
4aje,0.8966444730758667,,,0.8899336457252502,-0.44
4aji,0.5238076448440552,,,0.96484375,-0.73
4ajk,0.3944884240627289,,,0.9809523820877075,0.27
4ajl,0.6864738464355469,,,0.9215447306632996,0.28
4ajn,0.6831678748130798,,,0.9198065400123596,-0.26
4ajo,0.8216553926467896,,,0.9052953124046326,-0.28
4ajw,0.347075492143631,,,0.9781713485717773,0.87
4akn,2.0876619815826416,,,0.7388429641723633,-0.33
4al4,1.090220332145691,,,0.8512454032897949,-0.38
4alg,0.26596799492836,,,1.0,0.41
4alx,0.6372451782226562,,,0.9344077706336975,0.03
4aml,2.081681966781616,,,0.8002232313156128,-1.07
4amy,0.7949554920196533,,,0.9287652373313904,0.05
4amz,0.4349575638771057,,,0.9764795303344727,0.37
4an0,1.2665235996246338,,,0.8534732460975647,0.52
4an1,1.083639144897461,,,0.8293433785438538,-0.04
4an9,0.47827303409576416,,,0.9640234708786011,0.53
4anb,0.9617499113082886,,,0.8739237189292908,0.37
4anq,1.6887396574020386,,,0.7734922766685486,-0.36
4aoc,1.3164557218551636,,,0.817554235458374,-0.90
4aom,,,,,-3.16
4aph,,,,,-3.31
4apo,,,,,-3.42
4app,2.6546831130981445,,,0.7888067364692688,-0.09
4aq3,2.0017998218536377,,,0.6945701241493225,-1.10
4aq4,0.5405927896499634,,,0.9633182883262634,0.91
4ark,1.1632633209228516,,,0.8350383639335632,-0.03
4aro,,,,,-1.25
4as9,2.693817138671875,,,0.5390271544456482,-3.28
4asd,0.7229319214820862,,,0.9277663826942444,0.52
4at3,2.5124359130859375,,,0.682519257068634,-0.07
4att,0.9828765392303467,,,0.8633027672767639,-0.53
4au8,0.23158715665340424,,,1.0,-0.28
4auj,1.4911659955978394,,,0.7195616960525513,-0.30
4auy,0.7430651783943176,,,0.9211576581001282,0.22
4av0,1.7137539386749268,,,0.7951388955116272,-0.64
4avh,0.9761388301849365,,,0.8858998417854309,-0.11
4avi,0.9104636907577515,,,0.9156414866447449,-0.74
4avj,1.1347187757492065,,,0.8474178314208984,-0.42
4avt,0.8760478496551514,,,0.956250011920929,-0.43
4avu,0.2550604045391083,,,1.0,0.63
4avw,0.16604268550872803,,,1.0,1.12
4awj,1.1393951177597046,,,0.8350383639335632,-0.04
4awk,4.106891632080078,,,0.5561290383338928,-0.67
4awm,2.358074903488159,,,0.639397919178009,-0.69
4axd,1.5038902759552002,,,0.7735326886177063,-0.54
4axm,0.5400288701057434,,,0.9610492587089539,0.81
4ay5,0.9614979028701782,,,0.8850641846656799,0.12
4ay6,1.0588874816894531,,,0.865275502204895,0.01
4ayp,,,,,-1.77
4ayq,0.9945704340934753,,,0.8918918967247009,-1.10
4ayr,1.4853464365005493,,,0.7697010636329651,-1.07
4ayt,1.3449128866195679,,,0.8292227387428284,-0.14
4ayu,2.0851261615753174,,,0.7518315315246582,0.23
4ayv,1.1277989149093628,,,0.8419483304023743,-0.85
4ayw,1.4243038892745972,,,0.8146630525588989,-0.22
4ayx,0.84124755859375,,,0.930084764957428,-0.31
4az0,0.6376286745071411,,,0.9553333520889282,0.40
4az3,0.936227560043335,,,0.9014806151390076,-0.31
4az5,0.8972369432449341,,,0.9130648374557495,0.44
4azc,0.9347074627876282,,,0.8841719031333923,0.24
4aze,6.04778528213501,,,0.26126953959465027,0.33
4azf,1.8980748653411865,,,0.6813793182373047,0.33
4azg,0.8142135143280029,,,0.9143884778022766,-0.46
4azi,0.6363152265548706,,,0.936909556388855,0.32
4azp,2.240758180618286,,,0.6688627004623413,-0.59
4azt,0.6186259984970093,,,0.9474169611930847,0.70
4b00,1.9304949045181274,,,0.7277887463569641,0.24
4b05,1.8823109865188599,,,0.7472314238548279,-0.57
4b11,0.5126258730888367,,,0.9716199040412903,-0.26
4b12,0.3728316128253937,,,0.9880159497261047,-0.03
4b13,,,,,-0.24
4b14,0.5255892872810364,,,0.9586309790611267,-0.13
4b1c,0.28714683651924133,,,0.994991660118103,0.75
4b1d,1.3018429279327393,,,0.8319149017333984,-0.10
4b2d,23.174602508544922,,,0.0,-0.01
4b2i,0.2179090976715088,,,1.0,0.47
4b2l,0.1217534989118576,,,1.0,-0.07
4b32,0.2181159108877182,,,1.0,0.38
4b34,0.5426270961761475,,,0.9676375389099121,0.27
4b35,0.21622060239315033,,,1.0,0.12
4b3c,0.25502297282218933,,,1.0,-0.14
4b3d,3.579162359237671,,,0.5897260308265686,0.41
4b3u,0.5087357759475708,,,0.9605597853660583,-0.29
4b4g,1.0720363855361938,,,0.8474919199943542,-0.63
4b4q,,,,,-3.37
4b5d,0.45374158024787903,,,0.9838569164276123,0.64
4b5s,0.19625216722488403,,,1.0,0.08
4b5t,0.27933961153030396,,,1.0,-0.08
4b5w,0.3472644090652466,,,0.9942660331726074,0.04
4b60,,,,,-3.22
4b6e,0.09965509176254272,,,1.0,-0.19
4b6o,1.6765329837799072,,,0.7247899174690247,0.26
4b6p,1.4233777523040771,,,0.7949892282485962,-0.00
4b6r,1.4533565044403076,,,0.7875757813453674,0.27
4b6s,1.3499025106430054,,,0.8013918399810791,0.23
4b6u,4.516477584838867,,,0.343478262424469,-1.49
4b71,0.6056102514266968,,,0.945485532283783,0.03
4b73,0.5366250276565552,,,0.9559412598609924,-0.05
4b74,0.5253642797470093,,,0.9638193845748901,0.23
4b76,1.0286264419555664,,,0.8504983186721802,0.00
4b77,0.9306704998016357,,,0.8844444155693054,0.51
4b7j,0.745059609413147,,,0.9383628964424133,0.30
4b7r,0.7829165458679199,,,0.9102433919906616,0.25
4b7z,0.5502145290374756,,,0.957456111907959,-0.73
4b80,0.9596039056777954,,,0.8756454586982727,-0.72
4b81,0.6275166869163513,,,0.952098548412323,-0.87
4b82,1.5436915159225464,,,0.7684075236320496,-0.57
4b83,0.7318574786186218,,,0.9264972805976868,-0.77
4b84,0.5680901408195496,,,0.9578025341033936,-0.73
4b8o,,,,,-1.89
4b8p,,,,,-1.67
4b8y,,,,,-2.27
4b9h,,,,,-1.93
4b9k,1.891835331916809,,,0.7318452596664429,0.02
4b9z,,,,,-1.34
4bae,0.514546811580658,,,0.9645892381668091,-0.45
4bb2,1.6774559020996094,,,0.7437315583229065,-0.33
4bb9,2.0900824069976807,,,0.6931993961334229,-0.45
4bbg,3.7183213233947754,,,0.5519828796386719,-0.41
4bc5,0.6758825182914734,,,0.9383753538131714,-0.23
4bcb,1.098564863204956,,,0.9325109124183655,0.58
4bcc,3.7271127700805664,,,0.8519948720932007,0.18
4bcd,1.6397314071655273,,,0.7830123901367188,-0.16
4bcf,1.1311315298080444,,,0.8389668464660645,-0.19
4bcg,1.7902321815490723,,,0.8153846263885498,0.38
4bch,2.583557605743408,,,0.6769663095474243,-1.04
4bci,2.7540454864501953,,,0.7386666536331177,-0.27
4bcj,1.0951417684555054,,,0.849768877029419,0.00
4bck,2.342355489730835,,,0.7239663004875183,-0.05
4bcm,0.9962434768676758,,,0.8616625070571899,-0.87
4bcn,0.7068091034889221,,,0.9339478015899658,0.66
4bcp,0.7907049655914307,,,0.9070881009101868,0.36
4bcq,0.8247917890548706,,,0.8976868391036987,-0.40
4bcs,0.7871838212013245,,,0.9191564321517944,-0.02
4bcw,0.8832101821899414,,,0.8657289147377014,0.32
4bd3,,,,,-2.35
4bda,0.6093383431434631,,,0.9414169192314148,0.37
4bdc,0.2798286974430084,,,1.0,0.39
4bdd,0.4473000466823578,,,0.9855072498321533,0.29
4bde,0.27402612566947937,,,1.0,-0.24
4bdf,0.37766820192337036,,,0.9885057210922241,0.74
4bdg,0.23906543850898743,,,1.0,0.83
4bdh,0.21337158977985382,,,1.0,0.10
4bdi,0.9020233750343323,,,0.9486873745918274,-0.43
4bds,0.2561529278755188,,,0.9957317113876343,0.40
4bdt,2.8830208778381348,,,0.7071773409843445,0.20
4bea,,,,,-3.64
4bek,1.4728517532348633,,,0.8507042527198792,0.29
4bf1,0.3221954107284546,,,1.0,0.51
4bf6,3.2489218711853027,,,0.7403100728988647,0.59
4bfd,1.460662841796875,,,0.83851158618927,0.80
4bfr,0.8636322617530823,,,0.9295774698257446,0.48
4bg1,0.39622172713279724,,,0.9892776608467102,-0.23
4bg6,,,,,-2.67
4bgg,0.9893133640289307,,,0.9136075973510742,-0.27
4bgk,,,,,-0.63
4bgm,0.7701563835144043,,,0.9203056693077087,-0.69
4bgx,,,,,-1.60
4bgy,,,,,-2.53
4bh3,,,,,-3.06
4bh4,,,,,-3.01
4bhf,0.7275503873825073,,,0.9291871786117554,-0.72
4bhi,1.0657968521118164,,,0.8767361044883728,-0.55
4bhz,0.33177468180656433,,,1.0,0.85
4bi1,0.16006825864315033,,,1.0,0.91
4bi2,0.18239934742450714,,,1.0,0.80
4bi6,0.27895334362983704,,,1.0,0.22
4bi7,0.7723007202148438,,,0.9390581846237183,0.16
4bib,0.520708441734314,,,0.9751406908035278,0.78
4bic,0.46607479453086853,,,0.9757922291755676,0.63
4bj8,0.34512099623680115,,,0.9868852496147156,-0.05
4bj9,1.7745076417922974,,,0.7568875551223755,-0.22
4bjx,1.5467250347137451,,,0.7186098694801331,-1.50
4bkt,0.5318032503128052,,,0.9319148659706116,0.61
4blb,,,,,-3.07
4bnt,0.3572964072227478,,,0.9957002401351929,-0.72
4bnz,0.41771405935287476,,,0.9806201457977295,-0.51
4bo3,0.41450706124305725,,,0.9776334762573242,-0.35
4bo4,2.423887014389038,,,0.6189824938774109,-0.37
4bo5,0.5302625894546509,,,0.9632243514060974,-0.17
4bo9,0.4066609740257263,,,0.98893803358078,-0.34
4bpi,,,,,-3.96
4bqg,0.5736416578292847,,,0.9587852358818054,0.13
4bqh,1.3835121393203735,,,0.8361959457397461,-0.50
4bqt,2.419786214828491,,,0.6038102507591248,0.14
4bqy,0.6087231636047363,,,0.9418181777000427,0.14
4bs4,0.7926052212715149,,,0.9168797731399536,0.42
4bs5,0.6620044112205505,,,0.939453125,0.49
4bsq,0.7422682642936707,,,0.9165596961975098,0.79
4bt3,2.0642929077148438,,,0.7176828980445862,0.55
4bt4,0.5831025838851929,,,0.9681302905082703,0.57
4bt5,2.0199995040893555,,,0.7432432174682617,0.47
4bt9,,,,,-2.46
4btb,,,,,-2.27
4bti,3.554226875305176,,,0.6290132999420166,-0.70
4btk,0.5306873321533203,,,0.9466845989227295,0.35
4btm,3.379263162612915,,,0.5804843306541443,-0.40
4btt,2.9497647285461426,,,0.6338797807693481,-1.33
4btu,2.2356655597686768,,,0.7776119112968445,-1.06
4btw,0.8966979384422302,,,0.8809903860092163,0.24
4buq,0.5177509188652039,,,0.97921222448349,-0.32
4bv2,,,,,-3.59
4bvb,0.6886999011039734,,,0.9369286894798279,0.41
4bw1,1.6874710321426392,,,0.7356660962104797,-1.25
4bw2,0.6721808314323425,,,0.9137254953384399,-0.60
4bw3,0.2338041365146637,,,1.0,-0.47
4bw4,0.48326995968818665,,,0.9846292734146118,0.04
4bxn,2.376204490661621,,,0.6620151400566101,-1.96
4bxu,,,,,-3.01
4byi,2.815899610519409,,,0.754755437374115,0.52
4byj,1.582366704940796,,,0.8298022747039795,0.82
4bzn,1.500296950340271,,,0.8011958003044128,0.30
4bzo,1.4288862943649292,,,0.8421391844749451,0.15
4c0r,2.1900510787963867,,,0.6965195536613464,-0.75
4c16,,,,,-1.87
4c1d,2.626282215118408,,,0.773097813129425,-0.03
4c1e,0.8586052656173706,,,0.9151375889778137,0.43
4c1f,0.7672268152236938,,,0.9183804392814636,0.23
4c1g,0.8549306392669678,,,0.9013647437095642,0.15
4c1h,2.01826548576355,,,0.735049843788147,-0.11
4c1t,,,,,-1.05
4c1u,,,,,-0.81
4c1w,,,,,-3.19
4c1y,0.9843610525131226,,,0.8785714507102966,-0.75
4c36,0.5751387476921082,,,0.9514237642288208,0.56
4c37,5.546108722686768,,,0.29754960536956787,-0.80
4c38,0.5177114605903625,,,0.966277003288269,0.57
4c3k,1.1678731441497803,,,0.799476683139801,-0.31
4c4f,0.5659794211387634,,,0.9468267560005188,0.70
4c4g,0.5697985291481018,,,0.9605262875556946,0.54
4c4n,,,,,-3.55
4c5w,0.2290121465921402,,,1.0,-0.52
4c66,1.5380573272705078,,,0.7464285492897034,-0.69
4c68,6.192886829376221,,,0.3358711004257202,-1.98
4c6u,1.245230793952942,,,0.8515100479125977,-0.03
4c6v,1.2076820135116577,,,0.860973596572876,-0.04
4c6x,0.17799809575080872,,,1.0,0.14
4c6z,0.37196359038352966,,,0.992514967918396,0.04
4c70,0.25236356258392334,,,1.0,0.22
4c72,0.40661174058914185,,,0.980663001537323,0.10
4c73,0.18817852437496185,,,0.9987941980361938,0.27
4c94,7.225038528442383,,,0.22935102880001068,-0.44
4c9x,2.2256057262420654,,,0.7226744294166565,0.12
4ca4,1.1968928575515747,,,0.8526375889778137,-0.57
4ca6,0.9768203496932983,,,0.9002285003662109,-0.32
4ca7,1.1965351104736328,,,0.8434004187583923,-0.64
4cae,0.5725991129875183,,,0.9536516666412354,-0.10
4cby,1.2408781051635742,,,0.8403201103210449,0.62
4cc2,,,,,-2.46
4cc3,,,,,-2.77
4cc5,0.49315011501312256,,,0.9717261791229248,-0.07
4cc7,,,,,-2.54
4ccd,1.0891369581222534,,,0.8820638656616211,-0.83
4cd4,,,,,-0.50
4cd5,,,,,-0.27
4cd6,,,,,-0.82
4cd8,,,,,-0.85
4cdr,,,,,-3.03
4ce2,1.7088775634765625,,,0.6688790321350098,-1.04
4ceb,1.0754740238189697,,,0.8495575189590454,-1.44
4cff,15.615230560302734,,,0.006071118637919426,-0.41
4cft,1.377974510192871,,,0.8165722489356995,-1.37
4cgi,0.800049364566803,,,0.9152777791023254,-1.20
4cgj,6.860076904296875,,,0.34285715222358704,-0.86
4cig,0.7695854306221008,,,0.9244579672813416,-0.83
4cik,0.6986515522003174,,,0.9350489974021912,0.28
4civ,0.8422122001647949,,,0.9126983880996704,0.19
4ciw,1.3399995565414429,,,0.8209876418113708,0.12
4cix,0.6187362670898438,,,0.9453924894332886,0.22
4ciy,0.7994935512542725,,,0.9286723136901855,0.18
4ciz,0.5583932399749756,,,0.9614197611808777,0.05
4cj4,0.9826506972312927,,,0.9053738117218018,-0.72
4cjp,0.9330735802650452,,,0.9033613204956055,-0.51
4cjq,1.510923147201538,,,0.836776852607727,-0.87
4cjr,0.7343627214431763,,,0.9254703521728516,-0.91
4cki,1.299967646598816,,,0.8115310072898865,-0.57
4ckr,0.649929404258728,,,0.9379929900169373,0.15
4cku,1.9031742811203003,,,0.7901833653450012,-1.03
4cl6,0.44616058468818665,,,0.9846368432044983,0.09
4cli,0.8670626282691956,,,0.910639762878418,-0.72
4clj,2.0946569442749023,,,0.6934889554977417,-1.00
4cmo,0.8172327876091003,,,0.8982334733009338,-0.96
4cnh,2.181171178817749,,,0.7039275169372559,-0.12
4cp7,1.0718129873275757,,,0.8582589030265808,-1.05
4cpr,1.3459912538528442,,,0.804670512676239,-1.32
4cpt,1.1595185995101929,,,0.8498134613037109,-0.74
4cpw,1.3061443567276,,,0.8074427247047424,-1.31
4cpx,1.3218514919281006,,,0.8033359050750732,-0.77
4cpy,0.698306143283844,,,0.9368884563446045,0.34
4cqe,1.4773657321929932,,,0.8123376369476318,-0.19
4cqf,0.7204915285110474,,,0.9272908568382263,-0.38
4cqg,0.7391601800918579,,,0.9427409172058105,0.05
4cr9,0.21763862669467926,,,1.0,0.36
4cra,0.7709755897521973,,,0.9397181868553162,0.05
4crd,0.49597814679145813,,,0.9649168252944946,0.15
4crf,1.7615989446640015,,,0.7867581844329834,0.07
4crl,1.9093506336212158,,,0.7691571116447449,-1.09
4csd,3.245049476623535,,,0.5487204790115356,-0.29
4css,1.5135914087295532,,,0.7526881694793701,-0.76
4cst,1.1823047399520874,,,0.8267716765403748,-0.78
4csy,,,,,-3.54
4ctj,0.3771553635597229,,,0.9921259880065918,0.12
4cu7,0.8572186827659607,,,0.9185750484466553,-0.40
4cu8,0.8125032186508179,,,0.9211764931678772,-0.60
4cwf,6.261754035949707,,,0.22934472560882568,-0.03
4cwr,0.8102886080741882,,,0.9052132964134216,-0.45
4cws,0.6600020527839661,,,0.9537750482559204,0.14
4cxw,0.44402825832366943,,,0.9839609265327454,0.29
4cxx,0.7145987749099731,,,0.9305555820465088,-0.00
4cxy,0.542894184589386,,,0.9750445485115051,0.44
4cy1,,,,,-3.19
4d08,1.280689001083374,,,0.8410740494728088,0.11
4d09,0.9807685613632202,,,0.8221231698989868,-0.05
4d0w,3.1987662315368652,,,0.5137665271759033,-0.02
4d1b,0.4701886773109436,,,0.978215754032135,0.77
4d1c,0.686817467212677,,,0.9440433382987976,0.36
4d1d,1.7139756679534912,,,0.7773826718330383,0.36
4d1s,1.1766022443771362,,,0.8683273792266846,0.29
4d1y,1.3344627618789673,,,0.8410518169403076,-0.60
4d2d,,,,,-0.70
4d2r,0.7091001272201538,,,0.9455177783966064,-0.24
4d2s,0.8567898869514465,,,0.9154518842697144,0.21
4d2t,1.3855441808700562,,,0.8177244663238525,0.27
4d4d,,,,,-0.72
4d52,0.559795618057251,,,0.9512362480163574,-0.70
4d62,36.907108306884766,,,0.0,-1.55
4d63,37.45240783691406,,,0.0,-1.45
4d83,0.7114169597625732,,,0.9386597871780396,0.14
4d88,0.9897878766059875,,,0.8681902289390564,-0.13
4d89,1.114537000656128,,,0.8748862743377686,-0.58
4d8c,0.8952872157096863,,,0.8958143591880798,-0.35
4d8i,,,,,-2.35
4d8s,0.6878643035888672,,,0.929896891117096,0.10
4d8z,0.7835226058959961,,,0.9577922224998474,0.17
4d9p,0.2654644250869751,,,0.998913049697876,-0.17
4da5,0.4934273660182953,,,0.9529126286506653,-0.47
4daf,0.22233326733112335,,,0.9965986609458923,0.30
4dai,0.242244154214859,,,1.0,0.50
4db7,0.2180260866880417,,,1.0,0.58
4dbn,1.1299018859863281,,,0.8326124548912048,-0.31
4dcd,1.293962836265564,,,0.7975917458534241,0.14
4dce,0.765398383140564,,,0.9216055870056152,-0.15
4dcs,0.9792853593826294,,,0.8989431858062744,0.31
4dcv,1.25446355342865,,,0.849711000919342,0.01
4ddk,0.3702790141105652,,,0.9838169813156128,0.19
4ddy,0.2893097996711731,,,1.0,0.42
4de0,0.6696528792381287,,,0.9513201117515564,0.26
4de3,0.3231517970561981,,,0.9938596487045288,0.49
4de5,0.8709762096405029,,,0.8891891837120056,0.42
4de7,0.8312329649925232,,,0.8941532373428345,-0.26
4deh,0.39513665437698364,,,0.9791666865348816,0.68
4dei,0.8456133604049683,,,0.9577814340591431,0.18
4del,0.221037358045578,,,1.0,0.33
4deu,1.072094202041626,,,0.8639705777168274,-0.49
4dfb,2.3908238410949707,,,0.6564416885375977,-2.10
4dff,0.8158093690872192,,,0.9223130941390991,-0.21
4dfu,0.33824142813682556,,,0.9936479330062866,0.27
4dfw,,,,,-1.65
4dgb,,,,,-1.39
4dgg,1.4233888387680054,,,0.8245382308959961,-0.04
4dgr,1.346512794494629,,,0.7711409330368042,-0.31
4dhl,0.5717875361442566,,,0.9867256879806519,0.43
4dhm,0.8451197147369385,,,0.8985329866409302,-0.87
4dho,2.047290563583374,,,0.7752347588539124,-0.83
4dhp,3.2419230937957764,,,0.6245192289352417,-0.86
4dhq,1.5003968477249146,,,0.8404392600059509,-1.07
4dhr,0.8179659247398376,,,0.8832873106002808,-0.84
4dhs,0.6349279284477234,,,0.9493243098258972,-0.77
4dhu,1.7602137327194214,,,0.7810026407241821,-0.76
4dij,0.844415009021759,,,0.9241130352020264,-0.01
4dj7,,,,,-2.51
4djh,1.3150750398635864,,,0.8452250361442566,-0.34
4djr,1.0120049715042114,,,0.8861031532287598,-0.30
4djs,,,,,-3.20
4dko,2.014202117919922,,,0.651602566242218,-0.97
4dkp,1.5369343757629395,,,0.9146825671195984,-0.33
4dkt,,,,,-0.79
4dld,0.44442272186279297,,,0.9790748953819275,0.47
4dli,0.4390084743499756,,,0.967900276184082,0.59
4dmw,0.7886706590652466,,,0.9108833074569702,-0.54
4dn0,2.9604992866516113,,,0.5343673825263977,-2.78
4do4,0.6207298040390015,,,0.9536659717559814,0.10
4do5,0.8017414808273315,,,0.9058441519737244,-0.24
4dow,,,,,-3.35
4dpy,0.501339852809906,,,0.9721350073814392,0.39
4dq2,1.2065491676330566,,,0.8119941353797913,-0.22
4dr9,1.6424593925476074,,,0.7794960141181946,0.32
4drm,2.2211718559265137,,,0.7173017263412476,-1.33
4drn,2.152167797088623,,,0.7352309226989746,-1.24
4dro,1.1740983724594116,,,0.8278495669364929,-0.85
4drp,2.7876546382904053,,,0.6826332211494446,-1.12
4ds1,,,,,-3.09
4dst,0.2054985761642456,,,1.0,-0.32
4dsy,0.7990756034851074,,,0.8646095991134644,0.04
4dt2,0.6524628400802612,,,0.9509408473968506,-0.79
4dtk,0.5457964539527893,,,0.9639303684234619,0.55
4dtt,1.9942353963851929,,,0.712164044380188,-0.86
4du8,0.41589775681495667,,,0.9821428656578064,0.04
4dv9,,,,,-2.25
4dve,0.4280174672603607,,,0.9779661297798157,0.56
4dvi,0.6004666090011597,,,0.9477756023406982,0.37
4dwb,0.9405859708786011,,,0.8999999761581421,-0.88
4dwk,27.75524139404297,,,0.0,-0.68
4dxg,,,,,-2.52
4dy6,3.4411115646362305,,,0.5766475796699524,-1.89
4dzy,0.17055970430374146,,,1.0,0.72
4e0w,1.1065120697021484,,,0.8425233364105225,0.96
4e0x,0.7141132354736328,,,0.9365234375,0.76
4e1m,31.855928421020508,,,0.0,-0.21
4e1n,31.515308380126953,,,0.0,-0.35
4e1z,0.6682747602462769,,,0.9285714030265808,0.01
4e34,,,,,-3.22
4e35,,,,,-2.90
4e3f,0.5167263746261597,,,0.978383481502533,0.05
4e3g,0.30919313430786133,,,1.0,0.62
4e3i,0.7894080877304077,,,0.9166666865348816,0.31
4e3j,0.9161319136619568,,,0.9054325819015503,0.31
4e3k,0.7251001000404358,,,0.9378787875175476,0.40
4e3l,0.6057968735694885,,,0.9606854915618896,0.28
4e3o,0.8267941474914551,,,0.9158496856689453,0.29
4e49,0.34901362657546997,,,0.982723593711853,-0.05
4e4a,0.19202521443367004,,,1.0,-0.08
4e4l,1.0012460947036743,,,0.8934993147850037,0.07
4e4n,0.6129279136657715,,,0.9626811742782593,0.19
4e5d,0.44916728138923645,,,0.9734789133071899,-0.19
4e5f,3.157632350921631,,,0.5632529854774475,-0.07
4e5g,0.33038273453712463,,,0.9950494766235352,0.09
4e5h,1.4426020383834839,,,0.7864933013916016,-0.51
4e5j,0.985646665096283,,,0.9228395223617554,0.13
4e5w,1.918194055557251,,,0.811438262462616,-0.37
4e67,,,,,-1.24
4e6c,1.2746286392211914,,,0.8467513918876648,0.05
4e6d,0.6598418951034546,,,0.949018120765686,0.76
4e6q,2.5252792835235596,,,0.6903508901596069,0.56
4e70,0.2649802565574646,,,1.0,-0.01
4e81,,,,,-3.02
4e8w,0.8700436353683472,,,0.9026063084602356,-0.71
4e90,1.5203405618667603,,,0.7772276997566223,-0.53
4e96,1.2986220121383667,,,0.8569214940071106,-0.65
4e9c,,,,,-2.44
4e9d,,,,,-2.35
4e9u,0.8840107917785645,,,0.8996789455413818,-0.59
4ea1,0.8583680987358093,,,0.9140233993530273,-1.09
4ea2,1.1798239946365356,,,0.8186274766921997,-0.43
4ea3,1.0516518354415894,,,0.8451188802719116,-0.09
4eb9,7.602746963500977,,,0.5372825860977173,-1.53
4ec0,2.764465093612671,,,0.8207908272743225,-0.59
4ec4,5.490051746368408,,,0.5045774579048157,-2.19
4ede,1.6551703214645386,,,0.7379094958305359,-1.04
4edz,0.8908172249794006,,,0.8907480239868164,-0.55
4eeh,0.38869622349739075,,,0.9851379990577698,0.71
4eej,1.0022159814834595,,,0.8799999952316284,-0.33
4eev,0.9535897374153137,,,0.8811812996864319,0.07
4ef6,0.5133393406867981,,,0.96435546875,0.09
4efg,1.291926622390747,,,0.8045286536216736,-0.36
4efk,0.2925646901130676,,,1.0,0.22
4efs,0.7178072929382324,,,0.9457083940505981,0.31
4eft,0.994008481502533,,,0.869966447353363,-0.02
4efu,0.6797914505004883,,,0.9344380497932434,-0.41
4egh,0.5453914403915405,,,0.954081654548645,0.58
4egi,0.2234751284122467,,,1.0,0.17
4egk,2.0353498458862305,,,0.662466824054718,-1.19
4eh3,0.6917870044708252,,,0.9412915706634521,0.54
4eh4,0.549605667591095,,,0.9589372277259827,0.15
4eh6,34.066287994384766,,,0.0,0.42
4eh7,0.37808507680892944,,,0.9931250214576721,-0.34
4eh8,25.826988220214844,,,0.0,-0.17
4ehe,0.7669585347175598,,,0.9090361595153809,0.37
4ehm,3.0290825366973877,,,0.5520304441452026,-1.20
4ehr,1.0907330513000488,,,0.8776721954345703,-0.44
4ehv,1.3660765886306763,,,0.801659107208252,-1.14
4ehz,0.4508970081806183,,,0.9867700934410095,0.95
4ei4,0.974256157875061,,,0.9291808605194092,0.93
4ej2,2.1767659187316895,,,0.7179276347160339,-0.38
4ej8,0.5804214477539062,,,0.9380165338516235,-0.93
4ejf,,,,,-2.84
4eke,0.996399462223053,,,0.882533848285675,-0.14
4eki,0.9770427942276001,,,0.857569694519043,-0.07
4eky,0.7227767705917358,,,0.9346385598182678,0.42
4el0,0.5898359417915344,,,0.9570870995521545,0.52
4el5,0.6837704181671143,,,0.9353023767471313,0.38
4el9,0.9551005363464355,,,0.8971801996231079,-0.01
4elb,1.3274149894714355,,,0.7879981398582458,-0.95
4ele,0.8260027766227722,,,0.9150052666664124,-0.91
4elf,1.2015354633331299,,,0.8024605512619019,-1.37
4elg,0.98236483335495,,,0.8614696860313416,-1.27
4elh,0.6450947523117065,,,0.8978004455566406,-0.74
4em7,0.6605398654937744,,,0.9460470080375671,0.53
4emt,3.764338493347168,,,0.46727657318115234,-2.38
4en4,0.5395495891571045,,,0.974397599697113,-0.61
4eny,0.4256981313228607,,,0.9718137383460999,0.35
4eo4,1.4140121936798096,,,0.7902097702026367,-0.13
4eo6,0.4283800423145294,,,0.969111979007721,0.50
4eo8,0.41278547048568726,,,0.9885686039924622,0.64
4eoi,1.7749223709106445,,,0.7771084308624268,1.12
4eol,1.6661005020141602,,,0.8067901134490967,1.05
4eon,1.4920953512191772,,,0.8579920530319214,0.75
4eop,1.7171475887298584,,,0.7994505763053894,0.92
4eos,1.6986132860183716,,,0.8091939687728882,1.04
4eox,1.3726798295974731,,,0.8543425798416138,-0.35
4epy,0.8242855668067932,,,0.9231464862823486,-0.72
4eqj,,,,,-3.17
4er2,,,,,-2.37
4er4,,,,,-2.53
4ere,1.5956356525421143,,,0.7170782089233398,-0.31
4erk,1.0812339782714844,,,0.9260042309761047,0.41
4erq,,,,,-3.08
4ery,,,,,-3.24
4erz,,,,,-2.69
4es0,,,,,-3.07
4esg,,,,,-3.45
4est,,,,,-1.42
4etz,4.512363433837891,,,0.37185296416282654,-3.07
4eu0,3.961233377456665,,,0.41756758093833923,-3.81
4eu3,0.255763441324234,,,1.0,-0.20
4euc,1.0304163694381714,,,0.8694592118263245,-1.20
4euo,0.2306913435459137,,,1.0,1.34
4euv,3.193255662918091,,,0.5382462739944458,-2.79
4ew3,0.9372763633728027,,,0.9363884925842285,-0.41
4ewn,0.48210039734840393,,,0.9718379378318787,-0.18
4ewr,,,,,-3.04
4exg,0.7787954807281494,,,0.9315642714500427,0.29
4exh,,,,,-3.67
4exs,1.7476609945297241,,,0.8217821717262268,-0.15
4exz,1.3761873245239258,,,0.7146422863006592,-0.27
4eyj,0.620753288269043,,,0.9498714804649353,0.53
4eym,0.6555748581886292,,,0.9344745874404907,0.38
4eyr,3.9129176139831543,,,0.5005030035972595,-2.03
4ezj,1.1186192035675049,,,0.8804086446762085,0.12
4ezo,,,,,-2.97
4ezq,,,,,-2.22
4ezr,,,,,-3.06
4ezw,,,,,-2.58
4ezx,,,,,-3.21
4ezy,,,,,-2.52
4ezz,,,,,-3.02
4f08,0.6409384608268738,,,0.942270040512085,1.36
4f09,0.6913095712661743,,,0.9402485489845276,1.22
4f0c,4.759861946105957,,,0.5611578226089478,-0.91
4f14,,,,,-2.95
4f1q,0.4019266664981842,,,0.9799794554710388,-0.50
4f20,,,,,-2.79
4f2w,0.954588770866394,,,0.898742139339447,-0.09
4f39,0.7412405014038086,,,0.9390756487846375,1.03
4f3i,0.36622321605682373,,,0.9843453764915466,0.63
4f49,2.634343385696411,,,0.7537974715232849,-0.58
4f4p,0.828469455242157,,,0.898084819316864,0.35
4f5y,2.976736545562744,,,0.5506706237792969,-2.32
4f64,0.7574536204338074,,,0.9261550903320312,-0.10
4f6s,0.6845933198928833,,,0.9446721076965332,0.44
4f6u,0.4391685426235199,,,0.978857159614563,0.66
4f7j,0.569483757019043,,,0.9634670615196228,0.84
4f7l,0.5322681069374084,,,0.964606761932373,0.57
4f7n,0.4450453817844391,,,0.9789473414421082,0.54
4f8h,44.027679443359375,,,0.0,-0.71
4f9g,2.589534282684326,,,0.6284037828445435,-2.49
4f9u,0.5956611037254333,,,0.9665697813034058,-0.09
4f9v,0.49983009696006775,,,0.7678041458129883,-0.07
4f9w,0.49991101026535034,,,0.9500805139541626,-0.10
4fai,0.5450789928436279,,,0.9773985147476196,0.18
4fbe,0.6192892789840698,,,0.9616788029670715,0.12
4fbx,,,,,-0.11
4fcf,1.2491425275802612,,,0.8323397636413574,-1.29
4fcm,,,,,-1.24
4fcq,1.344293475151062,,,0.8378176093101501,0.10
4fe9,,,,,-2.68
4fem,,,,,-3.39
4fev,0.585978627204895,,,0.9455252885818481,0.44
4few,0.541553258895874,,,0.942307710647583,0.31
4ffs,0.8378240466117859,,,0.9419127106666565,0.09
4fgt,,,,,-1.48
4fgx,,,,,-2.41
4fgz,0.2306184470653534,,,1.0,-0.95
4fhh,0.4882184565067291,,,0.9758155345916748,0.02
4fhi,0.6539417505264282,,,0.9368715286254883,-0.07
4fht,0.6740654706954956,,,0.9258691072463989,0.19
4fi9,,,,,-3.79
4fic,0.3287903070449829,,,0.9913793206214905,0.45
4fiv,4.558499336242676,,,0.436477392911911,-2.45
4fk6,1.770121693611145,,,0.7822376489639282,0.18
4fkk,0.9319486618041992,,,0.9051302671432495,-0.33
4fl1,1.8014860153198242,,,0.734544038772583,-2.11
4fl2,2.027437448501587,,,0.6933771371841431,-0.76
4fl3,2.0149290561676025,,,0.7208192944526672,-0.69
4fli,1.4368863105773926,,,0.8247663378715515,0.06
4flj,1.5392588376998901,,,0.8769554495811462,-0.47
4flk,0.6236551403999329,,,0.9490678906440735,-0.05
4fm7,1.819807767868042,,,0.7223572134971619,-1.41
4fm8,1.559976577758789,,,0.7917754650115967,-1.04
4fmn,,,,,-2.80
4fmo,,,,,-2.29
4fmq,,,,,-3.22
4fmu,0.979882001876831,,,0.8767211437225342,0.09
4fnn,1.3290901184082031,,,0.8191609978675842,-1.00
4fns,0.7268111109733582,,,0.9270601272583008,-0.35
4fny,0.6679710745811462,,,0.9322404265403748,0.21
4fnz,1.0300942659378052,,,0.8676199316978455,-0.83
4fob,0.8955585360527039,,,0.8932960629463196,-0.79
4fp1,0.32765740156173706,,,0.9738292098045349,-0.36
4frj,0.8960475325584412,,,0.8519917726516724,0.51
4frk,1.0138529539108276,,,0.851488471031189,0.11
4ft2,,,,,-2.92
4fvq,0.7053549885749817,,,0.9205127954483032,-0.49
4fvr,1.1447433233261108,,,0.8296459913253784,-0.58
4fxf,1.4874749183654785,,,0.8212515711784363,-0.06
4fxj,18.768938064575195,,,0.0,-1.63
4fxp,0.8202900886535645,,,0.9240170121192932,0.05
4fxq,0.4236009120941162,,,0.9841772317886353,0.04
4fxz,9.930031776428223,,,0.07644230872392654,0.40
4fyh,1.2811304330825806,,,0.8075248599052429,-0.33
4fz3,,,,,-2.33
4fzj,0.37379467487335205,,,0.9970518946647644,-0.14
4g0a,,,,,-2.00
4g0k,2.138096570968628,,,0.7861445546150208,-0.59
4g0l,0.5996428728103638,,,0.9472076892852783,0.54
4g0p,0.8799991011619568,,,0.9085510969161987,-0.12
4g0q,0.8516116738319397,,,0.9154676198959351,0.03
4g0y,0.6698978543281555,,,0.9553990364074707,-0.14
4g0z,1.1564544439315796,,,0.8877440094947815,-0.05
4g11,0.8093791604042053,,,0.9282820224761963,0.25
4g19,0.29877158999443054,,,0.9973730444908142,0.45
4g2f,0.5288535952568054,,,0.9705105423927307,0.28
4g2l,0.8236138224601746,,,0.9287499785423279,-0.22
4g2y,0.633082389831543,,,0.9496830701828003,0.10
4g3g,0.3115912079811096,,,0.9931087493896484,0.38
4g4p,1.3848695755004883,,,0.7666308879852295,-5.10
4g5f,0.27447888255119324,,,1.0,0.61
4g5y,1.2706940174102783,,,0.7905759215354919,-0.01
4g68,,,,,-0.11
4g8l,2.168680429458618,,,0.6342030167579651,-2.12
4g8m,1.1771678924560547,,,0.8182271122932434,0.82
4g8n,0.6851488947868347,,,0.938524603843689,1.10
4g8o,7.455401420593262,,,0.21758508682250977,-2.38
4g8r,33.49440002441406,,,0.0,-1.66
4g8v,1.214197039604187,,,0.8580870628356934,-0.21
4g8y,1.500283122062683,,,0.8224191069602966,-0.15
4g90,1.6207804679870605,,,0.8146616816520691,-0.20
4gao,,,,,-3.38
4gby,1.0041937828063965,,,0.8745704293251038,-0.48
4gbz,1.0655663013458252,,,0.8440678119659424,-0.74
4gd6,0.6183817982673645,,,0.9449999928474426,-1.21
4ge1,0.2155236154794693,,,1.0,0.22
4ge2,1.1711786985397339,,,0.8371794819831848,-1.10
4ge4,0.655176043510437,,,0.9521621465682983,0.24
4gee,0.9412713050842285,,,0.8804794549942017,0.28
4gfd,0.7659702897071838,,,0.9595237970352173,0.04
4gfm,1.1848257780075073,,,0.8665094375610352,-0.09
4gfn,0.7499469518661499,,,0.9456360936164856,0.34
4gfo,2.017564535140991,,,0.74303138256073,0.25
4ggz,0.7594996690750122,,,0.9197530746459961,0.69
4ght,1.3704310655593872,,,0.8103674650192261,-0.10
4gid,0.5844085216522217,,,0.9492703080177307,0.27
4gih,0.6264216303825378,,,0.9566450715065002,0.23
4gii,0.43592238426208496,,,0.982339084148407,0.29
4gj2,1.0483938455581665,,,0.8738738894462585,-0.04
4gj3,0.7427080869674683,,,0.9352940917015076,-0.05
4gj7,0.8581368327140808,,,0.8893939256668091,-0.22
4gj8,4.264780521392822,,,0.5566225051879883,0.09
4gjb,0.5117063522338867,,,0.971848726272583,0.32
4gkc,0.8655613660812378,,,0.8985389471054077,-0.28
4gly,,,,,-3.14
4gm8,,,,,-2.37
4gmc,1.064513087272644,,,0.8711001873016357,-1.16
4gmy,0.7867171764373779,,,0.9495238065719604,0.02
4gne,,,,,-3.07
4gnf,,,,,-3.17
4gng,,,,,-3.57
4gny,0.8189430832862854,,,0.883289098739624,0.44
4gq4,0.46350961923599243,,,0.9742472171783447,0.91
4gql,4.193392276763916,,,0.7782174944877625,-1.11
4gqq,0.6916413307189941,,,0.9228141903877258,-0.68
4gr0,1.2905515432357788,,,0.8477074503898621,-0.61
4gr3,1.274285912513733,,,0.8297784924507141,-1.09
4gr8,2.9969451427459717,,,0.845553457736969,-0.68
4gs8,1.038716435432434,,,0.8984198570251465,-0.61
4gsy,0.8140990734100342,,,0.9200968742370605,0.02
4guj,0.7333273887634277,,,0.9386904835700989,0.12
4gv8,0.963147759437561,,,0.8851351141929626,-1.06
4gvd,,,,,-2.49
4gvm,0.895992636680603,,,0.8729050159454346,-0.86
4gw1,,,,,-3.05
4gw5,,,,,-3.33
4gw6,2.4410459995269775,,,0.6212607026100159,-0.54
4gw8,0.5750431418418884,,,0.9600326418876648,0.27
4gwi,,,,,-3.92
4gwk,0.7767228484153748,,,0.9348341226577759,-0.54
4gxl,,,,,-3.07
4gxs,2.10143780708313,,,0.7012711763381958,-0.94
4gy5,,,,,-3.43
4gz3,0.7029631733894348,,,0.935140073299408,0.23
4gzp,0.6897976398468018,,,0.9300000071525574,0.42
4gzt,0.8039390444755554,,,0.8958773612976074,0.38
4gzw,,,,,-1.44
4gzx,,,,,-1.07
4h1j,1.2603157758712769,,,0.8250969052314758,0.14
4h1m,0.650156557559967,,,0.9312098622322083,0.18
4h2m,2.393665313720703,,,0.7006138563156128,-1.64
4h36,,,,,-3.32
4h38,0.8598144054412842,,,0.8980644941329956,-1.24
4h39,,,,,-2.52
4h3a,1.1586037874221802,,,0.8775137066841125,-0.74
4h3b,,,,,-2.91
4h3c,1.5926704406738281,,,0.8225677609443665,-0.65
4h3q,,,,,-3.03
4h42,1.1281676292419434,,,0.8545871376991272,0.30
4h4d,0.33331310749053955,,,0.9933962225914001,-0.08
4h4e,0.6725751161575317,,,0.9403460621833801,-0.20
4h4m,1.1972482204437256,,,0.824367105960846,-0.17
4h5e,1.1956384181976318,,,0.8575649857521057,-0.13
4h71,9.536539077758789,,,0.2513698637485504,-1.25
4h75,,,,,-2.82
4h7q,0.465160608291626,,,0.9742857217788696,0.47
4h81,0.618983268737793,,,0.9548457860946655,0.74
4h85,0.43800824880599976,,,0.9794721603393555,0.52
4hbm,1.8152729272842407,,,0.7288873791694641,-0.24
4hbn,1.3169294595718384,,,0.7893432378768921,0.15
4hbp,0.49698686599731445,,,0.9583333134651184,-0.04
4hbv,0.47251856327056885,,,0.9863636493682861,0.44
4hbw,0.6387277245521545,,,0.9405370950698853,0.47
4hby,0.622165858745575,,,0.9258177280426025,-0.19
4hco,15.88089656829834,,,0.009305210784077644,-1.12
4hcu,0.9962107539176941,,,0.8871058821678162,-0.15
4hcv,0.8499184846878052,,,0.9125993251800537,0.04
4hcz,,,,,-2.71
4hdc,0.8678308725357056,,,0.9443734288215637,-0.13
4hej,0.517309308052063,,,0.9560155272483826,0.29
4hev,0.30158334970474243,,,1.0,0.49
4hfz,,,,,-3.14
4hg7,1.913134217262268,,,0.6707227230072021,-1.33
4hgc,,,,,-3.08
4hgl,0.23886434733867645,,,1.0,0.39
4hgs,1.3407719135284424,,,0.8487085103988647,0.35
4hgt,1.423119068145752,,,0.8392857313156128,0.39
4hhy,1.795922040939331,,,0.7667347192764282,-0.49
4hhz,1.108707070350647,,,0.8410560488700867,-0.97
4hkp,,,,,-0.08
4hlc,0.8814001679420471,,,0.9034620523452759,-0.44
4hld,0.5454667806625366,,,0.9777227640151978,0.13
4hlg,0.4460524618625641,,,0.9688888788223267,0.72
4hlm,0.7440339922904968,,,0.9112446904182434,0.36
4hmk,9.53738021850586,,,0.13851352035999298,0.45
4hn2,,,,,-2.31
4hni,0.38787779211997986,,,0.971182644367218,0.89
4hnn,10.999414443969727,,,0.0,-0.49
4hod,10.027583122253418,,,0.12086956202983856,0.53
4hp0,,,,,-3.02
4hpi,,,,,-1.80
4hpy,,,,,-3.40
4hra,1.1453955173492432,,,0.8246586918830872,-0.46
4hs6,,,,,-3.14
4hs8,,,,,-3.04
4hso,24.480907440185547,,,0.0,-0.78
4ht0,0.9505658149719238,,,0.9028013348579407,-0.08
4ht2,0.34535226225852966,,,0.997563362121582,0.15
4ht6,,,,,-2.94
4htp,,,,,-3.40
4htx,1.8598252534866333,,,0.7918015122413635,-0.03
4hu1,0.5307316780090332,,,0.9757751822471619,0.34
4hva,1.9567259550094604,,,0.7015590071678162,-0.82
4hvb,1.1388310194015503,,,0.8842530250549316,0.09
4hvd,0.4084862470626831,,,0.9820075631141663,0.24
4hvh,1.5571328401565552,,,0.8119800090789795,0.50
4hvi,1.1570258140563965,,,0.8600562810897827,0.48
4hvs,0.6342418789863586,,,0.9475469589233398,0.46
4hw7,0.706404983997345,,,0.9278742074966431,0.44
4hwr,0.8018935322761536,,,0.8963636159896851,-0.49
4hwt,0.6980202198028564,,,0.9147287011146545,0.11
4hxj,,,,,-1.99
4hxl,1.537077784538269,,,0.8020186424255371,-0.56
4hxm,0.5866617560386658,,,0.9667007923126221,-0.18
4hxs,0.832069456577301,,,0.8919693827629089,-0.74
4hxw,1.58363938331604,,,0.8514492511749268,0.43
4hxz,0.3058795928955078,,,0.9935455918312073,0.60
4hy1,0.8206632137298584,,,0.9079999923706055,0.54
4hy5,0.8814773559570312,,,0.9134860038757324,0.21
4hy9,,,,,-2.82
4hyb,,,,,-3.07
4hyf,1.479407548904419,,,0.8075717091560364,-0.96
4hys,0.48542019724845886,,,0.9657173156738281,0.32
4hz5,0.33199238777160645,,,0.9929166436195374,0.33
4hzm,0.6860634684562683,,,0.9330882430076599,0.40
4hzz,0.43659380078315735,,,0.9866737723350525,0.64
4i0d,1.2232134342193604,,,0.8680659532546997,0.38
4i0f,2.732903242111206,,,0.6416566371917725,0.30
4i0r,0.6088622212409973,,,0.9577235579490662,-0.31
4i0t,0.41224074363708496,,,0.9800156950950623,0.59
4i0z,0.6895632743835449,,,0.9402756690979004,0.12
4i11,2.752073049545288,,,0.6733576655387878,0.39
4i12,0.7185132503509521,,,0.9295343160629272,0.80
4i1c,0.4925834834575653,,,0.9692202210426331,0.77
4i1r,0.47685015201568604,,,0.9704049825668335,-0.48
4i2w,,,,,-3.10
4i2z,,,,,-3.09
4i31,,,,,-2.32
4i32,,,,,-1.95
4i33,,,,,-1.92
4i3z,1.3007198572158813,,,0.7865761518478394,-1.14
4i47,0.1829962581396103,,,1.0,0.14
4i5c,0.5145719647407532,,,0.9599708914756775,0.66
4i5m,1.042969822883606,,,0.8914201259613037,-0.54
4i5p,0.7974638342857361,,,0.9007601141929626,0.32
4i6b,1.4502893686294556,,,0.8373430967330933,-0.55
4i6h,1.4583152532577515,,,0.8246505856513977,-0.58
4i6q,1.5401556491851807,,,0.804841160774231,0.42
4i73,2.275942087173462,,,0.6896348595619202,-0.12
4i74,1.2335797548294067,,,0.8097015023231506,-0.10
4i7b,,,,,-2.75
4i7d,,,,,-3.05
4i7j,0.43429848551750183,,,1.0,-0.16
4i7k,0.11032653599977493,,,1.0,0.13
4i7l,0.30976998805999756,,,1.0,-0.00
4i7m,0.2681300640106201,,,1.0,-0.13
4i7p,0.10145445168018341,,,1.0,0.90
4i80,,,,,-2.64
4i8w,0.9957167506217957,,,0.8785387873649597,-0.47
4i9c,,,,,-3.87
4i9h,12.824260711669922,,,0.1339285671710968,-1.99
4i9o,1.5510801076889038,,,0.7829086780548096,-1.19
4i9r,6.563063621520996,,,0.22678843140602112,-3.89
4i9s,6.90618371963501,,,0.20028409361839294,-0.75
4i9u,0.5974318385124207,,,0.954081654548645,-0.30
4iaw,0.8278673887252808,,,0.9011628031730652,-0.68
4iax,1.018636703491211,,,0.9074504971504211,-0.87
4ibd,0.9064347147941589,,,0.8890449404716492,0.33
4ibe,2.307742118835449,,,0.6069730520248413,0.20
4ibi,0.48934102058410645,,,0.9765625,0.42
4ibj,1.8118103742599487,,,0.7452350854873657,-0.04
4ibk,1.916908860206604,,,0.7160266041755676,0.06
4idn,1.6914191246032715,,,0.7463263869285583,-0.24
4ido,2.181105375289917,,,0.713874101638794,-0.68
4idt,0.9757351875305176,,,0.8321197628974915,0.08
4idz,0.5248863697052002,,,0.9676656126976013,0.38
4ie0,0.49588969349861145,,,0.965782105922699,0.61
4ie5,0.46814656257629395,,,0.9721564054489136,0.47
4ie6,0.7466994524002075,,,0.9047825932502747,-0.31
4igk,,,,,-1.29
4igq,,,,,-1.52
4ih3,0.6679331064224243,,,0.8869710564613342,-0.16
4ih6,0.7862588167190552,,,0.9394250512123108,0.06
4ih7,0.4596635103225708,,,0.9818075299263,0.42
4iho,,,,,-3.43
4iic,0.6634809970855713,,,0.937336802482605,0.15
4iid,1.1524015665054321,,,0.8295711278915405,-0.16
4iie,1.2943217754364014,,,0.7942655682563782,0.06
4iif,0.6902257800102234,,,0.9279661178588867,0.09
4ijh,0.8810608386993408,,,0.8864522576332092,0.19
4ijl,0.7940481901168823,,,0.9342507719993591,-0.22
4ijp,8.894197463989258,,,0.19345718622207642,-0.69
4ijq,0.9897339940071106,,,0.9165232181549072,-0.79
4ikn,,,,,-2.84
4iku,0.6334197521209717,,,0.9694767594337463,-0.85
4imq,,,,,-2.26
4imz,,,,,-2.12
4in9,,,,,-3.30
4inb,0.9167360067367554,,,0.8961377739906311,-0.00
4inh,,,,,-1.96
4io2,2.1176998615264893,,,0.7347826361656189,-3.08
4io3,4.6281208992004395,,,0.3752310574054718,-3.17
4io4,4.9986252784729,,,0.33169934153556824,-2.44
4io5,5.309624671936035,,,0.31783920526504517,-0.22
4io6,16.522869110107422,,,0.003027681726962328,-1.80
4io7,7.790436267852783,,,0.17398647964000702,-3.79
4ipi,1.4752269983291626,,,0.7840277552604675,-0.02
4ipj,0.7689316868782043,,,0.9525723457336426,-0.05
4ipn,,,,,-1.43
4ir5,1.0560665130615234,,,0.9100441336631775,0.51
4ir6,0.5423392057418823,,,0.973437488079071,-0.11
4irx,0.36202678084373474,,,0.9888349771499634,-0.64
4is6,,,,,-3.21
4isu,1.0914829969406128,,,0.8635880947113037,0.29
4ith,1.6843693256378174,,,0.7921810746192932,0.40
4iti,0.7721657156944275,,,0.9047861695289612,0.62
4itp,0.6234335899353027,,,0.9546979665756226,0.56
4iu1,0.4537900984287262,,,0.9781553149223328,0.63
4iur,,,,,-3.26
4iut,,,,,-2.34
4iuu,,,,,-2.96
4iuv,,,,,-2.95
4iva,0.5266034007072449,,,0.9751683473587036,1.01
4ivb,0.6178776025772095,,,0.9647887349128723,0.80
4ivc,0.5461758971214294,,,0.9787464141845703,0.80
4ivd,0.8874220848083496,,,0.9193083643913269,0.44
4ivk,0.9130064249038696,,,0.8877708911895752,-0.50
4iwd,2.8285727500915527,,,0.6710633039474487,-0.83
4iwz,3.467951774597168,,,0.7264243364334106,0.61
4iz0,0.4505227506160736,,,0.9767002463340759,0.34
4izm,10.907480239868164,,,0.125,-2.43
4j03,1.5745675563812256,,,0.7335382103919983,-0.96
4j04,0.7480856776237488,,,0.9089958071708679,-0.38
4j06,0.7745257616043091,,,0.9412144422531128,0.39
4j09,,,,,-3.29
4j0a,0.7302675247192383,,,0.9250457286834717,0.34
4j0p,1.436318278312683,,,0.8291366696357727,0.99
4j0r,0.5240259766578674,,,0.9636563658714294,-0.03
4j0s,0.4779549539089203,,,0.9817478060722351,0.29
4j0y,1.1970630884170532,,,0.8816713690757751,0.72
4j0z,2.1296346187591553,,,0.7312661409378052,-0.42
4j17,0.39103952050209045,,,0.9888167381286621,0.96
4j1e,0.7764049768447876,,,0.9374176263809204,0.60
4j1h,0.6728716492652893,,,0.9379240274429321,0.60
4j26,,,,,-3.49
4j2c,,,,,-3.22
4j2t,1.872164011001587,,,0.6904255151748657,-1.54
4j3i,1.275744080543518,,,0.9166666865348816,-0.48
4j3j,0.9189340472221375,,,0.9026354551315308,-0.83
4j3u,,,,,-3.11
4j44,,,,,-1.71
4j45,,,,,-1.76
4j46,,,,,-1.72
4j47,,,,,-2.13
4j48,,,,,-2.24
4j52,1.3350642919540405,,,0.8309294581413269,-0.17
4j5d,1.651859164237976,,,0.8063983917236328,0.25
4j5e,0.9763109087944031,,,0.8904793858528137,0.58
4j73,,,,,-2.36
4j74,0.8444194197654724,,,0.8964460492134094,0.42
4j77,,,,,-3.16
4j78,,,,,-3.48
4j79,,,,,-3.10
4j7d,3.335792303085327,,,0.5307080745697021,-0.98
4j7i,,,,,-3.21
4j82,,,,,-3.78
4j84,,,,,-3.21
4j86,,,,,-2.81
4j8b,,,,,-3.88
4j8g,,,,,-3.08
4j8r,,,,,-2.66
4j8t,1.8119776248931885,,,0.6896306872367859,-0.85
4j93,1.1318403482437134,,,0.8522099256515503,-0.25
4j9a,2.4894587993621826,,,0.6184782385826111,-1.40
4jaz,0.7231642007827759,,,0.9227871894836426,-0.29
4jbl,1.9294787645339966,,,0.6373152732849121,-0.29
4jbp,0.9008915424346924,,,0.8849614262580872,-0.43
4jbs,1.6043676137924194,,,0.7819097638130188,-0.75
4jc1,,,,,-2.71
4jck,,,,,-2.48
4jda,0.4482109546661377,,,0.9738219976425171,0.48
4jdf,0.47464755177497864,,,0.9839572310447693,0.41
4je7,1.8199869394302368,,,0.7825086116790771,-0.40
4je8,,,,,-2.52
4jfd,,,,,-3.73
4jfe,,,,,-3.64
4jff,,,,,-3.75
4jfi,5.097072601318359,,,0.34753695130348206,-1.65
4jfj,0.9677286148071289,,,0.8796928524971008,-0.50
4jfk,2.0358242988586426,,,0.6730219125747681,-0.63
4jfl,1.9562606811523438,,,0.6845298409461975,-1.06
4jfm,6.299272060394287,,,0.5707217454910278,-0.60
4jfx,,,,,-2.03
4jg0,,,,,-2.39
4jg1,,,,,-3.17
4jg6,0.40113773941993713,,,0.9960212111473083,-0.66
4jg8,1.250599980354309,,,0.8183006644248962,-0.65
4jgv,1.2988460063934326,,,0.793181836605072,-0.69
4jh0,0.8389763236045837,,,0.8765270709991455,-0.61
4jhz,1.4878991842269897,,,0.7436203956604004,-1.24
4jib,1.4385133981704712,,,0.7575757503509521,0.18
4jin,0.9424009919166565,,,0.875,0.10
4jit,1.6208751201629639,,,0.8091999888420105,0.14
4jiz,,,,,-3.40
4jj8,,,,,-1.27
4jje,,,,,-1.57
4jjq,,,,,-1.42
4jjs,1.1644291877746582,,,0.8175241351127625,-0.22
4jk5,,,,,-3.58
4jk6,,,,,-3.61
4jkt,1.4018446207046509,,,0.7833775281906128,-0.43
4jkw,2.8208518028259277,,,0.5787139534950256,-0.20
4jlg,1.8905158042907715,,,0.7541342377662659,-0.57
4jlj,0.7324005365371704,,,0.9208199381828308,-0.01
4jlm,0.8835574388504028,,,0.8430463671684265,0.02
4jln,0.7406264543533325,,,0.9059311151504517,0.14
4jls,0.958345890045166,,,0.9461165070533752,-0.20
4jmx,0.8145074844360352,,,0.893362820148468,0.81
4jn4,0.7786335349082947,,,0.9039396643638611,-0.10
4jne,0.8282361030578613,,,0.9210398197174072,-0.20
4jnj,0.9248284697532654,,,0.8968855142593384,0.18
4jog,,,,,-3.10
4joh,,,,,-2.20
4jpa,1.2792130708694458,,,0.843151330947876,-0.23
4jps,0.7311381101608276,,,0.9335781335830688,0.18
4jpy,24.17628288269043,,,0.0,0.04
4jql,2.230703592300415,,,0.6672932505607605,-2.43
4jr0,,,,,-3.17
4jr5,1.3512470722198486,,,0.8191633224487305,-0.22
4jsa,0.24244679510593414,,,1.0,0.70
4jsc,0.8864190578460693,,,0.8837876319885254,-0.14
4jsr,0.6596394777297974,,,0.9356921315193176,0.47
4jss,1.3182425498962402,,,0.7884615659713745,0.32
4jt8,0.8116495609283447,,,0.9142335653305054,0.34
4jt9,0.9414106011390686,,,0.9128590226173401,0.30
4ju3,0.8686540722846985,,,0.8733183741569519,-0.33
4ju6,0.9747581481933594,,,0.8931818008422852,0.06
4ju7,0.7552459239959717,,,0.8671454191207886,0.15
4jv7,5.477065563201904,,,0.3119906783103943,-0.40
4jv8,0.308381587266922,,,0.9958100318908691,0.72
4jve,4.786900043487549,,,0.42727771401405334,-0.53
4jvi,0.8291650414466858,,,0.9034515023231506,-0.74
4jwr,1.831058382987976,,,0.7364636063575745,-0.23
4jx9,3.331049680709839,,,0.4908088147640228,-0.75
4jxs,0.7635471224784851,,,0.9306536912918091,0.40
4jxv,2.0911054611206055,,,0.7652801275253296,0.32
4jxw,0.48008713126182556,,,0.9743390083312988,0.16
4jyb,0.8983165621757507,,,0.8887559771537781,-0.24
4jyc,1.1215944290161133,,,0.7409396171569824,0.15
4jym,0.3760867416858673,,,0.9930981397628784,0.00
4jyv,3.599783182144165,,,0.748275876045227,-0.66
4k0o,,,,,-1.42
4k0y,0.49890387058258057,,,0.9543229937553406,0.47
4k18,0.6262322664260864,,,0.9593750238418579,0.45
4k19,1.3638285398483276,,,0.8409090638160706,-1.14
4k1e,,,,,-3.34
4k2f,0.7365419864654541,,,0.9232418537139893,0.70
4k2g,0.42809829115867615,,,0.9770709872245789,0.84
4k2y,0.3783864676952362,,,0.9888059496879578,0.12
4k3o,,,,,-1.39
4k3r,,,,,-1.10
4k42,0.8148554563522339,,,0.9509075880050659,-1.62
4k4e,0.6683083772659302,,,0.941992461681366,0.09
4k4j,0.4034140706062317,,,0.9800307154655457,0.27
4k55,1.1546471118927002,,,0.9463768005371094,-0.52
4k5l,0.5606485605239868,,,0.9536637663841248,0.52
4k5o,0.998792827129364,,,0.8591492772102356,0.81
4k5y,0.4760238230228424,,,0.9798091053962708,-0.20
4k5z,0.4414656162261963,,,0.9758453965187073,0.02
4k60,0.534369707107544,,,0.9793233275413513,0.13
4k63,,,,,-2.56
4k64,,,,,-1.14
4k66,,,,,-2.78
4k67,,,,,-1.39
4k6u,,,,,-3.76
4k6v,,,,,-3.42
4k6y,,,,,-3.54
4k72,,,,,-2.63
4k76,,,,,-3.11
4k77,0.7120664715766907,,,0.9202127456665039,0.64
4k78,,,,,-3.12
4k7i,0.2478189617395401,,,1.0,-0.00
4k7n,0.7561110258102417,,,0.9144486784934998,-0.09
4k7o,1.644271969795227,,,0.7412790656089783,-0.06
4k8a,0.36725538969039917,,,0.9909090995788574,0.02
4k8o,2.318068742752075,,,0.7105262875556946,-0.48
4k8s,0.9222793579101562,,,0.8884767293930054,0.32
4k9g,0.8067852258682251,,,0.8886218070983887,0.35
4k9h,0.6320788860321045,,,0.9220110774040222,0.35
4k9y,0.542654275894165,,,0.9495074152946472,0.51
4kab,2.5856683254241943,,,0.6285489201545715,0.44
4kax,0.7680309414863586,,,0.930526852607727,0.30
4kba,0.659307599067688,,,0.9465981125831604,0.37
4kbc,0.4188551604747772,,,0.9800186157226562,0.59
4kbk,1.2006504535675049,,,0.8221574425697327,0.07
4kby,5.573071002960205,,,0.30683666467666626,-3.03
4kc1,1.0413748025894165,,,0.8527972102165222,-0.67
4kc2,1.2068755626678467,,,0.8350067138671875,-0.52
4kc4,,,,,-0.44
4kcg,1.0942699909210205,,,0.8107423782348633,0.02
4keq,0.1803196519613266,,,1.0,0.36
4kfp,1.2079452276229858,,,0.8247252702713013,-0.57
4kif,0.34824034571647644,,,0.9972899556159973,0.29
4kil,0.5203341841697693,,,0.9619565010070801,0.15
4kin,1.209518551826477,,,0.8590755462646484,0.40
4kip,0.5297050476074219,,,0.9663944840431213,0.72
4kiq,0.4274756610393524,,,0.9815573692321777,0.04
4kjv,1.4600247144699097,,,0.8595700263977051,-0.17
4klb,5.289846420288086,,,0.36469265818595886,0.49
4kln,1.0659128427505493,,,0.8596673607826233,-0.70
4km2,1.5719751119613647,,,0.7295373678207397,-0.52
4kmd,,,,,-2.84
4kn2,0.805059552192688,,,0.9379639625549316,-0.57
4knb,0.7940877676010132,,,0.897697389125824,0.03
4kni,3.744249105453491,,,0.6669408082962036,0.27
4knm,0.34937596321105957,,,0.9754183888435364,0.42
4knr,0.7353104948997498,,,0.9349619150161743,0.07
4knz,1.107560634613037,,,0.8351607918739319,-0.02
4ko8,1.1303300857543945,,,0.8368368148803711,-0.55
4kom,,,,,-2.49
4kon,,,,,-1.24
4kot,0.5268974304199219,,,0.9676113128662109,0.14
4kow,1.5691405534744263,,,0.7996183037757874,-0.34
4kox,1.2830923795700073,,,0.824360728263855,-0.06
4kp0,0.5788843631744385,,,0.9682080745697021,-0.29
4kp4,1.2422717809677124,,,0.8295348882675171,-0.14
4kp8,1.1483221054077148,,,0.877440333366394,0.08
4kql,1.3464962244033813,,,0.8183984756469727,0.27
4kqp,1.3533021211624146,,,0.794800877571106,-5.25
4krs,0.5312145948410034,,,0.9723419547080994,0.74
4ks1,1.3905812501907349,,,0.8146701455116272,-0.30
4ks2,0.6838794946670532,,,0.9324644804000854,0.26
4ks3,1.9952025413513184,,,0.7257019281387329,-1.22
4ks4,1.9114673137664795,,,0.6948767900466919,-1.44
4ks5,1.629802942276001,,,0.7413073778152466,-0.47
4ksp,0.907051682472229,,,0.8805195093154907,-0.22
4ksq,1.3208189010620117,,,0.8065040707588196,-0.35
4ksy,10.659369468688965,,,0.26671892404556274,-2.09
4ktc,1.418847918510437,,,0.8085197806358337,0.35
4ktu,,,,,-3.30
4kv9,1.545615553855896,,,0.7679955959320068,-0.18
4kva,1.1243854761123657,,,0.8493589758872986,-0.13
4kwp,0.8886977434158325,,,0.9551886916160583,-0.22
4kx8,,,,,-2.06
4kxb,0.5466580986976624,,,0.958395779132843,0.23
4kxl,1.6605943441390991,,,0.7955020666122437,-0.15
4kxm,1.1155116558074951,,,0.831360936164856,-0.48
4kxn,1.1542234420776367,,,0.8261094093322754,-0.42
4kyh,0.5174108147621155,,,0.9788732528686523,-1.08
4kz0,0.6590851545333862,,,0.9326003789901733,0.30
4kz3,0.24058014154434204,,,1.0,0.13
4kz6,0.9174346923828125,,,0.883631706237793,0.18
4kz7,0.18272002041339874,,,1.0,-0.16
4kz8,0.6287523508071899,,,0.9563196897506714,-0.11
4kza,1.499277114868164,,,0.8874695897102356,0.94
4l10,0.7828072905540466,,,0.9010066986083984,0.50
4l1a,2.168515920639038,,,0.6932432651519775,-1.49
4l1u,,,,,-2.79
4l2k,0.27350711822509766,,,0.9996547102928162,0.70
4l32,0.785405158996582,,,0.9166666865348816,0.35
4l3p,0.6257148385047913,,,0.9491356611251831,0.48
4l4z,0.8772050738334656,,,0.9443888068199158,-0.04
4l50,0.8404495120048523,,,0.9382255673408508,-0.02
4l51,0.9620993137359619,,,0.8640109896659851,-0.09
4l52,0.6843208074569702,,,0.965775728225708,-0.42
4l53,0.8868560194969177,,,0.927897572517395,0.42
4l58,,,,,-2.35
4l5j,0.7739526629447937,,,0.9146226644515991,-0.01
4l6q,1.791804552078247,,,0.7054973840713501,-0.25
4l6t,,,,,-2.87
4l70,0.610107421875,,,0.9551020264625549,-0.19
4l7b,1.8416978120803833,,,0.6830024719238281,-1.57
4l7c,1.6461334228515625,,,0.7878676652908325,-1.58
4l7d,1.3550355434417725,,,0.7757660150527954,-1.45
4l7f,1.090179681777954,,,0.8490152955055237,0.47
4l7g,1.28715980052948,,,0.8526951670646667,0.57
4l7h,1.906814455986023,,,0.7459806799888611,-0.53
4l7r,1.5610296726226807,,,0.891406238079071,-0.42
4l8m,2.144904613494873,,,0.6912891864776611,-0.38
4l9i,0.9480540752410889,,,0.8944153785705566,-0.38
4la7,2.7518258094787598,,,0.6128048896789551,0.23
4lar,0.31264740228652954,,,1.0,0.70
4lbl,,,,,-3.06
4lbo,,,,,-3.17
4lbp,0.49588635563850403,,,0.9854838848114014,-0.12
4lbu,1.1921049356460571,,,0.858562707901001,-0.51
4lc7,0.6227661967277527,,,0.9642857313156128,0.34
4led,0.9296024441719055,,,0.8743523359298706,-0.99
4len,0.2468753457069397,,,0.9975000023841858,0.07
4lg6,,,,,-2.96
4lge,1.121376872062683,,,0.8821598887443542,0.53
4lgg,0.49744731187820435,,,0.9613970518112183,0.07
4lgh,0.26105380058288574,,,0.9984399080276489,0.42
4lgu,2.127551794052124,,,0.6976163983345032,0.00
4lh2,0.9814910888671875,,,0.932659924030304,-0.09
4lh3,0.21291662752628326,,,1.0,-0.05
4lh5,32.12089157104492,,,0.0,-1.03
4lh7,0.33919697999954224,,,0.99472576379776,0.07
4lhv,1.2365168333053589,,,0.8615642786026001,-0.08
4li0,1.0474389791488647,,,0.8704985976219177,-0.30
4li7,0.7373510599136353,,,0.9488692283630371,0.29
4lil,0.42824289202690125,,,0.9813916087150574,-0.48
4lj5,1.0284661054611206,,,0.8635097742080688,-0.66
4ljh,,,,,-1.11
4lk7,,,,,-0.89
4lke,,,,,-1.98
4lkg,,,,,-2.11
4lkh,1.444622278213501,,,0.769271969795227,-0.68
4lkj,,,,,-1.84
4lkk,,,,,-0.85
4lkl,,,,,-3.32
4lkm,,,,,-1.57
4lko,0.9467852711677551,,,0.887005627155304,-0.32
4lkt,1.1258736848831177,,,0.8391866683959961,-0.08
4llj,0.2198834866285324,,,1.0,0.13
4llp,0.5529180765151978,,,0.9617347121238708,-0.27
4llx,0.28711554408073425,,,0.9963942170143127,-0.16
4lm2,0.33221253752708435,,,0.9848484992980957,0.17
4lm3,0.31583476066589355,,,0.9954819083213806,0.03
4lm4,0.5585594177246094,,,0.9560931921005249,-0.01
4lm5,1.6538175344467163,,,0.7930194735527039,0.14
4lmu,1.5868325233459473,,,0.7962538003921509,0.54
4ln2,,,,,-3.20
4ln7,0.7518807649612427,,,0.9128329157829285,0.15
4lnb,1.7409687042236328,,,0.7441016435623169,-2.33
4lng,1.0287623405456543,,,0.8494898080825806,-2.03
4lno,6.014932155609131,,,0.2688758373260498,-1.39
4lnp,,,,,-3.00
4loh,2.600393533706665,,,0.6140574812889099,-1.69
4loo,0.867323100566864,,,0.9098297357559204,0.27
4lov,0.8198909759521484,,,0.9033530354499817,-0.04
4loy,2.5325284004211426,,,0.7210379838943481,-0.66
4lp0,1.758607029914856,,,0.8720501661300659,-0.19
4lp9,,,,,-3.57
4lpb,0.5666699409484863,,,0.9492656588554382,0.21
4lpf,0.37993019819259644,,,1.0,1.00
4lps,0.9307775497436523,,,0.8947065472602844,-0.10
4lqg,1.282561182975769,,,0.8443649411201477,-1.18
4lqy,1.9013822078704834,,,0.7299319505691528,-0.57
4lsj,1.1335173845291138,,,0.864154040813446,0.38
4luo,0.8693346977233887,,,0.9248737096786499,0.19
4lv1,0.6471191644668579,,,0.9544270634651184,0.30
4lv3,0.5420737266540527,,,0.9701219797134399,-0.12
4lv4,0.5132973790168762,,,0.966317355632782,-0.36
4lvt,1.6237752437591553,,,0.749245285987854,-1.27
4lwc,1.1012623310089111,,,0.8378839492797852,0.02
4lwt,2.0668411254882812,,,0.650340735912323,-0.88
4lwu,2.2109997272491455,,,0.591549277305603,-1.88
4lwv,0.956963062286377,,,0.8505882620811462,0.39
4lxa,0.9670078754425049,,,0.8877788186073303,-0.10
4lxb,1.4079806804656982,,,0.8028932809829712,-0.88
4lxk,0.9582304954528809,,,0.8760543465614319,-0.28
4lxm,0.8887307047843933,,,0.8950764536857605,-0.19
4lxz,0.4649023115634918,,,0.97607421875,0.26
4ly9,1.517703652381897,,,0.7924164533615112,0.11
4lyn,0.5981119275093079,,,0.9642857313156128,0.30
4lys,2.408521890640259,,,0.5891265869140625,-2.40
4lzr,1.0756497383117676,,,0.8825364112854004,-0.98
4m0e,0.7976912260055542,,,0.928925633430481,-0.05
4m0f,1.3384366035461426,,,0.8236151337623596,-1.05
4m0y,0.24477553367614746,,,1.0,0.78
4m0z,0.26833629608154297,,,0.9959926009178162,0.69
4m12,0.29817497730255127,,,0.9982699155807495,0.79
4m13,0.24655205011367798,,,0.9983370304107666,0.76
4m14,0.2979138195514679,,,0.9945961236953735,0.81
4m1j,23.546756744384766,,,0.0,-1.92
4m2r,1.3426880836486816,,,0.7883620858192444,-0.48
4m2u,0.6875222325325012,,,0.9164859056472778,0.23
4m2v,0.5410550236701965,,,0.9654471278190613,0.63
4m2w,1.329025387763977,,,0.7881355881690979,-0.25
4m3e,0.770990252494812,,,0.9202755689620972,-0.39
4m3m,3.0432162284851074,,,0.7181318402290344,0.10
4m3p,0.5754508972167969,,,0.9725130796432495,-0.64
4m4q,1.0511701107025146,,,0.8666338324546814,0.13
4m5g,0.3841632604598999,,,0.9950381517410278,0.57
4m5k,0.6344227194786072,,,0.9517730474472046,0.37
4m5l,0.4732285737991333,,,0.9810956716537476,0.65
4m5n,0.17887166142463684,,,1.0,0.22
4m5r,0.4067305624485016,,,0.9937655925750732,0.32
4m5u,0.5381937623023987,,,0.9579107761383057,0.28
4m6u,0.6510483622550964,,,0.944656491279602,-0.69
4m7j,,,,,-2.12
4m7x,16.43817710876465,,,0.1484607756137848,-0.81
4m7y,0.5338272452354431,,,0.9672185182571411,-0.33
4m84,0.3583419620990753,,,0.9889525175094604,0.34
4m8e,0.6665787696838379,,,0.9552669525146484,0.34
4m8t,1.8757177591323853,,,0.7567567825317383,-0.60
4mao,1.1280386447906494,,,0.8357575535774231,-0.84
4mbi,0.7144719958305359,,,0.9597249627113342,0.50
4mbl,0.9991353750228882,,,0.9071316719055176,0.80
4mbp,,,,,-1.71
4mc1,0.9931111931800842,,,0.8631554841995239,-0.46
4mc2,1.2061268091201782,,,0.8282110095024109,-0.60
4mc6,1.1737537384033203,,,0.7942160367965698,-0.48
4mc9,1.3271584510803223,,,0.7911169528961182,-0.30
4mcb,0.808767557144165,,,0.9243499040603638,-0.33
4mcc,0.8058590292930603,,,0.9531468749046326,-0.13
4md6,0.5532880425453186,,,0.9577625393867493,0.09
4mdq,3.800903081893921,,,0.44553449749946594,-0.84
4mdt,3.543433666229248,,,0.4991687536239624,-1.46
4men,0.9992806911468506,,,0.9055793881416321,-0.05
4meo,0.6984779238700867,,,0.9200000166893005,-0.42
4mep,0.8465707898139954,,,0.8966292142868042,0.15
4mfe,4.187977313995361,,,0.39483627676963806,-0.08
4mg6,3.986556053161621,,,0.4148291051387787,-0.21
4mg8,1.594765305519104,,,0.7198629975318909,-0.43
4mga,1.0709768533706665,,,0.8703930974006653,-0.02
4mgv,5.696417808532715,,,0.37863704562187195,-0.91
4mha,9.48318099975586,,,0.3269045352935791,-0.80
4mhy,0.4761025905609131,,,0.9790528416633606,0.25
4mhz,1.2688989639282227,,,0.8458844423294067,-0.38
4mi3,1.2396879196166992,,,0.8361244201660156,-0.34
4mi6,1.037795066833496,,,0.8530176877975464,-0.35
4mi9,1.0724132061004639,,,0.8532796502113342,-0.18
4mib,0.4512743055820465,,,0.9740484356880188,0.90
4mic,0.5126582384109497,,,0.9655748605728149,-0.22
4mji,,,,,-3.71
4mk0,0.905770480632782,,,0.8787001371383667,0.06
4mk1,1.2184771299362183,,,0.8316831588745117,-0.15
4mk2,0.2851337194442749,,,1.0,0.04
4mk5,0.40742406249046326,,,0.9955621361732483,0.24
4mk7,0.43863993883132935,,,0.9823399782180786,0.22
4mk8,0.5194159150123596,,,0.9641943573951721,0.49
4mk9,0.9406072497367859,,,0.9339115023612976,0.69
4mlt,0.2940255403518677,,,1.0,0.34
4mlx,0.28978756070137024,,,0.9962121248245239,0.61
4mm4,0.8989871144294739,,,0.8836883306503296,0.01
4mm5,1.8699405193328857,,,0.6811728477478027,0.12
4mm8,0.8411455750465393,,,0.903329074382782,0.11
4mm9,0.8297085165977478,,,0.913965106010437,0.18
4mma,2.1647839546203613,,,0.6424278616905212,-1.19
4mme,0.5886048078536987,,,0.9399707317352295,0.03
4mmf,0.5559602379798889,,,0.9595310091972351,0.20
4mmm,0.4689820110797882,,,0.9779411554336548,0.48
4mmp,1.230453610420227,,,0.8722410798072815,-0.80
4mn3,,,,,-1.48
4mnp,0.7208278179168701,,,0.9378478527069092,-0.58
4mnq,,,,,-4.08
4mnva,,,,,-3.37
4mnvb,,,,,-2.47
4mnw,,,,,-3.70
4mnx,,,,,-3.67
4mny,,,,,-3.32
4mot,0.4181510806083679,,,0.993353009223938,0.41
4mp2,1.0588734149932861,,,0.8366972208023071,-0.17
4mpe,0.6150102019309998,,,0.9387568831443787,0.07
4mq1,9.999533653259277,,,0.1577620953321457,-0.97
4mq2,9.039965629577637,,,0.214252769947052,-0.48
4mr4,1.3097440004348755,,,0.878923773765564,-0.81
4mr5,0.12764877080917358,,,1.0,0.56
4mr6,1.1401516199111938,,,0.871996283531189,-0.81
4mrd,,,,,-2.40
4mrf,2.089827299118042,,,0.7228434681892395,-0.19
4mrg,0.5682328939437866,,,0.9433333277702332,0.10
4mrh,1.0137752294540405,,,0.9102316498756409,-0.28
4mrw,2.4922752380371094,,,0.6885592937469482,-0.08
4mss,0.6674619913101196,,,0.9370370507240295,0.35
4mvn,,,,,-0.67
4mvw,2.51336932182312,,,0.6341772079467773,-0.72
4mvy,2.609262228012085,,,0.6235923171043396,-0.70
4mw2,3.4551241397857666,,,0.4549461305141449,-1.05
4mw4,3.0656609535217285,,,0.5130533576011658,-0.56
4mw6,3.443631172180176,,,0.47396811842918396,-2.42
4mw7,2.4084997177124023,,,0.6102941036224365,-0.93
4mw9,3.1895289421081543,,,0.5091637969017029,-1.10
4mwb,2.5531527996063232,,,0.6192411780357361,-0.66
4mwe,2.1760733127593994,,,0.6520787477493286,-1.16
4mwq,0.5638327598571777,,,0.9672130942344666,0.57
4mww,1.1513373851776123,,,0.8842592835426331,0.07
4mx5,0.6069483757019043,,,0.9445793032646179,-0.57
4mx9,0.39491358399391174,,,0.9855595827102661,0.62
4mxa,0.9908427000045776,,,0.8678696155548096,0.15
4mxc,0.7480303645133972,,,0.9502016305923462,-0.20
4my6,2.070733070373535,,,0.6685696840286255,-1.52
4myd,1.3509926795959473,,,0.8551037907600403,0.20
4myh,1.619676947593689,,,0.652402400970459,-1.96
4myq,0.33663225173950195,,,0.9902548789978027,0.42
4mz4,0.700861930847168,,,0.9251572489738464,-0.17
4mz5,,,,,-2.56
4mz6,,,,,-2.52
4mzh,,,,,-2.47
4mzj,,,,,-3.48
4mzk,,,,,-3.35
4mzl,,,,,-3.24
4mzo,0.7887082099914551,,,0.9106699824333191,0.76
4mzs,0.6002534031867981,,,0.9550599455833435,0.89
4n07,3.848870277404785,,,0.5408617854118347,-0.88
4n1b,1.3793312311172485,,,0.7868911027908325,-0.95
4n1t,0.28169429302215576,,,0.9995164275169373,0.72
4n5d,0.4949672222137451,,,0.9856060743331909,-0.26
4n5g,0.5247301459312439,,,0.952974259853363,0.37
4n5t,,,,,-2.98
4n6g,0.5921929478645325,,,0.9509090781211853,-0.55
4n6h,0.6626941561698914,,,0.9351708292961121,0.48
4n6y,6.359638214111328,,,0.3247535526752472,0.36
4n7g,,,,,-2.61
4n7h,,,,,-2.87
4n7j,4.643035411834717,,,0.4134103059768677,-0.24
4n7u,0.7269209623336792,,,0.949999988079071,-1.33
4n7y,,,,,-2.85
4n84,,,,,-2.46
4n8d,0.9853367209434509,,,0.9118497371673584,-0.45
4n8e,1.058067798614502,,,0.8561905026435852,-0.01
4n98,0.34738174080848694,,,0.9942601919174194,0.64
4n9e,0.9271432757377625,,,0.8924508690834045,-0.45
4na4,1.0097564458847046,,,0.8655757904052734,-0.31
4nah,1.3451902866363525,,,0.848901093006134,-0.50
4nak,0.3130591809749603,,,0.9896593689918518,-0.22
4nal,0.41559022665023804,,,0.9709715843200684,-0.36
4nat,1.0845258235931396,,,0.8331071734428406,-0.56
4ncg,0.7881700992584229,,,0.9186102747917175,-0.08
4ncn,1.0235196352005005,,,0.8950299620628357,0.40
4ndu,0.9890864491462708,,,0.8516623973846436,-0.80
4ngm,3.2682952880859375,,,0.6780458092689514,-0.94
4ngn,0.9260616302490234,,,0.8833333253860474,-0.52
4ngp,2.6593968868255615,,,0.674069881439209,-1.19
4ngq,0.6332933306694031,,,0.9576530456542969,-0.94
4ngr,1.3450050354003906,,,0.8419051766395569,-1.24
4ngt,3.881368637084961,,,0.5799689292907715,-1.51
4nh8,0.9693617820739746,,,0.9082568883895874,0.87
4nhc,,,,,-3.58
4nhx,1.1409918069839478,,,0.8447986841201782,0.31
4nhy,2.3138978481292725,,,0.6797263622283936,0.54
4nie,0.9012428522109985,,,0.8910810947418213,-0.32
4nj3,2.539105176925659,,,0.6925080418586731,-0.18
4nka,1.6409095525741577,,,0.809449315071106,0.07
4nkt,1.9235918521881104,,,0.7325581312179565,-0.92
4nl1,1.7997041940689087,,,0.7732558250427246,-0.33
4nld,4.290492534637451,,,0.5846949815750122,-1.30
4nmo,,,,,-3.50
4nmp,,,,,-3.10
4nmq,,,,,-3.23
4nmr,,,,,-3.16
4nms,,,,,-3.05
4nmv,,,,,-2.76
4nni,0.2897354066371918,,,1.0,-1.09
4nnr,2.9167158603668213,,,0.5486257672309875,-3.67
4non,1.2545487880706787,,,0.91679447889328,0.41
4np2,0.4886145293712616,,,0.9595375657081604,0.20
4np3,0.8841031193733215,,,0.8728606104850769,0.12
4np9,1.1305809020996094,,,0.8204057216644287,-2.05
4npv,0.4720897376537323,,,0.9744681119918823,0.37
4nq6,1.0532639026641846,,,0.8397790193557739,0.30
4nra,0.6054978966712952,,,0.9239482283592224,0.58
4nrk,28.878772735595703,,,0.0,-2.10
4nrl,,,,,-2.44
4nrm,,,,,0.28
4nro,0.4183844029903412,,,0.9920494556427002,0.38
4nrp,0.17903897166252136,,,1.0,0.51
4nrq,2.231673002243042,,,0.7081185579299927,-0.56
4nrt,6.480078220367432,,,0.37784090638160706,-0.49
4nud,3.786648988723755,,,0.7139376401901245,-1.01
4nue,2.269456386566162,,,0.7068106532096863,-0.46
4nuf,,,,,-3.22
4nus,1.0178799629211426,,,0.8416411280632019,-0.03
4nvq,0.5967082977294922,,,0.9444444179534912,0.57
4nw5,2.0034592151641846,,,0.7168338894844055,-0.67
4nw7,0.7392358779907227,,,0.9399421215057373,0.01
4nwd,0.7007097005844116,,,0.9390547275543213,0.69
4nwk,1.14784836769104,,,0.8395522236824036,0.13
4nxr,,,,,-3.16
4nxs,0.5392103791236877,,,0.9593425393104553,-0.98
4nxu,22.0831356048584,,,0.0,-1.73
4nxv,23.718975067138672,,,0.0,-1.94
4ny3,,,,,-2.95
4nyf,0.9653475284576416,,,0.8721441030502319,-0.30
4nyi,1.7310348749160767,,,0.8138801455497742,-1.12
4nyj,0.7753991484642029,,,0.9619422554969788,-0.56
4nyt,0.9661329388618469,,,0.9195205569267273,-0.82
4nzm,,,,,-1.68
4nzn,,,,,-2.98
4nzo,,,,,-3.02
4o04,0.8345926403999329,,,0.9230769276618958,0.88
4o05,0.7984675168991089,,,0.9014970064163208,0.48
4o07,1.0198922157287598,,,0.8603526949882507,0.64
4o09,1.1801837682724,,,0.8152173757553101,-0.08
4o0b,0.8099789023399353,,,0.892988920211792,0.58
4o0r,0.6109009385108948,,,0.9685362577438354,-0.05
4o0z,0.6143392324447632,,,0.9484265446662903,-0.79
4o1d,0.7563842535018921,,,0.9323204159736633,-0.37
4o1l,0.6828265190124512,,,0.9417266249656677,0.21
4o2b,1.3450136184692383,,,0.8129290342330933,0.07
4o2c,,,,,-2.26
4o2e,,,,,-3.24
4o2f,,,,,-3.28
4o2p,0.807307243347168,,,0.9175127148628235,-0.29
4o36,,,,,-2.91
4o3a,3.974777936935425,,,0.3984794318675995,-4.25
4o3b,1.7268288135528564,,,0.6935679316520691,-0.45
4o3c,2.644421339035034,,,0.5640369057655334,-5.11
4o3t,,,,,-3.17
4o44,0.8790316581726074,,,0.900243878364563,-0.45
4o45,,,,,-3.40
4o4y,,,,,-1.78
4o5b,0.9734707474708557,,,0.9198113083839417,-1.02
4o61,0.36247217655181885,,,1.0,-0.01
4o62,,,,,-2.63
4o71,0.8131065368652344,,,0.9199438095092773,0.01
4o72,0.501858651638031,,,0.9654502868652344,0.14
4o74,1.3058415651321411,,,0.7858422994613647,-2.03
4o75,6.067302227020264,,,0.28015783429145813,-1.14
4o78,0.691330075263977,,,0.932692289352417,-0.68
4o7a,0.7482779026031494,,,0.9238241314888,-0.66
4o7d,0.8037370443344116,,,0.9171923995018005,-0.27
4o91,0.6698357462882996,,,0.9369092583656311,0.15
4o9w,,,,,-2.64
4oag,24.48127555847168,,,0.0013601741520687938,-1.45
4oak,,,,,-0.00
4ob0,2.1667354106903076,,,0.646039605140686,-0.42
4ob1,2.6466803550720215,,,0.5917721390724182,-0.11
4ob2,3.175607442855835,,,0.5260869860649109,-0.03
4oba,4.078468322753906,,,0.5264565944671631,-1.21
4obp,1.5788979530334473,,,0.8447154760360718,0.27
4obq,0.5997283458709717,,,0.960392415523529,0.23
4oc0,0.9057114720344543,,,0.8927083611488342,-0.37
4oc1,0.9256666302680969,,,0.9037356376647949,-0.75
4oc2,0.48660996556282043,,,0.980134129524231,-0.25
4oc3,1.2803497314453125,,,0.8478354811668396,-0.21
4oc4,0.8490934371948242,,,0.8963684439659119,-0.67
4oc5,1.3608769178390503,,,0.8067434430122375,-0.49
4occ,1.2513337135314941,,,0.8052940964698792,-0.51
4ock,1.5061897039413452,,,0.7978098392486572,-0.70
4ocp,1.6555194854736328,,,0.7171945571899414,-0.63
4ocq,1.0012025833129883,,,0.8676160573959351,-0.36
4oct,0.516549289226532,,,0.9620689749717712,0.54
4ocv,1.023121953010559,,,0.8647686839103699,-0.69
4od7,,,,,-2.66
4ode,1.866529941558838,,,0.6916243433952332,-0.10
4odf,2.259676218032837,,,0.6492842435836792,-0.85
4odk,,,,,-3.20
4odl,,,,,-3.43
4odp,,,,,-2.58
4odq,,,,,-2.88
4oee,,,,,-2.18
4oeg,,,,,-2.34
4oel,,,,,-2.87
4oem,,,,,-2.49
4oeu,14.367425918579102,,,0.0091210613027215,-0.70
4oew,0.49933764338493347,,,0.9797297120094299,0.18
4ofb,,,,,-2.85
4ofl,13.236281394958496,,,0.024025974795222282,-0.86
4og3,1.2080119848251343,,,0.8730828166007996,-0.15
4og4,2.7434473037719727,,,0.6110751032829285,0.05
4og5,3.1117875576019287,,,0.5538366436958313,-0.15
4og7,2.891961097717285,,,0.5466439127922058,-0.11
4og8,1.3930689096450806,,,0.8525640964508057,-0.37
4ogi,1.322428822517395,,,0.7864583134651184,-1.37
4ogn,0.9277670383453369,,,0.885869562625885,0.18
4ogt,0.9449175596237183,,,0.8524436354637146,-0.32
4ogv,1.8310376405715942,,,0.7379032373428345,-1.29
4oi6,0.2171240597963333,,,1.0,-2.95
4ok3,0.6174681782722473,,,0.9490654468536377,0.08
4okp,21.803232192993164,,,0.0,-0.15
4olc,35.764404296875,,,0.0,-1.16
4old,32.850948333740234,,,0.0,-0.07
4omj,1.2647486925125122,,,0.8360242247581482,0.02
4omk,1.050016164779663,,,0.8248193860054016,-0.22
4onf,,,,,-2.47
4ono,1.600327968597412,,,0.7549999952316284,-0.50
4oo9,1.7330256700515747,,,0.7483642101287842,-0.08
4ool,0.7679712176322937,,,0.9331658482551575,-0.43
4oon,0.8104913234710693,,,0.9370689392089844,-0.71
4oow,0.29653632640838623,,,0.9963592290878296,0.16
4oq3,0.8152090311050415,,,0.9027072787284851,0.18
4oq5,2.9746689796447754,,,0.6242272257804871,-1.20
4oq6,0.8301977515220642,,,0.9126505851745605,0.10
4or6,25.070697784423828,,,0.0,-1.68
4oru,8.136281967163086,,,0.18743890523910522,-2.21
4orx,12.107666969299316,,,0.11285240203142166,-1.86
4ory,4.835172653198242,,,0.4408590793609619,-2.19
4os1,,,,,-3.40
4os2,,,,,-3.06
4os4,,,,,-3.52
4os5,,,,,-3.22
4os6,,,,,-3.67
4os7,,,,,-3.54
4osf,0.5717683434486389,,,0.9543918967247009,0.54
4otw,1.9182546138763428,,,0.6419624090194702,-0.95
4ou3,,,,,-3.08
4oue,0.5385339260101318,,,0.9626505970954895,-1.01
4ouj,,,,,-2.03
4ov5,,,,,-2.99
4ovf,0.7553583979606628,,,0.9454419612884521,0.88
4ow0,0.7307745814323425,,,0.9259049892425537,-0.20
4oya,0.6827353835105896,,,0.9334269762039185,0.24
4oyb,0.31933218240737915,,,0.9958449006080627,0.25
4oyi,0.2656611502170563,,,0.9949355721473694,0.46
4oym,0.5971476435661316,,,0.9545813798904419,0.31
4oyo,0.32425832748413086,,,1.0,-0.12
4oys,2.0596752166748047,,,0.6998094320297241,-0.16
4oyt,1.6922775506973267,,,0.7747559547424316,-1.49
4oz2,0.4537312090396881,,,0.9821958541870117,0.15
4oz3,0.42641475796699524,,,0.985061526298523,0.35
4ozj,2.301694393157959,,,0.659866452217102,-0.71
4ozl,1.7353070974349976,,,0.7807262539863586,-0.68
4ozn,1.6524441242218018,,,0.78669273853302,-0.42
4p0a,,,,,-1.85
4p0b,,,,,-1.55
4p0v,0.8824132680892944,,,0.9411357045173645,-1.63
4p0w,2.0490944385528564,,,0.6727527976036072,-2.03
4p0x,6.743525981903076,,,0.270860493183136,-1.29
4p10,2.0869076251983643,,,0.7189516425132751,0.25
4p3h,0.6976041793823242,,,0.9407008290290833,-0.57
4p45,3.3117260932922363,,,0.7360764741897583,-0.66
4p4d,0.8177283406257629,,,0.898329496383667,-0.29
4p4e,2.451204776763916,,,0.7018442749977112,-0.34
4p4j,0.9328478574752808,,,0.9429976940155029,-0.72
4p4t,1.0395578145980835,,,0.9144431352615356,0.29
4p58,0.12961934506893158,,,1.0,0.72
4p6c,1.470369815826416,,,0.8391813039779663,0.26
4p6g,1.437092661857605,,,0.8135294318199158,0.00
4p6w,1.6383291482925415,,,0.7541102766990662,-0.10
4p6x,1.2601419687271118,,,0.8217675089836121,-0.03
4p73,0.8614841103553772,,,0.9220328330993652,-0.49
4p74,9.25898551940918,,,0.25629723072052,0.08
4p75,0.3603520691394806,,,0.9917898178100586,0.15
4p90,1.2094188928604126,,,0.7840909361839294,-0.15
4pax,0.16305164992809296,,,1.0,0.41
4pb1,1.2821857929229736,,,0.8228744864463806,-0.15
4pb2,1.0845445394515991,,,0.8567864298820496,-0.37
4pce,0.3575406074523926,,,0.9819999933242798,0.44
4pci,0.8790360689163208,,,0.8585608005523682,-0.28
4pcs,1.050697922706604,,,0.8989130258560181,-0.57
4pct,0.7590926289558411,,,0.938829779624939,-0.44
4pd5,1.096493124961853,,,0.8635902404785156,-0.42
4pd6,0.9916163086891174,,,0.8887130618095398,-0.52
4pd7,0.9955733418464661,,,0.884782612323761,-0.55
4pd8,1.2679970264434814,,,0.8086472749710083,-0.73
4pda,1.0492137670516968,,,0.8628364205360413,-0.41
4pdk,2.325324296951294,,,0.6975524425506592,-1.79
4pee,0.6886292099952698,,,0.9420432448387146,-0.40
4pf5,36.40496826171875,,,0.0,-0.24
4pft,,,,,-0.23
4pfu,,,,,-0.50
4pg9,,,,,-3.20
4pgb,,,,,-3.60
4pgc,,,,,-3.41
4pge,,,,,-3.41
4pgh,0.8552883863449097,,,0.877811074256897,-0.26
4ph4,0.8860450983047485,,,0.8913872241973877,0.52
4phu,1.094411849975586,,,0.9110915660858154,-0.81
4phv,0.6333523988723755,,,0.932034969329834,-0.30
4phw,0.4970288872718811,,,0.97826087474823,0.23
4pid,0.4809747040271759,,,0.9743055701255798,-0.07
4pin,0.3908120095729828,,,0.9841176271438599,0.60
4pio,0.42359277606010437,,,0.9864066243171692,0.32
4piq,0.7724485993385315,,,0.9259694218635559,-0.13
4pkb,,,,,-0.54
4pkr,0.6575029492378235,,,0.9435725212097168,-0.15
4pks,1.0914039611816406,,,0.8989999890327454,-0.26
4pl0,0.9695296883583069,,,0.878858745098114,-0.55
4pl3,46.97610855102539,,,0.0,-1.15
4pl6,,,,,-0.09
4pli,,,,,-0.14
4pmm,0.7605897188186646,,,0.9230009913444519,0.08
4pn1,,,,,-2.44
4pnc,0.5266932249069214,,,0.9740802645683289,-0.04
4pni,0.6844618320465088,,,0.9405913949012756,0.05
4pnl,0.47815191745758057,,,0.965831458568573,0.89
4pnm,0.47970330715179443,,,0.959979236125946,-0.06
4pnn,0.16147209703922272,,,1.0,0.75
4pnq,0.14302082359790802,,,1.0,0.47
4pnr,0.24061274528503418,,,1.0,1.09
4pns,0.21734391152858734,,,1.0,-0.02
4pnt,0.12971697747707367,,,1.0,0.30
4poh,0.8200159072875977,,,0.9221901893615723,0.16
4pop,0.7515190243721008,,,0.9233383536338806,-0.04
4pp5,0.5767647624015808,,,0.9570086598396301,0.20
4pp9,2.2020771503448486,,,0.7749643325805664,-0.39
4pqa,2.3439719676971436,,,0.6824712753295898,-0.68
4pqn,0.7134472131729126,,,0.9457259178161621,-0.33
4prb,,,,,-2.98
4prd,,,,,-2.87
4pre,,,,,-3.11
4prh,,,,,-3.85
4pri,,,,,-3.64
4prn,,,,,-3.15
4pry,,,,,-1.44
4ps0,,,,,-1.89
4ps1,,,,,-2.18
4psb,1.9484513998031616,,,0.6693548560142517,-0.43
4psh,1.4789155721664429,,,0.7858890891075134,-4.19
4psq,1.3021386861801147,,,0.8225911259651184,-0.49
4ptc,1.5400886535644531,,,0.8548387289047241,0.64
4pte,0.5392249226570129,,,0.9608963131904602,0.56
4pv5,1.846817135810852,,,0.6866739988327026,-1.09
4pvo,3.5853054523468018,,,0.4308072626590729,-1.00
4pvt,0.4373655617237091,,,0.9815914630889893,-0.51
4px6,0.7449142932891846,,,0.9325293302536011,0.42
4pxf,,,,,-3.10
4pxm,0.9021544456481934,,,0.8871251940727234,0.25
4py1,3.8391897678375244,,,0.5285326242446899,0.28
4py2,0.3735310733318329,,,0.9916267991065979,-0.00
4py4,0.9272542595863342,,,0.9676966071128845,-1.02
4pyo,0.7555439472198486,,,0.9140019416809082,0.14
4pyv,0.9442809224128723,,,0.8717851638793945,-0.54
4pyx,2.0490286350250244,,,0.7141566276550293,-0.47
4pyy,1.7037817239761353,,,0.777057945728302,-0.35
4pz5,,,,,-3.35
4pz8,,,,,-1.60
4pzh,2.051421880722046,,,0.7368651628494263,0.36
4q06,0.6142604351043701,,,0.9609872698783875,-0.09
4q07,0.4100484549999237,,,0.9766462445259094,0.25
4q08,1.1991382837295532,,,0.8642454147338867,-0.67
4q09,1.098179817199707,,,0.9004629850387573,0.07
4q0a,8.069954872131348,,,0.20250895619392395,-0.65
4q0k,1.4027692079544067,,,0.775928795337677,-0.09
4q0l,0.532729983329773,,,0.9735022783279419,-0.19
4q15,0.5125173926353455,,,0.9647390842437744,0.04
4q18,0.8252109289169312,,,0.8600398898124695,-0.58
4q1a,0.8805261254310608,,,0.8740694522857666,0.03
4q1b,0.9401041865348816,,,0.888688325881958,-0.34
4q1f,0.8407750725746155,,,0.9100558757781982,0.06
4q1n,2.989359140396118,,,0.6662644743919373,-0.32
4q46,3.329091787338257,,,0.47348859906196594,-0.55
4q4e,4.198512077331543,,,0.5914419889450073,-0.67
4q4i,,,,,-2.12
4q4o,0.9512244462966919,,,0.8534964919090271,0.09
4q4p,0.34289562702178955,,,0.9934554696083069,0.51
4q4q,0.43199244141578674,,,0.9923518300056458,0.02
4q4r,0.4702872037887573,,,0.9816513657569885,0.44
4q6d,0.47616416215896606,,,0.9847931861877441,0.67
4q6f,,,,,-2.27
4q7p,0.25351858139038086,,,1.0,0.91
4q7s,0.18125826120376587,,,1.0,0.79
4q7v,0.16047880053520203,,,1.0,0.82
4q7w,0.26770156621932983,,,1.0,0.63
4q81,0.36534830927848816,,,0.980240523815155,0.06
4q83,0.185309037566185,,,1.0,0.88
4q87,0.16883280873298645,,,1.0,0.67
4q8x,1.1187549829483032,,,0.8278443217277527,0.42
4q8y,0.18631841242313385,,,1.0,0.72
4q90,0.14517049491405487,,,1.0,0.43
4q93,0.6258357167243958,,,0.9514462947845459,-0.58
4q99,0.14510604739189148,,,1.0,0.36
4q9m,0.5602334141731262,,,0.9572591781616211,-0.05
4q9o,0.38466134667396545,,,0.9873633980751038,0.05
4q9s,0.5373481512069702,,,0.9572599530220032,0.31
4q9y,0.3210620880126953,,,1.0,0.21
4q9z,0.9578263163566589,,,0.8867449760437012,0.47
4qaa,0.8399914503097534,,,0.864098846912384,-0.55
4qag,0.42165881395339966,,,0.9939024448394775,-0.62
4qb3,0.24912652373313904,,,1.0,-0.38
4qbm,,,,,-2.92
4qc1,,,,,-2.13
4qem,0.4138632118701935,,,0.9768258333206177,0.06
4qer,0.6652717590332031,,,0.9407484531402588,-0.13
4qf7,,,,,-1.15
4qf8,0.92583829164505,,,0.9190751314163208,0.00
4qfg,0.9519339203834534,,,0.9077328443527222,-0.15
4qfn,,,,,-1.33
4qfo,,,,,-1.25
4qfp,,,,,-1.95
4qfs,17.210468292236328,,,0.0015120967291295528,0.11
4qgd,0.8707385063171387,,,0.9060364365577698,-0.29
4qgg,0.9192529320716858,,,0.908912181854248,-0.26
4qgh,0.8006810545921326,,,0.9296973347663879,-0.19
4qgi,1.36037015914917,,,0.8219852447509766,-0.63
4qh7,,,,,-2.92
4qh8,,,,,-1.71
4qhc,2.1321396827697754,,,0.6686747074127197,-1.71
4qht,1.1086549758911133,,,0.8187633156776428,-0.45
4qip,0.9201564788818359,,,0.8935439586639404,-1.01
4qir,1.2666734457015991,,,0.8660388588905334,-0.12
4qiy,0.6520816683769226,,,0.970822274684906,-0.40
4qiz,1.1415594816207886,,,0.8938709497451782,-0.47
4qj0,1.6282548904418945,,,0.8077548742294312,-0.73
4qjm,5.0552778244018555,,,0.38577982783317566,-0.28
4qjo,0.4105423390865326,,,0.9855182766914368,-0.05
4qjr,3.210512161254883,,,0.5272494554519653,-2.84
4qjw,0.4108085334300995,,,0.989130437374115,-0.09
4qjx,1.800047516822815,,,0.7811203598976135,-0.05
4qk4,3.477381944656372,,,0.5291821360588074,-2.72
4qkd,0.9254843592643738,,,0.8932836055755615,0.77
4qkx,2.1200554370880127,,,0.7171491980552673,-0.18
4ql8,0.786528468132019,,,0.8936949968338013,0.24
4qlk,,,,,-1.45
4qll,,,,,-1.42
4qme,0.8354944586753845,,,0.9208973050117493,-0.00
4qmm,1.3460004329681396,,,0.8603047728538513,-0.28
4qmn,1.0823163986206055,,,0.8682119250297546,-0.57
4qmq,0.9377315640449524,,,0.9059171676635742,0.38
4qms,1.887336254119873,,,0.7048938870429993,-0.61
4qmx,1.2768008708953857,,,0.8377028703689575,-0.53
4qmz,1.5033948421478271,,,0.8931518197059631,-0.33
4qn7,0.7752124071121216,,,0.9070000052452087,0.19
4qn9,2.612161159515381,,,0.5501968264579773,-1.66
4qnb,2.0435197353363037,,,0.760769248008728,-2.15
4qnu,1.4073121547698975,,,0.8090550899505615,-0.64
4qo4,2.7827396392822266,,,0.5259179472923279,-3.11
4qok,,,,,-3.56
4qp1,0.7042941451072693,,,0.9179012179374695,0.45
4qpd,2.2090697288513184,,,0.8702531456947327,-0.49
4qpl,1.444534182548523,,,0.7750272154808044,-0.77
4qq4,,,,,-2.78
4qq5,0.9044555425643921,,,0.8595022559165955,-0.43
4qqc,1.2435047626495361,,,0.8383771777153015,-0.72
4qqi,,,,,-3.23
4qr3,3.0416970252990723,,,0.7017353773117065,0.09
4qr4,3.131211280822754,,,0.6410526037216187,-0.39
4qr5,0.5688727498054504,,,0.9710424542427063,0.13
4qrc,0.838152289390564,,,0.9210628271102905,0.23
4qrh,2.507780075073242,,,0.7175664901733398,-1.38
4qsu,0.3706631660461426,,,0.980861246585846,0.22
4qsv,1.219557523727417,,,0.8512396812438965,0.14
4qsw,1.6072750091552734,,,0.7861445546150208,-0.32
4qsx,0.9601085186004639,,,0.9090909361839294,0.17
4qt0,1.807848334312439,,,0.7904599905014038,-0.86
4qt2,3.4446849822998047,,,0.5486363768577576,-2.28
4qtl,3.200702428817749,,,0.6608204245567322,-1.04
4qtn,0.752622663974762,,,0.9338358640670776,-0.04
4qyh,0.9409860372543335,,,0.8627958297729492,0.15
4qzs,1.61208176612854,,,0.8220000267028809,-0.19
4r06,1.0965890884399414,,,0.8177965879440308,-1.11
4r0a,0.895595133304596,,,0.902046799659729,-0.95
4r1e,,,,,-3.51
4r1y,1.1838856935501099,,,0.8823845386505127,-0.45
4r3b,5.505300521850586,,,0.4084070920944214,-0.77
4r3c,0.5958491563796997,,,0.9701727032661438,0.31
4r3w,,,,,-1.18
4r4q,0.6470896005630493,,,0.9603421688079834,0.13
4r4t,0.8027105927467346,,,0.9202380776405334,0.60
4r59,2.568986654281616,,,0.7570621371269226,-0.28
4r5a,5.426387310028076,,,0.45805811882019043,-0.48
4r5b,3.4562957286834717,,,0.625,-0.78
4r5w,0.9370059370994568,,,0.8847328424453735,0.28
4r5x,1.5712714195251465,,,0.8156911730766296,0.37
4r5y,0.7880818843841553,,,0.9137687683105469,0.03
4r6e,0.9192842841148376,,,0.8931108117103577,0.18
4r6v,0.9372546672821045,,,0.9156548380851746,-0.39
4r73,0.6210507750511169,,,0.9471228718757629,0.20
4r74,0.5429983735084534,,,0.9674267172813416,0.23
4r75,1.0878734588623047,,,0.8797070980072021,0.21
4ra1,1.3085750341415405,,,0.8153619170188904,-0.65
4ra5,2.3542087078094482,,,0.6357308626174927,-0.77
4rab,6.103944301605225,,,0.4220588207244873,-0.79
4rac,0.5309884548187256,,,0.9761549830436707,-0.61
4rad,0.9474464058876038,,,0.8656437397003174,-0.83
4ran,1.2436809539794922,,,0.927314817905426,-0.76
4rao,0.7289044260978699,,,0.928684651851654,-0.84
4raq,0.4723145365715027,,,0.9799679517745972,-0.55
4rce,0.6301674842834473,,,0.9523161053657532,0.52
4rcg,1.3098905086517334,,,0.8102648854255676,-0.47
4rcp,,,,,-1.26
4rd0,1.6592485904693604,,,0.7936046719551086,-0.16
4rd3,1.1766234636306763,,,0.87147057056427,-0.20
4rd6,1.0978517532348633,,,0.8849306702613831,0.14
4re2,1.3430973291397095,,,0.810251772403717,-0.44
4re3,0.6781579256057739,,,0.9383494853973389,0.25
4re4,0.534774899482727,,,0.9709762334823608,0.58
4re9,0.9556372165679932,,,0.8948655128479004,0.03
4res,1.8618342876434326,,,0.6920811533927917,-0.84
4ret,6.458610534667969,,,0.26251456141471863,-2.16
4rfd,0.8563052415847778,,,0.9262195229530334,0.58
4rfm,1.3237135410308838,,,0.8855005502700806,-0.65
4rg0,1.468928337097168,,,0.7749793529510498,-1.17
4rgd,1.5860915184020996,,,0.8022598624229431,-1.60
4rhu,0.9262775182723999,,,0.8924689292907715,-1.23
4rhx,1.2795953750610352,,,0.8704426884651184,-0.93
4rhy,0.8408367037773132,,,0.9170579314231873,-1.62
4rio,0.6688779592514038,,,0.9577603340148926,0.68
4ris,,,,,-2.60
4riu,3.95003080368042,,,0.7230215668678284,-0.37
4riv,0.5539102554321289,,,0.9515503644943237,0.62
4rj3,0.6235702633857727,,,0.9398148059844971,0.19
4rj8,6.229440212249756,,,0.32295817136764526,-0.69
4rkx,0.5943835377693176,,,0.9558139443397522,0.69
4rlk,0.5735588669776917,,,0.953125,-0.32
4rlt,1.5710290670394897,,,0.8322740197181702,0.09
4rlu,0.6174352169036865,,,0.9311352372169495,-0.26
4rlw,1.6902010440826416,,,0.7591911554336548,-0.29
4rn0,5.377938270568848,,,0.4279874265193939,-1.59
4rn1,6.308697700500488,,,0.24729730188846588,-1.57
4rn2,5.881015300750732,,,0.2854141592979431,-2.17
4rn4,1.5649731159210205,,,0.8502824902534485,-0.95
4rpn,1.1245837211608887,,,0.8582352995872498,-1.11
4rpo,0.7188165783882141,,,0.9442090392112732,-0.20
4rpv,5.855540752410889,,,0.3156818151473999,0.27
4rqi,,,,,-2.91
4rqk,18.269775390625,,,0.0002585315378382802,-0.43
4rr6,1.591559648513794,,,0.8059247136116028,-0.27
4rrg,1.3935190439224243,,,0.8281433582305908,-0.71
4rrq,1.1736595630645752,,,0.8232954740524292,-0.76
4rs0,0.4310162663459778,,,0.9656750559806824,0.14
4rse,2.00683331489563,,,0.774796187877655,-0.05
4rsk,1.3566728830337524,,,0.7679533362388611,-0.45
4rsp,,,,,-2.03
4rt0,5.504648685455322,,,0.46419328451156616,-2.94
4rt1,5.6233062744140625,,,0.3245173692703247,-2.75
4ruu,1.696458101272583,,,0.7316849827766418,-0.24
4rux,0.17020796239376068,,,1.0,0.82
4ruy,0.5323367118835449,,,0.9825419187545776,0.84
4ruz,0.17495596408843994,,,1.0,0.87
4rvr,1.9167134761810303,,,0.7451076507568359,-0.70
4rvt,0.5642120242118835,,,0.9624999761581421,0.51
4rwj,0.6317765116691589,,,0.9524082541465759,0.07
4rwk,0.9242333173751831,,,0.8841607570648193,-0.16
4rwl,0.5805464386940002,,,0.9582338929176331,0.60
4rww,3.715745210647583,,,0.442552387714386,-1.29
4rx5,0.831871509552002,,,0.9132096171379089,0.18
4rxc,0.735949695110321,,,0.8815789222717285,-1.23
4rxd,0.39461660385131836,,,0.988068163394928,-0.72
4rxz,,,,,-3.32
4ryl,0.4701264500617981,,,0.992514967918396,-0.01
4rz1,2.3811421394348145,,,0.7490421533584595,-0.39
4s3e,37.73475646972656,,,0.0,-1.60
4s3f,41.392208099365234,,,0.0,-1.53
4sga,,,,,-1.38
4std,0.7634719610214233,,,0.9199346303939819,-0.06
4tim,0.2684234380722046,,,1.0,-0.05
4tju,0.4930141568183899,,,0.9796819686889648,0.45
4tjw,0.7243523597717285,,,0.966438353061676,0.54
4tjy,0.9612815976142883,,,0.9395306706428528,0.90
4tjz,0.6611263751983643,,,0.9473684430122375,0.32
4tk0,2.1637444496154785,,,0.7507061958312988,-0.10
4tk2,,,,,-2.88
4tk3,,,,,-2.50
4tk4,,,,,-3.45
4tk5,2.4093985557556152,,,0.6415533423423767,-0.35
4tkf,0.8734131455421448,,,0.9255373477935791,0.19
4tkg,0.685987114906311,,,0.9442250728607178,0.09
4tkh,0.996953010559082,,,0.8579545617103577,0.14
4tkj,0.8892539739608765,,,0.8732876777648926,0.02
4tkn,,,,,-3.33
4tky,,,,,-1.72
4tln,0.6185958981513977,,,0.9685583114624023,0.55
4tlr,1.7427098751068115,,,0.818498432636261,-0.10
4tmf,0.7890689969062805,,,0.9229098558425903,-0.59
4tmk,1.4675441980361938,,,0.796655535697937,-0.74
4tmp,,,,,-2.99
4tmr,2.9003190994262695,,,0.5949855446815491,-0.20
4tn2,0.7003969550132751,,,0.9028998017311096,0.41
4tn4,2.993196964263916,,,0.5650720000267029,-0.37
4to8,,,,,-0.34
4tpk,1.0050342082977295,,,0.8850993514060974,-0.54
4tpm,0.9007882475852966,,,0.8823529481887817,0.10
4tq3,0.5551963448524475,,,0.9685114622116089,-0.04
4tqn,0.7702007293701172,,,0.9479798078536987,-0.54
4trw,,,,,-1.43
4trz,,,,,-1.43
4ts1,6.8333306312561035,,,0.21946564316749573,-1.07
4tsx,0.9554348587989807,,,0.8971630930900574,-0.45
4tt2,,,,,-1.11
4tte,0.5094955563545227,,,0.9661246538162231,-0.29
4ttv,2.2706103324890137,,,0.600237250328064,-1.22
4tu4,0.35149502754211426,,,0.9959595799446106,0.32
4tun,1.3345907926559448,,,0.8229166865348816,-0.49
4tw7,1.898280382156372,,,0.7780748605728149,-1.36
4tw8,4.128733158111572,,,0.614061176776886,-2.66
4tw9,0.8673527836799622,,,0.8807077407836914,-0.51
4twt,,,,,-2.15
4tww,1.1571896076202393,,,0.8175504803657532,-0.21
4tx6,0.8474193811416626,,,0.8207395672798157,-0.46
4txc,1.8463956117630005,,,0.7465351819992065,-1.00
4txe,1.1221450567245483,,,0.8629842400550842,-0.58
4txs,1.115054726600647,,,0.855867326259613,-0.97
4tyb,1.0812606811523438,,,0.7927350401878357,0.08
4tyl,0.14362214505672455,,,1.0,-0.20
4tyt,0.3735235333442688,,,0.9911764860153198,0.18
4tz2,2.1229870319366455,,,0.6591760516166687,-0.69
4tz8,0.5652074217796326,,,0.9568965435028076,0.07
4tzm,,,,,-3.25
4tzn,,,,,-3.38
4tzq,,,,,-2.99
4u03,2.1569464206695557,,,0.7572662830352783,-1.09
4u0a,,,,,-3.41
4u0b,,,,,-2.69
4u0c,,,,,-3.19
4u0d,,,,,-2.53
4u0m,1.3496026992797852,,,0.805627167224884,-1.13
4u0u,2.8108863830566406,,,0.5712766051292419,-0.90
4u0w,0.8021514415740967,,,0.9158815741539001,-0.49
4u1b,0.565955638885498,,,0.9611368775367737,0.18
4u2w,,,,,-3.25
4u2y,1.1751735210418701,,,0.8217418789863586,-0.50
4u44,0.4935702681541443,,,0.9682410359382629,0.26
4u4s,0.8867307305335999,,,0.8783783912658691,-0.74
4u4x,1.0290089845657349,,,0.818371593952179,-0.48
4u54,0.47786760330200195,,,0.9912587404251099,-0.28
4u5j,1.0481473207473755,,,0.8874296545982361,-0.15
4u68,,,,,-2.90
4u69,0.5412769913673401,,,0.9517195820808411,0.54
4u6e,0.4738250970840454,,,0.9747058749198914,0.39
4u6w,0.5201089382171631,,,0.9643691778182983,0.14
4u6z,0.8708937168121338,,,0.9228231906890869,0.46
4u70,0.6038417816162109,,,0.95168536901474,0.47
4u71,1.0186996459960938,,,0.8859338164329529,0.28
4u73,0.5789724588394165,,,0.9582278728485107,0.76
4u7o,1.068950891494751,,,0.8344594836235046,0.40
4u7t,,,,,-3.10
4u7v,1.289482593536377,,,0.8057500123977661,-0.35
4u82,1.2814314365386963,,,0.8328366875648499,-0.57
4u90,,,,,-2.51
4u91,,,,,-2.80
4ua8,,,,,-0.98
4uac,,,,,-1.17
4uat,0.5046272277832031,,,0.9643361568450928,-0.10
4uau,0.5469511151313782,,,0.9622905254364014,-0.13
4uc5,14.74575424194336,,,0.0,-1.48
4ucc,0.5242643356323242,,,0.9477434754371643,-0.16
4ucd,0.3469180762767792,,,0.9905914068222046,-0.33
4uce,2.9504432678222656,,,0.7892045378684998,-0.43
4uco,0.8872056603431702,,,0.9063962697982788,-0.17
4ucr,0.29859548807144165,,,1.0,-0.19
4ucs,0.2878789007663727,,,1.0,-0.08
4uct,28.86066436767578,,,0.0,-0.19
4ucu,4.540591239929199,,,0.492324560880661,-0.88
4ucv,0.24407941102981567,,,1.0,-0.25
4uda,1.1702145338058472,,,0.8436768054962158,0.09
4udb,3.1968226432800293,,,0.5504351258277893,-3.23
4ue1,,,,,-3.20
4ufh,0.6074379682540894,,,0.9684343338012695,0.08
4ufi,0.6901376247406006,,,0.9308642148971558,0.57
4ufj,1.162081003189087,,,0.8667035102844238,0.13
4ufk,0.7439533472061157,,,0.9375,-0.14
4ufl,1.2966728210449219,,,0.8653061389923096,-0.41
4ufm,0.9088215827941895,,,0.9041479825973511,-0.24
4ui5,0.4401528835296631,,,0.967391312122345,0.62
4ui6,0.1515568345785141,,,1.0,0.53
4uia,0.8390934467315674,,,0.8994728922843933,-0.39
4uib,4.6663055419921875,,,0.516331672668457,-1.11
4uil,1.9722481966018677,,,0.7997032403945923,-0.42
4uin,1.4207836389541626,,,0.8329678177833557,-0.48
4uit,1.0769520998001099,,,0.8547207713127136,-0.92
4uiu,0.835979700088501,,,0.9303797483444214,-0.23
4uiw,0.6031275987625122,,,0.9553695917129517,-0.54
4uix,0.9543917775154114,,,0.8828369975090027,-0.53
4uiz,0.8599349856376648,,,0.9290322661399841,-1.20
4uj1,7.10468864440918,,,0.2533906102180481,-0.87
4ujb,2.0871570110321045,,,0.6757900714874268,-0.19
4um9,,,,,-3.05
4uma,0.24967582523822784,,,1.0,0.02
4umb,0.2506644129753113,,,1.0,-0.06
4umc,0.4380214512348175,,,0.9869632124900818,-0.03
4umn,,,,,-3.09
4unn,1.0457955598831177,,,0.8254936337471008,-0.37
4unp,0.18729637563228607,,,1.0,0.16
4unq,0.8374369740486145,,,0.9361360669136047,0.22
4uns,0.6959671974182129,,,0.9721165895462036,0.25
4uof,0.6157917380332947,,,0.9279963970184326,-0.81
4uoh,1.1823232173919678,,,0.8003906011581421,-1.00
4up5,15.612245559692383,,,0.012704918161034584,-0.42
4ura,0.45091235637664795,,,0.9727979302406311,0.83
4urk,2.365279197692871,,,0.7114472389221191,0.61
4url,2.013633966445923,,,0.7054738402366638,-1.36
4urm,1.3260658979415894,,,0.784637451171875,-1.54
4urw,0.7330806255340576,,,0.9360576868057251,-0.09
4urx,1.8034045696258545,,,0.8702290058135986,0.24
4us3,10.861351013183594,,,0.06641913950443268,-2.62
4us4,11.898689270019531,,,0.04607371613383293,-2.89
4usi,7.061179161071777,,,0.19606003165245056,-0.51
4usj,25.842491149902344,,,0.0,-0.51
4usw,1.6102294921875,,,0.7862179279327393,-1.44
4utn,,,,,-2.28
4uu5,,,,,-4.01
4uuq,0.6501581072807312,,,0.9524714946746826,-0.09
4uv9,1.3728923797607422,,,0.8591487407684326,-0.20
4uwg,1.1821917295455933,,,0.8685015439987183,0.17
4uwk,1.256707787513733,,,0.8689285516738892,0.21
4uwl,1.4321510791778564,,,0.8102493286132812,0.20
4ux4,0.2424493134021759,,,0.9982369542121887,0.82
4ux9,,,,,-3.06
4uxb,0.5521574020385742,,,0.9659664034843445,-0.08
4uxj,1.7351515293121338,,,0.7677339911460876,-0.16
4uy1,0.3951408863067627,,,0.9819004535675049,0.53
4uye,2.1278388500213623,,,0.8511326909065247,-0.52
4uzd,1.8528085947036743,,,0.7317517995834351,-1.73
4uzh,0.5986179709434509,,,0.9521158337593079,0.43
4v05,0.7378935813903809,,,0.9155480861663818,0.07
4v0i,0.6029461622238159,,,0.9477665424346924,0.70
4v11,,,,,-3.26
4v1c,,,,,-3.36
4v1f,0.2714902460575104,,,0.8761467933654785,-0.37
4v24,0.7804943919181824,,,0.9084362387657166,-0.34
4v27,,,,,-0.72
4vgc,2.868248224258423,,,0.6081081032752991,-0.50
4w4v,0.6324415802955627,,,0.9616666436195374,0.17
4w4w,10.262106895446777,,,0.20213964581489563,-0.42
4w4y,0.4854775667190552,,,0.9780284762382507,-0.04
4w4z,,,,,-3.02
4w50,,,,,-2.90
4w52,0.7123494148254395,,,0.9166666865348816,-0.18
4w53,0.2041025012731552,,,1.0,0.23
4w54,0.3253186047077179,,,0.9919642806053162,0.14
4w55,0.3431718349456787,,,0.9855182766914368,0.21
4w57,0.3664456605911255,,,0.9887048006057739,0.16
4w5j,1.2032238245010376,,,0.8213387131690979,-0.69
4w7t,0.669934093952179,,,0.942187488079071,-0.17
4w9g,0.5833834409713745,,,0.932898759841919,0.42
4w9h,2.436574935913086,,,0.7422434091567993,0.38
4w9k,1.1316192150115967,,,0.8555316925048828,-0.24
4w9l,2.9810707569122314,,,0.6757773160934448,-0.58
4w9n,0.9473046660423279,,,0.884159505367279,0.26
4w9o,0.8310458660125732,,,0.924803614616394,-0.39
4w9p,0.8887856006622314,,,0.8930167555809021,-0.52
4w9q,2.1421916484832764,,,0.7338129281997681,-1.18
4w9s,0.8113943934440613,,,0.905927836894989,0.24
4w9w,1.0356016159057617,,,0.8600746393203735,0.14
4wa9,6.257032871246338,,,0.29892322421073914,-1.31
4wbg,0.45812419056892395,,,0.990015983581543,0.10
4wci,,,,,-3.03
4wcu,1.0284432172775269,,,0.8909677267074585,-0.37
4wef,1.44465970993042,,,0.8017417788505554,-0.42
4wf2,1.0744870901107788,,,0.8466535210609436,-0.24
4wf6,0.38648372888565063,,,0.9778688549995422,0.48
4wgi,0.7872951030731201,,,0.9261565804481506,-0.65
4wh7,2.1444973945617676,,,0.7202380895614624,0.48
4whq,0.3474133014678955,,,0.9878318309783936,0.15
4whr,8.784051895141602,,,0.006298449821770191,0.11
4whs,2.5442471504211426,,,0.6022471785545349,0.20
4wi1,0.48961353302001953,,,0.9749348759651184,0.06
4wj5,,,,,-2.66
4wj7,,,,,-3.05
4wk1,28.25129508972168,,,0.0,-2.35
4wk2,,,,,-2.39
4wk7,1.5169936418533325,,,0.7912198305130005,0.05
4wkb,0.8078807592391968,,,0.9169835448265076,-0.07
4wkc,0.9549643993377686,,,0.9086055159568787,-0.18
4wke,0.7356877326965332,,,0.935161292552948,0.16
4wkn,0.7565729022026062,,,0.9296149015426636,0.01
4wko,1.156470537185669,,,0.8743811845779419,-0.03
4wkp,1.0043089389801025,,,0.9036996960639954,0.07
4wks,,,,,-1.30
4wkt,,,,,-0.79
4wku,0.39599132537841797,,,0.9927113652229309,1.05
4wkv,11.44670295715332,,,0.16867469251155853,-0.95
4wmv,0.21129335463047028,,,1.0,0.04
4wmx,4.677414417266846,,,0.37975648045539856,-1.27
4wmy,1.1687873601913452,,,0.9117100238800049,-0.73
4wn0,0.5733593702316284,,,0.9948979616165161,0.03
4wn1,1.3610562086105347,,,0.8292214870452881,-0.23
4wn5,0.8106071949005127,,,0.8989145159721375,-0.10
4wnm,1.0314117670059204,,,0.9147058725357056,0.40
4wno,1.0169353485107422,,,0.9071100950241089,0.71
4wnp,0.48155227303504944,,,0.9635922312736511,0.32
4wop,1.002108097076416,,,0.8765690326690674,-0.27
4wov,0.9636029005050659,,,0.9029235243797302,-0.59
4wpf,0.5670284032821655,,,0.9288874864578247,0.18
4wq2,0.6089169979095459,,,0.9692623019218445,-0.25
4wr7,0.4485047459602356,,,0.9804928302764893,0.53
4wri,1.733964204788208,,,0.7335572838783264,-0.95
4wrq,,,,,-1.79
4wsj,1.0833630561828613,,,0.8548728823661804,-0.29
4wsk,1.3113359212875366,,,0.8055555820465088,-0.64
4wtu,0.969318151473999,,,0.9049080014228821,0.72
4wup,0.4525803029537201,,,0.9791666865348816,0.34
4wv6,,,,,-1.91
4wvu,,,,,-2.55
4ww6,0.3920299708843231,,,0.9906250238418579,0.51
4ww8,1.7558979988098145,,,0.8894472122192383,0.62
4wx4,0.4668421447277069,,,0.9730464816093445,0.12
4wx6,1.250635027885437,,,0.824697732925415,-0.66
4wxi,0.6505281329154968,,,0.9445727467536926,0.16
4wy1,4.496591091156006,,,0.5679065585136414,0.19
4wy6,2.8445160388946533,,,0.678903341293335,-0.28
4wym,,,,,-3.31
4wyp,1.883207082748413,,,0.8383084535598755,-0.96
4wyy,0.5936620235443115,,,0.9497508406639099,0.50
4wyz,0.8391224145889282,,,0.9205297827720642,0.11
4wz4,0.5386002659797668,,,0.9672977328300476,0.39
4wz5,2.6506197452545166,,,0.6614583134651184,-0.87
4wz6,1.2343400716781616,,,0.8814756870269775,-0.55
4x0f,1.4501335620880127,,,0.8216535449028015,0.63
4x0z,,,,,-3.37
4x11,0.8740553855895996,,,0.8982712626457214,-1.25
4x13,,,,,-3.44
4x14,,,,,-3.31
4x1f,0.9005593657493591,,,0.8926056623458862,-0.05
4x1n,,,,,-3.27
4x1p,,,,,-2.31
4x1r,,,,,-2.85
4x1s,,,,,-3.25
4x24,0.7608192563056946,,,0.9352678656578064,-0.10
4x2i,0.600125253200531,,,0.9376310110092163,0.43
4x2l,1.7972149848937988,,,0.7833333611488342,0.47
4x2s,2.4119620323181152,,,0.6054389476776123,-4.58
4x3i,,,,,-2.99
4x3k,,,,,-2.82
4x3t,6.304416656494141,,,0.19707706570625305,-1.32
4x47,1.5494178533554077,,,0.7794871926307678,-0.67
4x48,2.5667102336883545,,,0.6980487704277039,-0.73
4x49,0.41603949666023254,,,0.9814453125,0.39
4x50,0.8981776237487793,,,0.8833634853363037,-0.17
4x5p,1.4333850145339966,,,0.7674591541290283,-0.72
4x5r,1.22910475730896,,,0.8153961300849915,-0.63
4x5y,0.7028229832649231,,,0.9328621625900269,0.32
4x5z,1.2380563020706177,,,0.8358355164527893,0.51
4x60,0.8336664438247681,,,0.9120750427246094,-0.34
4x6j,0.6486493349075317,,,0.9548611044883728,0.94
4x6k,0.444627970457077,,,0.9714452028274536,0.58
4x6m,0.9108442068099976,,,0.8893482685089111,-0.25
4x6n,0.6529057025909424,,,0.9436389207839966,0.25
4x6p,0.8556485772132874,,,0.8908711671829224,0.45
4x6x,1.1037095785140991,,,0.837042510509491,-0.96
4x6y,0.8657389879226685,,,0.8910256624221802,-0.66
4x7q,8.052769660949707,,,0.20606695115566254,-0.39
4x8g,0.8524507284164429,,,0.8954599499702454,-0.06
4x8o,1.6072579622268677,,,0.7364341020584106,-0.77
4x8s,0.4304826557636261,,,0.9783105254173279,-0.14
4x8t,0.5931649804115295,,,0.9531590342521667,-0.38
4x8u,0.14846155047416687,,,1.0,0.95
4xbb,1.4254786968231201,,,0.8196067810058594,0.18
4xbd,0.9036259651184082,,,0.8815274238586426,0.44
4xc2,,,,,-2.67
4xcb,1.5012366771697998,,,0.7493788599967957,-1.73
4xdo,0.17108869552612305,,,1.0,0.43
4xek,,,,,-3.28
4xg3,0.9536300897598267,,,0.9056788682937622,-0.58
4xg4,1.0957624912261963,,,0.8932361006736755,-0.96
4xg6,0.6840925216674805,,,0.9303097128868103,-0.02
4xg7,0.5400819182395935,,,0.9622302055358887,0.05
4xg9,0.7172017693519592,,,0.9309298992156982,-0.29
4xhk,0.6883424520492554,,,0.9343575239181519,0.01
4xhl,0.41912373900413513,,,0.9838501214981079,0.10
4xhv,,,,,-2.59
4xip,1.218974232673645,,,0.8064388036727905,0.58
4xir,0.9299272894859314,,,0.8844273686408997,0.87
4xit,1.1509077548980713,,,0.8051470518112183,-0.53
4xjr,1.3156158924102783,,,0.7938368320465088,-0.87
4xk9,3.1878881454467773,,,0.48948219418525696,-2.79
4xm6,1.7292827367782593,,,0.7302036285400391,-0.27
4xm7,0.6152586936950684,,,0.9549808502197266,-0.27
4xm8,0.7847602367401123,,,0.9375,-0.47
4xmb,1.0436795949935913,,,0.9065533876419067,-0.34
4xmr,7.071034908294678,,,0.25815850496292114,-2.62
4xnv,0.8581977486610413,,,0.9271186590194702,-0.24
4xnw,4.972133159637451,,,0.30927181243896484,-1.29
4xo8,1.326188564300537,,,0.7963821887969971,-0.60
4xoc,0.993190586566925,,,0.8904715180397034,-0.12
4xoe,0.8805215954780579,,,0.8891423344612122,-0.32
4xpj,1.3239842653274536,,,0.8328431248664856,-1.47
4xqa,2.8952014446258545,,,0.6013266444206238,-3.39
4xqb,3.244819164276123,,,0.6261574029922485,-3.43
4xqu,,,,,-1.87
4xs2,2.3188869953155518,,,0.7072580456733704,-1.03
4xt2,6.654616832733154,,,0.2543138861656189,-2.06
4xt9,0.7196090221405029,,,0.9403190612792969,-0.11
4xta,0.7005561590194702,,,0.9438657164573669,-0.53
4xtm,0.9934015870094299,,,0.8591223955154419,-0.28
4xtp,,,,,-0.81
4xtt,7.40104866027832,,,0.2755298614501953,-2.34
4xtv,1.0052484273910522,,,0.914517343044281,0.31
4xty,0.8298583030700684,,,0.9118794202804565,0.34
4xtz,0.8174342513084412,,,0.9198834896087646,0.32
4xu0,0.9466629028320312,,,0.8929794430732727,0.27
4xu2,0.8712485432624817,,,0.893713653087616,0.39
4xu3,0.9546564221382141,,,0.8692392110824585,0.30
4xub,0.4610030949115753,,,0.9789377450942993,0.40
4xue,4.803698539733887,,,0.5881994962692261,0.21
4xum,0.69098299741745,,,0.9471279382705688,0.53
4xuz,0.5332819819450378,,,0.965179979801178,0.44
4xx9,19.632923126220703,,,0.00023992321803234518,-1.22
4xxh,,,,,-1.10
4xxs,1.903007984161377,,,0.6925871968269348,-0.82
4xy8,0.3601492643356323,,,0.9922928810119629,-0.37
4y0a,1.0942062139511108,,,0.8695122003555298,0.45
4y24,2.3257086277008057,,,0.6657641530036926,-1.84
4y29,0.49314093589782715,,,0.9760432839393616,-0.48
4y2j,0.33199357986450195,,,0.9886810779571533,-0.35
4y2p,0.45115211606025696,,,0.9864864945411682,0.15
4y2q,0.32849374413490295,,,0.9983940124511719,-0.28
4y2s,0.5453239679336548,,,0.9693775177001953,0.11
4y2u,0.594157338142395,,,0.956970751285553,-0.09
4y2v,0.2711564898490906,,,0.9933155179023743,-0.23
4y2x,0.3694969117641449,,,0.9906198978424072,-0.31
4y2y,0.4884255528450012,,,0.9707964658737183,-0.08
4y32,,,,,-2.38
4y38,1.327561855316162,,,0.9245635867118835,0.21
4y3b,,,,,-1.66
4y3j,4.137493133544922,,,0.5020790100097656,-0.13
4y3y,0.9721722602844238,,,0.9074468016624451,-0.45
4y4g,2.029200315475464,,,0.7256857752799988,0.40
4y4j,0.7816084623336792,,,0.878917396068573,-0.14
4y4v,6.2968292236328125,,,0.22192029654979706,-1.01
4y59,0.40298259258270264,,,0.984375,-0.14
4y5d,0.8506584167480469,,,0.8951398134231567,-0.25
4y5h,1.1056599617004395,,,0.8792335391044617,-0.43
4y5s,2.613233804702759,,,0.6223564743995667,-0.24
4y62,1.848789930343628,,,0.7242555618286133,-1.04
4y64,1.1246743202209473,,,0.8610692620277405,-0.09
4y6m,2.704521894454956,,,0.6564344763755798,-0.74
4y6p,0.6387773752212524,,,0.9403453469276428,0.19
4y6r,0.35028743743896484,,,0.9882113933563232,0.49
4y6s,0.5402133464813232,,,0.9634052515029907,0.53
4y73,2.2003653049468994,,,0.6468871831893921,-0.77
4y79,0.4647171199321747,,,0.9627329111099243,0.43
4y7r,,,,,-2.75
4y8x,0.6906601190567017,,,0.9362024068832397,0.56
4y8z,0.7804092168807983,,,0.8934693932533264,-0.09
4y94,,,,,-2.90
4ya8,1.1337642669677734,,,0.8497158885002136,-0.60
4yab,1.403658151626587,,,0.9702970385551453,-0.19
4yad,0.6413664221763611,,,0.9620481729507446,-0.99
4yas,0.2257917821407318,,,1.0,-0.20
4yay,0.9980227947235107,,,0.8693390488624573,-0.03
4yb5,9.802912712097168,,,0.0,-0.50
4yb6,0.8172392249107361,,,0.904411792755127,-0.54
4ybi,1.6832998991012573,,,0.8321738839149475,0.27
4ybj,1.4411424398422241,,,0.8879815936088562,0.49
4ybk,1.3063700199127197,,,0.938126266002655,0.48
4ybs,2.5163779258728027,,,0.879294753074646,-1.12
4ybt,2.2948689460754395,,,0.7757575511932373,-1.33
4yc0,0.29919207096099854,,,0.9922928810119629,0.90
4ycl,0.5258922576904297,,,0.9534510374069214,0.49
4ycm,4.211807727813721,,,0.5147309899330139,-2.16
4ycn,1.8502388000488281,,,0.6821338534355164,-0.97
4ydq,0.4734174311161041,,,0.9676846861839294,0.04
4yec,,,,,-1.85
4yee,,,,,-2.90
4yef,,,,,-2.92
4yes,0.6952409744262695,,,0.923397421836853,0.55
4yff,0.42636215686798096,,,0.9764957427978516,0.27
4ygf,0.3249693214893341,,,0.9652777910232544,0.36
4yh4,0.6577794551849365,,,0.9329150319099426,-0.39
4yha,0.6222944259643555,,,0.9717630743980408,0.35
4yhp,,,,,-3.00
4yhz,,,,,-2.85
4yih,1.5431705713272095,,,0.7764706015586853,-1.44
4yik,1.330062747001648,,,0.7911290526390076,-1.13
4yje,,,,,-2.52
4yjn,0.5386715531349182,,,0.9720416069030762,0.73
4yk0,0.6189810037612915,,,0.9440789222717285,0.90
4ykj,14.801190376281738,,,0.0056603774428367615,-0.87
4ykk,0.8022165298461914,,,0.9215278029441833,0.43
4ylu,0.5853011012077332,,,0.9562750458717346,-0.40
4ym2,,,,,-1.92
4ym4,,,,,-2.84
4ymb,0.4473019540309906,,,0.976883590221405,0.74
4ymh,0.6279708743095398,,,0.9500528573989868,0.05
4yml,1.1731306314468384,,,0.8587641716003418,-0.34
4ymx,1.4941920042037964,,,0.7836700081825256,-4.14
4ynd,1.4286860227584839,,,0.7929223775863647,-1.02
4ynk,0.5290879607200623,,,0.9646596908569336,0.20
4ynl,,,,,-3.55
4yog,1.1873317956924438,,,0.8190751671791077,-0.23
4yoi,1.3811522722244263,,,0.8011363744735718,0.10
4yoj,0.9588914513587952,,,0.8827224969863892,0.16
4yoz,,,,,-2.98
4yp1,4.006083011627197,,,0.42384982109069824,-1.88
4yp8,1.3336988687515259,,,0.8207046389579773,-0.05
4ypf,0.5000315308570862,,,0.9604105353355408,-0.43
4yqm,0.5517538189888,,,0.9478155374526978,-0.69
4yqu,0.7827954292297363,,,0.9028089642524719,-1.14
4yqv,0.2845546305179596,,,0.9875283241271973,-0.10
4yrc,0.22314859926700592,,,1.0,-0.21
4yrd,0.47207510471343994,,,0.9770408272743225,0.06
4yrg,0.21599559485912323,,,1.0,-0.10
4yrr,1.2281357049942017,,,0.8384901285171509,-0.14
4yrs,2.3906686305999756,,,0.6128884553909302,-0.70
4yrt,0.5434467196464539,,,0.9556354880332947,-0.83
4ysi,,,,,-2.95
4ysl,1.568314790725708,,,0.8265873193740845,-0.95
4yuw,3.71332049369812,,,0.49818840622901917,-5.08
4yux,0.32772162556648254,,,0.9896103739738464,0.29
4yv0,1.626906156539917,,,0.7386642098426819,-0.17
4yv1,0.4798428416252136,,,0.9619155526161194,-0.13
4yv2,0.59457927942276,,,0.9411357045173645,-0.33
4yv5,,,,,-3.16
4yv9,,,,,-3.19
4yve,0.5257776975631714,,,0.972308874130249,0.04
4yvz,0.9960973858833313,,,0.8933030366897583,-0.73
4yw2,,,,,-2.06
4yw6,1.5977489948272705,,,0.7554455399513245,-2.11
4yw7,9.445812225341797,,,0.5982142686843872,-2.73
4ywa,1.5694122314453125,,,0.7884615659713745,-2.68
4yx4,0.5283069610595703,,,0.9661716222763062,0.86
4yx9,1.8824663162231445,,,0.6910802125930786,-0.38
4yxd,0.7237614393234253,,,0.93543541431427,0.16
4yxu,0.6694959402084351,,,0.9239130616188049,0.63
4yy6,,,,,-3.17
4yyi,,,,,-1.04
4yym,,,,,-2.01
4yyn,,,,,-2.61
4yyt,0.9258243441581726,,,0.9554597735404968,0.70
4yz5,,,,,-1.39
4yz9,2.291249990463257,,,0.6005128026008606,-1.44
4z07,1.466807246208191,,,0.7646428346633911,-0.56
4z0d,,,,,-3.21
4z0e,,,,,-3.00
4z0k,1.266985535621643,,,0.8478881120681763,-0.27
4z1s,1.4367380142211914,,,0.7583752274513245,-1.49
4z2o,,,,,-3.12
4z2p,,,,,-2.98
4z46,,,,,-1.31
4z6h,0.49053213000297546,,,0.9630314111709595,-0.22
4z7f,1.6286216974258423,,,0.7620000243186951,-0.62
4z7i,,,,,-2.59
4z7n,,,,,-1.41
4z7o,,,,,-1.65
4z7q,,,,,-2.10
4z89,,,,,-3.12
4z8a,,,,,-3.16
4z8d,0.7912694811820984,,,0.9107999801635742,-1.11
4z8m,,,,,-3.25
4z9l,1.0138442516326904,,,0.892938494682312,0.39
4za0,0.2488628625869751,,,1.0,0.97
4zam,1.4938321113586426,,,0.8403846025466919,-1.35
4zb8,4.7901763916015625,,,0.6175373196601868,-1.44
4zba,5.483893394470215,,,0.5682819485664368,-0.78
4zcs,0.8677409887313843,,,0.9129294157028198,-0.16
4zcw,0.9742792844772339,,,0.8714689016342163,0.72
4ze6,0.24919593334197998,,,1.0,0.55
4zeb,,,,,-1.30
4zec,2.0215442180633545,,,0.7572603821754456,-2.26
4zed,1.685567021369934,,,0.8015301823616028,-1.99
4zei,0.8042426705360413,,,0.9457116723060608,-0.40
4zek,0.8828553557395935,,,0.8891065716743469,-0.45
4zfi,5.077115535736084,,,0.42552492022514343,-0.69
4zg6,0.9623214602470398,,,0.8902838230133057,-0.32
4zhl,,,,,-3.15
4zij,0.737134575843811,,,0.9380530714988708,-0.34
4zip,0.7423830032348633,,,0.9218479990959167,-0.82
4zjc,0.9351230263710022,,,0.8879950642585754,-0.61
4zjj,1.277150273323059,,,0.8130655884742737,-0.25
4zjr,0.6756265163421631,,,0.9167690277099609,-0.26
4zjw,1.6300908327102661,,,0.794175386428833,-0.53
4zk5,1.3688112497329712,,,0.8975796699523926,-0.64
4zki,1.1413265466690063,,,0.8345627188682556,0.29
4zla,0.5145172476768494,,,0.9650349617004395,-0.27
4zly,0.1460627168416977,,,1.0,0.25
4zlz,0.3863607347011566,,,0.9901785850524902,-0.08
4zme,1.0622700452804565,,,0.8665987849235535,-0.33
4zmf,1.012498140335083,,,0.8567370176315308,0.04
4znx,,,,,-2.24
4zo5,0.6763370037078857,,,0.9348989129066467,-0.19
4zom,0.31578850746154785,,,0.9942977428436279,0.20
4zow,0.5925115346908569,,,0.949999988079071,-0.02
4zpe,1.4857889413833618,,,0.7663043737411499,-0.49
4zpf,1.1560437679290771,,,0.8302778005599976,-1.10
4zpg,1.5875176191329956,,,0.7777777910232544,-1.16
4zph,1.8665155172348022,,,0.8182565569877625,-0.51
4zro,,,,,-1.77
4zs2,1.268538236618042,,,0.7966549396514893,-0.09
4zs3,0.716857373714447,,,0.9004807472229004,0.40
4zs9,,,,,-1.38
4zsg,0.28495898842811584,,,0.9972923994064331,0.57
4zsh,0.4566965401172638,,,0.9899380803108215,0.40
4zsj,0.37608087062835693,,,0.9827433824539185,0.57
4zsm,0.8882642984390259,,,0.8667883276939392,0.68
4zsp,1.252297282218933,,,0.801047146320343,-0.30
4zsq,0.5999069809913635,,,0.9609375,0.45
4zsr,1.7397384643554688,,,0.774877667427063,-0.43
4zt3,2.182738780975342,,,0.6672640442848206,-0.41
4zt4,2.641986608505249,,,0.6174418330192566,-0.64
4zt5,1.509364128112793,,,0.7639751434326172,-0.76
4zt8,4.1298394203186035,,,0.43633177876472473,0.18
4ztr,1.1047053337097168,,,0.8530318737030029,0.12
4zts,0.9830831289291382,,,0.852989137172699,-0.20
4zum,1.4100688695907593,,,0.9047954678535461,-0.02
4zun,7.427337169647217,,,0.2942880690097809,-0.12
4zuo,1.7846672534942627,,,0.8255813717842102,-0.06
4zup,0.6239230632781982,,,0.9494302272796631,0.15
4zuq,0.4565051198005676,,,0.9694805145263672,0.15
4zur,0.43276146054267883,,,0.9871794581413269,-0.02
4zv1,1.4646766185760498,,,0.7905872464179993,-4.13
4zv2,1.674660086631775,,,0.727861762046814,-4.67
4zw3,0.4479922354221344,,,0.9834710955619812,0.55
4zw5,0.8084036111831665,,,0.9105839133262634,0.41
4zw6,0.9956935048103333,,,0.8980911374092102,0.75
4zw7,0.8475505113601685,,,0.9113513231277466,0.29
4zwx,2.645526885986328,,,0.6681523323059082,-2.75
4zwy,,,,,-1.24
4zwz,,,,,-0.75
4zx0,3.9038755893707275,,,0.5729499459266663,-0.91
4zx1,2.786529302597046,,,0.6526479721069336,-0.44
4zx3,1.2628065347671509,,,0.8518224954605103,0.52
4zy4,0.4288257956504822,,,0.9804832935333252,0.82
4zy5,0.9124241471290588,,,0.9256889820098877,0.41
4zyc,1.1790056228637695,,,0.8247470259666443,0.13
4zyt,3.4113082885742188,,,0.776976466178894,-0.71
4zyu,1.8936225175857544,,,0.8098434209823608,-0.68
4zyv,0.8793023824691772,,,0.9162843823432922,-0.50
4zyw,1.1715147495269775,,,0.894152045249939,-0.59
4zyx,0.6811997294425964,,,0.9486961364746094,-0.33
4zyy,0.6297686100006104,,,0.951295018196106,-0.31
4zyz,1.3026970624923706,,,0.8569347262382507,-0.56
4zz0,2.6016311645507812,,,0.8394182920455933,-0.95
4zz1,1.4071128368377686,,,0.8270053267478943,-0.49
4zzd,12.335957527160645,,,0.03193146362900734,-1.02
4zzx,0.579395055770874,,,0.9677137732505798,0.55
4zzz,1.6539175510406494,,,0.8935264348983765,0.41
5a00,1.0149391889572144,,,0.9122023582458496,0.45
5a0a,1.5196486711502075,,,0.7365648150444031,-0.18
5a0b,1.4862442016601562,,,0.753410279750824,-0.99
5a0c,2.5887386798858643,,,0.6563566327095032,-1.06
5a0e,,,,,-3.32
5a1f,0.15877817571163177,,,1.0,0.48
5a2i,,,,,-2.76
5a2j,,,,,-3.45
5a3h,,,,,-1.02
5a3n,0.6606044173240662,,,0.9515873193740845,-0.31
5a3t,0.5873486399650574,,,0.9618902206420898,-0.12
5a3w,0.3643948435783386,,,0.9986072182655334,0.60
5a3x,5.944581985473633,,,0.345993310213089,0.18
5a46,2.6069130897521973,,,0.6278833150863647,-0.71
5a4c,0.5008803606033325,,,0.9746207594871521,-0.47
5a54,0.6336129903793335,,,0.9096916317939758,0.55
5a5d,0.6896253228187561,,,0.9588091373443604,0.04
5a5p,0.9627075791358948,,,0.8824362754821777,-0.18
5a5q,0.6252775192260742,,,0.9601955413818359,0.92
5a5r,1.6375380754470825,,,0.7864842414855957,0.65
5a5s,1.6773827075958252,,,0.8336380124092102,0.08
5a5v,0.6744389533996582,,,0.9310618042945862,-0.26
5a69,0.7598862648010254,,,0.926287055015564,-0.79
5a6a,0.7502955794334412,,,0.9090375304222107,0.02
5a6b,0.8308237791061401,,,0.89682537317276,-0.81
5a6h,1.4638071060180664,,,0.8293478488922119,-0.09
5a6k,0.7945132851600647,,,0.9184160232543945,-0.03
5a6n,0.7323362231254578,,,0.9515384435653687,-1.06
5a6x,0.7932712435722351,,,0.9120111465454102,-0.49
5a7c,0.9468685388565063,,,0.9723404049873352,-0.26
5a7i,,,,,-2.02
5a7j,,,,,-0.44
5a7y,1.3954737186431885,,,0.8536866307258606,-0.70
5a81,1.2189085483551025,,,0.8171992301940918,-0.28
5a82,0.9722785949707031,,,0.8584745526313782,-0.15
5a83,1.4243348836898804,,,0.8015191555023193,0.32
5a85,0.8999099731445312,,,0.8942105174064636,-0.41
5a8y,0.8748836517333984,,,0.89883953332901,0.20
5a8z,2.649348735809326,,,0.8090958595275879,0.52
5a9u,1.1515628099441528,,,0.8248031735420227,-0.44
5aa8,1.7140332460403442,,,0.7398022413253784,-1.01
5aa9,1.6663517951965332,,,0.7470741271972656,-1.17
5aaa,1.758884310722351,,,0.7970229983329773,-0.49
5aab,0.9517756700515747,,,0.903761088848114,-0.93
5aac,0.9616392254829407,,,0.8845864534378052,-0.73
5aae,0.29233795404434204,,,1.0,0.38
5aag,1.8641133308410645,,,0.7887041568756104,0.00
5ab1,,,,,-3.06
5ab9,1.0670897960662842,,,0.8947368264198303,0.30
5aba,0.6377428770065308,,,0.9434065818786621,-0.88
5abe,0.8933743834495544,,,0.8791540861129761,-0.02
5abf,0.710838794708252,,,0.932443380355835,0.25
5abg,0.8244450688362122,,,0.9007407426834106,-0.31
5abh,0.8900981545448303,,,0.8703846335411072,-0.18
5abp,0.779204785823822,,,0.9143319129943848,-0.23
5abw,0.9044966697692871,,,0.8848897814750671,-0.75
5acw,0.3687230050563812,,,0.9983659982681274,-0.01
5acx,0.8796060681343079,,,0.8889789581298828,0.39
5ad1,0.8236035704612732,,,0.9592675566673279,-0.49
5adq,0.595003068447113,,,0.9513677954673767,0.46
5aes,0.6552378535270691,,,0.9321955442428589,-0.85
5afj,0.7066189646720886,,,0.8977035284042358,-0.23
5afk,1.9450899362564087,,,0.7227685451507568,0.24
5afl,1.9912023544311523,,,0.7044354677200317,0.38
5afm,0.37425994873046875,,,0.9884428381919861,0.53
5afn,0.8757860064506531,,,0.9030748605728149,-0.01
5afx,0.7662818431854248,,,0.9142857193946838,-0.78
5agu,,,,,-3.13
5agv,,,,,-3.45
5ah2,,,,,-3.53
5ahu,0.7071451544761658,,,0.9182412624359131,-0.64
5ahw,1.5262590646743774,,,0.7786549925804138,-0.44
5ai1,,,,,-0.34
5ai5,0.5514497756958008,,,0.9748061895370483,0.40
5ai6,0.4127531051635742,,,0.9728096723556519,-0.02
5ai9,0.6717398762702942,,,0.952654242515564,-0.43
5aia,1.3752590417861938,,,0.7949907183647156,-0.20
5aib,0.5261078476905823,,,0.9815068244934082,-0.20
5aic,0.5170661211013794,,,0.958984375,0.15
5aip,0.12254881858825684,,,1.0,0.14
5ais,2.0650508403778076,,,0.6934974789619446,-0.70
5aiv,0.5331521034240723,,,0.9500818252563477,-0.58
5ajc,,,,,-2.57
5ajo,,,,,-2.80
5ajp,,,,,-3.32
5ak3,0.4698013663291931,,,0.9834558963775635,-0.27
5ak6,4.773560523986816,,,0.47074466943740845,-0.53
5ake,0.6633673906326294,,,0.9411027431488037,0.28
5akg,1.8156771659851074,,,0.7278571724891663,0.11
5akh,0.6186581254005432,,,0.946601927280426,0.21
5aki,0.48549795150756836,,,0.9735738039016724,-0.15
5akj,0.304198682308197,,,0.9927007555961609,-0.06
5akk,16.6332950592041,,,0.005064456723630428,-0.19
5akl,0.4631827473640442,,,0.9741735458374023,-0.12
5aku,0.525595486164093,,,0.9597293734550476,0.29
5akw,0.44874483346939087,,,0.9795486330986023,0.49
5akz,0.5211837291717529,,,0.9719178080558777,0.11
5al2,0.46829187870025635,,,0.9750000238418579,0.52
5al3,0.3271479904651642,,,0.9946808218955994,0.55
5alb,1.1802221536636353,,,0.859570324420929,-0.04
5alc,1.796022891998291,,,0.7743738889694214,0.01
5ald,0.730385422706604,,,0.9286447763442993,0.16
5ale,1.152962565422058,,,0.8436806797981262,-0.56
5alg,1.7121304273605347,,,0.7158878445625305,-0.57
5alh,1.5349587202072144,,,0.8039264678955078,-1.38
5all,0.5778346657752991,,,0.9505987763404846,-0.08
5alm,8.759395599365234,,,0.3310023248195648,-0.09
5aln,0.5707367658615112,,,0.9500916004180908,-0.04
5alo,1.7794665098190308,,,0.7342105507850647,-0.72
5alr,0.47307509183883667,,,0.9866071343421936,0.26
5als,0.7907705903053284,,,0.9318459630012512,0.12
5alu,1.732706904411316,,,0.7195281982421875,-0.73
5alx,0.724844753742218,,,0.9333623647689819,-0.24
5aly,0.8029128909111023,,,0.8979820609092712,0.04
5alz,0.9404650330543518,,,0.9273743033409119,-0.33
5am0,0.5238456130027771,,,0.9620307087898254,0.14
5am1,0.6223534941673279,,,0.9435995221138,0.04
5am2,0.42999136447906494,,,0.9910394549369812,-0.67
5am3,0.6580965518951416,,,0.9395857453346252,-0.41
5am4,0.5600733160972595,,,0.9674796462059021,0.40
5am5,0.45978444814682007,,,0.9734513163566589,0.68
5amn,0.6578505039215088,,,0.9462025165557861,0.32
5anq,0.7187806367874146,,,0.9255070090293884,0.10
5ant,1.090732455253601,,,0.8379814028739929,-0.60
5anu,0.4928896427154541,,,0.9720534682273865,0.65
5anv,1.2912951707839966,,,0.8882794380187988,0.82
5aoi,0.21453116834163666,,,1.0,0.36
5aok,0.5279302000999451,,,0.9685373902320862,0.93
5aol,0.6916354894638062,,,0.9386304616928101,0.02
5aom,1.3956189155578613,,,0.7965116500854492,0.23
5ap0,1.2134360074996948,,,0.8892086148262024,0.31
5ap3,1.56288743019104,,,0.8704481720924377,0.38
5aph,1.8516112565994263,,,0.6712328791618347,-0.97
5apj,1.120011806488037,,,0.8537787795066833,-0.73
5aqk,0.9699848890304565,,,0.8802548050880432,-0.17
5aqn,0.11087597161531448,,,0.9913793206214905,0.51
5aqo,0.12952306866645813,,,1.0,0.13
5aqp,0.30724820494651794,,,0.9832361340522766,0.18
5aqr,0.15406686067581177,,,1.0,0.07
5aqz,0.6550667881965637,,,0.9423664212226868,-0.23
5ar4,0.5944571495056152,,,0.948699414730072,-0.34
5ar5,0.5452880263328552,,,0.9624999761581421,-0.93
5av0,1.8635690212249756,,,0.6881762146949768,-1.21
5ave,2.3271005153656006,,,0.610837459564209,-3.46
5avi,4.689784049987793,,,0.4230925440788269,-0.10
5awj,0.5224340558052063,,,0.9507042169570923,0.10
5ax3,1.407698631286621,,,0.7881355881690979,-0.09
5axp,0.9938091039657593,,,0.8751896619796753,-0.30
5axq,0.6966394186019897,,,0.947629988193512,0.07
5ayy,0.3191748559474945,,,0.9901574850082397,-0.11
5azf,,,,,-1.56
5azg,,,,,-2.32
5b0x,0.6157838106155396,,,0.9721373915672302,0.38
5b1s,1.4992763996124268,,,0.7845982313156128,-0.63
5b2d,,,,,-1.44
5b4k,1.9895761013031006,,,0.8095667958259583,-0.12
5b4l,0.8422234058380127,,,0.9083508253097534,-0.20
5b56,,,,,-3.22
5b5b,1.0685089826583862,,,0.8452280163764954,-0.24
5b5f,0.30304789543151855,,,0.9961267709732056,-0.18
5b5g,0.8088880777359009,,,0.685006856918335,-0.35
5b5o,1.6822835206985474,,,0.7669199109077454,0.16
5b5p,0.6237568259239197,,,0.9552071690559387,-0.19
5bjt,,,,,-3.45
5bml,0.7471062541007996,,,0.9245283007621765,0.37
5bnj,1.3934334516525269,,,0.7740054726600647,-0.08
5bnm,1.462577223777771,,,0.8132737278938293,-0.75
5boj,2.6392130851745605,,,0.5155279636383057,-0.30
5bot,0.46428072452545166,,,0.9711382389068604,0.36
5boy,0.2804144024848938,,,1.0,0.42
5bpe,1.2294689416885376,,,0.8536324501037598,0.27
5bpp,1.3228166103363037,,,0.8187689781188965,0.34
5bqg,4.292870044708252,,,0.5171874761581421,-1.34
5bqh,7.924111843109131,,,0.399367094039917,-1.90
5brn,0.5877766609191895,,,0.9257143139839172,-0.35
5brz,,,,,-3.52
5bs0,,,,,-3.71
5bsk,0.22030828893184662,,,0.9964430928230286,-0.09
5btr,,,,,-2.23
5btv,,,,,-1.27
5btx,1.5996384620666504,,,0.7747572660446167,-1.00
5bue,0.5651089549064636,,,0.9546648859977722,0.33
5buj,0.5251762270927429,,,0.9683206081390381,0.75
5bvf,1.448670506477356,,,0.7983871102333069,-0.17
5bvn,0.5218126177787781,,,0.9585062265396118,0.36
5bvw,0.9530070424079895,,,0.9361567497253418,0.09
5bwb,0.5814497470855713,,,0.9548611044883728,-0.33
5bwc,1.6352119445800781,,,0.780961811542511,-0.79
5byy,0.9775102734565735,,,0.9139893054962158,-0.05
5c0k,2.032796859741211,,,0.758274257183075,-0.03
5c0m,,,,,-1.44
5c11,,,,,-3.28
5c13,,,,,-3.27
5c1w,0.42319461703300476,,,0.9828178882598877,0.04
5c1x,1.351529836654663,,,0.8350656628608704,0.42
5c1y,1.2078015804290771,,,0.8324742317199707,0.31
5c20,1.0765130519866943,,,0.8756250143051147,0.44
5c26,1.0298523902893066,,,0.9241352081298828,-0.18
5c2e,1.264453411102295,,,0.8541666865348816,-0.62
5c2h,0.4583905041217804,,,0.9730148911476135,-0.22
5c2o,1.3033692836761475,,,0.8685691356658936,-1.42
5c3p,3.616004467010498,,,0.4370415508747101,0.55
5c4k,16.774227142333984,,,0.01253481861203909,-1.33
5c4l,4.715307712554932,,,0.503367006778717,-1.92
5c4o,0.6889217495918274,,,0.9238693714141846,0.29
5c4s,0.9832051396369934,,,0.8665616512298584,-0.21
5c4t,1.2924647331237793,,,0.8215555548667908,0.34
5c5t,0.5949889421463013,,,0.9659420251846313,0.78
5c6o,1.8521140813827515,,,0.7744107842445374,-1.82
5c6p,2.1468687057495117,,,0.6288598775863647,-1.41
5c6v,,,,,-2.92
5c7a,0.643157422542572,,,0.9366471767425537,0.16
5c7b,0.7018351554870605,,,0.9322323203086853,0.50
5c7c,0.7213588953018188,,,0.9349736571311951,0.17
5c7d,0.6672384738922119,,,0.9244840741157532,0.51
5c7e,,,,,-3.16
5c7f,,,,,-3.16
5c83,1.1250683069229126,,,0.8344414830207825,-0.24
5c84,1.2677072286605835,,,0.8862179517745972,0.45
5c85,0.572909414768219,,,0.9670417904853821,-0.26
5c87,0.45068469643592834,,,0.9691176414489746,-0.28
5c8k,6.158653736114502,,,0.32515183091163635,-0.22
5cas,1.309224009513855,,,0.8428738117218018,-0.22
5cbr,1.0672845840454102,,,0.8829337358474731,0.23
5cbs,0.46140459179878235,,,0.9702925086021423,-0.45
5cc2,0.6156873106956482,,,0.9570393562316895,0.63
5ccm,1.3672409057617188,,,0.8294460773468018,-0.69
5ceh,0.6487361192703247,,,0.9625850319862366,0.50
5cei,0.3366837501525879,,,0.9914934039115906,0.73
5cep,0.6387043595314026,,,0.9689952731132507,0.70
5ceq,0.6804226636886597,,,0.9762090444564819,0.81
5cf4,1.15464448928833,,,0.8841843008995056,0.40
5cf5,0.44941896200180054,,,0.9810744524002075,0.38
5cf6,0.9465348124504089,,,0.9190283417701721,0.31
5cf8,0.6567265391349792,,,0.9412615895271301,0.40
5cfa,,,,,-2.45
5cil,,,,,-3.54
5cin,,,,,-3.51
5cj6,1.2743295431137085,,,0.8091269731521606,0.83
5cks,0.3638885021209717,,,0.9938330054283142,-0.26
5clm,0.3641934394836426,,,0.9947826266288757,1.06
5cnj,1.2130072116851807,,,0.7942875623703003,0.48
5cnm,1.076063632965088,,,0.8590308427810669,-0.58
5cp5,0.3607341945171356,,,0.9963541626930237,0.50
5cp9,0.24854962527751923,,,1.0,1.17
5cpr,6.25457239151001,,,0.3638392984867096,0.45
5cqt,0.761867344379425,,,0.9501096606254578,0.46
5cqx,,,,,-3.11
5cr7,1.9744842052459717,,,0.8589588403701782,-1.38
5cs2,,,,,-2.74
5cs5,0.9003286957740784,,,0.8852459192276001,0.23
5cs6,1.1033353805541992,,,0.8432692289352417,-0.18
5csd,0.9049499034881592,,,0.8869912624359131,-0.22
5csh,0.7628661394119263,,,0.9031690359115601,0.04
5cso,0.32091474533081055,,,0.9944547414779663,0.26
5cst,0.8104915022850037,,,0.9254874587059021,-0.26
5csx,1.1127599477767944,,,0.8598178029060364,-0.32
5csz,,,,,-3.20
5ctb,0.7045562863349915,,,0.9207317233085632,-0.27
5ctc,1.9500305652618408,,,0.7673860788345337,-0.31
5cte,1.219917893409729,,,0.8601590991020203,-0.44
5cu4,1.47788667678833,,,0.8124385476112366,-0.59
5cuq,0.9108104705810547,,,0.8882508873939514,-0.93
5cvd,,,,,-2.61
5cw8,1.8721535205841064,,,0.7431544065475464,-0.75
5cxi,0.6305962800979614,,,0.9306265711784363,-0.24
5cy3,1.062538743019104,,,0.8781296014785767,0.83
5cy9,0.1832980066537857,,,1.0,0.42
5cyv,1.7971718311309814,,,0.7959523797035217,-2.53
5czb,2.0328824520111084,,,0.6777302026748657,0.19
5czm,1.8390849828720093,,,0.8379026651382446,-1.39
5d0c,1.4666576385498047,,,0.8953033089637756,-0.42
5d0j,,,,,-2.21
5d10,3.2187681198120117,,,0.740934431552887,-0.25
5d12,0.3752107620239258,,,0.9925650358200073,0.28
5d1j,0.7640390396118164,,,0.9147180318832397,0.66
5d1r,1.0468997955322266,,,0.8986742496490479,-0.15
5d1s,0.4316610097885132,,,0.9803600907325745,0.70
5d1u,0.5744362473487854,,,0.9620953798294067,-0.21
5d1w,1.2264492511749268,,,0.7850241661071777,-0.48
5d21,0.9770247340202332,,,0.8810975551605225,-0.87
5d29,0.7299103736877441,,,0.9489150047302246,-0.59
5d2a,,,,,-3.05
5d2r,1.1024507284164429,,,0.8678266406059265,-0.16
5d3c,1.943891167640686,,,0.767346203327179,-1.06
5d3x,1.529595136642456,,,0.773784339427948,-1.39
5d6e,6.500613212585449,,,0.26936936378479004,-0.98
5d6f,2.7492051124572754,,,0.5995813608169556,-0.55
5d6p,0.628714919090271,,,0.965533971786499,0.33
5d6q,0.336361825466156,,,0.9981343150138855,0.33
5d6y,,,,,-2.44
5d75,3.4479708671569824,,,0.45148515701293945,-3.60
5d7a,1.1862554550170898,,,0.8852242827415466,0.49
5d7e,,,,,-2.45
5d9p,,,,,-0.46
5da3,0.8556174039840698,,,0.932572603225708,0.30
5dah,,,,,-2.90
5db0,0.6122627854347229,,,0.9614197611808777,0.39
5db2,0.4790230691432953,,,0.9801536202430725,0.48
5db3,1.650265097618103,,,0.7434210777282715,-0.44
5dd0,,,,,-3.29
5dda,0.6091933250427246,,,0.9522515535354614,0.82
5ddc,0.372199684381485,,,0.9873919486999512,0.68
5ddd,0.5441158413887024,,,0.9665254354476929,0.64
5dde,0.5177699327468872,,,0.9700819849967957,0.71
5dex,1.246934413909912,,,0.8190743327140808,0.08
5dfp,1.8844753503799438,,,0.8136871457099915,-0.16
5dg6,2.0848684310913086,,,0.7052206993103027,-0.48
5dgj,1.2459226846694946,,,0.8507556915283203,-0.54
5dgm,1.1320995092391968,,,0.8311744332313538,-0.89
5dh4,0.22284868359565735,,,1.0,-0.15
5dhf,,,,,-3.28
5dhg,1.8694239854812622,,,0.7229892015457153,-0.38
5dhj,0.3613608181476593,,,0.9965674877166748,0.87
5dhq,1.1491725444793701,,,0.8585069179534912,-0.44
5diq,0.7595670819282532,,,0.9395084977149963,-1.04
5dit,3.835322141647339,,,0.6257022619247437,-1.48
5div,0.7866436243057251,,,0.9492847919464111,-0.52
5dj5,0.6630388498306274,,,0.93359375,-0.13
5djv,0.28784269094467163,,,0.9911110997200012,0.25
5dk4,0.3125986158847809,,,0.9961005449295044,-0.04
5dls,1.040435552597046,,,0.9566091895103455,-0.50
5dlv,1.2962886095046997,,,0.75,-1.29
5dlx,1.9752449989318848,,,0.7362045645713806,-0.46
5dms,,,,,-1.93
5dnu,0.3165028691291809,,,0.9863387942314148,0.42
5doh,0.9788497090339661,,,0.8668511509895325,-0.42
5dp4,0.8958209156990051,,,0.9153342843055725,0.15
5dp6,3.8592257499694824,,,0.6357996463775635,-0.08
5dp7,0.8413637280464172,,,0.9360047578811646,0.50
5dp8,1.2591067552566528,,,0.842828094959259,0.53
5dpa,1.464065670967102,,,0.8065476417541504,-0.37
5dpw,,,,,-3.40
5dpx,0.24683836102485657,,,1.0,0.26
5dqc,1.0321931838989258,,,0.8496503233909607,-0.15
5drc,0.30932262539863586,,,0.9995519518852234,0.33
5dri,0.2518885135650635,,,1.0,0.53
5drq,1.7716312408447266,,,0.7506858706474304,0.01
5drt,0.4715803265571594,,,0.9706851243972778,-0.19
5dry,1.3636363744735718,,,0.8526570200920105,0.11
5dsx,0.9364858269691467,,,0.8960826992988586,-0.53
5dtj,0.46503618359565735,,,0.981249988079071,0.25
5dtq,0.6874439716339111,,,0.9491869807243347,-0.32
5dtr,0.33985209465026855,,,0.9919224381446838,-0.39
5dts,0.7296271920204163,,,0.9553846120834351,0.31
5dus,0.8534278869628906,,,0.9410664439201355,-0.23
5dv2,2.582134246826172,,,0.6499277353286743,-0.58
5dv4,2.0610272884368896,,,0.6760355234146118,-1.84
5dw1,1.0277537107467651,,,0.9025844931602478,-0.77
5dwr,0.786613404750824,,,0.9142312407493591,0.06
5dx3,,,,,-3.12
5dx4,0.6126205921173096,,,0.9877907037734985,-0.55
5dxb,,,,,-3.36
5dxh,0.730072557926178,,,0.9395717978477478,0.69
5dy7,0.44925543665885925,,,0.9580000042915344,-0.02
5dya,1.0959105491638184,,,0.8618119359016418,-0.04
5dyo,0.7831452488899231,,,0.902255654335022,0.34
5dyw,1.1194368600845337,,,0.8500608205795288,-1.07
5dyy,1.5670968294143677,,,0.7697616219520569,-0.69
5e0a,0.6697078943252563,,,0.9319307208061218,-0.91
5e0g,1.810647964477539,,,0.7046195864677429,-0.13
5e0h,1.5823999643325806,,,0.6225319504737854,-0.68
5e0j,1.70918607711792,,,0.713992714881897,-0.97
5e0l,,,,,-2.27
5e13,0.5669752955436707,,,0.9535783529281616,-1.01
5e1b,,,,,-2.17
5e1d,,,,,-3.26
5e1m,,,,,-2.86
5e1s,0.648970365524292,,,0.946052610874176,-0.22
5e2m,1.7593610286712646,,,0.7520920634269714,-0.61
5e2n,1.2878587245941162,,,0.8334386944770813,-0.31
5e2o,1.2105436325073242,,,0.8576520681381226,0.16
5e2p,0.6839933395385742,,,0.9343457818031311,0.19
5e3a,,,,,-3.19
5e3g,0.17028842866420746,,,1.0,-0.09
5e6o,,,,,-3.17
5e73,2.0713093280792236,,,0.7651654481887817,0.47
5e74,2.065502405166626,,,0.7847341299057007,-0.12
5e7n,0.9585410356521606,,,0.9143356680870056,-0.23
5e88,1.2031400203704834,,,0.8238095045089722,-1.39
5e8a,1.3910760879516602,,,0.8456973433494568,-1.57
5e8f,,,,,-1.82
5e8r,1.083359956741333,,,0.8502516746520996,-0.04
5ea4,0.553046703338623,,,0.9884428381919861,-1.16
5ea5,3.9059576988220215,,,0.44207316637039185,-1.67
5ea7,0.7333317399024963,,,0.996688723564148,-3.05
5eay,,,,,-3.38
5eb2,6.11293888092041,,,0.43409740924835205,-3.13
5eb3,0.3983587622642517,,,0.9801762104034424,-0.63
5ece,1.0007840394973755,,,0.8417366743087769,-0.03
5ect,23.871662139892578,,,0.0027434842195361853,-0.95
5ecv,0.4418836534023285,,,0.9820234179496765,0.50
5edb,0.2697400748729706,,,0.9978991746902466,0.11
5edd,23.915597915649414,,,0.002057613106444478,-0.89
5edi,0.27115267515182495,,,1.0,0.22
5edl,0.6814144253730774,,,0.931034505367279,-0.07
5eds,1.841679334640503,,,0.7623279690742493,0.43
5ee7,3.413189649581909,,,0.7875165939331055,-1.14
5ee8,1.352366328239441,,,0.8260086178779602,0.16
5eec,1.0459723472595215,,,0.8831169009208679,0.38
5eei,0.577603280544281,,,0.957716703414917,0.45
5eeq,,,,,-3.06
5efb,0.8844513297080994,,,0.9285010099411011,-0.40
5efc,6.46379280090332,,,0.30181199312210083,-1.04
5efh,0.77536940574646,,,0.9372837543487549,0.15
5efj,,,,,-0.83
5egs,0.6991864442825317,,,0.9399538040161133,-0.04
5eh5,0.2858234643936157,,,0.9937304258346558,1.07
5eh7,0.3644479215145111,,,0.9947552680969238,0.10
5eh8,0.3383929133415222,,,1.0,0.67
5ehp,0.8027277588844299,,,0.9423641562461853,-0.10
5ehv,9.38380241394043,,,0.1855783313512802,-0.17
5ehw,0.4499828517436981,,,0.9838709831237793,0.67
5ei2,0.3641343116760254,,,0.9919847249984741,0.56
5ei6,0.3718424439430237,,,0.991525411605835,0.80
5ei8,0.606220006942749,,,0.9434640407562256,0.43
5eif,0.6859993934631348,,,0.9386792182922363,-1.51
5eiw,0.4227967858314514,,,0.9970760345458984,-0.86
5eje,1.1166919469833374,,,0.8461139798164368,-0.68
5ejl,1.774448037147522,,,0.7380849123001099,-1.48
5ekh,0.21454501152038574,,,1.0,0.69
5ekj,1.474663257598877,,,0.9034598469734192,0.40
5ekm,4.134560585021973,,,0.7146365642547607,0.66
5ekn,0.6671006679534912,,,0.9460382461547852,0.48
5ekx,2.1854772567749023,,,0.7255154848098755,-0.94
5el2,0.6247915029525757,,,0.9450652003288269,-0.10
5el9,32.046504974365234,,,0.0,-2.26
5eld,,,,,-2.69
5ele,,,,,-2.43
5elf,,,,,-2.94
5elq,,,,,-2.96
5elv,0.7543509006500244,,,0.8859223127365112,-0.39
5elw,39.826393127441406,,,0.0,-0.98
5ely,1.182131052017212,,,0.8551255464553833,-1.67
5elz,15.992890357971191,,,0.1431000977754593,-0.37
5em9,,,,,-1.94
5ema,,,,,-2.70
5emb,,,,,-3.53
5emj,1.8496737480163574,,,0.7641562819480896,-0.72
5en3,1.5299012660980225,,,0.8724662065505981,-0.20
5enb,0.8618485331535339,,,0.8923948407173157,0.05
5enc,0.7296537160873413,,,0.9719626307487488,-0.83
5ene,0.2525387406349182,,,1.0,-0.17
5enf,0.2108992636203766,,,1.0,-0.17
5enh,0.5785118937492371,,,0.9659532904624939,-0.73
5eni,1.0784852504730225,,,0.9008097052574158,-1.38
5enj,0.38013049960136414,,,0.9945887327194214,-0.56
5enk,1.3172860145568848,,,0.8253323435783386,-0.55
5enm,2.0824108123779297,,,0.7646129727363586,-1.11
5eoc,,,,,-3.30
5eok,,,,,-2.99
5eou,0.8755791187286377,,,0.8961840867996216,-0.26
5ep7,1.2464158535003662,,,0.9250629544258118,-0.42
5epk,,,,,-2.96
5epl,,,,,-3.33
5epn,3.40401029586792,,,0.6071692705154419,-0.46
5epr,0.5568816661834717,,,0.9504870176315308,-0.23
5eps,0.5575852990150452,,,0.9471726417541504,-0.31
5eq0,,,,,-3.00
5eqp,0.46696263551712036,,,0.955050528049469,0.05
5eqq,,,,,0.34
5er1,11.550921440124512,,,0.20683856308460236,-0.72
5er2,1.0548369884490967,,,0.8842729926109314,-0.82
5es1,0.86719810962677,,,0.9337121248245239,0.24
5esq,,,,,-3.03
5est,0.9725878834724426,,,0.8707864880561829,-0.66
5eta,,,,,-3.81
5etb,0.37264204025268555,,,0.99842768907547,0.06
5etf,,,,,-2.74
5eth,1.619928002357483,,,0.8084522485733032,-0.57
5etl,2.1120877265930176,,,0.7910122275352478,0.11
5etu,,,,,-3.09
5etx,3.345254421234131,,,0.6898077130317688,-0.40
5eu1,1.1147279739379883,,,0.8330733180046082,-0.62
5eud,0.964556872844696,,,0.8766546249389648,-0.43
5eue,1.9785947799682617,,,0.7076219320297241,-0.36
5euk,,,,,-3.00
5ev8,0.8678913116455078,,,0.8930288553237915,0.64
5evb,3.4543280601501465,,,0.5618811845779419,-0.31
5evz,0.8801374435424805,,,0.9007551074028015,-0.21
5ewa,0.9775522947311401,,,0.824228048324585,-0.05
5ewd,0.3975069522857666,,,0.987500011920929,-0.17
5ewh,2.551726818084717,,,0.6737056970596313,-0.35
5ewm,0.4628990888595581,,,0.9766891598701477,-0.06
5ewy,0.6022053956985474,,,0.9607765674591064,0.40
5exl,1.0589690208435059,,,0.8432203531265259,0.16
5exw,1.6444032192230225,,,0.8015397787094116,-0.12
5ey0,2.481618642807007,,,0.6402581930160522,-0.63
5ey4,11.805916786193848,,,0.24544735252857208,-0.22
5ey9,1.0066719055175781,,,0.8657293915748596,-0.01
5eyr,0.788512110710144,,,0.939769983291626,-0.42
5eyz,,,,,-2.13
5ez0,,,,,-1.99
5ezx,1.128327488899231,,,0.8679856061935425,0.12
5ezz,1.460292100906372,,,0.8145624399185181,0.30
5f00,0.49054521322250366,,,0.9834410548210144,1.08
5f01,1.4510865211486816,,,0.8413461446762085,0.89
5f08,0.41753169894218445,,,0.985753059387207,-0.21
5f1c,0.7722752094268799,,,0.9325801730155945,-0.64
5f1h,0.5378980040550232,,,0.9838449358940125,-0.24
5f1j,0.3416058123111725,,,0.9890000224113464,-0.25
5f1u,0.35603761672973633,,,0.9801300764083862,-0.06
5f1v,0.347776859998703,,,0.9835007190704346,-0.29
5f1x,0.726579487323761,,,0.9361854791641235,-0.01
5f25,0.11892206221818924,,,1.0,0.00
5f2f,1.31936514377594,,,0.7827635407447815,-0.81
5f2k,0.6587867736816406,,,0.9331761002540588,0.32
5f2r,0.8705124258995056,,,0.8977272510528564,0.06
5f2s,0.26584821939468384,,,0.9987980723381042,0.92
5f2u,,,,,-2.71
5f2w,0.9926929473876953,,,0.9075342416763306,0.78
5f32,0.6718540787696838,,,0.9453608393669128,0.46
5f39,0.47652149200439453,,,0.9739229083061218,0.63
5f3c,1.5121958255767822,,,0.847777783870697,-0.28
5f3e,0.49898335337638855,,,0.9592592716217041,0.47
5f3g,1.3924118280410767,,,0.8792974352836609,-0.44
5f3i,0.6107853055000305,,,0.9365741014480591,0.33
5f4n,0.6567565202713013,,,0.9521498084068298,0.54
5f5b,,,,,-2.50
5f67,,,,,-3.26
5f6d,0.2165037840604782,,,1.0,-0.16
5f6u,1.143980622291565,,,0.9213414788246155,-1.04
5f74,0.45573464035987854,,,0.989234447479248,-0.81
5f8y,0.9920938014984131,,,0.8557692170143127,-0.53
5f90,,,,,-2.62
5f91,17.8049373626709,,,0.0007322788587771356,-2.43
5f94,0.6997256278991699,,,0.9433497786521912,0.58
5f95,0.9075911641120911,,,0.9004665613174438,0.52
5f9b,1.9802042245864868,,,0.7086777091026306,-0.77
5fah,1.0491108894348145,,,0.8866040110588074,-0.50
5fb0,,,,,-3.28
5fb1,,,,,-3.24
5fb7,0.9850674867630005,,,0.8629032373428345,-0.12
5fbe,1.0215524435043335,,,0.8751173615455627,0.20
5fbi,1.1964210271835327,,,0.9709051847457886,-1.21
5fbo,3.378415107727051,,,0.5606741309165955,-0.87
5fck,1.1001564264297485,,,0.880885124206543,-0.17
5fcz,0.8950939178466797,,,0.9056776762008667,0.39
5fdc,0.2336498200893402,,,1.0,0.44
5fdi,2.8482587337493896,,,0.6402320861816406,0.67
5fdo,0.8864367008209229,,,0.8878306746482849,-0.70
5fdr,0.7525650262832642,,,0.9126163125038147,-0.42
5fdz,0.6177670359611511,,,0.9477172493934631,-0.49
5fe6,0.8851208090782166,,,0.9330110549926758,0.07
5fe7,0.2047506421804428,,,1.0,0.08
5fh6,0.9944360256195068,,,0.9085257649421692,0.32
5fh8,0.34239330887794495,,,0.9881628751754761,0.12
5fhm,16.376985549926758,,,0.007271669805049896,-0.98
5fhn,1.4370691776275635,,,0.8510536551475525,0.37
5fho,0.34688395261764526,,,0.9913972616195679,0.57
5fi2,2.1487114429473877,,,0.7160235047340393,-1.41
5fi6,0.9615980386734009,,,0.8262443542480469,-0.12
5fi7,2.0380361080169678,,,0.8289215564727783,-1.78
5fiv,4.081206798553467,,,0.6487101912498474,-1.43
5fjw,,,,,-3.32
5fjx,,,,,-2.89
5fky,0.9208275079727173,,,0.8790909051895142,0.48
5fl0,0.6053822636604309,,,0.9516715407371521,0.57
5fl1,1.387463927268982,,,0.8213783502578735,0.50
5flo,1.0000778436660767,,,0.8951421976089478,0.23
5flp,0.9369134306907654,,,0.8929521441459656,0.59
5fls,0.4988531768321991,,,0.9915730357170105,0.57
5fnd,0.8841254115104675,,,0.9381067752838135,0.35
5fni,0.5099254250526428,,,0.9767726063728333,0.53
5fnj,2.901540517807007,,,0.6209273338317871,0.04
5fnq,0.7782614827156067,,,0.9123931527137756,-0.08
5fnr,0.43042367696762085,,,0.9841121435165405,-0.02
5fns,0.7034446001052856,,,0.9265119433403015,-0.51
5fnt,0.8679178357124329,,,0.887499988079071,-1.21
5foo,1.0229679346084595,,,0.8631484508514404,-0.72
5fot,,,,,-1.89
5fou,,,,,-1.39
5fov,,,,,-2.51
5fow,,,,,-2.29
5fox,,,,,-3.00
5fp0,0.8933679461479187,,,0.8952184319496155,-0.04
5fpi,,,,,-2.71
5fpk,,,,,-2.08
5fpu,1.3566086292266846,,,0.7914052605628967,-0.67
5fq9,0.87676602602005,,,0.8752065896987915,-0.21
5fs5,1.1181676387786865,,,0.8505154848098755,-0.29
5fsb,1.1744353771209717,,,0.8482490181922913,-0.55
5fsc,3.9405243396759033,,,0.4281401038169861,-1.99
5fsl,0.21143686771392822,,,1.0,0.56
