id,pose rmsd,pocket rmsd,qs score,lddt-pli,confidence
10gs,14.685304641723633,,,0.005911517888307571,
11gs,,,,,
16pk,5.484578609466553,,,0.3261070251464844,
184l,2.0410826206207275,,,0.6373762488365173,
185l,5.793076515197754,,,0.24730215966701508,
186l,0.827189564704895,,,0.8994565010070801,
187l,2.8287365436553955,,,0.5705307126045227,
188l,1.4409842491149902,,,0.73549485206604,
1a07,,,,,
1a09,,,,,
1a0q,4.108304977416992,,,0.4565373659133911,
1a28,16.300220489501953,,,0.016356639564037323,
1a30,,,,,
1a42,2.237783670425415,,,0.7344992160797119,
1a4g,2.409024477005005,,,0.6407615542411804,
1a4h,1.789916753768921,,,0.6799501776695251,
1a4k,27.105939865112305,,,0.0,
1a4m,33.303077697753906,,,0.0,
1a4q,4.039155960083008,,,0.4164193868637085,
1a4r,18.619274139404297,,,0.0345614030957222,
1a50,2.7220664024353027,,,0.5618311762809753,
1a52,13.72579288482666,,,0.031529851257801056,
1a7c,,,,,
1a7x,8.690505027770996,,,0.11873290687799454,
1a85,2.453103542327881,,,0.6232123374938965,
1a86,2.7879836559295654,,,0.5552603602409363,
1a8i,1.2449917793273926,,,0.7799378037452698,
1a99,32.962860107421875,,,0.0,
1a9q,5.7834882736206055,,,0.28057199716567993,
1a9u,8.217476844787598,,,0.1362484097480774,
1aaq,7.719071865081787,,,0.20313316583633423,
1abf,2.996299982070923,,,0.4850352108478546,
1abt,,,,,
1ad8,2.790210008621216,,,0.5745877027511597,
1add,2.6624326705932617,,,0.5600845217704773,
1adl,3.9826390743255615,,,0.3997829258441925,
1ado,31.61363410949707,,,0.0,
1af2,20.005508422851562,,,0.0,
1af6,,,,,
1afk,15.569937705993652,,,0.00685938261449337,
1afl,14.78463077545166,,,0.012692881748080254,
1agm,,,,,
1ahx,4.873277187347412,,,0.3441883623600006,
1ahy,16.34451675415039,,,0.003284072270616889,
1ai4,5.936252117156982,,,0.2390151470899582,
1ai5,6.202001571655273,,,0.2545219659805298,
1ai7,5.006894588470459,,,0.3276869058609009,
1ajp,6.575437068939209,,,0.21740637719631195,
1ajq,1.9780303239822388,,,0.6543750166893005,
1akq,5.529937744140625,,,0.27217262983322144,
1akr,2.5824596881866455,,,0.6174623370170593,
1akt,2.977358102798462,,,0.5526315569877625,
1aku,2.426164388656616,,,0.6045694351196289,
1akv,3.1906189918518066,,,0.5383184552192688,
1akw,2.9172019958496094,,,0.6040650606155396,
1al7,6.5836639404296875,,,0.25881683826446533,
1al8,2.9398725032806396,,,0.5813131332397461,
1alw,,,,,
1amk,3.1503124237060547,,,0.525627613067627,
1amn,3.185206413269043,,,0.5019329786300659,
1anf,,,,,
1ao0,14.522189140319824,,,0.0,
1apb,2.501572608947754,,,0.5784774422645569,
1apv,,,,,
1apw,,,,,
1aq1,1.100021481513977,,,0.8264508843421936,
1at5,,,,,
1at6,,,,,
1atl,22.438894271850586,,,0.005539671052247286,
1au0,6.15217399597168,,,0.27060526609420776,
1au2,4.852266311645508,,,0.3266574442386627,
1auj,3.5921754837036133,,,0.5037878751754761,
1avd,17.64877700805664,,,0.00028604117687791586,
1avn,3.5561540126800537,,,0.4193989038467407,
1aw1,24.420940399169922,,,0.0,
1awf,6.936341762542725,,,0.2714715600013733,
1awh,12.296806335449219,,,0.01342281885445118,
1awi,,,,,
1ax0,1.6240304708480835,,,0.7386363744735718,
1ax1,,,,,
1ax2,,,,,
1axr,1.1118954420089722,,,0.846666693687439,
1axz,3.3940017223358154,,,0.5388198494911194,
1ayu,6.168431758880615,,,0.32983192801475525,
1ayv,5.165637016296387,,,0.36788228154182434,
1aze,,,,,
1azl,2.524075746536255,,,0.6146496534347534,
1azm,2.248948335647583,,,0.5908119678497314,
1b05,,,,,
1b0f,2.924241304397583,,,0.572102427482605,
1b0h,,,,,
1b2h,,,,,
1b2i,5.340221881866455,,,0.34768906235694885,
1b32,,,,,
1b39,3.5693633556365967,,,0.4755692481994629,
1b3f,,,,,
1b3g,,,,,
1b3h,,,,,
1b3l,,,,,
1b40,,,,,
1b46,,,,,
1b4d,2.221944808959961,,,0.6452321410179138,
1b4h,,,,,
1b4z,,,,,
1b51,,,,,
1b52,,,,,
1b55,5.383981227874756,,,0.3659217953681946,
1b56,4.238051414489746,,,0.46397942304611206,
1b57,4.095125198364258,,,0.41848674416542053,
1b58,,,,,
1b5g,5.604078769683838,,,0.31360048055648804,
1b5h,,,,,
1b5i,,,,,
1b5j,,,,,
1b6h,,,,,
1b6j,,,,,
1b74,6.239940166473389,,,0.18521341681480408,
1b7h,,,,,
1b8n,1.593996286392212,,,0.7229817509651184,
1b8o,3.4656925201416016,,,0.4425448477268219,
1b9j,,,,,
1b9s,2.9917049407958984,,,0.5161845684051514,
1b9t,4.4044108390808105,,,0.3424731194972992,
1b9v,4.8911638259887695,,,0.2945402264595032,
1ba8,4.106746196746826,,,0.4092920422554016,
1bap,2.2842018604278564,,,0.6385927796363831,
1bbz,,,,,
1bcd,2.8073232173919678,,,0.5774559378623962,
1bcj,23.750072479248047,,,0.0,
1bcu,3.9633467197418213,,,0.512499988079071,
1bdl,,,,,
1bdq,,,,,
1bdr,5.114835739135742,,,0.3106343150138855,
1bgq,1.6026880741119385,,,0.7167448997497559,
1bhx,3.488935947418213,,,0.4567617177963257,
1bil,14.655413627624512,,,0.01040343102067709,
1bim,,,,,
1bio,3.1512200832366943,,,0.5441810488700867,
1biw,12.011549949645996,,,0.0648864209651947,
1bji,2.3993453979492188,,,0.5988943576812744,
1bjr,,,,,
1bkj,3.5081539154052734,,,0.5109335780143738,
1bky,3.4884750843048096,,,0.4790268540382385,
1bl6,4.594710350036621,,,0.33127889037132263,
1bl7,2.215672016143799,,,0.6128906011581421,
1bmk,3.947578191757202,,,0.3937408924102783,
1bmq,5.226930141448975,,,0.3007452189922333,
1bn3,1.1328701972961426,,,0.8603773713111877,
1bnm,2.0918822288513184,,,0.6889952421188354,
1bnn,1.5081464052200317,,,0.7841506004333496,
1bnq,1.9748218059539795,,,0.7180033922195435,
1bnt,0.5736371278762817,,,0.9867346882820129,
1bnu,1.0510178804397583,,,0.8394454121589661,
1bnv,1.7724690437316895,,,0.7729166746139526,
1bnw,3.097708225250244,,,0.5689338445663452,
1bo5,39.42011642456055,,,0.0,
1bp0,11.80677604675293,,,0.06357388198375702,
1bq3,,,,,
1bq4,30.4315185546875,,,0.0,
1bqn,2.5727767944335938,,,0.5583916306495667,
1br8,,,,,
1bt6,,,,,
1btn,3.2592008113861084,,,0.466292142868042,
1bux,17.120513916015625,,,0.00512104295194149,
1bv7,2.583259344100952,,,0.5676240921020508,
1bwb,5.638682842254639,,,0.34799420833587646,
1bwn,3.4773614406585693,,,0.39940986037254333,
1bxo,2.6503286361694336,,,0.5442667603492737,
1bxq,4.986313343048096,,,0.38031017780303955,
1bzc,5.236362934112549,,,0.38819876313209534,
1bzj,2.3494069576263428,,,0.6580419540405273,
1c12,6.4701056480407715,,,0.3120967745780945,
1c29,2.096658945083618,,,0.7002881765365601,
1c3b,25.532440185546875,,,0.0,
1c3e,17.6949520111084,,,0.001489573041908443,
1c3x,16.468114852905273,,,0.0059602647088468075,
1c4y,2.4209232330322266,,,0.6050724387168884,
1c5f,,,,,
1c5z,1.1726754903793335,,,0.8217005133628845,
1c7e,16.650554656982422,,,0.007617728319019079,
1c7f,19.362680435180664,,,0.00023832221631892025,
1c84,1.6028249263763428,,,0.7343096137046814,
1c85,1.2033418416976929,,,0.8047263622283936,
1c86,2.715465545654297,,,0.6187499761581421,
1c87,0.9118044376373291,,,0.8816666603088379,
1c88,2.4430174827575684,,,0.6427125334739685,
1c8l,13.31235408782959,,,0.043832965195178986,
1c8v,2.474257230758667,,,0.6212011575698853,
1c9d,3.0239319801330566,,,0.5144171714782715,
1cbr,3.8787214756011963,,,0.40028735995292664,
1cbx,2.4293618202209473,,,0.5891376733779907,
1cea,3.810508966445923,,,0.44851115345954895,
1ceb,5.69944953918457,,,0.25717905163764954,
1cet,4.336542129516602,,,0.38566434383392334,
1cgl,7.3740553855896,,,0.18360881507396698,
1ch8,3.6418099403381348,,,0.46348533034324646,
1ci7,10.408163070678711,,,0.0625,
1cil,1.5110057592391968,,,0.7795918583869934,
1cim,1.1257648468017578,,,0.819327712059021,
1cin,1.1531362533569336,,,0.8292553424835205,
1ciz,2.892455816268921,,,0.5835205912590027,
1cj1,20.59080696105957,,,0.0,
1cka,,,,,
1ckb,,,,,
1clu,3.202302932739258,,,0.4891902506351471,
1cnw,2.7951462268829346,,,0.6729534268379211,
1cny,5.465208053588867,,,0.45787671208381653,
1cp6,3.1573054790496826,,,0.513671875,
1cpi,,,,,
1cps,,,,,
1cqp,9.465704917907715,,,0.11022871732711792,
1cr6,27.45077133178711,,,0.0,
1cs4,48.171661376953125,,,0.0,
1ctr,5.581587314605713,,,0.32754629850387573,
1ctt,13.405713081359863,,,0.018634840846061707,
1ctu,10.323739051818848,,,0.08535598963499069,
1cw2,2.3946001529693604,,,0.6411290168762207,
1cwb,,,,,
1cwc,,,,,
1cx9,2.8417751789093018,,,0.5297062993049622,
1cyn,,,,,
1czc,6.388504505157471,,,0.21792034804821014,
1cze,5.416463375091553,,,0.3150969445705414,
1czk,2.649324417114258,,,0.574305534362793,
1czl,2.960275173187256,,,0.5469594597816467,
1czo,2.590254306793213,,,0.5981192588806152,
1czr,2.4827518463134766,,,0.6299496293067932,
1d04,2.7746644020080566,,,0.5916432738304138,
1d09,30.796010971069336,,,0.0,
1d1p,15.340494155883789,,,0.0028735632076859474,
1d2e,29.823774337768555,,,0.0,
1d2s,5.328202724456787,,,0.27944639325141907,
1d3q,3.20522141456604,,,0.6602813005447388,
1d4h,2.3360328674316406,,,0.6266708970069885,
1d4i,3.2455501556396484,,,0.47679439187049866,
1d4j,3.2071917057037354,,,0.49985843896865845,
1d4t,,,,,
1d4y,5.405359745025635,,,0.3114558458328247,
1d6n,15.473873138427734,,,0.0035211266949772835,
1d6s,,,,,
1d6w,2.6174216270446777,,,0.5840985178947449,
1d7i,16.52290153503418,,,0.0036764706019312143,
1d7j,15.640275001525879,,,0.004451038781553507,
1d8e,,,,,
1d9i,2.716597557067871,,,0.5632352828979492,
1dar,2.466946601867676,,,0.5848780274391174,
1db1,2.4581282138824463,,,0.5992891192436218,
1db5,2.6781809329986572,,,0.5605527758598328,
1dbb,5.5893707275390625,,,0.3113463521003723,
1dbj,4.102453708648682,,,0.43081918358802795,
1dbk,3.2597057819366455,,,0.4787299633026123,
1ddm,,,,,
1det,4.257184982299805,,,0.35486018657684326,
1df8,4.483707904815674,,,0.34828808903694153,
1dg9,1.846875548362732,,,0.7412621378898621,
1dmb,,,,,
1dmp,5.340851783752441,,,0.292086124420166,
1dmt,6.104050159454346,,,0.26771029829978943,
1dqx,16.347429275512695,,,0.0,
1drj,3.7099967002868652,,,0.4634683132171631,
1drk,3.050798177719116,,,0.5391985774040222,
1dth,21.728221893310547,,,0.00013276685785967857,
1dub,19.348276138305664,,,0.0,
1dud,9.271225929260254,,,0.16549648344516754,
1duv,14.34713363647461,,,0.020658263936638832,
1dx6,1.3983454704284668,,,0.7936217188835144,
1dxp,,,,,
1dy4,3.0743343830108643,,,0.553205132484436,
1dzj,,,,,
1dzk,7.3584113121032715,,,0.2165384590625763,
1dzm,12.512605667114258,,,0.03678678721189499,
1dzp,6.559181213378906,,,0.24528302252292633,
1e00,10.519807815551758,,,0.1187782809138298,
1e02,5.767244338989258,,,0.2685331106185913,
1e06,6.511838912963867,,,0.22519999742507935,
1e1y,11.512954711914062,,,0.0711633637547493,
1e2k,12.59990119934082,,,0.042494043707847595,
1e2l,10.17659854888916,,,0.08952837437391281,
1e34,3.1655030250549316,,,0.4841994345188141,
1e3g,1.8966000080108643,,,0.6579973697662354,
1e3v,4.307219505310059,,,0.3843705654144287,
1e4h,9.13075065612793,,,0.12224108725786209,
1e5j,,,,,
1e66,4.605468273162842,,,0.3728029727935791,
1e6s,1.6542562246322632,,,0.7250922322273254,
1e72,1.578174114227295,,,0.7354280352592468,
1eas,2.189152956008911,,,0.670918345451355,
1eb1,,,,,
1ebg,7.944242477416992,,,0.1599740982055664,
1ebw,3.02276349067688,,,0.5070024132728577,
1eby,6.057334899902344,,,0.2501051425933838,
1ecv,0.9188804030418396,,,0.8703858852386475,
1eed,5.914504051208496,,,0.36466535925865173,
1egh,12.17084789276123,,,0.007839721627533436,
1ek1,27.53832244873047,,,0.0,
1ek2,30.817916870117188,,,0.0,
1ekb,,,,,
1ela,3.5189478397369385,,,0.42202267050743103,
1elr,,,,,
1els,2.133965492248535,,,0.6355498433113098,
1em6,8.406222343444824,,,0.14198143780231476,
1ent,6.5020904541015625,,,0.3052486181259155,
1eoj,,,,,
1eol,,,,,
1eou,4.826852798461914,,,0.32082831859588623,
1epo,5.064622402191162,,,0.36406248807907104,
1epp,6.425143241882324,,,0.29523077607154846,
1epq,,,,,
1erq,1.6993435621261597,,,0.7069219350814819,
1eve,3.915717124938965,,,0.43879473209381104,
1evh,,,,,
1ew8,3.907926559448242,,,0.42972102761268616,
1ew9,3.0780086517333984,,,0.6143162250518799,
1exv,24.511043548583984,,,0.0004300458822399378,
1exw,,,,,
1ez9,,,,,
1ezf,17.08664894104004,,,0.0059523810632526875,
1f1j,,,,,
1f2o,2.728464126586914,,,0.5910326242446899,
1f2p,2.567176580429077,,,0.5915178656578064,
1f3j,,,,,
1f40,6.016809940338135,,,0.27018412947654724,
1f47,,,,,
1f4e,5.974364757537842,,,0.27212077379226685,
1f4x,6.198454856872559,,,0.2694968581199646,
1f57,2.3461954593658447,,,0.6573660969734192,
1f73,8.738191604614258,,,0.06969206035137177,
1f74,5.639144420623779,,,0.24547390639781952,
1f7b,4.522495269775391,,,0.3652200400829315,
1f8a,,,,,
1f8b,3.2369823455810547,,,0.4982541799545288,
1f8c,2.2752254009246826,,,0.6740451455116272,
1f8d,3.1592607498168945,,,0.503654956817627,
1f8e,2.3010659217834473,,,0.6097152233123779,
1f90,,,,,
1f9e,,,,,
1f9g,4.086815357208252,,,0.44948631525039673,
1fao,5.317742347717285,,,0.2718855142593384,
1fax,2.175520181655884,,,0.7156488299369812,
1fbm,2.087472438812256,,,0.6503703594207764,
1fcx,3.1621181964874268,,,0.5002047419548035,
1fcy,3.615859270095825,,,0.4519525170326233,
1fcz,2.6153883934020996,,,0.5763133764266968,
1fdq,13.311091423034668,,,0.05372881516814232,
1fe3,3.755801200866699,,,0.4176136255264282,
1ff1,,,,,
1fh7,,,,,
1fh8,,,,,
1fh9,,,,,
1fhd,,,,,
1fig,5.171757698059082,,,0.35739943385124207,
1fiv,,,,,
1fj4,18.527667999267578,,,0.0,
1fkb,4.47901725769043,,,0.35518187284469604,
1fkf,6.790711402893066,,,0.20013995468616486,
1fki,16.94064712524414,,,0.017729440703988075,
1fkn,,,,,
1fkw,1.0219361782073975,,,0.8624595403671265,
1flm,4.5160932540893555,,,0.34893134236335754,
1fmb,7.971295356750488,,,0.18582148849964142,
1fo0,,,,,
1fo2,3.616346597671509,,,0.47330594062805176,
1fo3,2.9078314304351807,,,0.5209380388259888,
1fpc,3.9288856983184814,,,0.4362373650074005,
1fpi,13.396082878112793,,,0.0243484228849411,
1fpp,4.895343780517578,,,0.4093364179134369,
1fpy,47.03400802612305,,,0.0,
1fq4,3.2267115116119385,,,0.49054983258247375,
1fq5,1.8516349792480469,,,0.6774247288703918,
1fq6,4.44647741317749,,,0.48320767283439636,
1fq7,3.9458632469177246,,,0.4416441023349762,
1fq8,3.370901584625244,,,0.4669739007949829,
1fsg,18.34527015686035,,,0.0003180661587975919,
1fsw,23.583860397338867,,,0.0,
1fsy,24.38679313659668,,,0.0,
1ft7,1.9940221309661865,,,0.6907894611358643,
1ftj,19.716962814331055,,,0.0,
1ftk,5.80896520614624,,,0.27251023054122925,
1ftm,18.577707290649414,,,0.0,
1fv0,5.828115940093994,,,0.11920434981584549,
1fv9,2.1750364303588867,,,0.6449903845787048,
1fvt,2.446680784225464,,,0.6885837912559509,
1fw0,4.903656005859375,,,0.338156133890152,
1fwe,2.193371057510376,,,0.67662113904953,
1fwv,,,,,
1fyr,,,,,
1fzk,,,,,
1fzo,,,,,
1fzq,1.853468418121338,,,0.7042253613471985,
1g1d,1.2397480010986328,,,0.7663847804069519,
1g27,11.409598350524902,,,0.056366048753261566,
1g2a,12.800647735595703,,,0.06571654975414276,
1g2o,14.824041366577148,,,0.0008703219937160611,
1g37,4.8563714027404785,,,0.3305785059928894,
1g3f,,,,,
1g3m,17.926084518432617,,,0.005842558573931456,
1g42_a,2.286745309829712,,,0.6540284156799316,
1g42_b,3.099919319152832,,,0.494140625,
1g45,1.4403979778289795,,,0.75,
1g46,1.5275932550430298,,,0.7639186382293701,
1g48,2.055689811706543,,,0.7074148058891296,
1g4j,2.2711551189422607,,,0.6950892806053162,
1g4o,0.9359073042869568,,,0.9145077466964722,
1g50,10.962852478027344,,,0.05396551638841629,
1g52,0.7112388610839844,,,0.9312499761581421,
1g53,1.5431772470474243,,,0.7556818127632141,
1g54,1.4614965915679932,,,0.8144859671592712,
1g5f,1.8179972171783447,,,0.7298136353492737,
1g5s,1.5593857765197754,,,0.7478474974632263,
1g6g,,,,,
1g6s,3.033055305480957,,,0.532099723815918,
1g74,4.929915428161621,,,0.3219400942325592,
1g7g,4.496067047119141,,,0.43862393498420715,
1g7p,,,,,
1g7q,,,,,
1g7v,4.7738423347473145,,,0.339803010225296,
1g85,2.625408172607422,,,0.572102427482605,
1g9r,5.826057434082031,,,0.23651902377605438,
1g9s,7.0566325187683105,,,0.1515679508447647,
1g9t,3.788740396499634,,,0.38649940490722656,
1ga8,,,,,
1ga9,27.129619598388672,,,0.0,
1gag,,,,,
1gah,,,,,
1gai,,,,,
1gar,15.192055702209473,,,0.045770298689603806,
1gbt,2.9071078300476074,,,0.5428109765052795,
1gca,3.3558847904205322,,,0.5290440917015076,
1gcz,5.2598347663879395,,,0.15339931845664978,
1gfw,2.7424018383026123,,,0.5492318272590637,
1gfy,0.8038605451583862,,,0.8837579488754272,
1ggd,4.087562561035156,,,0.432019978761673,
1ggn,8.308001518249512,,,0.20363165438175201,
1gmy,,,,,
1gni,8.419075012207031,,,0.14449338614940643,
1gnj,6.992523670196533,,,0.27478551864624023,
1gny,,,,,
1gpk,1.7263343334197998,,,0.6907796263694763,
1gpn,2.196716070175171,,,0.6409825086593628,
1gpy,28.27566146850586,,,0.0,
1grp,8.449061393737793,,,0.0690854862332344,
1gsz,33.01786422729492,,,0.0,
1gt1,4.834112167358398,,,0.3053278625011444,
1gt3,3.8477847576141357,,,0.42612525820732117,
1gt4,3.1684701442718506,,,0.514677107334137,
1gt5,3.0033769607543945,,,0.4957757294178009,
1gu1,15.948473930358887,,,0.0,
1gu3,,,,,
1gui,,,,,
1guw,,,,,
1gux,,,,,
1gvk,,,,,
1gvw,7.184480667114258,,,0.22347480058670044,
1gwm,,,,,
1gwq,,,,,
1gwr,,,,,
1gwv,,,,,
1gww,21.88055992126465,,,0.00015451174112968147,
1gx0,19.575510025024414,,,0.0,
1gx4,19.363489151000977,,,0.010068153962492943,
1gx8,4.9176435470581055,,,0.34001195430755615,
1gym,5.462350368499756,,,0.35737180709838867,
1gyx,13.163056373596191,,,0.053402647376060486,
1gz9,,,,,
1gzc,,,,,
1gzg,17.022361755371094,,,0.0008090615156106651,
1h00,2.534348249435425,,,0.7392815947532654,
1h01,2.3118655681610107,,,0.62971431016922,
1h08,3.0846524238586426,,,0.5890676975250244,
1h0a,5.628271102905273,,,0.2880094051361084,
1h0r,3.058267116546631,,,0.5093220472335815,
1h0w,2.5185863971710205,,,0.6076329350471497,
1h1b,4.234034061431885,,,0.39247313141822815,
1h1h,,,,,
1h1p,25.113693237304688,,,0.0,
1h1q,24.112411499023438,,,0.0,
1h1r,37.34394073486328,,,0.0,
1h1s,24.03666114807129,,,0.0,
1h22,7.430037975311279,,,0.19254085421562195,
1h23,6.04026985168457,,,0.23848961293697357,
1h24,,,,,
1h27,,,,,
1h2k,2.0770394802093506,,,0.6503667235374451,
1h2t,,,,,
1h35,33.68888854980469,,,0.0,
1h37,34.443702697753906,,,0.0,
1h39,33.03089904785156,,,0.0,
1h3a,32.5447998046875,,,0.0,
1h3c,34.290775299072266,,,0.0,
1h3h,,,,,
1h46,5.861577987670898,,,0.2870165705680847,
1h4n,3.12807035446167,,,0.527429461479187,
1h5u,13.554443359375,,,0.028733765706419945,
1h5v,,,,,
1h60,3.780656099319458,,,0.4708879292011261,
1h61,3.7337474822998047,,,0.47740963101387024,
1h62,2.593900203704834,,,0.5692508816719055,
1h6h,4.978166580200195,,,0.3888888955116272,
1h79,27.44965934753418,,,0.0,
1h8y,5.021109580993652,,,0.4644128084182739,
1h9l,,,,,
1hbj,8.478349685668945,,,0.15644067525863647,
1hbv,4.164887428283691,,,0.39827126264572144,
1hc9,,,,,
1hee,16.398061752319336,,,0.027203481644392014,
1hef,,,,,
1heg,9.650742530822754,,,0.09233947843313217,
1hge,30.686317443847656,,,0.0,
1hgi,40.27109146118164,,,0.0,
1hgj,62.34344482421875,,,0.0,
1hgt,,,,,
1hi3,,,,,
1hi4,3.933875799179077,,,0.38978829979896545,
1hi5,10.221970558166504,,,0.12336504459381104,
1hih,3.9288511276245117,,,0.4362989366054535,
1hiv,3.1372604370117188,,,0.5420644283294678,
1hk3,5.554520130157471,,,0.3708333373069763,
1hk5,13.190770149230957,,,0.040447898209095,
1hkj,,,,,
1hkk,,,,,
1hkm,,,,,
1hlf,6.513852596282959,,,0.18817445635795593,
1hlk,21.08368682861328,,,0.0,
1hmr,5.9707441329956055,,,0.24940617382526398,
1hms,3.2522501945495605,,,0.4852272868156433,
1hmt,3.494764804840088,,,0.4510309398174286,
1hn2,4.704198837280273,,,0.3739224076271057,
1hn4,4.50412130355835,,,0.4236641228199005,
1hnn,13.683540344238281,,,0.0201446283608675,
1hos,2.9068374633789062,,,0.6003401279449463,
1hp5,2.706822633743286,,,0.6212000250816345,
1hpx,4.829069137573242,,,0.3377937376499176,
1hqf,23.88962173461914,,,0.0,
1hqg,22.63024139404297,,,0.0,
1hqh,18.302770614624023,,,0.0,
1hrn,21.940908432006836,,,0.00013455328007694334,
1hsh,5.226360321044922,,,0.00657894741743803,
1hte,7.046619892120361,,,0.28525933623313904,
1htf,5.714344501495361,,,0.28769978880882263,
1hti,2.4019553661346436,,,0.5864055156707764,
1hty,8.261398315429688,,,0.22465035319328308,
1hv5,45.63848876953125,,,0.0,
1hvj,4.144925594329834,,,0.3673570156097412,
1hvk,3.6267616748809814,,,0.44105264544487,
1hwr,5.356165885925293,,,0.3208566904067993,
1hww,4.007436275482178,,,0.4069400727748871,
1hxb,7.549950122833252,,,0.1820596605539322,
1hxk,3.796563148498535,,,0.4703703820705414,
1hxw,4.234609127044678,,,0.386730432510376,
1hyo,3.2391786575317383,,,0.5140712857246399,
1i1e,14.551461219787598,,,0.05944881960749626,
1i2s,25.273229598999023,,,0.0,
1i37,1.5033223628997803,,,0.7544581890106201,
1i41,,,,0.0,
1i43,39.519195556640625,,,0.0,
1i48,21.558006286621094,,,0.0,
1i5h,,,,,
1i5r,8.34662914276123,,,0.14596831798553467,
1i6v,13.145617485046387,,,0.06688596308231354,
1i7i,18.42792320251465,,,0.0014018691144883633,
1i7z,6.132730960845947,,,0.021059783175587654,
1i80,9.732369422912598,,,0.10990813374519348,
1i8i,,,,,
1i8j,7.7817063331604,,,0.22351598739624023,
1i8z,3.238783597946167,,,0.5502976179122925,
1i90,2.35062313079834,,,0.5989747643470764,
1i91,1.804038405418396,,,0.7310892343521118,
1i9l,1.0018646717071533,,,0.8847150206565857,
1i9n,1.2242072820663452,,,0.8719059228897095,
1i9o,0.9266571998596191,,,0.8616666793823242,
1i9p,1.3998486995697021,,,0.8130208253860474,
1i9q,1.8286393880844116,,,0.7478813529014587,
1iau,,,,,
1ibc,,,,,
1ibg,9.423662185668945,,,0.178507998585701,
1icj,12.281122207641602,,,0.07358317822217941,
1ida,8.574565887451172,,,0.15328611433506012,
1idb,6.456841468811035,,,0.231745645403862,
1ie9,2.789464235305786,,,0.6598360538482666,
1iem,28.827526092529297,,,0.0,
1iep,30.453018188476562,,,0.0,
1iew,3.347212791442871,,,0.5289373993873596,
1if7,4.731131076812744,,,0.37715232372283936,
1igb,2.569524049758911,,,0.6041300296783447,
1igj,5.629979133605957,,,0.0,
1iht,,,,,
1ii5,4.696450233459473,,,0.33741259574890137,
1iig,2.9426395893096924,,,0.5033186078071594,
1iih,1.5975770950317383,,,0.7372978925704956,
1iiq,6.210541248321533,,,0.2642212212085724,
1ijr,4.326150417327881,,,0.39017608761787415,
1ik4,14.75805950164795,,,0.008146639913320541,
1ikt,7.6525139808654785,,,0.22154779732227325,
1ikx,1.4086154699325562,,,0.7687841653823853,
1iky,5.3793416023254395,,,0.30011093616485596,
1il3,2.5304391384124756,,,0.6363179087638855,
1il4,1.847828984260559,,,0.7190775871276855,
1il9,4.083037853240967,,,0.4927258789539337,
1ilh,4.118927955627441,,,0.38943731784820557,
1ilq,,,,,
1imx,7.3299150466918945,,,0.355187326669693,
1ing,4.185302257537842,,,0.40925925970077515,
1inh,3.5424880981445312,,,0.438973069190979,
1inq,,,,,
1iq1,,,,,
1is0,,,,,
1it6,23.56754493713379,,,0.0,
1iup,4.549038887023926,,,0.3696275055408478,
1ivp,7.76747465133667,,,0.1880081295967102,
1iwq,,,,,
1iy7,3.5225939750671387,,,0.4589707851409912,
1j01,1.5934890508651733,,,0.8211920261383057,
1j17,1.5737833976745605,,,0.7183350324630737,
1j19,,,,,
1j4p,,,,,
1j4q,,,,,
1j5i,4.392632484436035,,,0.3403707444667816,
1jak,2.2844455242156982,,,0.6873003244400024,
1jao,2.9627273082733154,,,0.566867470741272,
1jaq,3.415537118911743,,,0.492207795381546,
1jcx,5.253210067749023,,,0.31408020853996277,
1jd0,14.323975563049316,,,0.01655443385243416,
1jet,,,,,
1jeu,,,,,
1jev,,,,,
1jfh,,,,,
1jgl,8.894498825073242,,,0.14641819894313812,
1jh1,5.780203819274902,,,0.3248865306377411,
1jii,4.062952518463135,,,0.38519397377967834,
1jij,2.7426834106445312,,,0.5445754528045654,
1jik,5.908792495727539,,,0.32375189661979675,
1jil,4.479712963104248,,,0.410296767950058,
1jj9,4.265254974365234,,,0.45932304859161377,
1jjk,12.591636657714844,,,0.0,
1jjt,21.36719512939453,,,0.0,
1jk7,5.1844024658203125,,,0.3192974030971527,
1jld,7.124511241912842,,,0.22422298789024353,
1jlr,9.802814483642578,,,0.006606110837310553,
1jmf,6.224525451660156,,,0.21709677577018738,
1jmg,6.450293064117432,,,0.2098408043384552,
1jmi,5.454674243927002,,,0.2895331382751465,
1jmq,,,,,
1jn2,8.392993927001953,,,0.1593637466430664,
1joc,4.32538366317749,,,0.31280192732810974,
1joj,,,,,
1jp5,,,,,
1jpl,,,,,
1jq8,,,,,
1jq9,,,,,
1jr1,22.86703872680664,,,0.0,
1jrs,,,,,
1jt1,5.162192344665527,,,0.2575593888759613,
1juf,,,,,
1juj,9.568615913391113,,,0.17654423415660858,
1juq,,,,,
1jut,8.005406379699707,,,0.1526261866092682,
1juy,8.781417846679688,,,0.10631740838289261,
1jvp,6.303178310394287,,,0.27876630425453186,
1jvu,12.489167213439941,,,0.05837484449148178,
1jwm,,,,,
1jyi,,,,,
1jzs,9.53975772857666,,,0.10018797218799591,
1k1o,6.006321430206299,,,0.3221912682056427,
1k1y,,,,,
1k2i,3.6169254779815674,,,0.47731316089630127,
1k3n,,,,,
1k3q,,,,,
1k3t,19.52776527404785,,,0.0,
1k4g,2.3326659202575684,,,0.6265197396278381,
1k4h,2.570054769515991,,,0.6188589334487915,
1k9q,,,,,
1k9r,,,,,
1kc5,,,,,
1kc7,5.503082752227783,,,0.3348861336708069,
1kcs,,,,,
1kdk,5.229372978210449,,,0.26545894145965576,
1kdw,19.13949966430664,,,0.001467136200517416,
1kf0,3.706022262573242,,,0.50048828125,
1kjr,,,,,
1kl3,,,,,
1klg,,,,,
1klu,,,,,
1km3,2.755064010620117,,,0.5359792113304138,
1kmv,2.575411081314087,,,0.5840336084365845,
1kmy,4.405646324157715,,,0.37729549407958984,
1kna,,,,,
1kne,,,,,
1koj,4.176403999328613,,,0.3826850652694702,
1kpm,11.31160831451416,,,0.077187180519104,
1kqb,6.583763122558594,,,0.026260504499077797,
1kr3,21.32159996032715,,,0.0,
1kti,1.7604434490203857,,,0.7193295359611511,
1kug,,,,,
1kui,,,,,
1kuk,,,,,
1kv1,1.3955327272415161,,,0.797897219657898,
1kv2,2.807387590408325,,,0.6288563013076782,
1kv5,7.988777160644531,,,0.12743055820465088,
1kyv,4.103000640869141,,,0.0048462566919624805,
1kz8,15.69425106048584,,,0.021897809579968452,
1kzk,3.679831027984619,,,0.43979987502098083,
1l0a,,,,,
1l2s,8.794937133789062,,,0.10025274008512497,
1l5r,28.480289459228516,,,0.0,
1l5s,11.406516075134277,,,0.07780899107456207,
1l6s,6.324492454528809,,,0.24415887892246246,
1l83,9.97359848022461,,,0.09798994660377502,
1l8g,1.3611477613449097,,,0.7851382493972778,
1laf,4.708909034729004,,,0.39030611515045166,
1lah,4.942379474639893,,,0.35154828429222107,
1lan,5.225864887237549,,,0.2967519760131836,
1lb6,,,,,
1lbf,6.138021469116211,,,0.2550394535064697,
1lbk,11.673213005065918,,,0.11348501592874527,
1lcj,,,,,
1lcp,9.093822479248047,,,0.08715139329433441,
1ld7,2.357445478439331,,,0.6151260733604431,
1ld8,2.262625217437744,,,0.667391300201416,
1lee,3.9695656299591064,,,0.4360294044017792,
1leg,,,,,
1lek,,,,,
1lf8,,,,,
1lf9,,,,,
1lfo,5.048325061798096,,,0.3849315047264099,
1lgt,5.732142925262451,,,0.25578033924102783,
1lgw,4.923766136169434,,,0.2934560179710388,
1lhd,2.5691707134246826,,,0.5816378593444824,
1lhf,4.330446243286133,,,0.38437774777412415,
1lhg,2.1378142833709717,,,0.6780089735984802,
1lhu,6.969363212585449,,,0.1969328075647354,
1lhv,4.743609428405762,,,0.31563499569892883,
1lhw,7.209927082061768,,,0.18695993721485138,
1li2,15.751421928405762,,,0.0024937656708061695,
1li3,3.122349262237549,,,0.5120252966880798,
1li6,3.0333750247955322,,,0.5123355388641357,
1ljt,11.650657653808594,,,0.03857715427875519,
1lke,2.2547686100006104,,,0.6402702927589417,
1ll4,,,,,
1llb,25.957948684692383,,,0.0,
1lnm,4.782769680023193,,,0.31807228922843933,
1lol,4.548122406005859,,,0.3221893608570099,
1loq,2.9844748973846436,,,0.45395633578300476,
1lor,3.2991087436676025,,,0.44044503569602966,
1los,7.532858848571777,,,0.0,
1lox,4.789684772491455,,,0.329104483127594,
1lq2,3.210195779800415,,,0.5380755662918091,
1lst,4.177893161773682,,,0.4115523397922516,
1lt5,,,,,
1lvc,16.596641540527344,,,0.004518072120845318,
1lxf,6.203330993652344,,,0.26409775018692017,
1lxh,,,,,
1lyb,,,,,
1lyx,1.9819262027740479,,,0.6938271522521973,
1lzo,21.683231353759766,,,0.0,
1lzq,4.734536170959473,,,0.37115901708602905,
1m0b,7.640100955963135,,,0.16337890923023224,
1m0n,13.269692420959473,,,0.028524409979581833,
1m0o,7.959320068359375,,,0.1586107611656189,
1m0q,10.107702255249023,,,0.08775575459003448,
1m13,4.669344425201416,,,0.36682063341140747,
1m2r,1.7270886898040771,,,0.664050817489624,
1m2x,30.712223052978516,,,0.0,
1m4h,,,,,
1m5c,2.8776769638061523,,,0.5665658116340637,
1m5d,2.6478259563446045,,,0.5911999940872192,
1m5e,19.860044479370117,,,0.0003965107025578618,
1m5f,20.648632049560547,,,0.0,
1m5w,13.84567928314209,,,0.0,
1m6p,3.7783315181732178,,,0.4921875,
1m7d,,,,,
1m7i,,,,,
1m7y,5.531652927398682,,,0.28559088706970215,
1m9n,5.279047012329102,,,0.31577932834625244,
1mai,6.7050628662109375,,,0.23483669757843018,
1mcz,9.86931324005127,,,0.0,
1mdl,7.149451732635498,,,0.1463157832622528,
1me3,3.687101364135742,,,0.48937612771987915,
1me4,2.2234416007995605,,,0.6079317331314087,
1me7,8.402440071105957,,,0.08660314232110977,
1me8,7.483224868774414,,,0.14101861417293549,
1mem,6.026926517486572,,,0.319423645734787,
1meu,4.300600051879883,,,0.34215065836906433,
1mf4,,,,,
1mfa,,,,,
1mfd,,,,,
1mfg,,,,,
1mh5,9.94601058959961,,,0.0,
1mik,,,,,
1mj7,9.329996109008789,,,0.23947931826114655,
1mkd,29.232999801635742,,,0.0,
1ml1,24.934926986694336,,,0.0,
1mm6,15.737452507019043,,,0.0031572903972119093,
1mm7,19.19866371154785,,,0.0,
1mmp,31.446481704711914,,,0.0,
1mmq,3.529636859893799,,,0.4388401508331299,
1mmr,,,,,
1mn9,21.204086303710938,,,0.0017694641137495637,
1mns,3.4005510807037354,,,0.4910714328289032,
1moq,8.162775993347168,,,0.15649762749671936,
1mpl,,,,,
1mq1,,,,,
1mqd,22.961795806884766,,,0.0,
1mqg,16.746824264526367,,,0.004656862933188677,
1mqh,1.903180718421936,,,0.7017937302589417,
1mqi,1.9429426193237305,,,0.6735209226608276,
1mqj,1.725367546081543,,,0.7288206219673157,
1mrn,11.659966468811035,,,0.1171455904841423,
1mrs,4.134913921356201,,,0.3906843960285187,
1mrw,4.5594658851623535,,,0.3776595890522003,
1ms0,21.50321388244629,,,0.0,
1ms6,5.037587642669678,,,0.30919116735458374,
1ms7,3.391878604888916,,,0.4765275716781616,
1msn,3.0707974433898926,,,0.5194239616394043,
1mto,8.244053840637207,,,0.027417028322815895,
1mu6,2.6322813034057617,,,0.5616125464439392,
1mu8,2.150484561920166,,,0.6586345434188843,
1mui,7.176533222198486,,,0.19205453991889954,
1mv0,,,,,
1mwn,,,,,
1mwt,32.695472717285156,,,0.0,
1mxo,27.73226547241211,,,0.0,
1mxu,19.704206466674805,,,0.0,
1my2,19.864389419555664,,,0.0,
1my3,22.63471794128418,,,0.0,
1my4,23.39911651611328,,,0.0,
1my8,29.168617248535156,,,0.0,
1mzc,2.614708185195923,,,0.5797045230865479,
1n1m,19.214784622192383,,,0.0019206146243959665,
1n1t,2.553487777709961,,,0.5889235734939575,
1n1v,2.2526233196258545,,,0.6304877996444702,
1n2v,2.585930585861206,,,0.5841346383094788,
1n3i,14.192706108093262,,,0.016323024407029152,
1n3w,,,,,
1n3z,3.3231289386749268,,,0.46569401025772095,
1n43,2.936021327972412,,,0.4899289011955261,
1n4h,2.412065029144287,,,0.6008541584014893,
1n4k,4.603947162628174,,,0.3272058963775635,
1n51,,,,,
1n5z,,,,,
1n7i,12.720589637756348,,,0.034163136035203934,
1n7j,11.367996215820312,,,0.05996309965848923,
1n7t,,,,,
1n8u,3.6469614505767822,,,0.46506351232528687,
1n8v,11.507355690002441,,,0.1343797892332077,
1n94,8.74897289276123,,,0.1315789520740509,
1n95,5.465261459350586,,,0.29437869787216187,
1n9a,5.208390712738037,,,0.3231399655342102,
1n9m,4.480996608734131,,,0.33526894450187683,
1nc3,2.3843564987182617,,,0.5928961634635925,
1nc6,5.244185447692871,,,0.4365384578704834,
1ndj,8.563340187072754,,,0.09487825632095337,
1ndy,2.8955628871917725,,,0.5814189314842224,
1nf8,5.2752509117126465,,,0.2895665466785431,
1nfs,,,,,
1nfw,1.4752767086029053,,,0.7924743294715881,
1nh0,,,,,
1nhg,12.753124237060547,,,0.0,
1nhv,57.34916305541992,,,0.0,
1nhw,15.958955764770508,,,0.0,
1nhx,2.3507697582244873,,,0.5908248424530029,
1ni1,6.275722503662109,,,0.2943645119667053,
1nj5,5.261663913726807,,,0.3037537634372711,
1nja,8.230746269226074,,,0.17741116881370544,
1njb,9.71126937866211,,,0.11505682021379471,
1njc,8.2365083694458,,,0.1401209682226181,
1njd,8.999807357788086,,,0.14043062925338745,
1nje,10.655813217163086,,,0.0760398581624031,
1njj,36.93509292602539,,,0.0,
1njt,,,,,
1nju,14.752031326293945,,,0.035852137953042984,
1nki,6.016472339630127,,,0.27562761306762695,
1nkm,8.214743614196777,,,0.20402084290981293,
1nl6,22.50066566467285,,,0.0,
1nlj,19.631511688232422,,,0.02949729934334755,
1nlp,,,,,
1nlt,,,,,
1nm6,7.351611614227295,,,0.19584138691425323,
1nmk,5.337829113006592,,,0.266449511051178,
1nnb,2.6078014373779297,,,0.5688034296035767,
1nnk,1.4393517971038818,,,0.7966760993003845,
1nnu,18.614459991455078,,,0.0,
1no6,2.3721861839294434,,,0.5805255770683289,
1no9,2.697929620742798,,,0.5970744490623474,
1noi,35.93551254272461,,,0.0,
1noj,1.861908197402954,,,0.6934782862663269,
1nok,1.763477087020874,,,0.7066605687141418,
1nox,15.11628246307373,,,0.026790596544742584,
1np0,17.88352394104004,,,0.0,
1npa,3.149739980697632,,,0.5420858263969421,
1npw,3.470831871032715,,,0.5253185629844666,
1npz,24.23503875732422,,,0.0,
1nq0,7.75540018081665,,,0.17904804646968842,
1nq7,2.857529640197754,,,0.5338827967643738,
1ntk,42.15737533569336,,,0.0,
1nu3,3.5014233589172363,,,0.4573732614517212,
1nu8,,,,,
1nvq,0.9385745525360107,,,0.8634886145591736,
1nvr,1.0558016300201416,,,0.8471121191978455,
1nvs,2.536024808883667,,,0.5551219582557678,
1nw4,17.834392547607422,,,0.0,
1nxy,10.391609191894531,,,0.12770432233810425,
1ny0,1.8905755281448364,,,0.6538835167884827,
1ny2,,,,,
1nym,1.9710367918014526,,,0.6647173762321472,
1nyx,15.295378684997559,,,0.024401472881436348,
1nyy,2.005523204803467,,,0.6954458951950073,
1nz7,5.221220016479492,,,0.29430171847343445,
1o0f,12.070839881896973,,,0.0558035708963871,
1o0h,16.782243728637695,,,0.02004716917872429,
1o0m,12.892552375793457,,,0.04315110668540001,
1o0n,11.43276309967041,,,0.07241489738225937,
1o0o,,,,,
1o1s,6.125718593597412,,,0.24170616269111633,
1o41,3.1285810470581055,,,0.5045824646949768,
1o42,5.23936128616333,,,0.3188214600086212,
1o47,2.6796326637268066,,,0.5785714387893677,
1o49,3.0385141372680664,,,0.5379442572593689,
1o4b,3.0062761306762695,,,0.5371794700622559,
1o4d,3.4396469593048096,,,0.5118243098258972,
1o4e,4.639971733093262,,,0.33119267225265503,
1o4f,5.032196044921875,,,0.2819634675979614,
1o4g,2.749204158782959,,,0.5601503849029541,
1o4l,2.8697216510772705,,,0.6246943473815918,
1o4m,1.8511589765548706,,,0.6623931527137756,
1o4n,2.086421489715576,,,0.6952054500579834,
1o4o,5.064044952392578,,,0.3511597812175751,
1o4p,2.9346964359283447,,,0.5772151947021484,
1o4q,2.9387800693511963,,,0.4903640151023865,
1o5m,4.957798480987549,,,0.41022247076034546,
1o5p,6.48556661605835,,,0.24147091805934906,
1o6h,33.24221420288086,,,0.0,
1o6i,,,,,
1o79,34.5075798034668,,,0.0,
1o7o,20.908485412597656,,,0.0009085402707569301,
1o8b,3.4805784225463867,,,0.4932533800601959,
1o9e,5.0571465492248535,,,0.2496090680360794,
1oay,8.239922523498535,,,0.0,
1oba,34.678123474121094,,,0.0,
1obx,,,,,
1ocn,,,,,
1ocq,,,,,
1od8,,,,,
1odj,5.908722400665283,,,0.2517387866973877,
1ody,6.84320068359375,,,0.2161206305027008,
1oe0,22.305315017700195,,,0.00012556504225358367,
1oe7,2.636106014251709,,,0.5734127163887024,
1oe8,2.8450050354003906,,,0.5459719896316528,
1oeb,,,,,
1ofz,16.45181655883789,,,0.0003306878206785768,
1ogd,13.338897705078125,,,0.0,
1ogg,,,,,
1ogx,2.2490570545196533,,,0.5785340070724487,
1ogz,6.776821136474609,,,0.19592198729515076,
1oh4,,,,,
1oif,21.370126724243164,,,0.0,
1oim,22.459712982177734,,,0.0,
1oiu,23.670307159423828,,,0.0,
1oj5,,,,,
1okl,2.0934314727783203,,,0.6526032090187073,
1oko,39.45442199707031,,,0.0,
1okx,,,,,
1okz,1.6931990385055542,,,0.7370426654815674,
1ol1,,,,,
1olx,11.119424819946289,,,0.1340673565864563,
1om9,,,,,
1ong,4.673647880554199,,,0.3103448152542114,
1onh,3.994178056716919,,,0.39298245310783386,
1onp,16.962839126586914,,,0.0010259917471557856,
1opi,,,,,
1oq5,2.2338407039642334,,,0.6809391975402832,
1ork,11.535604476928711,,,0.05741716921329498,
1orw,,,,,
1os0,4.793498992919922,,,0.4001201093196869,
1osg,,,,,
1oth,7.398942947387695,,,0.18667344748973846,
1ouy,7.893260955810547,,,0.11522773653268814,
1ov3,,,,,
1ove,1.7537070512771606,,,0.7684471607208252,
1ow4,8.842594146728516,,,0.18140868842601776,
1ow6,,,,,
1ow7,,,,,
1ow8,,,,,
1ox9,,,,,
1oxg,,,,,
1oxn,,,,,
1oxq,,,,,
1oy7,,,,,
1oyn,27.41182518005371,,,0.0,
1ozv,45.58385467529297,,,0.0,
1p02,,,,,
1p03,,,,,
1p04,,,,,
1p05,,,,,
1p06,,,,,
1p0y,46.781402587890625,,,0.0,
1p10,,,,,
1p17,13.161124229431152,,,0.02668052725493908,
1p19,8.581616401672363,,,0.23814848065376282,
1p1n,5.161614894866943,,,0.3265179693698883,
1p1o,2.648757219314575,,,0.5945945978164673,
1p1q,19.22269058227539,,,0.0007281553116627038,
1p28,7.697340488433838,,,0.1480170041322708,
1p2g,,,,,
1p4u,,,,,
1p6d,6.097090244293213,,,0.31895795464515686,
1p6e,6.038366794586182,,,0.22688719630241394,
1p93,17.247859954833984,,,0.00875973328948021,
1pau,,,,,
1pb8,5.2899250984191895,,,0.32894736528396606,
1pbk,7.151691913604736,,,0.20278330147266388,
1pbq,19.498220443725586,,,0.007352941203862429,
1pcg,,,,,
1pdq,,,,,
1pdz,1.7123208045959473,,,0.7029850482940674,
1pf7,2.5995359420776367,,,0.572377622127533,
1pfu,,,,,
1pg2,4.72598934173584,,,0.41999998688697815,
1pgp,7.680047512054443,,,0.21797052025794983,
1phw,5.450882434844971,,,0.21077586710453033,
1pi5,27.5654296875,,,0.0,
1pig,,,,,
1pk0,21.18708038330078,,,0.0,
1pkx,37.25145721435547,,,0.0,
1pme,7.351140975952148,,,0.21583986282348633,
1pmn,3.157055377960205,,,0.4904336631298065,
1pmu,6.933700084686279,,,0.28549107909202576,
1pmv,1.331039547920227,,,0.75,
1pop,,,,,
1pot,3.405153512954712,,,0.49500831961631775,
1ppi,,,,,
1ppk,3.755263090133667,,,0.44907835125923157,
1ppl,4.313686370849609,,,0.3905414342880249,
1ppw,12.732150077819824,,,0.03740949183702469,
1ppx,5.068363189697266,,,0.278585284948349,
1pr1,3.7786543369293213,,,0.4221721589565277,
1pr5,13.159683227539062,,,0.046198520809412,
1prl,,,,,
1prm,,,,,
1ps3,3.984271764755249,,,0.41154971718788147,
1pum,29.21398162841797,,,0.0,
1pun,4.686967372894287,,,0.35333332419395447,
1puq,5.778234958648682,,,0.25331857800483704,
1pus,5.161371231079102,,,0.26859861612319946,
1pvn,26.258136749267578,,,0.0,
1pw6,7.448030471801758,,,0.2246376872062683,
1pwp,14.793787956237793,,,0.08001422137022018,
1pwq,19.596460342407227,,,0.0007246377062983811,
1pwy,3.2710020542144775,,,0.48775774240493774,
1px4,4.229577541351318,,,0.41223403811454773,
1pxh,6.455528736114502,,,0.3564920127391815,
1pxi,2.5186357498168945,,,0.563715934753418,
1pxj,2.432319402694702,,,0.6132734417915344,
1pxk,1.1160012483596802,,,0.8545966148376465,
1py1,,,,,
1pyw,,,,,
1pz5,,,,,
1q0b,30.368030548095703,,,0.0,
1q1g,16.00629234313965,,,0.0,
1q1y,,,,,
1q3d,1.8556737899780273,,,0.7226027250289917,
1q41,18.414531707763672,,,0.0005605381447821856,
1q4k,,,,,
1q4l,16.79416275024414,,,0.0,
1q4w,2.020676851272583,,,0.6588645577430725,
1q54,13.90548038482666,,,0.0170221496373415,
1q5l,,,,,
1q63,3.6861679553985596,,,0.45895060896873474,
1q65,2.2209014892578125,,,0.6029411554336548,
1q6k,4.701274394989014,,,0.3868694305419922,
1q6m,2.8240673542022705,,,0.5076141953468323,
1q72,5.7480902671813965,,,0.25529801845550537,
1q7a,5.192181587219238,,,0.3543814420700073,
1q8t,2.281787872314453,,,0.5886402726173401,
1q8u,1.794179916381836,,,0.676893949508667,
1q8w,1.6456729173660278,,,0.6981208920478821,
1q91,3.101466655731201,,,0.47863247990608215,
1q95,15.268400192260742,,,0.0,
1q9m,29.115100860595703,,,0.0,
1qaw,3.807209014892578,,,0.008211678825318813,
1qbq,4.482822418212891,,,0.3847222328186035,
1qca,17.75593376159668,,,0.002682403428480029,
1qf0,3.0729591846466064,,,0.5309544205665588,
1qf1,3.94120454788208,,,0.4667525887489319,
1qf5,6.9119343757629395,,,0.18961423635482788,
1qfs,2.604203701019287,,,0.5936185121536255,
1qft,12.817281723022461,,,0.025899279862642288,
1qi0,,,,,
1qin,6.256448745727539,,,0.20700152218341827,
1qiw,17.175525665283203,,,0.005819366779178381,
1qji,,,,,
1qk3,3.9227640628814697,,,0.44180044531822205,
1qk4,15.082097053527832,,,0.022242534905672073,
1qka,,,,,
1qkb,,,,,
1qkn,5.276870250701904,,,0.2606907784938812,
1qkt,6.420529842376709,,,0.23555956780910492,
1qku,9.824596405029297,,,0.08394160866737366,
1ql7,8.321269035339355,,,0.15011636912822723,
1ql9,2.2233686447143555,,,0.6039325594902039,
1qm4,4.5684356689453125,,,0.4608778655529022,
1qm5,,,,,
1qng,,,,,
1qnh,,,,,
1qon,4.620846271514893,,,0.33210331201553345,
1qpb,2.6643905639648438,,,0.5260416865348816,
1qpe,1.2976406812667847,,,0.795714259147644,
1qpf,21.277565002441406,,,0.0059374128468334675,
1qpl,13.175975799560547,,,0.042970091104507446,
1qq9,2.996067523956299,,,0.5583573579788208,
1qr3,,,,,
1qs4,21.75425148010254,,,0.0,
1qsc,,,,,
1qti,1.0804122686386108,,,0.8040030002593994,
1qtn,,,,,
1qvt,17.864822387695312,,,0.009085212834179401,
1qvu,14.720865249633789,,,0.05144777521491051,
1qw7,17.863197326660156,,,0.001108647440560162,
1qwe,,,,,
1qwf,,,,,
1qwu,3.983325958251953,,,0.4393564462661743,
1qx1,3.1656486988067627,,,0.519569456577301,
1qxl,7.002255439758301,,,0.21584059298038483,
1qxw,3.3902511596679688,,,0.5145833492279053,
1qxy,3.832324981689453,,,0.42915308475494385,
1qxz,2.176459550857544,,,0.603481650352478,
1qy1,4.666245937347412,,,0.346834272146225,
1qy2,4.138303756713867,,,0.3937247097492218,
1qyg,3.1040637493133545,,,0.5077937841415405,
1r17,,,,,
1r1h,8.37076187133789,,,0.26970720291137695,
1r1j,2.280078172683716,,,0.6303219199180603,
1r2b,,,,,
1r4w,10.129034042358398,,,0.0,
1r58,6.126690864562988,,,0.29414838552474976,
1r5g,4.602084159851074,,,0.35164543986320496,
1r5n,3.7945449352264404,,,0.47361359000205994,
1r5v,,,,,
1r5w,,,,,
1r5y,2.5562005043029785,,,0.5692239999771118,
1r6g,3.2009849548339844,,,0.4619807004928589,
1r6z,,,,,
1r78,1.60747230052948,,,0.723901093006134,
1r9l,3.063462257385254,,,0.5601464509963989,
1rbo,37.90930938720703,,,0.0,
1rbp,9.24526596069336,,,0.15333637595176697,
1rdi,26.722347259521484,,,0.0,
1rdj,26.11096954345703,,,0.0,
1rdl,27.256874084472656,,,0.0,
1rdn,26.173744201660156,,,0.0,
1rdt,26.0518741607666,,,0.0,
1re1,2.901132106781006,,,0.5859497785568237,
1rek,6.053391933441162,,,0.27168816328048706,
1rgk,2.566174030303955,,,0.5560253858566284,
1rgl,2.0119996070861816,,,0.6729678511619568,
1rhj,9.95799446105957,,,0.0017985611921176314,
1rhk,,,,,
1rhm,7.37726354598999,,,0.006207674741744995,
1rhq,,,,,
1rhr,5.731689453125,,,0.34033334255218506,
1rhu,5.624677658081055,,,0.297791987657547,
1rin,6.8676276206970215,,,0.0,
1rjk,2.3894176483154297,,,0.6885830760002136,
1rlp,,,,,
1rm8,5.543407917022705,,,0.35975104570388794,
1rmz,1.4533902406692505,,,0.7810107469558716,
1rne,4.468808174133301,,,0.394288033246994,
1rnm,5.852948188781738,,,0.36793893575668335,
1rnt,1.877357840538025,,,0.6609792113304138,
1ro6,17.793649673461914,,,0.0014914242783561349,
1ro7,21.65047836303711,,,0.0003738317755050957,
1rpf,4.131972312927246,,,0.38192611932754517,
1rpj,3.0202696323394775,,,0.5391790866851807,
1rq2,1.8412456512451172,,,0.41739895939826965,
1rr6,2.617863416671753,,,0.5700704455375671,
1rri,14.411691665649414,,,0.0180608369410038,
1rrw,14.346793174743652,,,0.011819484643638134,
1rry,15.934211730957031,,,0.013020833022892475,
1rs4,20.941728591918945,,,0.0068155452609062195,
1rsi,22.513370513916016,,,0.0,
1rt9,3.2445414066314697,,,0.524104654788971,
1rti,5.694878578186035,,,0.2992251515388489,
1rtl,20.927703857421875,,,0.0,
1rv1,7.090327739715576,,,0.17337866127490997,
1rw8,2.539320230484009,,,0.6054216623306274,
1rwx,4.734338283538818,,,0.385519802570343,
1ryf,13.722051620483398,,,0.016867469996213913,
1ryh,11.111113548278809,,,0.0443742461502552,
1rzx,,,,,
1s17,16.2620849609375,,,0.003813155461102724,
1s19,2.3297252655029297,,,0.5979981422424316,
1s39,1.6693857908248901,,,0.7217090129852295,
1s3k,,,,,
1s50,5.186328411102295,,,0.3123980462551117,
1s5z,19.446697235107422,,,0.0,
1s63,4.4109649658203125,,,0.34142857789993286,
1s64,29.175029754638672,,,0.0,
1s89,11.382882118225098,,,0.010729613713920116,
1s9t,14.717494010925293,,,0.011148272082209587,
1s9v,,,,,
1sb1,4.025887489318848,,,0.441971093416214,
1sdu,4.808933258056641,,,0.3282414376735687,
1sdv,2.8517110347747803,,,0.5673137903213501,
1sgu,2.9809350967407227,,,0.5216975212097168,
1sh9,6.087203502655029,,,0.2728967070579529,
1shd,,,,,
1siv,5.8467512130737305,,,0.2972494661808014,
1sj0,3.271860122680664,,,0.4953213930130005,
1sje,,,,,
1sjh,,,,,
1sl3,3.2145612239837646,,,0.47834068536758423,
1sld,,,,,
1sle,,,,,
1slg,,,,,
1sln,4.040369510650635,,,0.4760986864566803,
1sm3,,,,,
1sme,,,,,
1snk,5.732503890991211,,,0.3472960889339447,
1soj,28.64677619934082,,,0.0,
1sps,,,,,
1sqb,41.57844543457031,,,0.0,
1sqc,3.5397770404815674,,,0.44345661997795105,
1sqn,14.33781623840332,,,0.05864197388291359,
1sqp,22.87311363220215,,,0.0033638321328908205,
1sr7,16.152254104614258,,,0.01877097226679325,
1sre,10.506597518920898,,,0.0963100865483284,
1srg,12.022616386413574,,,0.04556882381439209,
1sri,13.50406265258789,,,0.0585961639881134,
1ssq,18.673744201660156,,,0.0005411255406215787,
1std,3.854020118713379,,,0.38863107562065125,
1stp,3.6493453979492188,,,0.45265424251556396,
1str,,,,,
1sts,,,,,
1sv3,4.060235500335693,,,0.4534261226654053,
1sw1,16.52729034423828,,,0.00420560734346509,
1sw2,2.221714735031128,,,0.6835511922836304,
1swg,1.994948148727417,,,0.5795281529426575,
1swi,6.376314640045166,,,0.21396397054195404,
1swk,2.9518942832946777,,,0.5194141864776611,
1swn,1.687507152557373,,,0.7688215970993042,
1swp,3.5018997192382812,,,0.49354618787765503,
1swr,6.74533748626709,,,0.14338597655296326,
1syh,1.5698423385620117,,,0.7399425506591797,
1syi,14.441919326782227,,,0.019823787733912468,
1syo,4.053126811981201,,,0.33793604373931885,
1sz0,3.2885758876800537,,,0.4752747118473053,
1t08,,,,,
1t29,,,,,
1t31,6.141988277435303,,,0.2368876039981842,
1t37,,,,,
1t46,12.749783515930176,,,0.16999445855617523,
1t48,3.0169456005096436,,,0.5057077407836914,
1t4s,22.877656936645508,,,0.0,
1t4v,5.037418365478516,,,0.3949579894542694,
1t5a,36.329345703125,,,0.0,
1t5f,23.24570083618164,,,0.0,
1t69,4.280600070953369,,,0.41530460119247437,
1t79,,,,,
1t7d,,,,,
1t7f,,,,,
1t7r,,,,,
1ta2,3.366520881652832,,,0.5215321779251099,
1ta6,6.969475269317627,,,0.18154552578926086,
1tbz,3.470364570617676,,,0.4786738455295563,
1tc1,4.376592636108398,,,0.3458646535873413,
1tcw,9.094778060913086,,,0.17805099487304688,
1td7,4.368991374969482,,,0.34429529309272766,
1tet,,,,,
1tfq,6.336678981781006,,,0.28998881578445435,
1tft,5.507777214050293,,,0.29478609561920166,
1tfz,8.175304412841797,,,0.2065584808588028,
1thr,,,,,
1ths,,,,,
1thz,10.01191234588623,,,0.0695028007030487,
1tka,5.237051010131836,,,0.3236914575099945,
1tkt,2.0654525756835938,,,0.6440828442573547,
1tkx,3.8656485080718994,,,0.4569999873638153,
1tl1,2.550368309020996,,,0.5676567554473877,
1tl3,1.3352093696594238,,,0.8165562748908997,
1tl7,,,,,
1tl9,,,,,
1tlp,6.987700462341309,,,0.23757658898830414,
1tmm,21.466646194458008,,,0.0003004807804245502,
1tng,2.4338297843933105,,,0.6446969509124756,
1tni,2.905177593231201,,,0.5535714030265808,
1tnj,1.4918406009674072,,,0.7847937941551208,
1tnk,2.008300542831421,,,0.6604215502738953,
1tnl,1.4089778661727905,,,0.7659090757369995,
1tog,6.040229797363281,,,0.2637324035167694,
1toi,2.5899672508239746,,,0.6044238805770874,
1toj,3.386760950088501,,,0.45512819290161133,
1tok,15.534857749938965,,,0.0036443148273974657,
1tom,2.953505516052246,,,0.5116686224937439,
1tou,3.3772735595703125,,,0.4655963182449341,
1tpw,3.8061578273773193,,,0.4666998088359833,
1tpz,12.968755722045898,,,0.03658829256892204,
1tq4,2.5035576820373535,,,0.5979105830192566,
1tqf,9.085033416748047,,,0.17007149755954742,
1tr7,22.973630905151367,,,0.0,
1trd,13.010713577270508,,,0.05000000074505806,
1tsi,3.5393149852752686,,,0.40928271412849426,
1tsv,9.128044128417969,,,0.13110047578811646,
1tsy,11.6751070022583,,,0.06399177014827728,
1tt1,17.203832626342773,,,0.0033039648551493883,
1ttm,2.95288348197937,,,0.5498338937759399,
1tu6,4.967016696929932,,,0.33101850748062134,
1tuf,5.033477306365967,,,0.3501908481121063,
1tv6,3.4705710411071777,,,0.5022897720336914,
1tve,20.331571578979492,,,0.0,
1tvo,5.032754898071289,,,0.33088234066963196,
1tvr,1.5360312461853027,,,0.7684094309806824,
1txr,3.5633771419525146,,,0.4342403709888458,
1tyn,6.307409286499023,,,0.3579021990299225,
1tyr,3.840715169906616,,,0.5753768682479858,
1tys,7.195600986480713,,,0.19989877939224243,
1u0g,3.7504024505615234,,,0.4118673503398895,
1u2r,5.216087818145752,,,0.3399566411972046,
1u2y,3.415754556655884,,,0.46276596188545227,
1u32,5.425661087036133,,,0.2694512605667114,
1u33,4.994770050048828,,,0.3511754870414734,
1u3r,9.2656831741333,,,0.13703837990760803,
1u59,1.7349244356155396,,,0.711922287940979,
1u65,13.10381031036377,,,0.10252497345209122,
1u8t,,,,,
1u9l,,,,,
1ua4,3.5842998027801514,,,0.4477832615375519,
1ucn,19.315876007080078,,,0.00035919540096074343,
1udt,2.7722625732421875,,,0.5876451730728149,
1uef,,,,,
1ugp,3.137422561645508,,,0.4883720874786377,
1ugw,29.71483612060547,,,0.0,
1ugx,,,,,
1ugy,,,,,
1uh1,,,,,
1uho,2.998734951019287,,,0.5939112305641174,
1ui0,6.085160732269287,,,0.25961539149284363,
1uj0,,,,,
1uj5,3.037632942199707,,,0.5396341681480408,
1uj6,4.1950178146362305,,,0.43061673641204834,
1ujj,,,,,
1ujk,,,,,
1uk1,23.912607192993164,,,0.0,
1ukh,,,,,
1ukt,,,,,
1ule,,,,,
1ulg,,,,,
1uml,2.72763729095459,,,0.5459905862808228,
1umw,,,,,
1ung,29.17637825012207,,,0.0,
1unl,24.257781982421875,,,0.0,
1uod,16.878080368041992,,,0.010286782868206501,
1uom,3.767836093902588,,,0.46527180075645447,
1uou,2.5435075759887695,,,0.6219857931137085,
1upf,16.54854965209961,,,0.009715993888676167,
1upk,,,,,
1ur9,,,,,
1urc,,,,,
1urg,,,,,
1usi,14.671614646911621,,,0.009011328220367432,
1usk,27.49858856201172,,,0.0,
1utc,,,,,
1utj,2.322474718093872,,,0.6531339287757874,
1utl,1.8709512948989868,,,0.680059552192688,
1utm,3.0329768657684326,,,0.4825129508972168,
1uto,1.7970707416534424,,,0.6871727705001831,
1utp,2.485490083694458,,,0.5926966071128845,
1utr,3.699815273284912,,,0.4031316339969635,
1utt,3.9956443309783936,,,0.43744874000549316,
1uv5,0.8840441107749939,,,0.9080267548561096,
1uv6,9.43012809753418,,,0.0,
1uvs,3.4488601684570312,,,0.4559716582298279,
1uvt,2.0724031925201416,,,0.6463888883590698,
1uw6,4.9306488037109375,,,0.12449664622545242,
1uwb,1.610512375831604,,,0.7616192102432251,
1uwf,1.845089077949524,,,0.6858364939689636,
1uwt,28.408679962158203,,,0.0,
1uwu,28.329275131225586,,,0.0,
1ux7,,,,,
1uxa,,,,,
1uxb,,,,,
1uy7,1.264175534248352,,,0.8117173314094543,
1uy9,1.7266216278076172,,,0.6950240731239319,
1uyc,0.9499833583831787,,,0.872053861618042,
1uyd,1.4135119915008545,,,0.8097439408302307,
1uyf,2.0097904205322266,,,0.6651943325996399,
1uyg,1.0454766750335693,,,0.8614457845687866,
1uyk,1.4109010696411133,,,0.7773752212524414,
1uym,1.4321832656860352,,,0.8384100794792175,
1uys,12.612666130065918,,,0.026204818859696388,
1uz1,20.709125518798828,,,0.0,
1uz4,1.8603787422180176,,,0.7147239446640015,
1uz8,,,,,
1v0k,,,,,
1v0l,,,,,
1v0m,,,,,
1v0n,,,,,
1v0p,19.63580322265625,,,0.0,
1v11,6.559228897094727,,,0.3305232524871826,
1v16,8.362129211425781,,,0.1517457515001297,
1v1j,15.997079849243164,,,0.0,
1v1k,2.5840840339660645,,,0.6935940980911255,
1v1m,6.703766822814941,,,0.2111947387456894,
1v2k,8.170658111572266,,,0.16085271537303925,
1v3x,3.306353807449341,,,0.48762157559394836,
1v48,5.800241947174072,,,0.26398026943206787,
1v79,3.0701239109039307,,,0.5175644159317017,
1v7a,3.178679943084717,,,0.4961498975753784,
1vcj,5.614994525909424,,,0.27543604373931885,
1vcu,22.72454833984375,,,0.0,
1vea,8.239161491394043,,,0.14575645327568054,
1veb,3.5459413528442383,,,0.4515323042869568,
1vgc,5.435013771057129,,,0.40041494369506836,
1vik,,,,,
1vj5,3.0981719493865967,,,0.5417808294296265,
1vjc,4.301806449890137,,,0.5018993616104126,
1vkj,5.630181789398193,,,0.34619563817977905,
1vot,2.868255376815796,,,0.5435656905174255,
1vwf,,,,,
1vyf,3.916856288909912,,,0.45111286640167236,
1vyg,4.000819206237793,,,0.4232456088066101,
1vyj,,,,,
1vyw,25.893125534057617,,,0.0,
1vyz,1.6579334735870361,,,0.7705419659614563,
1w10,3.949845552444458,,,0.45057034492492676,
1w13,4.167169570922852,,,0.47587916254997253,
1w14,3.186593532562256,,,0.5164048075675964,
1w1d,4.830179214477539,,,0.3066314458847046,
1w1g,3.700266122817993,,,0.4098984897136688,
1w1p,10.74273681640625,,,0.058673471212387085,
1w1t,18.249353408813477,,,0.0,
1w1v,31.023662567138672,,,0.0,
1w1y,24.380653381347656,,,0.0,
1w25,,,,,
1w2g,8.598998069763184,,,0.14475806057453156,
1w2h,9.771183013916016,,,0.15597015619277954,
1w2x,21.602136611938477,,,0.038137756288051605,
1w31,6.6244425773620605,,,0.20256167650222778,
1w3j,22.3416805267334,,,0.0,
1w3k,,,,,
1w3l,,,,,
1w4o,14.884316444396973,,,0.022187499329447746,
1w4p,18.450197219848633,,,0.0005334281595423818,
1w4q,17.02409553527832,,,0.003934426233172417,
1w51,4.139073371887207,,,0.4029255211353302,
1w5v,3.933671474456787,,,0.4196555018424988,
1w5w,4.1271538734436035,,,0.40807437896728516,
1w5x,6.88623046875,,,0.21777421236038208,
1w5y,7.115774154663086,,,0.19901645183563232,
1w6j,8.013103485107422,,,0.20333746075630188,
1w6y,9.304767608642578,,,0.1161593571305275,
1w70,4.814494609832764,,,0.0,
1w76,29.121633529663086,,,0.0,
1w7h,4.1914448738098145,,,0.36749571561813354,
1w80,,,,,
1w83,10.162034034729004,,,0.19355979561805725,
1w84,3.8748602867126465,,,0.4234790802001953,
1w8l,2.447437047958374,,,0.5578175783157349,
1w8m,2.987016201019287,,,0.5200276374816895,
1way,6.116588115692139,,,0.307124525308609,
1wbg,2.725761890411377,,,0.6064029932022095,
1wbo,5.717074871063232,,,0.26051780581474304,
1wbs,8.36910629272461,,,0.22138157486915588,
1wbt,8.978707313537598,,,0.20471763610839844,
1wbv,1.6478610038757324,,,0.7245315909385681,
1wbw,1.8869633674621582,,,0.6870315074920654,
1wcc,3.5978126525878906,,,0.44864049553871155,
1wcq,25.37200927734375,,,0.0,
1wdn,,,,,
1wdq,,,,,
1wdr,,,,,
1wdy,5.420381546020508,,,0.26156941056251526,
1we2,3.626447916030884,,,0.4366602599620819,
1wkm,,,,0.0,
1wm1,5.230179309844971,,,0.26897090673446655,
1ws1,,,,,
1ws4,28.387968063354492,,,0.0,
1ws5,32.000484466552734,,,0.0,
1wug,3.762577772140503,,,0.49738219380378723,
1wvc,5.426012992858887,,,0.3036876320838928,
1wvj,2.099966526031494,,,0.6269841194152832,
1wzy,,,,,
1x07,4.793900966644287,,,0.3976910710334778,
1x1z,8.168013572692871,,,0.12983134388923645,
1x38,2.9380733966827393,,,0.5524333715438843,
1x39,3.3821637630462646,,,0.5423634052276611,
1x6u,5.754421234130859,,,0.24423709511756897,
1x70,22.57952308654785,,,0.0,
1x78,11.961519241333008,,,0.08865638822317123,
1x7b,10.400362968444824,,,0.11909298598766327,
1x7e,15.320013999938965,,,0.05120248347520828,
1x7q,,,,,
1x81,6.116474628448486,,,0.23452970385551453,
1x8d,19.04988670349121,,,0.0,
1x8j,23.302356719970703,,,0.0,
1x8r,3.3571393489837646,,,0.481967955827713,
1x8t,3.8873558044433594,,,0.41608238220214844,
1x9d,,,,,
1xa5,6.381775856018066,,,0.23723118007183075,
1xb7,,,,,
1xbb,7.288872241973877,,,0.3130319118499756,
1xbc,2.0443027019500732,,,0.6736760139465332,
1xd0,5.54915189743042,,,0.25368767976760864,
1xdd,7.081996917724609,,,0.21135495603084564,
1xdg,9.212980270385742,,,0.10907003283500671,
1xff,20.613805770874023,,,0.0002771618601400405,
1xge,3.727452278137207,,,0.46648550033569336,
1xh3,,,,,
1xh4,3.2895166873931885,,,0.5019933581352234,
1xh5,3.268813371658325,,,0.4740164279937744,
1xh7,4.075210094451904,,,0.3835078477859497,
1xhm,,,,,
1xhy,4.395159721374512,,,0.39376676082611084,
1xjd,1.5388822555541992,,,0.7727760076522827,
1xk9,21.911298751831055,,,0.0,
1xlz,23.568832397460938,,,0.00027808675076812506,
1xm6,22.593690872192383,,,0.0005656108842231333,
1xmy,19.324922561645508,,,0.0,
1xn0,22.95489501953125,,,0.0,
1xn2,,,,,
1xn3,,,,,
1xnx,16.60208511352539,,,0.048054009675979614,
1xnz,1.311171293258667,,,0.7942386865615845,
1xo2,4.3891472816467285,,,0.3807574212551117,
1xoe,1.8025877475738525,,,0.7042483687400818,
1xog,2.235006093978882,,,0.6325701475143433,
1xom,22.02657699584961,,,0.00025050100521184504,
1xon,22.72728157043457,,,0.012316334992647171,
1xoq,22.44967269897461,,,0.014213395304977894,
1xor,23.48061752319336,,,0.0,
1xos,2.656266689300537,,,0.5450261831283569,
1xow,1.1509689092636108,,,0.8334532380104065,
1xoz,5.742188930511475,,,0.292391300201416,
1xr8,,,,,
1xr9,,,,,
1xs7,6.087245941162109,,,0.34341883659362793,
1xsc,3.3061654567718506,,,0.5324817299842834,
1xt8,19.33809471130371,,,0.0,
1xud,17.268352508544922,,,0.01338883861899376,
1xxe,5.545083522796631,,,0.33143800497055054,
1xz8,14.484723091125488,,,0.05543633922934532,
1y0l,6.752607345581055,,,0.0,
1y0x,6.730228424072266,,,0.21196512877941132,
1y19,,,,,
1y20,6.810469627380371,,,0.26207244396209717,
1y2a,,,,,
1y2b,21.28989028930664,,,0.0,
1y2c,21.75176429748535,,,0.0,
1y2f,4.904184341430664,,,0.2696540951728821,
1y2h,19.507904052734375,,,0.0002793296007439494,
1y3a,,,,,
1y3n,,,,,
1y3p,,,,,
1y4z,,,,0.0,
1y6q,1.9299249649047852,,,0.6945364475250244,
1y8o,17.684513092041016,,,0.0005885814898647368,
1y8p,17.92518424987793,,,0.0008135750540532172,
1y91,2.205540180206299,,,0.6228771209716797,
1ybg,14.106464385986328,,,0.018883150070905685,
1yc1,5.381451606750488,,,0.29681816697120667,
1yc4,1.648139238357544,,,0.745954692363739,
1yc5,2.198235511779785,,,0.587195098400116,
1yci,4.304432392120361,,,0.39343658089637756,
1ycm,2.0497753620147705,,,0.688144326210022,
1yda,1.2441051006317139,,,0.7847877144813538,
1ydb,2.1009204387664795,,,0.6499999761581421,
1ydd,1.6764739751815796,,,0.7511086463928223,
1ydk,4.596116065979004,,,0.34012874960899353,
1ydr,3.250610828399658,,,0.4532966911792755,
1yet,2.209709405899048,,,0.5677789449691772,
1yfz,14.456040382385254,,,0.0038712306413799524,
1yi3,5.014624118804932,,,0.3536509871482849,
1ykp,6.0917487144470215,,,0.0,
1ylv,5.848933219909668,,,0.34532374143600464,
1yly,22.081378936767578,,,0.0,
1ym1,25.116315841674805,,,0.0,
1ym2,,,,,
1ym4,,,,,
1yms,22.117029190063477,,,0.0,
1ymx,24.952388763427734,,,0.0,
1ynd,6.098075866699219,,,0.23092816770076752,
1yon,1.8168177604675293,,,0.72611004114151,
1you,14.286784172058105,,,0.01645638979971409,
1yq7,4.001127243041992,,,0.40743669867515564,
1yqj,5.205520153045654,,,0.3657214343547821,
1yqy,6.1044020652771,,,0.30383211374282837,
1yrs,29.313753128051758,,,0.0,
1ysg,7.273743152618408,,,0.23800435662269592,
1yt9,6.671853542327881,,,0.26227495074272156,
1yvf,4.826824188232422,,,0.35593682527542114,
1yvm,3.3149123191833496,,,0.5730616450309753,
1yvz,3.1571407318115234,,,0.5678223967552185,
1yw7,2.6703648567199707,,,0.5912256240844727,
1yw8,4.659509658813477,,,0.41816142201423645,
1ywh,,,,,
1ywi,,,,,
1yxd,3.155399799346924,,,0.5114942789077759,
1yy4,12.160433769226074,,,0.08454106003046036,
1yy6,,,,,
1yye,13.228068351745605,,,0.05161290243268013,
1yyr,14.591120719909668,,,0.012065095826983452,
1yys,16.55263900756836,,,0.017921147868037224,
1yz3,13.388509750366211,,,0.03356890380382538,
1z2b,23.414939880371094,,,0.0,
1z3j,2.580834150314331,,,0.5713844299316406,
1z3t,,,,,
1z3v,,,,,
1z4n,12.109776496887207,,,0.07190860062837601,
1z4o,16.957828521728516,,,0.0010830324608832598,
1z4u,10.761567115783691,,,0.05147946998476982,
1z6d,13.0445556640625,,,0.04351145029067993,
1z6e,2.07949161529541,,,0.7290061712265015,
1z6f,5.387807846069336,,,0.32373085618019104,
1z6s,15.357535362243652,,,0.01651376113295555,
1z95,2.901183605194092,,,0.5587982535362244,
1z9h,10.110579490661621,,,0.03272450715303421,
1z9y,2.2432289123535156,,,0.6520061492919922,
1zaf,14.175509452819824,,,0.018468771129846573,
1zaj,26.78302001953125,,,0.0,
1zc9,11.257834434509277,,,0.04794520512223244,
1zd2,5.983823299407959,,,0.3403819799423218,
1zd3,2.065629243850708,,,0.6613029837608337,
1zd4,2.4066805839538574,,,0.6575919985771179,
1zd5,8.652918815612793,,,0.2760752737522125,
1ze8,2.3408453464508057,,,0.6903409361839294,
1zfq,2.0047340393066406,,,0.6394628286361694,
1zgb,8.92414665222168,,,0.1551891416311264,
1zgi,2.075763463973999,,,0.6576719284057617,
1zgv,6.011795520782471,,,0.31110572814941406,
1zh7,,,,,
1zhk,,,,,
1zhl,,,,,
1zhy,3.851773977279663,,,0.42138671875,
1zkk,,,,,
1zkl,1.1421457529067993,,,0.8126506209373474,
1zkn,29.04651641845703,,,0.0,
1zky,14.404373168945312,,,0.02607044205069542,
1zm6,,,,,
1zm7,24.018672943115234,,,0.0,
1zoe,2.7460055351257324,,,0.5460766553878784,
1zog,1.3137938976287842,,,0.7922993302345276,
1zoh,2.9289486408233643,,,0.5586876273155212,
1zom,4.902654647827148,,,0.3292723596096039,
1zpb,2.131747245788574,,,0.6739704608917236,
1zpc,3.535081624984741,,,0.5129533410072327,
1zsb,1.3518493175506592,,,0.8132754564285278,
1zsh,,,,,
1zsr,5.6665215492248535,,,0.32270917296409607,
1ztq,18.425235748291016,,,0.07808603346347809,
1zub,,,,,
1zuc,16.330577850341797,,,0.017182130366563797,
1zxv,11.656174659729004,,,0.04173622652888298,
1zyj,2.9946842193603516,,,0.46240106225013733,
1zyr,,,,0.0,
1zz1,14.731683731079102,,,0.0,
1zz2,11.614768981933594,,,0.11607669293880463,
1zz3,23.378873825073242,,,0.0,
1zzl,2.19352650642395,,,0.6465102434158325,
220l,3.3781673908233643,,,0.5313588976860046,
223l,8.853717803955078,,,0.13938619196414948,
2a0t,,,,,
2a25,,,,,
2a2g,16.765268325805664,,,0.006987577769905329,
2a3i,,,,,
2a3w,10.131875991821289,,,0.0,
2a3x,7.409696578979492,,,0.0,
2a4g,7.52221155166626,,,0.22493760287761688,
2a4l,1.5849741697311401,,,0.7740811109542847,
2a4m,16.6900634765625,,,0.0010427528759464622,
2a4q,16.8443603515625,,,0.01392233557999134,
2a4z,0.9271531105041504,,,0.8784658312797546,
2a58,4.78388786315918,,,0.0015873016091063619,
2a5b,10.50887680053711,,,0.10298507660627365,
2a5c,11.837305068969727,,,0.07847533375024796,
2a5s,6.827360153198242,,,0.2192913442850113,
2a5u,3.0422701835632324,,,0.5662460327148438,
2a8g,4.583374500274658,,,0.3490044176578522,
2a8h,21.574899673461914,,,0.0,
2aa6,28.38033676147461,,,0.0,
2aa9,3.8266499042510986,,,0.4405737817287445,
2aac,16.193178176879883,,,0.0002682403428480029,
2aay,2.8841044902801514,,,0.5595505833625793,
2ad5,14.761351585388184,,,0.06782825291156769,
2ada,1.9623183012008667,,,0.6671994924545288,
2adu,3.758406162261963,,,0.5043010711669922,
2ael,16.092283248901367,,,0.006365740671753883,
2aez,,,,,
2afw,22.625274658203125,,,0.0,
2afx,20.068246841430664,,,0.0,
2agv,23.101011276245117,,,0.0,
2ai7,2.421379566192627,,,0.5940909385681152,
2ai8,10.269919395446777,,,0.09988109022378922,
2aia,2.939093828201294,,,0.5912322402000427,
2aie,2.799913167953491,,,0.5752066373825073,
2aig,4.349750995635986,,,0.42844974994659424,
2aj8,8.61568832397461,,,0.0,
2ajb,41.23237228393555,,,0.0,
2al5,16.070192337036133,,,0.0030706243123859167,
2alv,3.7744126319885254,,,0.44355401396751404,
2am1,4.124076843261719,,,0.4553709328174591,
2am2,4.068079948425293,,,0.4099281132221222,
2am4,3.58274507522583,,,0.462478905916214,
2am9,2.7403814792633057,,,0.5451174378395081,
2ama,1.6137990951538086,,,0.7496454119682312,
2amt,10.887652397155762,,,0.004519309848546982,
2amv,4.703784465789795,,,0.35776278376579285,
2an5,23.0533447265625,,,0.0,
2ao6,1.2266086339950562,,,0.7787356376647949,
2aoc,,,,,
2aod,,,,,
2aoe,5.427891731262207,,,0.3154153823852539,
2aof,,,,,
2aog,4.299103736877441,,,0.42403456568717957,
2aoh,,,,,
2aoi,,,,,
2aoj,,,,,
2aow,15.04652214050293,,,0.01295896340161562,
2aox,17.889177322387695,,,0.0030186607036739588,
2aq7,2.4102039337158203,,,0.6150332093238831,
2aq9,,,,,
2aqb,21.839920043945312,,,0.0,
2arm,,,,,
2asu,,,,,
2ath,17.459896087646484,,,0.0058045354671776295,
2auc,,,,,
2aux,4.69289493560791,,,0.3620488941669464,
2auz,2.816906690597534,,,0.5812146663665771,
2avi,14.451048851013184,,,0.04495268315076828,
2avm,5.512508869171143,,,0.31612148880958557,
2avo,3.3192601203918457,,,0.4820895493030548,
2ax6,4.752660274505615,,,0.3561881184577942,
2ay1,2.6909563541412354,,,0.6042976975440979,
2ay2,1.9500335454940796,,,0.6942488551139832,
2ay3,4.5230488777160645,,,0.3840361535549164,
2ay4,2.38144588470459,,,0.6601239442825317,
2ay6,5.741221904754639,,,0.3342140018939972,
2ay7,,,,,
2ay8,2.429129123687744,,,0.6205962300300598,
2az5,6.0261101722717285,,,0.2015306055545807,
2az8,8.915693283081055,,,0.16379310190677643,
2az9,8.42418098449707,,,0.22130681574344635,
2azc,,,,,
2azm,,,,,
2azr,1.518167495727539,,,0.7448412775993347,
2b17,2.605924367904663,,,0.5972973108291626,
2b1g,10.19926643371582,,,0.16026970744132996,
2b1i,4.987159729003906,,,0.3318905830383301,
2b1p,3.049536943435669,,,0.5928446054458618,
2b1q,,,,,
2b1r,,,,,
2b1v,15.501103401184082,,,0.007308845408260822,
2b2v,,,,,
2b4l,3.3089098930358887,,,0.5411255359649658,
2b4m,15.966718673706055,,,0.001369863050058484,
2b54,6.763670444488525,,,0.3332647979259491,
2b5j,4.436069011688232,,,0.4283596873283386,
2b7a,29.680727005004883,,,0.0,
2b7f,,,,,
2b8l,2.371251344680786,,,0.6405923366546631,
2b8v,2.23594331741333,,,0.6424880623817444,
2b9a,7.8525519371032715,,,0.1550435870885849,
2baj,2.1138553619384766,,,0.6859439611434937,
2bal,9.047728538513184,,,0.16241039335727692,
2ban,4.882769584655762,,,0.35109788179397583,
2bba,,,,,
2bcd,,,,,
2bdl,4.328625202178955,,,0.44637030363082886,
2be2,1.663633108139038,,,0.7399364113807678,
2bes,7.080374717712402,,,0.17299427092075348,
2bet,6.243051052093506,,,0.2625628113746643,
2bgd,1.5537114143371582,,,0.7818118929862976,
2bgn,,,,,
2bgr,,,,,
2bjm,3.373497247695923,,,0.4686206877231598,
2bkt,28.493148803710938,,,0.0,
2bkz,22.94813346862793,,,0.0,
2bmk,5.215866565704346,,,0.018652036786079407,
2bmz,,,,,
2bo4,,,,,
2boh,2.0871660709381104,,,0.6439066529273987,
2boi,2.5926501750946045,,,0.5921325087547302,
2boj,5.902084827423096,,,0.08584905415773392,
2bpv,5.408141613006592,,,0.26678764820098877,
2bpy,3.6627254486083984,,,0.39922839403152466,
2bq6,2.4458212852478027,,,0.6034269332885742,
2bqv,2.5716068744659424,,,0.5332380533218384,
2bqw,6.0013017654418945,,,0.38226979970932007,
2br6,3.872429132461548,,,0.4468664824962616,
2brb,1.9342612028121948,,,0.6756569743156433,
2brm,1.2737200260162354,,,0.7977828979492188,
2brp,8.454877853393555,,,0.18753565847873688,
2bt9,8.086125373840332,,,0.015463917516171932,
2btr,1.6569854021072388,,,0.7571790814399719,
2bts,1.7954542636871338,,,0.6608061790466309,
2buv,4.693610668182373,,,0.38968122005462646,
2bv4,2.3257529735565186,,,0.5958605408668518,
2bvd,4.990714073181152,,,0.380884051322937,
2bvx,2.0420048236846924,,,0.6732394099235535,
2bw7,3.230346918106079,,,0.10640216618776321,
2bxt,3.7991557121276855,,,0.47487330436706543,
2byr,9.752492904663086,,,0.13967008888721466,
2bys,7.135870456695557,,,0.011168384924530983,
2bz8,,,,,
2bza,1.2889883518218994,,,0.7772346138954163,
2bzz,6.62984561920166,,,0.2101283222436905,
2c1a,2.7175285816192627,,,0.5443756580352783,
2c1b,2.764953851699829,,,0.5334757566452026,
2c1p,8.418685913085938,,,0.0,
2c1q,6.786625862121582,,,0.23380281031131744,
2c2l,,,,,
2c3l,2.730803966522217,,,0.6166943311691284,
2c4v,3.1481142044067383,,,0.4945255517959595,
2c57,17.379878997802734,,,0.0,
2c5o,21.038665771484375,,,0.0,
2c68,1.756672739982605,,,0.7224264740943909,
2c69,1.4029806852340698,,,0.7613932490348816,
2c6g,3.8466203212738037,,,0.48339319229125977,
2c6i,7.417998313903809,,,0.29326531291007996,
2c6k,5.742006778717041,,,0.3468036651611328,
2c6l,6.529480934143066,,,0.3120659589767456,
2c6o,6.711207389831543,,,0.2914937734603882,
2c80,9.39328670501709,,,0.13598418235778809,
2c90,3.5323944091796875,,,0.49082568287849426,
2c92,6.900051116943359,,,0.00074074073927477,
2c94,4.941174507141113,,,0.05111566558480263,
2c97,8.356344223022461,,,0.05238628014922142,
2c9b,4.617547035217285,,,0.0,
2c9d,5.916035175323486,,,0.043296754360198975,
2ca8,5.952294826507568,,,0.26568758487701416,
2cbj,21.39173126220703,,,0.000965250947047025,
2cbs,2.9550724029541016,,,0.4986225962638855,
2cbu,22.262121200561523,,,0.0,
2cbv,22.272958755493164,,,0.0,
2cbz,3.118053674697876,,,0.4813237190246582,
2ccs,1.136025309562683,,,0.8570247888565063,
2cct,0.8329260945320129,,,0.9022634029388428,
2ccu,4.679953575134277,,,0.479467511177063,
2ce9,,,,,
2ceq,23.603443145751953,,,0.0,
2cer,16.54302406311035,,,0.0005827505956403911,
2ces,22.30024528503418,,,0.0,
2cet,22.790348052978516,,,0.0,
2cex,18.469629287719727,,,0.0,
2cgw,2.9247934818267822,,,0.5383435487747192,
2cgx,3.120389461517334,,,0.5328185558319092,
2cht,6.923401832580566,,,0.0894097238779068,
2chz,3.6644647121429443,,,0.47600242495536804,
2cia,,,,,
2cji,3.591073751449585,,,0.4317406117916107,
2ckm,6.2797932624816895,,,0.2780643105506897,
2clf,3.0566980838775635,,,0.5136646032333374,
2clh,1.759135365486145,,,0.7025966048240662,
2cli,2.290381669998169,,,0.6236616969108582,
2clk,2.8449511528015137,,,0.5578703880310059,
2cll,4.2044854164123535,,,0.41515013575553894,
2clm,2.1208057403564453,,,0.6073216795921326,
2clo,2.815195322036743,,,0.5293803215026855,
2cm8,3.3839080333709717,,,0.48533618450164795,
2cma,6.502927303314209,,,0.3395230770111084,
2cmb,11.416037559509277,,,0.15438129007816315,
2cmc,5.944639205932617,,,0.32996147871017456,
2cmf,4.324208736419678,,,0.3860718905925751,
2cmo,15.937091827392578,,,0.04907677322626114,
2cn8,1.3269572257995605,,,0.8029359579086304,
2cne,8.266145706176758,,,0.16943202912807465,
2cnf,4.059451103210449,,,0.4749999940395355,
2csm,9.172737121582031,,,0.11172741651535034,
2csn,1.6823649406433105,,,0.7544204592704773,
2ctc,3.201472520828247,,,0.48792487382888794,
2cv3,,,,,
2d06,23.85004425048828,,,0.0,
2d0k,15.592203140258789,,,0.0032798834145069122,
2d1x,,,,,
2d2v,,,,,
2d3u,46.28224182128906,,,0.0,
2d3z,48.571346282958984,,,0.0,
2dbl,6.000913143157959,,,0.26298394799232483,
2ddf,15.248936653137207,,,0.010756500996649265,
2dri,1.8733009099960327,,,0.7054656147956848,
2ds1,1.0015597343444824,,,0.8911392688751221,
2dua,2.1366283893585205,,,0.625,
2duv,4.3791985511779785,,,0.3853488266468048,
2dwx,,,,,
2dxs,27.426746368408203,,,0.0,
2e1w,3.957592010498047,,,0.42842742800712585,
2e27,3.6343491077423096,,,0.4221837818622589,
2e2r,2.9826180934906006,,,0.5438718795776367,
2e5y,5.345815181732178,,,0.3237113356590271,
2e7f,10.612025260925293,,,0.1041891872882843,
2e7l,,,,,
2e91,2.5337579250335693,,,0.5881226062774658,
2e92,2.5899150371551514,,,0.5877342224121094,
2e94,15.665750503540039,,,0.0043271915055811405,
2e95,14.24984359741211,,,0.02034512162208557,
2e99,6.569488048553467,,,0.24681325256824493,
2e9d,13.408550262451172,,,0.050810012966394424,
2e9o,2.468567371368408,,,0.6533181071281433,
2ea2,5.115017890930176,,,0.3262448012828827,
2eep,4.488883972167969,,,0.3562992215156555,
2eg8,6.529459476470947,,,0.23949579894542694,
2ei6,2.442429304122925,,,0.5638157725334167,
2epn,5.251978397369385,,,0.30176210403442383,
2er0,,,,,
2er6,,,,,
2er9,,,,,
2esm,25.10300064086914,,,0.0,
2etk,26.450685501098633,,,0.0,
2etm,12.386754989624023,,,0.059507522732019424,
2etr,11.763525009155273,,,0.04818258807063103,
2eum,,,,,
2evc,1.4000768661499023,,,0.7811488509178162,
2evl,,,,,
2evm,1.5406572818756104,,,0.7514619827270508,
2evo,16.152812957763672,,,0.0027272726874798536,
2ew5,6.906971454620361,,,0.2501879632472992,
2ew6,6.263165473937988,,,0.25846701860427856,
2ewa,5.9847612380981445,,,0.3575025200843811,
2ewb,7.132212162017822,,,0.20304568111896515,
2ews,4.869931697845459,,,0.3368283212184906,
2ewy,20.1270751953125,,,0.0,
2exg,3.854192018508911,,,0.4201112985610962,
2exm,1.1569069623947144,,,0.8301486372947693,
2ez5,,,,,
2ez7,4.659457683563232,,,0.35497236251831055,
2f01,7.155886650085449,,,0.1997835487127304,
2f18,2.4639337062835693,,,0.6280487775802612,
2f1a,3.3317198753356934,,,0.49045801162719727,
2f1b,1.6222548484802246,,,0.753398060798645,
2f2h,14.605192184448242,,,0.0,
2f3e,19.380733489990234,,,0.00033658702159300447,
2f3f,19.08521270751953,,,0.00040749795152805746,
2f3r,18.319805145263672,,,0.0031047516968101263,
2f5t,,,,,
2f6j,,,,,
2f7o,0.8048765659332275,,,0.9198564887046814,
2f7p,2.8871681690216064,,,0.5968364477157593,
2f8i,7.7471022605896,,,0.1805896759033203,
2f9k,4.455893516540527,,,0.38927942514419556,
2fah,24.495492935180664,,,0.0,
2fai,14.999079704284668,,,0.013167656026780605,
2fb8,14.712302207946777,,,0.02552083320915699,
2fda,2.5494768619537354,,,0.5810893774032593,
2fdd,3.4182403087615967,,,0.46360382437705994,
2fde,2.818936586380005,,,0.6138851046562195,
2fdp,7.807806968688965,,,0.17230290174484253,
2ff1,11.646849632263184,,,0.10974801331758499,
2ff2,12.236124992370605,,,0.0962136909365654,
2fgh,33.41305160522461,,,0.0,
2fgu,,,,,
2fgv,,,,,
2fhy,16.16470718383789,,,0.0,
2fj0,5.404083728790283,,,0.3173491358757019,
2fkf,4.746426582336426,,,0.267123281955719,
2fl2,30.196516036987305,,,0.0,
2fl5,4.209639072418213,,,0.0,
2fle,6.6980156898498535,,,0.21241766214370728,
2flh,7.6679463386535645,,,0.1531805396080017,
2flr,4.776240348815918,,,0.3933955430984497,
2flu,,,,,
2fm2,15.07586669921875,,,0.05297306180000305,
2fmb,12.98117446899414,,,0.11161251366138458,
2fme,35.760562896728516,,,0.0,
2fo4,,,,,
2fpz,14.903668403625488,,,0.0019011406693607569,
2fq6,13.98849105834961,,,0.043478261679410934,
2fqt,16.21843719482422,,,0.03630862385034561,
2fqw,2.681621789932251,,,0.5741205811500549,
2fqx,2.641580820083618,,,0.5787712931632996,
2fqy,2.3249454498291016,,,0.6168009042739868,
2fr3,2.8663904666900635,,,0.5179504156112671,
2fsv,6.269583225250244,,,0.2812022268772125,
2ftd,8.345501899719238,,,0.15347334742546082,
2fv5,21.222291946411133,,,0.0,
2fv9,3.59871244430542,,,0.4354631304740906,
2fw3,4.2701897621154785,,,0.3836206793785095,
2fw6,16.110977172851562,,,0.004324324429035187,
2fwp,16.208253860473633,,,0.0037499999161809683,
2fwy,2.4713258743286133,,,0.6705397367477417,
2fwz,1.5365855693817139,,,0.7472826242446899,
2fx7,,,,,
2fx9,,,,,
2fxr,15.978821754455566,,,0.00023191094805952162,
2fxu,6.808535099029541,,,0.23016440868377686,
2fyv,4.754389762878418,,,0.3478260934352875,
2fzc,21.27550506591797,,,0.0,
2fzk,23.634416580200195,,,0.0,
2g0h,16.42375373840332,,,0.03056660108268261,
2g19,2.2260961532592773,,,0.5982567071914673,
2g1q,31.40751075744629,,,0.0,
2g1r,21.432157516479492,,,0.0,
2g1y,25.314319610595703,,,0.0,
2g24,25.63296890258789,,,0.004065040498971939,
2g5p,24.2618465423584,,,0.0,
2g5t,22.885988235473633,,,0.0012812300119549036,
2g63,28.699485778808594,,,0.0,
2g6p,2.6170520782470703,,,0.6069424748420715,
2g6q,,,,,
2g71,21.417863845825195,,,0.009695704095065594,
2g72,20.304588317871094,,,0.01692965067923069,
2g78,2.5577609539031982,,,0.5347633361816406,
2g79,3.084590435028076,,,0.5128205418586731,
2g83,,,,0.0,
2g8n,20.94510841369629,,,0.014697648584842682,
2g8r,16.812435150146484,,,0.02759835496544838,
2g94,34.723228454589844,,,0.0,
2g9q,4.712146759033203,,,0.3571428656578064,
2g9r,3.8259165287017822,,,0.46076643466949463,
2g9u,3.0242671966552734,,,0.5862430334091187,
2g9v,1.8501877784729004,,,0.6898977160453796,
2gbf,21.876798629760742,,,0.0,
2gbg,21.729068756103516,,,0.0,
2gbi,22.04230499267578,,,0.00043277553049847484,
2gd8,2.903867721557617,,,0.5029605031013489,
2gej,10.2098970413208,,,0.17814892530441284,
2gek,13.670146942138672,,,0.036020584404468536,
2gfa,,,,,
2gfk,13.630111694335938,,,0.05340425670146942,
2gfs,9.34217357635498,,,0.19741378724575043,
2gg0,4.150832653045654,,,0.3767465054988861,
2gg3,2.103024482727051,,,0.639616072177887,
2gg5,1.6448941230773926,,,0.7171828746795654,
2gg7,6.626798629760742,,,0.2153846174478531,
2ggb,3.7958126068115234,,,0.438043475151062,
2ggu,,,,,
2gh6,13.674118995666504,,,0.0,
2gh7,6.8902587890625,,,0.2224999964237213,
2gh9,,,,,
2gj4,37.98979568481445,,,0.0,
2gj5,4.110818386077881,,,0.33403655886650085,
2gkl,2.7285869121551514,,,0.532489001750946,
2gl0,5.2241387367248535,,,0.002389226807281375,
2glp,4.332919597625732,,,0.36581292748451233,
2gm1,24.996904373168945,,,0.0,
2gm9,37.41065979003906,,,0.0,
2gmx,26.899795532226562,,,0.0,
2gnf,3.2278215885162354,,,0.4674831032752991,
2gni,1.0590736865997314,,,0.827235758304596,
2gnj,1.7949215173721313,,,0.7124808430671692,
2go4,10.345916748046875,,,0.15961676836013794,
2gtk,2.0943806171417236,,,0.6580957174301147,
2gtv,5.30294942855835,,,0.4175291061401367,
2gvv,3.287965774536133,,,0.5065261125564575,
2gyi,2.5334115028381348,,,0.5911405086517334,
2gz2,,,,,
2gz7,5.04825496673584,,,0.2950432598590851,
2gzl,23.077810287475586,,,0.0,
2h13,,,,,
2h15,1.4197221994400024,,,0.730654776096344,
2h2d,,,,,
2h2g,,,,,
2h3e,17.337364196777344,,,0.0034722222480922937,
2h42,19.236194610595703,,,0.00923447497189045,
2h4g,1.9837948083877563,,,0.6584124565124512,
2h4k,1.9149584770202637,,,0.6473533511161804,
2h4n,2.2220115661621094,,,0.6068129539489746,
2h5a,2.8068466186523438,,,0.5295138955116272,
2h5d,,,,,
2h5e,10.357162475585938,,,0.12176850438117981,
2h5i,,,,,
2h5j,,,,,
2h65,,,,,
2h6b,4.851587772369385,,,0.38484087586402893,
2h6k,,,,,
2h6t,,,,,
2h96,31.7663631439209,,,0.0,
2h9m,,,,,
2h9n,,,,,
2h9p,,,,,
2h9t,,,,,
2ha0,22.656461715698242,,,0.0,
2ha2,15.522360801696777,,,0.007372214924544096,
2ha3,25.153675079345703,,,0.0,
2ha4,26.539438247680664,,,0.0,
2ha5,21.343780517578125,,,0.0,
2ha6,29.46317481994629,,,0.0,
2ha7,16.914541244506836,,,0.0019409938249737024,
2hah,7.062028408050537,,,0.19878408312797546,
2hai,3.9005157947540283,,,0.38088566064834595,
2haw,12.480257987976074,,,0.036997128278017044,
2hb1,2.2916154861450195,,,0.6225489974021912,
2hd1,22.191024780273438,,,0.0,
2hdq,13.412261962890625,,,0.02154308557510376,
2hds,8.024417877197266,,,0.34359297156333923,
2hf8,5.911337375640869,,,0.260054349899292,
2hh5,14.892552375793457,,,0.14871421456336975,
2hha,22.939373016357422,,,0.0007822277839295566,
2hiw,20.66573715209961,,,0.0032738095615059137,
2hjb,6.053831577301025,,,0.02628755383193493,
2hkf,,,,,
2hm1,4.681014537811279,,,0.33324190974235535,
2hmb,3.3741438388824463,,,0.4964412748813629,
2hmu,4.848237037658691,,,0.3735465109348297,
2hmv,11.320307731628418,,,0.06690140813589096,
2hmw,13.345476150512695,,,0.14292682707309723,
2hnc,2.212754964828491,,,0.6391820311546326,
2hnx,4.825573921203613,,,0.36725351214408875,
2hny,2.8805148601531982,,,0.5788369178771973,
2hob,,,,,
2hoc,4.704792022705078,,,0.3563362658023834,
2hog,1.8361908197402954,,,0.7592262029647827,
2hqu,2.841141939163208,,,0.512536883354187,
2hr6,10.56098461151123,,,0.1351054459810257,
2hrm,10.448095321655273,,,0.2062615156173706,
2hvx,4.299155235290527,,,0.364824116230011,
2hw2,8.08720874786377,,,0.12862595915794373,
2hwg,13.966751098632812,,,0.017770597711205482,
2hwp,20.669754028320312,,,0.0,
2hyy,28.605871200561523,,,0.0,
2hz0,19.16342544555664,,,0.00011235955025767908,
2hz4,7.487978458404541,,,0.06800580769777298,
2hzi,18.3719482421875,,,0.00021477663540281355,
2hzl,16.602733612060547,,,0.0021929824724793434,
2hzn,2.1077334880828857,,,0.6346153616905212,
2hzy,4.732114315032959,,,0.38952162861824036,
2i0g,14.471290588378906,,,0.03264281153678894,
2i0h,6.695052623748779,,,0.23052193224430084,
2i0v,5.494390487670898,,,0.4383561611175537,
2i0y,5.769761085510254,,,0.3163129985332489,
2i1m,5.746517181396484,,,0.32225993275642395,
2i2c,5.446045875549316,,,0.2811996638774872,
2i3h,,,,,
2i3i,18.017683029174805,,,0.01157742366194725,
2i3v,15.907270431518555,,,0.009637188166379929,
2i3z,21.104827880859375,,,0.0006056934944353998,
2i40,24.57366371154785,,,0.00022768670169170946,
2i4t,3.766289472579956,,,0.4215738773345947,
2i4w,4.007601261138916,,,0.4441428482532501,
2i5f,,,,,
2i5j,5.696957111358643,,,0.3400000035762787,
2i6b,32.40389633178711,,,0.0,
2i72,27.954212188720703,,,0.0,
2idk,8.34726333618164,,,0.15312319993972778,
2ie4,26.31098175048828,,,0.0,
2ig0,,,,,
2igv,,,,,
2igw,,,,,
2igx,10.67780876159668,,,0.15203456580638885,
2ihj,4.198240280151367,,,0.42959314584732056,
2ihq,1.0456621646881104,,,0.8367537260055542,
2iit,22.398815155029297,,,0.007182151544839144,
2iiv,23.27947235107422,,,0.0,
2ima,15.325389862060547,,,0.036802031099796295,
2imd,,,,,
2io6,1.6181745529174805,,,0.7169811129570007,
2ioa,32.62859344482422,,,0.0,
2iok,13.326857566833496,,,0.03544776141643524,
2ipo,31.68761444091797,,,0.0,
2irz,5.060801982879639,,,0.38550421595573425,
2isc,6.614314079284668,,,0.08011968433856964,
2isv,2.9518814086914062,,,0.5360962748527527,
2isw,2.2372450828552246,,,0.6433823704719543,
2it4,14.526558876037598,,,0.01424870453774929,
2ito,2.5651824474334717,,,0.6991421580314636,
2ity,2.19819712638855,,,0.7787396311759949,
2itz,2.646064043045044,,,0.5658036470413208,
2iu0,7.392494201660156,,,0.14016737043857574,
2iv9,,,,,
2ivu,3.086089611053467,,,0.5404911041259766,
2ivz,,,,,
2iw6,26.221057891845703,,,0.0,
2iyf,14.58193588256836,,,0.004907025024294853,
2izl,7.660946846008301,,,0.20601436495780945,
2izx,3.222623348236084,,,0.4893992841243744,
2j27,11.37706184387207,,,0.09304775297641754,
2j2u,1.7050057649612427,,,0.6890690326690674,
2j34,3.0671541690826416,,,0.4913063943386078,
2j47,3.839662551879883,,,0.4646511673927307,
2j4a,2.060065507888794,,,0.6506410241127014,
2j4g,27.075428009033203,,,0.0,
2j4i,3.8522555828094482,,,0.43520641326904297,
2j4k,24.08088493347168,,,0.0,
2j4q,19.77180290222168,,,0.00013616557407658547,
2j4z,18.332406997680664,,,0.017651887610554695,
2j50,24.904996871948242,,,0.0,
2j62,2.585902452468872,,,0.573818027973175,
2j75,22.60249137878418,,,0.0,
2j77,22.43903160095215,,,0.0,
2j78,22.707651138305664,,,0.0,
2j79,22.09735107421875,,,0.0,
2j7b,20.151582717895508,,,0.0,
2j7d,19.314983367919922,,,0.00037257824442349374,
2j7e,21.430522918701172,,,0.0,
2j7f,22.71640968322754,,,0.0,
2j7g,21.084348678588867,,,0.0,
2j7h,21.965057373046875,,,0.0,
2j7w,4.984291076660156,,,0.2888889014720917,
2j7x,2.059277057647705,,,0.6564801335334778,
2j83,5.536599636077881,,,0.30697572231292725,
2j87,10.862467765808105,,,0.10197368264198303,
2j94,2.945131301879883,,,0.525770902633667,
2j95,1.8235477209091187,,,0.711416482925415,
2j9a,,,,,
2j9h,5.70751428604126,,,0.31168121099472046,
2j9l,23.45326042175293,,,0.0,
2ja3,20.6276798248291,,,0.002479851245880127,
2jal,20.402690887451172,,,0.0,
2jbk,2.982783794403076,,,0.5697226524353027,
2jbl,9.737540245056152,,,0.10223692655563354,
2jbo,1.4140872955322266,,,0.810546875,
2jbp,42.8351936340332,,,0.0,
2jbu,,,,,
2jc0,28.62894058227539,,,0.0,
2jdh,,,,,
2jdl,,,,,
2jdm,8.915236473083496,,,0.018895348533988,
2jdn,6.16859245300293,,,0.13980431854724884,
2jdo,4.4304046630859375,,,0.35041937232017517,
2jdp,14.695128440856934,,,0.0,
2jdt,2.7249977588653564,,,0.5750781893730164,
2jdu,9.895350456237793,,,0.008998875506222248,
2jdy,7.397247791290283,,,0.036565545946359634,
2jew,5.152053356170654,,,0.2804551422595978,
2jf4,4.656416416168213,,,0.35169491171836853,
2jfh,4.0191779136657715,,,0.38383838534355164,
2jg0,2.830928325653076,,,0.547950804233551,
2jg8,16.53495979309082,,,0.0,
2jgs,5.80154275894165,,,0.2066231369972229,
2jh0,3.86163330078125,,,0.38827839493751526,
2jh5,3.8666248321533203,,,0.46028971672058105,
2jh6,4.019176006317139,,,0.4124879539012909,
2jiw,18.556629180908203,,,0.0,
2jj3,14.962509155273438,,,0.023318259045481682,
2jjb,,,,,
2jjk,5.0835466384887695,,,0.0,
2jjr,6.842638969421387,,,0.25784754753112793,
2jk9,,,,,
2jke,22.025989532470703,,,0.0,
2jkh,2.9661011695861816,,,0.4948979616165161,
2jko,1.7969022989273071,,,0.669242262840271,
2jkp,19.95293617248535,,,0.0,
2jkq,6.6639323234558105,,,0.23322580754756927,
2jkr,,,,,
2jkt,,,,,
2jnp,2.3490827083587646,,,0.6090308427810669,
2jo9,,,,,
2joa,,,,,
2jq9,,,,,
2jqi,,,,,
2jqk,,,,,
2jql,,,,,
2jsd,3.161222219467163,,,0.5975130796432495,
2jst,2.0229570865631104,,,0.7477133870124817,
2jup,,,,,
2jxr,3.800868272781372,,,0.449438214302063,
2k00,,,,,
2k0g,3.324737548828125,,,0.48876696825027466,
2k0x,,,,,
2k1q,,,,,
2k2g,5.777554035186768,,,0.2623820900917053,
2k2r,,,,,
2k3w,,,,,
2k46,,,,,
2k4i,6.798562049865723,,,0.18204614520072937,
2kbr,,,,,
2kbs,,,,,
2kdh,6.828011512756348,,,0.20660749077796936,
2ke1,,,,,
2kgi,,,,,
2khh,,,,,
2knh,,,,,
2ko7,3.677651882171631,,,0.4886363744735718,
2koh,,,,,
2kp8,22.475570678710938,,,0.0,
2ks9,,,,,
2ksp,,,,,
2kup,,,,,
2kvm,,,,,
2l0i,,,,,
2l12,,,,,
2l1b,,,,,
2l3r,,,,,
2l6e,,,,,
2l6j,,,,,
2l7u,,,,,
2l8j,,,,,
2l98,6.826715469360352,,,0.24826689064502716,
2las,,,,,
2lbm,,,,,
2lbv,5.435173511505127,,,0.2901785671710968,
2lcs,,,,,
2lct,,,,,
2lha,,,,,
2liq,,,,,
2lkk,3.278029680252075,,,0.47804877161979675,
2lko,7.109357833862305,,,0.19486692547798157,
2ll6,,,,,
2ll7,,,,,
2lpr,,,,,
2lsr,,,,,
2lsv,,,,,
2ltv,,,,,
2ltw,,,,,
2ltx,,,,,
2lty,,,,,
2ly0,4.378657817840576,,,0.4323001503944397,
2lya,9.998323440551758,,,0.10253456234931946,
2lyb,10.382994651794434,,,0.10032740980386734,
2m0o,,,,,
2m0v,,,,,
2m3o,,,,,
2m41,,,,,
2mas,22.387948989868164,,,0.0,
2mc1,,,,,
2mg5,,,,,
2mip,,,,,
2mji,6.028402328491211,,,0.20588235557079315,
2mkr,,,,,
2mlm,3.8298027515411377,,,0.3864436745643616,
2mnz,,,,,
2mow,,,,,
2mps,,,,,
2ms4,,,,,
2mwy,,,,,
2n0u,7.274009704589844,,,0.1887931078672409,
2n27,6.021622180938721,,,0.26051780581474304,
2n3k,,,,,
2n8t,,,,,
2n9e,,,,,
2n9x,,,,,
2ncz,,,,,
2nd0,,,,,
2ndf,,,,,
2ndg,,,,,
2ndo,6.458832740783691,,,0.1993827223777771,
2nm1,,,,,
2nn8,,,,,
2nnd,4.135639190673828,,,0.3977046012878418,
2nng,1.3581956624984741,,,0.7715736031532288,
2nnk,5.994248867034912,,,0.2367105334997177,
2nnp,4.848135948181152,,,0.4114583432674408,
2nns,1.933382511138916,,,0.761904776096344,
2np9,32.1766242980957,,,0.0,
2nq6,2.302932024002075,,,0.649227499961853,
2nq7,1.761704921722412,,,0.7141756415367126,
2nsj,3.7531018257141113,,,0.4732142984867096,
2nsl,4.3356099128723145,,,0.37988996505737305,
2nsx,16.553632736206055,,,0.00637254910543561,
2nt7,4.291064739227295,,,0.3801843225955963,
2nta,1.6731644868850708,,,0.7242957949638367,
2ntf,9.99582290649414,,,0.0,
2nv7,12.721229553222656,,,0.07371524721384048,
2nw4,1.8233048915863037,,,0.7239776849746704,
2nwl,23.626625061035156,,,0.0,
2nwn,,,,,
2nww,23.30010223388672,,,0.0,
2nxd,,,,,
2nyr,,,,,
2o1c,23.87137794494629,,,0.0,
2o1v,39.42778778076172,,,0.0,
2o2u,4.031096458435059,,,0.4681818187236786,
2o3p,1.650333046913147,,,0.7360031008720398,
2o3z,6.450318336486816,,,0.31421446800231934,
2o4h,12.928313255310059,,,0.021008403971791267,
2o4j,1.9352635145187378,,,0.7975663542747498,
2o4r,1.3789860010147095,,,0.7422839403152466,
2o4s,2.2511727809906006,,,0.6308579444885254,
2o4z,2.183924913406372,,,0.6785714030265808,
2o63,7.1910223960876465,,,0.2288622111082077,
2o65,7.097864151000977,,,0.19348327815532684,
2o7e,8.946706771850586,,,0.0,
2o7v,,,,,
2o9a,12.481450080871582,,,0.0010000000474974513,
2o9i,17.55789566040039,,,0.004990494344383478,
2o9j,3.615617036819458,,,0.4545454680919647,
2o9r,,,,,
2o9v,,,,,
2oa0,3.762228488922119,,,0.4698886573314667,
2oax,23.56548309326172,,,0.007884028367698193,
2obf,18.590856552124023,,,0.0019507802790030837,
2obo,7.327305316925049,,,0.26902326941490173,
2oc0,16.051687240600586,,,0.01747368462383747,
2oc1,12.618102073669434,,,0.07524362951517105,
2oc4,3.1906516551971436,,,0.5208944082260132,
2oc7,11.855549812316895,,,0.08083631843328476,
2oc9,2.1121222972869873,,,0.7081339955329895,
2odd,,,,,
2oei,,,,,
2of2,7.298884868621826,,,0.28697749972343445,
2off,34.73405075073242,,,0.0,
2ogy,20.877334594726562,,,0.00023866348783485591,
2ohk,3.4814233779907227,,,0.5158227682113647,
2ohm,1.2395271062850952,,,0.8074712753295898,
2ohp,5.393617630004883,,,0.23641304671764374,
2ohq,7.6588454246521,,,0.19427147507667542,
2oht,3.097628355026245,,,0.4895833432674408,
2ohu,5.088713645935059,,,0.2997997999191284,
2ohv,5.445247650146484,,,0.32357141375541687,
2oi0,3.19307017326355,,,0.49865591526031494,
2oi2,5.550755977630615,,,0.2743757367134094,
2oi3,,,,,
2oi9,,,,,
2oiq,28.294639587402344,,,0.0,
2oj9,2.267134189605713,,,0.7153263688087463,
2ojg,1.4411870241165161,,,0.7799422740936279,
2oji,1.8009380102157593,,,0.7485074400901794,
2ojj,2.028599739074707,,,0.7164135575294495,
2olb,,,,,
2ole,23.69330406188965,,,0.0013157895300537348,
2on3,4.370021820068359,,,0.4573170840740204,
2on6,2.6493399143218994,,,0.5823129415512085,
2onb,11.041423797607422,,,0.09726027399301529,
2ooz,9.459687232971191,,,0.050806451588869095,
2op3,8.57070255279541,,,0.11453744769096375,
2op9,6.877663612365723,,,0.2585945427417755,
2opb,19.71074867248535,,,0.0019607844296842813,
2oph,24.027311325073242,,,0.0003511235991027206,
2oq6,16.7736759185791,,,0.0,
2oqi,,,,0.0,
2or4,2.0088987350463867,,,0.7079759836196899,
2or9,,,,,
2ork,22.4318904876709,,,0.0,
2os9,27.466632843017578,,,0.0,
2osm,1.8869963884353638,,,0.6738410592079163,
2ot1,36.66212463378906,,,0.0,
2ov4,4.551708221435547,,,0.3772277235984802,
2ovq,,,,,
2ovv,3.0333945751190186,,,0.5504617691040039,
2ovy,2.5028483867645264,,,0.574999988079071,
2ow2,22.751224517822266,,,0.0,
2ow6,3.806882381439209,,,0.4517374634742737,
2ow7,6.448564529418945,,,0.21157167851924896,
2ow9,22.141738891601562,,,0.002569750417023897,
2oxd,2.1789844036102295,,,0.6115145087242126,
2oxn,4.1833953857421875,,,0.39168038964271545,
2oxx,2.5024216175079346,,,0.5605263113975525,
2oxy,23.09584617614746,,,0.0,
2oyk,23.848941802978516,,,0.0,
2oyl,29.496051788330078,,,0.0,
2oz2,6.100948333740234,,,0.2586333453655243,
2oz7,2.3502931594848633,,,0.6134953498840332,
2p09,6.289213180541992,,,0.29481130838394165,
2p0d,5.331252098083496,,,0.2229357808828354,
2p0x,,,,,
2p15,16.66714096069336,,,0.009991216473281384,
2p1c,3.6078121662139893,,,0.471331387758255,
2p2a,12.412440299987793,,,0.04889768362045288,
2p3a,7.8702802658081055,,,0.20158803462982178,
2p3c,4.131210803985596,,,0.4439372718334198,
2p3g,5.35796594619751,,,0.30602988600730896,
2p3i,7.785215377807617,,,0.21223261952400208,
2p4j,32.10691833496094,,,0.0,
2p4s,16.272594451904297,,,0.0014662756584584713,
2p4y,19.31721305847168,,,0.01745941862463951,
2p53,4.225104808807373,,,0.37476053833961487,
2p7a,2.515824794769287,,,0.6156812310218811,
2p7g,3.294295310974121,,,0.5299999713897705,
2p93,1.660275936126709,,,0.6891891956329346,
2p94,1.2293577194213867,,,0.8316481113433838,
2p99,1.2757344245910645,,,0.78899085521698,
2p9a,3.328709602355957,,,0.489633172750473,
2pax,4.490826606750488,,,0.42002686858177185,
2pbw,16.957019805908203,,,0.03047041967511177,
2peh,,,,,
2pem,,,,,
2pfy,19.76166343688965,,,0.0,
2pg2,,,,,
2ph6,5.54744815826416,,,0.3738993704319,
2ph8,2.7745933532714844,,,0.5655422806739807,
2ph9,12.03749942779541,,,0.0,
2phb,2.3430421352386475,,,0.6136178970336914,
2piy,6.2323994636535645,,,0.2279752641916275,
2piz,9.984417915344238,,,0.11833208054304123,
2pj0,6.328315734863281,,,0.2197428196668625,
2pj1,5.981073379516602,,,0.26468223333358765,
2pj2,6.547354698181152,,,0.20922832190990448,
2pj3,6.792166233062744,,,0.27930018305778503,
2pj4,18.265913009643555,,,0.005143112502992153,
2pj5,5.329508304595947,,,0.3186851143836975,
2pj6,2.746506690979004,,,0.5625,
2pj7,5.927731037139893,,,0.25929203629493713,
2pj8,6.245673656463623,,,0.2597145140171051,
2pj9,3.5466344356536865,,,0.4944915175437927,
2pja,6.862984657287598,,,0.2430357187986374,
2pjc,7.0022454261779785,,,0.21693037450313568,
2pjl,19.42752456665039,,,0.0018639329355210066,
2pmc,,,,,
2pmk,5.729764461517334,,,0.26883116364479065,
2pnx,,,,,
2poq,4.087014675140381,,,0.39502426981925964,
2pou,0.7220911383628845,,,0.9442800879478455,
2pq9,2.7350845336914062,,,0.5669522285461426,
2pqb,4.797366142272949,,,0.34024012088775635,
2pqc,2.873913049697876,,,0.5502439141273499,
2pqj,9.10197639465332,,,0.1483253538608551,
2pql,3.738337993621826,,,0.4614197611808777,
2pr9,,,,,
2pri,29.361175537109375,,,0.0,
2prj,0.9575371146202087,,,0.8458408713340759,
2psv,2.3513214588165283,,,0.6278908252716064,
2psx,,,,,
2ptz,1.786117434501648,,,0.6754201650619507,
2pu0,2.941317081451416,,,0.5452508926391602,
2pu1,2.0409111976623535,,,0.6868836283683777,
2pu2,28.530120849609375,,,0.0,
2puy,,,,,
2pv1,,,,,
2pv2,,,,,
2pv3,,,,,
2pvh,5.416388034820557,,,0.3535598814487457,
2pvj,5.4618072509765625,,,0.36446359753608704,
2pvk,6.085737228393555,,,0.3143181800842285,
2pvl,2.169755697250366,,,0.6272348165512085,
2pvm,2.4727582931518555,,,0.5851989984512329,
2pvn,4.001236438751221,,,0.40172696113586426,
2pvu,4.587366104125977,,,0.3782467544078827,
2pvv,4.09998083114624,,,0.4173167049884796,
2pwd,27.935747146606445,,,0.0,
2pwg,29.116455078125,,,0.0,
2pwr,4.56300163269043,,,0.36507073044776917,
2py4,10.99881649017334,,,0.1640511006116867,
2pyi,2.9484944343566895,,,0.566921591758728,
2pyn,5.5805768966674805,,,0.24655720591545105,
2pyy,11.267007827758789,,,0.10496795177459717,
2pze,15.259479522705078,,,0.023513512685894966,
2pzi,31.561861038208008,,,0.0,
2q1l,2.1917173862457275,,,0.6444976329803467,
2q2a,20.49451446533203,,,0.0,
2q2c,19.966127395629883,,,0.0,
2q2y,30.59958267211914,,,0.0,
2q2z,27.225379943847656,,,0.0,
2q38,3.0374739170074463,,,0.5405405163764954,
2q3z,,,,,
2q54,2.0300991535186768,,,0.662864625453949,
2q5k,5.746553421020508,,,0.24373900890350342,
2q63,6.8308000564575195,,,0.21107864379882812,
2q64,4.94436502456665,,,0.29725611209869385,
2q6f,,,,,
2q6h,6.211235046386719,,,0.27400583028793335,
2q72,3.5094211101531982,,,0.46501195430755615,
2q7o,3.4493837356567383,,,0.456094354391098,
2q7q,3.5681304931640625,,,0.03567146137356758,
2q7y,19.340559005737305,,,0.0003224419488105923,
2q80,23.98507308959961,,,0.020519262179732323,
2q88,7.373277187347412,,,0.16718362271785736,
2q89,7.171989440917969,,,0.2197432816028595,
2q8h,3.9913413524627686,,,0.3814984858036041,
2q8i,6.757883548736572,,,0.1896481215953827,
2q8s,18.913869857788086,,,0.0014204545877873898,
2q8z,4.070370674133301,,,0.40613025426864624,
2q93,1.5975983142852783,,,0.7563725709915161,
2q94,2.4695725440979004,,,0.5864285826683044,
2q96,3.0193965435028076,,,0.5031055808067322,
2q9m,,,,,
2q9n,5.957374572753906,,,0.2113526612520218,
2q9y,14.86221981048584,,,0.019059721380472183,
2qaf,5.781124114990234,,,0.25900164246559143,
2qbq,3.2174482345581055,,,0.47854292392730713,
2qbs,1.7593586444854736,,,0.6984829306602478,
2qbw,,,,,
2qbx,,,,,
2qc6,2.8327441215515137,,,0.5697773694992065,
2qcd,5.0705037117004395,,,0.3195047676563263,
2qcf,3.267787218093872,,,0.5065963268280029,
2qcg,6.828961372375488,,,0.20093457400798798,
2qci,1.5298728942871094,,,0.7732751369476318,
2qcm,6.390993118286133,,,0.21393972635269165,
2qcn,11.729195594787598,,,0.1069297045469284,
2qd6,1.5944674015045166,,,0.7652885317802429,
2qd9,3.666869878768921,,,0.42606931924819946,
2qdt,2.0803139209747314,,,0.6639072895050049,
2qe2,31.8863468170166,,,0.0,
2qf6,25.60552406311035,,,0.0,
2qfo,29.419099807739258,,,0.0,
2qg0,7.39345121383667,,,0.30018702149391174,
2qg2,4.750192642211914,,,0.3910658359527588,
2qh6,13.573493957519531,,,0.02332395687699318,
2qhc,4.557326316833496,,,0.34670186042785645,
2qhn,1.0102919340133667,,,0.8898747563362122,
2qhy,3.3035876750946045,,,0.4575639069080353,
2qhz,1.9030847549438477,,,0.6777359843254089,
2qi0,1.8643978834152222,,,0.7323190569877625,
2qi1,2.0986132621765137,,,0.6578431129455566,
2qi3,2.0281174182891846,,,0.6030762195587158,
2qi5,4.426517009735107,,,0.36235955357551575,
2qic,,,,,
2qiq,5.411090850830078,,,0.31241700053215027,
2qju,4.873025894165039,,,0.3151041567325592,
2qk5,21.003768920898438,,,0.004244482144713402,
2qki,,,,,
2qky,33.8720588684082,,,0.0,
2ql5,,,,,
2ql7,,,,,
2ql9,,,,,
2qlb,,,,,
2qlf,,,,,
2qlj,,,,,
2qlm,1.903494119644165,,,0.7340116500854492,
2qln,2.9714066982269287,,,0.547913134098053,
2qm7,25.159528732299805,,,0.0,
2qmd,20.5237979888916,,,0.00031354514067061245,
2qmf,20.72576141357422,,,0.0004189359024167061,
2qmj,,,,,
2qn1,19.30696678161621,,,0.0,
2qn2,17.966171264648438,,,0.0001312335953116417,
2qn3,2.3491976261138916,,,0.665398120880127,
2qnb,2.677452325820923,,,0.586571455001831,
2qnn,,,,,
2qnx,2.674912691116333,,,0.5613117814064026,
2qnz,8.606938362121582,,,0.14820675551891327,
2qo1,3.674501657485962,,,0.46164020895957947,
2qo8,2.3042354583740234,,,0.673713207244873,
2qoa,2.3012797832489014,,,0.5822717547416687,
2qoe,21.15726089477539,,,0.00013550135190598667,
2qoh,17.266820907592773,,,0.0,
2qp8,20.49880599975586,,,0.0033662477508187294,
2qpj,6.144397258758545,,,0.27474403381347656,
2qpq,22.380491256713867,,,0.0,
2qpu,28.27842903137207,,,0.0,
2qrh,1.6683670282363892,,,0.7195985913276672,
2qrk,5.175910472869873,,,0.27539780735969543,
2qrl,2.1280272006988525,,,0.6245928406715393,
2qrm,2.661853075027466,,,0.5611263513565063,
2qrp,2.3837902545928955,,,0.6603992581367493,
2qrq,2.0132856369018555,,,0.665351927280426,
2qt5,,,,,
2qt9,25.70093536376953,,,0.0002529084449633956,
2qtb,24.732467651367188,,,0.003246753243729472,
2qtg,2.7366623878479004,,,0.5600489974021912,
2qtt,4.280338764190674,,,0.3992404043674469,
2qu6,17.98202133178711,,,0.050232287496328354,
2qv7,9.740691184997559,,,0.14077286422252655,
2qve,15.345081329345703,,,0.016479099169373512,
2qw1,5.013293266296387,,,0.38352271914482117,
2qwb,3.015348196029663,,,0.51235032081604,
2qwc,2.4726719856262207,,,0.5890804529190063,
2qwd,1.9767779111862183,,,0.6901751160621643,
2qwe,2.7148168087005615,,,0.5707482695579529,
2qwf,3.088411569595337,,,0.5053443908691406,
2qwg,1.593917727470398,,,0.7755101919174194,
2qx0,8.996318817138672,,,0.10163339227437973,
2qzk,5.099787712097168,,,0.33594194054603577,
2qzl,4.513594150543213,,,0.44820407032966614,
2qzr,3.056954860687256,,,0.6232993006706238,
2qzx,,,,,
2r03,,,,,
2r0h,,,,,
2r0u,1.4556041955947876,,,0.8114144206047058,
2r0y,,,,,
2r1w,,,,,
2r1x,,,,,
2r1y,,,,,
2r23,,,,,
2r2b,,,,,
2r3c,,,,,
2r3f,1.4747142791748047,,,0.7568005323410034,
2r3g,4.9885430335998535,,,0.3883587718009949,
2r3h,1.6566311120986938,,,0.7504408955574036,
2r3j,5.864538192749023,,,0.3423076868057251,
2r3k,1.386488914489746,,,0.8218706846237183,
2r3m,0.9489734172821045,,,0.868881106376648,
2r3n,1.3665438890457153,,,0.80800461769104,
2r3o,1.6336013078689575,,,0.7884160876274109,
2r3p,1.1881675720214844,,,0.8356868028640747,
2r3t,5.003703594207764,,,0.32960817217826843,
2r3y,,,,,
2r4b,23.396669387817383,,,0.0,
2r4f,2.1326260566711426,,,0.6538844704627991,
2r58,12.245177268981934,,,0.035625774413347244,
2r5a,12.742926597595215,,,0.02069425955414772,
2r5q,6.006864070892334,,,0.004908237140625715,
2r6f,22.389257431030273,,,0.001080497051589191,
2r6n,1.8756420612335205,,,0.6827309131622314,
2r6w,14.688887596130371,,,0.021684259176254272,
2r75,5.058192729949951,,,0.32248908281326294,
2r7g,,,,,
2r8q,22.938411712646484,,,0.0,
2r9b,,,,,
2r9m,6.995791912078857,,,0.24349945783615112,
2ra6,24.470075607299805,,,0.0,
2rc8,12.09018611907959,,,0.034644193947315216,
2rc9,10.599973678588867,,,0.06967984884977341,
2rcb,17.268741607666016,,,0.0033018868416547775,
2rcn,6.593014717102051,,,0.2271062284708023,
2rcu,20.709623336791992,,,0.003455424914136529,
2rcw,1.3791534900665283,,,0.8393987417221069,
2rcx,28.817277908325195,,,0.0,
2reg,26.96296501159668,,,0.0,
2rf2,3.794753313064575,,,0.42259520292282104,
2rfy,,,,,
2rg5,2.674842119216919,,,0.5335858464241028,
2rg6,2.782886266708374,,,0.5024825930595398,
2rgu,21.237689971923828,,,0.00011665889178402722,
2ri9,,,,,
2ria,23.93221664428711,,,0.0,
2rib,28.820798873901367,,,0.0,
2rin,20.209321975708008,,,0.0,
2rio,17.35359764099121,,,0.007960064336657524,
2rip,4.210044860839844,,,0.4895833432674408,
2rjp,23.29630470275879,,,0.0014679976738989353,
2rjr,24.54166030883789,,,0.0,
2rjs,21.651865005493164,,,0.0,
2rk7,21.6656494140625,,,0.0,
2rk8,14.352169036865234,,,0.004950494971126318,
2rka,14.633559226989746,,,0.037146225571632385,
2rkd,2.9142258167266846,,,0.5521907210350037,
2rkf,5.471950054168701,,,0.3342607319355011,
2rkg,5.769872665405273,,,0.24313446879386902,
2rkm,,,,,
2rkn,8.615185737609863,,,0.14036017656326294,
2rku,6.216640472412109,,,0.24392582476139069,
2rly,,,,,
2rm0,,,,,
2rnw,,,,,
2rnx,,,,,
2rol,,,,,
2rox,5.664764404296875,,,0.20324426889419556,
2rqu,,,,,
2rvn,,,,,
2sfp,3.7126083374023438,,,0.4538934528827667,
2sim,1.9091832637786865,,,0.6597222089767456,
2srt,4.2053422927856445,,,0.39948007464408875,
2std,3.8757729530334473,,,0.40950921177864075,
2tpi,,,,,
2tsr,4.434389114379883,,,0.3747158944606781,
2upj,4.6816582679748535,,,0.3849206268787384,
2usn,10.018858909606934,,,0.11194895952939987,
2uuo,2.269497871398926,,,0.6357039213180542,
2uup,3.20361328125,,,0.5104493498802185,
2uvm,4.107407569885254,,,0.4028623700141907,
2uw8,5.883601665496826,,,0.28098592162132263,
2uwd,2.469109535217285,,,0.5946930050849915,
2uwl,2.035966396331787,,,0.6680628061294556,
2uwo,1.8735326528549194,,,0.7123218178749084,
2uwp,1.9060508012771606,,,0.6834611296653748,
2uxi,11.469925880432129,,,0.09845632314682007,
2uxu,2.098787307739258,,,0.6324503421783447,
2uy3,2.821719169616699,,,0.5539772510528564,
2uy5,5.846949100494385,,,0.351257860660553,
2uyi,8.75438117980957,,,0.1351412981748581,
2uym,8.713449478149414,,,0.13092835247516632,
2uyn,4.097111225128174,,,0.061500001698732376,
2uyw,8.012128829956055,,,0.17696629464626312,
2uz6,,,,,
2uz9,3.1508941650390625,,,0.5134453773498535,
2uzb,25.86079216003418,,,0.0,
2uzd,24.737871170043945,,,0.0,
2uzj,22.262041091918945,,,0.0015136225847527385,
2uzl,57.962711334228516,,,0.0,
2v00,2.859388828277588,,,0.5783898234367371,
2v0z,19.355915069580078,,,0.0,
2v10,20.116731643676758,,,0.0,
2v11,13.572160720825195,,,0.05750950425863266,
2v12,22.560413360595703,,,0.0002615062694530934,
2v13,4.67174768447876,,,0.3692363202571869,
2v16,18.008567810058594,,,0.0004878048785030842,
2v22,32.886573791503906,,,0.0,
2v25,16.087818145751953,,,0.0005924170836806297,
2v2c,1.7202547788619995,,,0.7062647938728333,
2v2h,26.628618240356445,,,0.0,
2v2q,15.604336738586426,,,0.003913894295692444,
2v2v,13.640963554382324,,,0.021522309631109238,
2v3d,10.49792766571045,,,0.0441988967359066,
2v3e,8.504796981811523,,,0.11616454273462296,
2v3u,7.265514850616455,,,0.21696428954601288,
2v54,2.885340929031372,,,0.5505752563476562,
2v57,16.5579891204834,,,0.030620155856013298,
2v58,32.63320541381836,,,0.0,
2v59,11.616654396057129,,,0.07206118851900101,
2v5a,25.517597198486328,,,0.0,
2v7d,,,,,
2v83,,,,,
2v95,4.573365688323975,,,0.34043002128601074,
2va5,5.798455715179443,,,0.2715395390987396,
2vb8,3.02602219581604,,,0.5051993131637573,
2vba,2.464569091796875,,,0.6039232015609741,
2vc7,8.282732009887695,,,0.15848854184150696,
2vc9,3.0159897804260254,,,0.500806450843811,
2vcg,13.304000854492188,,,0.0,
2vd1,20.46514892578125,,,0.029302459210157394,
2veu,6.508572101593018,,,0.2961229979991913,
2vew,2.624720573425293,,,0.5956607460975647,
2vey,2.8701889514923096,,,0.585049033164978,
2vf6,4.238471508026123,,,0.43390053510665894,
2vfk,2.864250659942627,,,0.5556438565254211,
2vfz,15.937958717346191,,,0.024513619020581245,
2vgc,1.5230172872543335,,,0.7952830195426941,
2vh0,1.4273178577423096,,,0.7408565878868103,
2vh6,0.910666286945343,,,0.8822233080863953,
2vi5,9.947918891906738,,,0.0,
2vin,2.210836887359619,,,0.6635472178459167,
2vio,2.2650623321533203,,,0.6265709400177002,
2vip,2.5370264053344727,,,0.5713324546813965,
2viq,3.8899354934692383,,,0.47994986176490784,
2viw,4.236692428588867,,,0.3966321349143982,
2viz,3.8177390098571777,,,0.49425795674324036,
2vj6,2.7241506576538086,,,0.5826848149299622,
2vj8,3.8928935527801514,,,0.4757194221019745,
2vjx,33.23945617675781,,,0.0,
2vk2,2.7656471729278564,,,0.5744360685348511,
2vk6,2.439579725265503,,,0.5997942090034485,
2vl1,,,,,
2vl4,31.25649642944336,,,0.0,
2vl8,25.185091018676758,,,0.0,
2vle,23.98875617980957,,,0.0,
2vmc,17.457603454589844,,,0.0,
2vmd,33.75536346435547,,,0.0,
2vmf,30.561180114746094,,,0.0,
2vnf,,,,,
2vnp,15.3138427734375,,,0.015831757336854935,
2vo5,33.164573669433594,,,0.0,
2vo7,3.153546094894409,,,0.5205205082893372,
2vpe,,,,,
2vpn,15.103307723999023,,,0.0077720205299556255,
2vpo,13.12839126586914,,,0.017605634406208992,
2vpp,11.660926818847656,,,0.07622403651475906,
2vqj,3.196788787841797,,,0.48713719844818115,
2vqm,2.408398389816284,,,0.5646718144416809,
2vqt,30.932706832885742,,,0.0,
2vr3,,,,,
2vr4,31.012479782104492,,,0.0,
2vrj,22.21736717224121,,,0.0,
2vsl,,,,,
2vt3,4.561501502990723,,,0.3924906849861145,
2vth,2.674039602279663,,,0.5535373091697693,
2vti,7.032390594482422,,,0.2542457580566406,
2vtl,1.6074573993682861,,,0.797520637512207,
2vtn,4.059300422668457,,,0.45868515968322754,
2vto,7.336468696594238,,,0.25965961813926697,
2vtp,2.808786630630493,,,0.5958942770957947,
2vtq,1.6247135400772095,,,0.727419376373291,
2vtr,3.353971004486084,,,0.5339313745498657,
2vts,6.104307651519775,,,0.32218125462532043,
2vtt,1.225282907485962,,,0.846784770488739,
2vu3,1.2894099950790405,,,0.8183673620223999,
2vur,6.404638290405273,,,0.1877979040145874,
2vv9,2.6543290615081787,,,0.6050651669502258,
2vvc,16.70723533630371,,,0.0007507507689297199,
2vvn,8.467185974121094,,,0.137687548995018,
2vvo,8.117156982421875,,,0.16031280159950256,
2vvt,12.013642311096191,,,0.05053326487541199,
2vvu,2.5918822288513184,,,0.5654761791229248,
2vvv,1.472907543182373,,,0.7863508462905884,
2vw1,2.0251150131225586,,,0.6586466431617737,
2vw5,15.045409202575684,,,0.007468259893357754,
2vwc,1.7496074438095093,,,0.7180790901184082,
2vwl,3.4759654998779297,,,0.471250981092453,
2vwm,20.221040725708008,,,0.00023342670465353876,
2vwn,2.0208041667938232,,,0.6919013857841492,
2vwo,1.8867805004119873,,,0.7030423283576965,
2vwu,3.110236644744873,,,0.5540338754653931,
2vwv,5.85104513168335,,,0.34720534086227417,
2vx9,12.896841049194336,,,0.07710978388786316,
2vxa,,,,,
2vxj,,,,,
2vxn,2.4659886360168457,,,0.623913049697876,
2vyt,13.62870979309082,,,0.009859154932200909,
2vzr,11.506227493286133,,,0.004742547404021025,
2w06,1.6099352836608887,,,0.7335329055786133,
2w08,30.414371490478516,,,0.0,
2w0p,,,,,
2w0s,16.93724250793457,,,0.005363036412745714,
2w0x,3.0587353706359863,,,0.5240778923034668,
2w0z,,,,,
2w10,,,,,
2w12,4.492298603057861,,,0.44711539149284363,
2w1g,1.660455346107483,,,0.7425742745399475,
2w1h,0.8078140020370483,,,0.9294605851173401,
2w1i,20.991716384887695,,,0.0,
2w26,0.8641930222511292,,,0.9034285545349121,
2w2u,,,,,
2w3k,2.180233955383301,,,0.6613338589668274,
2w3o,,,,,
2w47,,,,,
2w4i,4.021982192993164,,,0.0,
2w4x,3.1717352867126465,,,0.4841911792755127,
2w5i,11.738028526306152,,,0.06612560153007507,
2w66,16.361671447753906,,,0.0015337422955781221,
2w67,29.20368766784668,,,0.0,
2w68,,,,,
2w6c,2.4147863388061523,,,0.5875576138496399,
2w6m,33.484222412109375,,,0.0,
2w6o,23.421405792236328,,,0.0,
2w6t,,,,,
2w6u,,,,,
2w70,33.61561965942383,,,0.0,
2w76,,,,,
2w77,,,,,
2w78,,,,,
2w7y,,,,,
2w85,,,,,
2w87,8.117680549621582,,,0.14027149975299835,
2w8f,6.940250873565674,,,0.06899488717317581,
2w8j,6.504914283752441,,,0.19854368269443512,
2w8w,5.10650110244751,,,0.3308176100254059,
2w92,1.8044548034667969,,,0.7151015400886536,
2w97,,,,,
2w9h,3.7793214321136475,,,0.4306095838546753,
2w9r,,,,,
2wa3,3.238920211791992,,,0.48838290572166443,
2wa4,2.551475763320923,,,0.5547618865966797,
2wa8,,,,,
2wb5,4.797362804412842,,,0.37141749262809753,
2wbb,27.861848831176758,,,0.0,
2wbd,23.600143432617188,,,0.0,
2wbg,34.50226974487305,,,0.0,
2wc3,23.859296798706055,,,0.0,
2wc4,37.829689025878906,,,0.0,
2wca,8.125654220581055,,,0.24842436611652374,
2wcg,10.74860668182373,,,0.043823037296533585,
2wd3,4.996118068695068,,,0.40847155451774597,
2wd7,12.287994384765625,,,0.03321167826652527,
2we3,4.390039920806885,,,0.3816051781177521,
2weg,2.1933460235595703,,,0.6091463565826416,
2weh,1.9868031740188599,,,0.6776807904243469,
2wej,2.9982893466949463,,,0.5885416865348816,
2weo,2.4852004051208496,,,0.5763546824455261,
2weq,1.966784954071045,,,0.6431236863136292,
2wey,12.729864120483398,,,0.031561460345983505,
2wf1,2.4426674842834473,,,0.6252525448799133,
2wf2,3.8685414791107178,,,0.499674916267395,
2wf3,3.045099973678589,,,0.5252695679664612,
2wf4,3.3464362621307373,,,0.4864238500595093,
2wf5,3.204662561416626,,,0.4984035789966583,
2wfj,,,,,
2wgi,5.085165977478027,,,0.34467822313308716,
2wgj,2.824540138244629,,,0.5605158805847168,
2who,38.786930084228516,,,0.0,
2wi1,4.294835567474365,,,0.42151162028312683,
2wi4,1.3073756694793701,,,0.8198784589767456,
2wi7,2.00730299949646,,,0.6742957830429077,
2wib,6.199552536010742,,,0.2431294322013855,
2wic,2.5274622440338135,,,0.6060000061988831,
2wig,,,,,
2wij,,,,,
2wik,,,,,
2wj2,4.0306901931762695,,,0.41152921319007874,
2wjg,10.845865249633789,,,0.11292613297700882,
2wji,5.011443138122559,,,0.34150001406669617,
2wk2,,,,,
2wk6,19.174222946166992,,,0.0,
2wkt,4.763629913330078,,,0.3910142481327057,
2wky,13.710823059082031,,,0.022125912830233574,
2wl5,4.140430927276611,,,0.3564777374267578,
2wly,,,,,
2wlz,,,,,
2wm0,,,,,
2wmr,1.1963814496994019,,,0.877525269985199,
2wmw,1.681788444519043,,,0.7520747184753418,
2wn9,5.840059280395508,,,0.0,
2wnj,3.910311460494995,,,0.0,
2wnl,5.438990592956543,,,0.168717622756958,
2wo8,20.871028900146484,,,0.005118110217154026,
2won,6.085250377655029,,,0.27250802516937256,
2woq,4.245217323303223,,,0.4000000059604645,
2wp1,,,,,
2wpa,23.319103240966797,,,0.0,
2wpb,11.387896537780762,,,0.06718750298023224,
2wq4,6.274971008300781,,,0.12603648006916046,
2wqp,5.226236343383789,,,0.3147899806499481,
2wr8,11.38453197479248,,,0.09824640303850174,
2wsx,26.627098083496094,,,0.0,
2wtc,0.6310843229293823,,,0.9354560971260071,
2wtj,8.344897270202637,,,0.26927193999290466,
2wtx,26.6982364654541,,,0.0,
2wuf,20.319395065307617,,,0.0032012194860726595,
2wuu,9.66359806060791,,,0.07279377430677414,
2wva,12.13044261932373,,,0.0,
2wvt,27.554317474365234,,,0.0,
2wvz,24.894702911376953,,,0.0,
2ww0,36.23261642456055,,,0.0,
2ww2,18.315908432006836,,,0.0014204545877873898,
2wwj,20.72498893737793,,,0.0,
2wxj,2.1358208656311035,,,0.6486607193946838,
2wxk,3.9228100776672363,,,0.4418850243091583,
2wxn,1.7976924180984497,,,0.7019895911216736,
2wxv,24.266286849975586,,,0.0,
2wyf,,,,,
2wyg,2.0682501792907715,,,0.6196780800819397,
2wyi,4.26115608215332,,,0.4316123127937317,
2wyj,2.2729430198669434,,,0.6253926753997803,
2wyn,,,,,
2wzf,4.33482551574707,,,0.38386523723602295,
2wzm,10.904597282409668,,,0.07974559813737869,
2wzs,33.68510818481445,,,0.0,
2wzy,8.68411922454834,,,0.0625,
2x00,7.907822608947754,,,0.0,
2x09,28.06680679321289,,,0.0,
2x2c,,,,,
2x2i,,,,,
2x2k,6.09753942489624,,,0.32894736528396606,
2x2l,7.087364673614502,,,0.29804161190986633,
2x2r,24.88882827758789,,,0.0,
2x39,3.5084848403930664,,,0.45869356393814087,
2x3t,5.565778732299805,,,0.0,
2x4o,,,,,
2x4r,,,,,
2x4s,,,,,
2x4t,,,,,
2x4u,,,,,
2x4z,1.7243642807006836,,,0.7296703457832336,
2x52,9.90364933013916,,,0.10950605571269989,
2x6e,2.4252068996429443,,,0.6106927990913391,
2x6f,27.266881942749023,,,0.0,
2x6i,11.924256324768066,,,0.06840437650680542,
2x6j,8.98285961151123,,,0.12565189599990845,
2x6w,,,,,
2x6x,,,,,
2x6y,,,,,
2x7c,30.312217712402344,,,0.0,
2x7d,32.47568893432617,,,0.0,
2x7s,1.2341828346252441,,,0.7816037535667419,
2x7t,1.965528130531311,,,0.7264554500579834,
2x7x,19.439210891723633,,,0.0,
2x81,4.597385883331299,,,0.407681941986084,
2x85,,,,,
2x8d,1.5298550128936768,,,0.7526150345802307,
2x8e,3.83023738861084,,,0.5191780924797058,
2x8i,1.5527620315551758,,,0.7567771077156067,
2x8z,3.2911972999572754,,,0.49406933784484863,
2x97,4.506795406341553,,,0.388208270072937,
2x9e,1.9293242692947388,,,0.8002439141273499,
2xab,24.88179588317871,,,0.0,
2xae,24.761123657226562,,,0.0,
2xaf,,,,,
2xag,,,,,
2xah,,,,,
2xaj,,,,,
2xaq,,,,,
2xas,,,,,
2xb7,2.6844305992126465,,,0.6237040758132935,
2xb8,3.592909574508667,,,0.5362200140953064,
2xb9,11.211226463317871,,,0.01491228025406599,
2xbj,2.0106003284454346,,,0.7095854878425598,
2xbx,1.4109498262405396,,,0.822510838508606,
2xc0,2.702991008758545,,,0.5917119383811951,
2xc4,1.7752903699874878,,,0.7110055685043335,
2xch,6.527719020843506,,,0.28844383358955383,
2xcn,19.390216827392578,,,0.007419620640575886,
2xcs,7.661812782287598,,,0.15003006160259247,
2xd6,0.813517689704895,,,0.9130824208259583,
2xd9,10.868781089782715,,,0.017693588510155678,
2xda,3.769136428833008,,,0.5421753525733948,
2xdk,3.0106348991394043,,,0.5561855435371399,
2xdl,2.6007564067840576,,,0.5706075429916382,
2xdm,41.30125427246094,,,0.0,
2xdw,,,,,
2xej,6.175798416137695,,,0.31460297107696533,
2xel,19.135623931884766,,,0.0,
2xez,5.489048004150391,,,0.39687055349349976,
2xf0,4.57491397857666,,,0.3564167618751526,
2xfi,4.047329902648926,,,0.4319736957550049,
2xfj,2.759465217590332,,,0.5403071045875549,
2xg5,8.025322914123535,,,0.17459736764431,
2xg9,,,,,
2xgm,9.774862289428711,,,0.18197278678417206,
2xgo,7.257692813873291,,,0.17995594441890717,
2xgs,14.23229694366455,,,0.06409477442502975,
2xh5,3.19618821144104,,,0.5126404762268066,
2xhm,7.05192756652832,,,0.22850412130355835,
2xhr,2.494985342025757,,,0.6050724387168884,
2xhs,,,,,
2xht,2.687589168548584,,,0.6374788284301758,
2xhx,3.098661422729492,,,0.4959324300289154,
2xi7,12.115769386291504,,,0.012019230984151363,
2xib,24.189016342163086,,,0.0,
2xii,22.91485595703125,,,0.0,
2xix,4.243214130401611,,,0.3840000033378601,
2xiz,2.138852119445801,,,0.7021126747131348,
2xj1,4.970248222351074,,,0.4115423262119293,
2xj2,2.19555926322937,,,0.6667762994766235,
2xj7,28.27752685546875,,,0.0,
2xjg,2.682051420211792,,,0.5900423526763916,
2xjj,14.876866340637207,,,0.02301136404275894,
2xk1,17.066911697387695,,,0.0035211266949772835,
2xk3,1.2401717901229858,,,0.8357142806053162,
2xk4,1.078661322593689,,,0.8426269888877869,
2xk7,0.6310723423957825,,,0.9766104221343994,
2xk8,2.148409605026245,,,0.6607505083084106,
2xkc,1.2847950458526611,,,0.8294993042945862,
2xl2,,,,,
2xl3,,,,,
2xlc,,,,,
2xln,35.76034927368164,,,0.0,
2xm1,15.174257278442383,,,0.005170863121747971,
2xm2,14.097810745239258,,,0.007969798520207405,
2xml,19.997846603393555,,,0.0,
2xn3,6.326737403869629,,,0.19140969216823578,
2xnb,1.6033306121826172,,,0.7324262857437134,
2xne,1.7205184698104858,,,0.6829268336296082,
2xni,22.63998794555664,,,0.0002138580020982772,
2xnm,2.067596673965454,,,0.6990062594413757,
2xno,2.1996445655822754,,,0.621979296207428,
2xnp,1.6528147459030151,,,0.7422520518302917,
2xo8,,,,,
2xow,3.977940320968628,,,0.4005201458930969,
2xp2,2.061962604522705,,,0.6609396934509277,
2xp3,3.2010247707366943,,,0.5240480899810791,
2xp4,1.897121548652649,,,0.6666666865348816,
2xp5,2.1891536712646484,,,0.6341584324836731,
2xp6,1.1138427257537842,,,0.8544226288795471,
2xp8,2.9874165058135986,,,0.5304762125015259,
2xpa,2.284703016281128,,,0.6343856453895569,
2xpb,6.441386699676514,,,0.32025760412216187,
2xpc,4.084514617919922,,,0.3854944109916687,
2xqq,,,,,
2xrw,,,,,
2xsb,3.4098713397979736,,,0.4485688805580139,
2xtn,3.930671453475952,,,0.4244094491004944,
2xto,15.29141616821289,,,0.008064515888690948,
2xu1,14.785264015197754,,,0.04135829210281372,
2xu3,1.469252109527588,,,0.8202941417694092,
2xu4,5.728149890899658,,,0.3068470060825348,
2xu5,2.5934360027313232,,,0.5351123809814453,
2xup,21.703567504882812,,,0.0003016591363120824,
2xuz,5.68159818649292,,,0.27618521451950073,
2xv1,6.708741664886475,,,0.21411554515361786,
2xwd,8.955958366394043,,,0.07831790298223495,
2xwe,8.79581356048584,,,0.06954436749219894,
2xx2,17.040327072143555,,,0.005763115826994181,
2xx4,1.1764013767242432,,,0.8562215566635132,
2xxn,,,,,
2xxr,14.791640281677246,,,0.006818181835114956,
2xxt,15.272534370422363,,,0.013729977421462536,
2xxw,16.40262222290039,,,0.0023771789856255054,
2xxx,22.582408905029297,,,0.0,
2xxy,23.679004669189453,,,0.0,
2xy9,5.4063239097595215,,,0.35212570428848267,
2xyd,26.446733474731445,,,0.0,
2xyt,5.830806255340576,,,0.11428571492433548,
2xyu,3.8867855072021484,,,0.4891146719455719,
2xz5,7.767842769622803,,,0.0,
2xzc,,,,,
2xzw,20.3955020904541,,,0.0,
2y06,,,,,
2y07,,,,,
2y1x,26.58268928527832,,,0.0,
2y2h,17.464452743530273,,,0.017725259065628052,
2y2j,4.964582443237305,,,0.36517614126205444,
2y2k,4.702014446258545,,,0.37449392676353455,
2y2p,4.0531110763549805,,,0.3708609342575073,
2y36,,,,,
2y4k,13.388751029968262,,,0.09390024095773697,
2y4l,4.557528495788574,,,0.40589430928230286,
2y4m,7.9858012199401855,,,0.26422762870788574,
2y4s,,,,,
2y54,9.246237754821777,,,0.0,
2y55,,,,,
2y56,12.138141632080078,,,0.0,
2y57,12.033248901367188,,,0.0,
2y5f,3.8546204566955566,,,0.4235841631889343,
2y5g,3.4018142223358154,,,0.5310665369033813,
2y5h,2.969726085662842,,,0.5228426456451416,
2y5k,9.40811538696289,,,0.12865497171878815,
2y5l,24.667470932006836,,,0.0,
2y6d,4.132981777191162,,,0.3881705105304718,
2y6o,2.2663445472717285,,,0.591928243637085,
2y6s,,,,,
2y76,6.177271366119385,,,0.2356700301170349,
2y7i,13.850848197937012,,,0.013708873651921749,
2y7k,9.408573150634766,,,0.16054686903953552,
2y7p,5.535725116729736,,,0.2690129578113556,
2y7w,12.129490852355957,,,0.017241379246115685,
2y7x,1.6357005834579468,,,0.6884199976921082,
2y7z,2.6955556869506836,,,0.6048232913017273,
2y80,2.855541467666626,,,0.6064453125,
2y82,1.8602149486541748,,,0.6825471520423889,
2y8c,8.41343879699707,,,0.020938552916049957,
2y8i,6.799881458282471,,,0.2527492642402649,
2y8l,11.6207275390625,,,0.08806146681308746,
2y8o,,,,,
2y8q,10.315498352050781,,,0.08844911307096481,
2y9g,,,,,
2ya6,21.32172966003418,,,0.0,
2ya8,21.34189224243164,,,0.00037397159030660987,
2yac,1.774314284324646,,,0.7350917458534241,
2yay,9.783318519592285,,,0.13743279874324799,
2yaz,9.575657844543457,,,0.016826923936605453,
2yb0,16.03962516784668,,,0.0012224939418956637,
2yb9,5.015291213989258,,,0.3679645359516144,
2ybp,18.243385314941406,,,0.0,
2ybs,17.89210319519043,,,0.0,
2yc0,2.523564577102661,,,0.6239554286003113,
2yc3,8.25999927520752,,,0.13805346190929413,
2yc5,5.8417253494262695,,,0.30624380707740784,
2ych,3.987685203552246,,,0.422237366437912,
2yde,2.9482855796813965,,,0.5668830871582031,
2ydi,4.490314483642578,,,0.45150187611579895,
2ydj,16.90461540222168,,,0.0021201414056122303,
2ydk,1.0892539024353027,,,0.867521345615387,
2ydm,2.5356035232543945,,,0.5838264226913452,
2ydo,3.4299490451812744,,,0.45757997035980225,
2ydt,,,,,
2ydv,2.53471302986145,,,0.5676884055137634,
2ydw,15.214037895202637,,,0.0,
2yem,8.020857810974121,,,0.1714734435081482,
2yer,4.859171390533447,,,0.43742790818214417,
2yex,1.1103267669677734,,,0.8502475023269653,
2yfa,6.866829872131348,,,0.20798319578170776,
2yfx,1.7017618417739868,,,0.7379153966903687,
2yg2,,,,,
2yga,2.265839099884033,,,0.6071044206619263,
2yge,2.068096876144409,,,0.6318984627723694,
2ygf,4.209498405456543,,,0.35607844591140747,
2ygu,21.878068923950195,,,0.0,
2yhd,18.29738426208496,,,0.0002837684587575495,
2yhw,4.913175582885742,,,0.33703702688217163,
2yhy,5.380425930023193,,,0.31439852714538574,
2yi5,1.3103821277618408,,,0.8363338708877563,
2yig,2.773066759109497,,,0.5946824550628662,
2yiq,3.713531494140625,,,0.4736842215061188,
2yiv,13.8001070022583,,,0.023148147389292717,
2yj9,1.4674866199493408,,,0.7352783679962158,
2yjb,6.210829734802246,,,0.2676592767238617,
2yjc,1.4724959135055542,,,0.803256094455719,
2yjq,,,,,
2yjw,0.6762743592262268,,,0.9447368383407593,
2yjx,4.022164821624756,,,0.4715794622898102,
2yk1,5.152917861938477,,,0.3152332305908203,
2yk9,6.803578853607178,,,0.2809959352016449,
2ykb,4.662801742553711,,,0.365008145570755,
2yke,2.5962953567504883,,,0.575576901435852,
2yki,2.197434425354004,,,0.6176108121871948,
2ykj,5.42959451675415,,,0.31314167380332947,
2ylc,,,,,
2yln,5.931081295013428,,,0.22875817120075226,
2ylo,14.232280731201172,,,0.01884288713335991,
2ylp,15.810890197753906,,,0.008620689623057842,
2ym4,1.0131714344024658,,,0.8520194888114929,
2ym6,2.5380170345306396,,,0.5557634830474854,
2ym8,2.9264707565307617,,,0.5772988796234131,
2ymd,6.3458662033081055,,,0.0,
2ymt,,,,,
2ynd,21.71925163269043,,,0.0,
2ynn,,,,,
2ynr,,,,,
2yns,,,,,
2yof,13.836392402648926,,,0.09813999384641647,
2yog,8.687161445617676,,,0.2332928329706192,
2yoj,28.371267318725586,,,0.0,
2yol,7.041229724884033,,,0.19472458958625793,
2ypi,13.666065216064453,,,0.039844851940870285,
2ypo,6.169594764709473,,,0.1761285960674286,
2ypp,7.299381732940674,,,0.1724664270877838,
2yq6,,,,,
2yz3,16.327678680419922,,,0.03350144252181053,
2z1w,2.344921350479126,,,0.5907039642333984,
2z3z,3.5469610691070557,,,0.4577777683734894,
2z4r,19.720678329467773,,,0.0,
2z4y,4.547019958496094,,,0.3217703402042389,
2z4z,7.580020427703857,,,0.23039941489696503,
2z50,6.3035993576049805,,,0.23322784900665283,
2z52,4.6694536209106445,,,0.3620203137397766,
2z5o,,,,,
2z5t,,,,,
2z60,1.087882399559021,,,0.8431315422058105,
2z6w,,,,,
2z7h,8.428319931030273,,,0.19864974915981293,
2z7i,4.235683441162109,,,0.39694836735725403,
2z8e,,,,,
2z92,3.0669636726379395,,,0.5042694211006165,
2z94,1.3282217979431152,,,0.7772727012634277,
2z9g,2.6085774898529053,,,0.5981734991073608,
2za3,4.781732082366943,,,0.32778865098953247,
2za5,11.070184707641602,,,0.012475050054490566,
2zas,2.3911798000335693,,,0.6100460290908813,
2zaz,3.6305086612701416,,,0.4027423560619354,
2zc9,1.5046457052230835,,,0.7784730792045593,
2zcq,5.806285858154297,,,0.27179357409477234,
2zdt,7.182591438293457,,,0.2688027620315552,
2zdx,4.990336894989014,,,0.3069230914115906,
2zfp,2.1698107719421387,,,0.6325342655181885,
2zg1,5.471067428588867,,,0.338016539812088,
2zg3,,,,,
2zga,5.540656566619873,,,0.2968009412288666,
2zgm,,,,,
2zit,57.321964263916016,,,0.0,
2zjw,9.864518165588379,,,0.08353293687105179,
2zkj,9.367798805236816,,,0.10950536280870438,
2zlf,,,,,
2zmj,4.236733913421631,,,0.40433526039123535,
2zmm,2.372067928314209,,,0.5852908492088318,
2zn7,1.5804083347320557,,,0.7737247943878174,
2zns,4.977814674377441,,,0.3481717109680176,
2znt,4.932926654815674,,,0.33212339878082275,
2zof,10.726847648620605,,,0.07790626585483551,
2zq0,,,,,
2zsc,11.141985893249512,,,0.05419580265879631,
2zu3,3.174375057220459,,,0.5256175398826599,
2zu4,3.9261860847473145,,,0.4147118031978607,
2zu5,5.118424415588379,,,0.3195681869983673,
2zva,2.367893934249878,,,0.616725742816925,
2zvj,4.3067731857299805,,,0.40257880091667175,
2zwz,15.362346649169922,,,0.003101145150139928,
2zx7,4.58446741104126,,,0.33566853404045105,
2zx9,4.784480571746826,,,0.33273524045944214,
2zxa,15.210140228271484,,,0.006430868059396744,
2zxb,15.410469055175781,,,0.0171606857329607,
2zxd,22.207304000854492,,,0.0,
2zxg,5.342579364776611,,,0.3123088777065277,
2zy1,4.396695137023926,,,0.39095187187194824,
2zym,,,,,
2zyn,,,,,
2zz1,1.9030487537384033,,,0.6516574621200562,
2zz2,6.161556720733643,,,0.22373779118061066,
2zz6,8.14163589477539,,,0.1397482007741928,
3a1c,7.135055065155029,,,0.2138810157775879,
3a1d,5.242361068725586,,,0.26224565505981445,
3a1e,6.326961994171143,,,0.24514737725257874,
3a1s,8.263049125671387,,,0.14388489723205566,
3a1t,5.551314353942871,,,0.3190261125564575,
3a29,24.59872817993164,,,0.0,
3a2o,3.131676197052002,,,0.4806666672229767,
3a3y,4.9605712890625,,,0.2269613891839981,
3a4p,3.308159112930298,,,0.4839096963405609,
3a6t,3.5503149032592773,,,0.4794303774833679,
3a9i,6.37723445892334,,,0.2000868022441864,
3abt,7.117626190185547,,,0.2881124019622803,
3abu,3.653581380844116,,,0.4671033024787903,
3adv,11.122220993041992,,,0.06471239030361176,
3afk,,,,,
3ah8,,,,,
3ahn,28.05978012084961,,,0.0,
3aho,27.522396087646484,,,0.0,
3aid,6.433002948760986,,,0.22742170095443726,
3aig,5.314090728759766,,,0.32637232542037964,
3aje,2.1602187156677246,,,0.6123529672622681,
3alt,,,,,
3amb,2.710620880126953,,,0.6041220426559448,
3amv,13.967280387878418,,,0.03505586460232735,
3anq,27.600887298583984,,,0.0,
3anr,26.346590042114258,,,0.0,
3ans,28.203914642333984,,,0.0,
3ant,28.434619903564453,,,0.0,
3ao1,2.584630250930786,,,0.5968421101570129,
3ao2,5.572106838226318,,,0.29325437545776367,
3ao4,3.3026578426361084,,,0.49674856662750244,
3ao5,6.577722072601318,,,0.23414179682731628,
3aox,4.861064910888672,,,0.399350643157959,
3ap4,,,,,
3ap7,,,,,
3aqt,14.137534141540527,,,0.01296829991042614,
3ara,9.383957862854004,,,0.0779411792755127,
3arb,8.124930381774902,,,0.17467673122882843,
3ard,7.75753116607666,,,0.205839142203331,
3are,7.7865681648254395,,,0.22639484703540802,
3arf,6.645203113555908,,,0.24292264878749847,
3arg,7.792359828948975,,,0.17384615540504456,
3arn,9.455093383789062,,,0.015599999576807022,
3arx,4.29936408996582,,,0.4655647277832031,
3ary,3.577059030532837,,,0.4897003769874573,
3ask,,,,,
3asl,,,,,
3at1,12.462023735046387,,,0.025584794580936432,
3at4,2.6412320137023926,,,0.60149085521698,
3ati,2.6664655208587646,,,0.6487341523170471,
3atk,2.1577985286712646,,,0.675000011920929,
3atm,1.9600523710250854,,,0.7088675498962402,
3atp,4.605311870574951,,,0.31081080436706543,
3atu,2.0489096641540527,,,0.668207049369812,
3atv,2.1631040573120117,,,0.6554680466651917,
3atw,,,,,
3au6,33.769378662109375,,,0.0,
3av9,,,,,
3ava,,,,,
3avb,,,,,
3avf,,,,,
3avg,,,,,
3avh,,,,,
3avi,,,,,
3avj,,,,,
3avk,,,,,
3avl,,,,,
3avm,,,,,
3avn,,,,,
3avz,,,,,
3aw0,,,,,
3axk,5.738753318786621,,,0.22613269090652466,
3axm,14.356715202331543,,,0.0,
3ay9,2.5155029296875,,,0.5821167826652527,
3aya,,,,,
3ayc,,,,,
3az9,4.876305103302002,,,0.0,
3aza,7.6326727867126465,,,0.00023651844821870327,
3azb,8.378905296325684,,,0.2574091851711273,
3b0w,17.326133728027344,,,0.020868824794888496,
3b1m,5.598038673400879,,,0.2741433084011078,
3b1t,7.037118911743164,,,0.2633433938026428,
3b1u,6.77782678604126,,,0.2669830024242401,
3b26,21.891460418701172,,,0.0,
3b2t,2.0058820247650146,,,0.6298151016235352,
3b3c,2.2467586994171143,,,0.6633416414260864,
3b3s,3.0869314670562744,,,0.5486618280410767,
3b3w,2.2261579036712646,,,0.6289893388748169,
3b3x,24.6993350982666,,,0.0,
3b50,2.0914814472198486,,,0.628819465637207,
3b65,3.7520244121551514,,,0.43564146757125854,
3b66,4.576462745666504,,,0.3563867211341858,
3b67,7.4393110275268555,,,0.16101208329200745,
3b7i,2.0268990993499756,,,0.6978371739387512,
3b7r,7.306223392486572,,,0.25195035338401794,
3b7u,5.728484630584717,,,0.3059768080711365,
3b82,56.84410858154297,,,0.0,
3b8h,64.32283782958984,,,0.0,
3b8q,16.28128433227539,,,0.02429424598813057,
3b8z,10.374700546264648,,,0.12063615024089813,
3b92,4.028496742248535,,,0.44309210777282715,
3b95,,,,,
3b9g,3.1571969985961914,,,0.5025951266288757,
3b9s,8.7898588180542,,,0.05123216658830643,
3bar,8.342036247253418,,,0.13775509595870972,
3bb1,11.870584487915039,,,0.0485403947532177,
3bbf,20.36019515991211,,,0.0,
3bc4,6.699969291687012,,,0.17486582696437836,
3bc5,5.152188777923584,,,0.29670974612236023,
3bcn,9.602726936340332,,,0.06814868748188019,
3bcs,7.1698994636535645,,,0.15902140736579895,
3be9,4.757386684417725,,,0.3311423361301422,
3bet,1.593326449394226,,,0.7072784900665283,
3bex,9.399749755859375,,,0.0005813953466713428,
3bf1,9.154136657714844,,,0.008241758681833744,
3bft,4.563220500946045,,,0.348349392414093,
3bfu,16.385887145996094,,,0.006688963156193495,
3bg8,3.0955262184143066,,,0.5525618195533752,
3bgq,5.259060859680176,,,0.3642086386680603,
3bgs,3.9810991287231445,,,0.46616020798683167,
3bh3,9.852055549621582,,,0.10776805132627487,
3bhb,,,,,
3bhx,6.11896276473999,,,0.3280632495880127,
3bi0,2.8836660385131836,,,0.5878684520721436,
3bim,,,,,
3biz,2.5770556926727295,,,0.6206721067428589,
3bjc,3.109323740005493,,,0.5284730792045593,
3bjm,22.003185272216797,,,0.0,
3bkk,2.7402899265289307,,,0.5356861352920532,
3bl0,1.4254560470581055,,,0.7826370596885681,
3bl2,,,,,
3bla,6.454174518585205,,,0.260261207818985,
3bls,26.915950775146484,,,0.0,
3blt,6.9074554443359375,,,0.2748579680919647,
3blu,4.628690719604492,,,0.41537800431251526,
3bm6,29.731477737426758,,,0.0,
3bm8,5.098999977111816,,,0.3384491205215454,
3bm9,6.54801607131958,,,0.25452351570129395,
3bmo,16.376556396484375,,,0.005161290522664785,
3bmq,16.237375259399414,,,0.0024429967161267996,
3bmy,1.1452205181121826,,,0.8838424682617188,
3bpc,,,,,
3br9,21.21070671081543,,,0.00444207526743412,
3bra,5.63003396987915,,,0.34223300218582153,
3brn,6.705722332000732,,,0.19702380895614624,
3bti,11.788383483886719,,,0.08263933658599854,
3btr,,,,,
3bu1,2.2264461517333984,,,0.61888587474823,
3buf,3.777815341949463,,,0.40657439827919006,
3bug,4.4388322830200195,,,0.38115763664245605,
3buh,3.723881721496582,,,0.4679621756076813,
3bum,,,,,
3bun,,,,,
3buw,,,,,
3bva,5.727904319763184,,,0.32432109117507935,
3bx5,1.797865629196167,,,0.741916835308075,
3bxe,17.087690353393555,,,0.0,
3bxf,7.775026321411133,,,0.15494458377361298,
3bxg,17.403396606445312,,,0.00023900573432911187,
3bxh,16.823469161987305,,,0.0008771930006332695,
3bxs,5.54660701751709,,,0.2999528646469116,
3bym,2.0490918159484863,,,0.7279748320579529,
3bys,2.4098291397094727,,,0.5878332257270813,
3byu,1.9550492763519287,,,0.7030128836631775,
3bz3,5.203513145446777,,,0.31298699975013733,
3bzf,,,,,
3bzi,,,,,
3c0z,24.445926666259766,,,0.0,
3c14,39.93583297729492,,,0.0,
3c1k,4.28916072845459,,,0.3582957983016968,
3c1n,15.68285083770752,,,0.0,
3c1x,3.033555746078491,,,0.5736624002456665,
3c2f,8.05385684967041,,,0.11536631733179092,
3c2o,5.484784126281738,,,0.28328612446784973,
3c2u,20.52079963684082,,,0.002475247485563159,
3c39,22.750225067138672,,,0.0,
3c3o,,,,,
3c3q,,,,,
3c3r,,,,,
3c43,23.27937126159668,,,0.000395778362872079,
3c45,23.268280029296875,,,0.0,
3c4f,29.39067840576172,,,0.0,
3c4h,3.7890005111694336,,,0.4928707182407379,
3c52,2.303607940673828,,,0.6392650008201599,
3c56,4.574269771575928,,,0.3794594705104828,
3c5u,3.591057777404785,,,0.4266792833805084,
3c6w,,,,,
3c79,5.31734561920166,,,0.0,
3c7p,1.4792007207870483,,,0.7603719830513,
3c84,7.266537189483643,,,0.0,
3c8e,5.493711471557617,,,0.27361562848091125,
3c9e,3.757549524307251,,,0.47283312678337097,
3cbs,,,,,
3ccb,30.148038864135742,,,0.0,
3cct,5.483729362487793,,,0.2976718544960022,
3ccw,8.651233673095703,,,0.14580343663692474,
3ccz,4.26261568069458,,,0.4152508080005646,
3cd0,8.504145622253418,,,0.0177942905575037,
3cd5,10.478139877319336,,,0.14609163999557495,
3cd7,2.191720724105835,,,0.6444976329803467,
3ce0,2.5558955669403076,,,0.6076073050498962,
3cfn,8.23397159576416,,,0.1352401077747345,
3cft,6.855027675628662,,,0.14900000393390656,
3cfv,,,,,
3cgy,8.2977933883667,,,0.12158145010471344,
3chp,6.437685966491699,,,0.26089364290237427,
3cib,18.598079681396484,,,0.003999179694801569,
3cic,20.34339141845703,,,0.0015923567116260529,
3cid,19.4193115234375,,,0.0015036086551845074,
3cii,,,,,
3cj2,47.91441345214844,,,0.0,
3cj3,35.55034637451172,,,0.0,
3cj5,27.626970291137695,,,0.0,
3cjo,24.086591720581055,,,0.0,
3ck7,,,,,
3ck8,,,,,
3ckb,,,,,
3cke,26.014333724975586,,,0.0,
3ckp,33.26506042480469,,,0.0,
3ckt,4.47674560546875,,,0.3804347813129425,
3cl0,1.5771193504333496,,,0.7306070923805237,
3cl2,29.63556480407715,,,0.0,
3clp,27.71148681640625,,,0.0,
3cm2,5.406905651092529,,,0.08187689632177353,
3cm7,6.135558128356934,,,0.2581908702850342,
3coj,,,,,
3cow,18.01471710205078,,,0.005565255414694548,
3coy,17.344240188598633,,,0.002006241586059332,
3cpc,17.914724349975586,,,0.007695343345403671,
3cph,50.09219741821289,,,0.0,
3cpj,38.10419464111328,,,0.0,
3cqu,1.0582923889160156,,,0.8587267398834229,
3cqw,1.6705681085586548,,,0.7175425291061401,
3cs8,,,,,
3cth,6.534041404724121,,,0.2772045135498047,
3ctj,2.4800641536712646,,,0.6118485927581787,
3ctt,2.770608425140381,,,0.5712097883224487,
3cwe,3.5925440788269043,,,0.5337909460067749,
3cwk,2.853080987930298,,,0.50951087474823,
3cx9,8.130992889404297,,,0.11719337850809097,
3cy2,5.061300754547119,,,0.322265625,
3cyz,3.400061845779419,,,0.40707963705062866,
3czv,10.044157981872559,,,0.08352941274642944,
3d0e,3.872143030166626,,,0.4517022967338562,
3d14,6.545411586761475,,,0.26327115297317505,
3d1e,,,,,
3d1f,,,,,
3d1g,25.716217041015625,,,0.0,
3d1x,5.030544757843018,,,0.3170025050640106,
3d1y,3.4423561096191406,,,0.44842007756233215,
3d25,,,,,
3d27,2.302248239517212,,,0.5903024673461914,
3d2e,31.912492752075195,,,0.0,
3d2t,5.687216281890869,,,0.2792288661003113,
3d32,,,,,
3d3x,,,,,
3d4fa,5.0637617111206055,,,0.3327171802520752,
3d4fb,5.566565036773682,,,0.3025606572628021,
3d4y,1.2090263366699219,,,0.832198441028595,
3d4z,0.9316753149032593,,,0.87548828125,
3d50,3.984588146209717,,,0.40709877014160156,
3d51,1.9399259090423584,,,0.6916342377662659,
3d5m,23.723480224609375,,,0.0004149377637077123,
3d62,3.9364967346191406,,,0.35251450538635254,
3d6o,15.570985794067383,,,0.0054133860394358635,
3d6p,20.251726150512695,,,0.0,
3d6q,20.26577377319336,,,0.0,
3d78,9.2970552444458,,,0.1296660155057907,
3d7b,15.931953430175781,,,0.004307374358177185,
3d7d,2.9505484104156494,,,0.5597826242446899,
3d7f,2.545099973678589,,,0.6223984360694885,
3d7g,2.3055145740509033,,,0.598901093006134,
3d7h,3.969003438949585,,,0.4047777056694031,
3d7m,2.2041051387786865,,,0.6277821660041809,
3d83,5.603915691375732,,,0.27007898688316345,
3d8w,1.6399128437042236,,,0.7233201861381531,
3d8y,15.65024185180664,,,0.0026578071992844343,
3d8z,8.520926475524902,,,0.16639676690101624,
3d9v,30.546825408935547,,,0.0,
3d9z,2.1921942234039307,,,0.6497092843055725,
3da9,2.616964817047119,,,0.5911270976066589,
3dab,,,,,
3daj,4.655002117156982,,,0.30843842029571533,
3db6,4.624890327453613,,,0.41163793206214905,
3db8,2.2798287868499756,,,0.6009389758110046,
3dbs,2.9762864112854004,,,0.49974358081817627,
3dbu,1.4968180656433105,,,0.7485576868057251,
3dc3,2.114300489425659,,,0.6809954643249512,
3dcc,1.1189005374908447,,,0.8331408500671387,
3dcq,15.265765190124512,,,0.00011617100244620815,
3dcr,5.2138848304748535,,,0.35395315289497375,
3dcs,2.7402517795562744,,,0.5935039520263672,
3dct,2.1727304458618164,,,0.6636751890182495,
3dcw,2.2730348110198975,,,0.5905172228813171,
3dd0,1.3022639751434326,,,0.8107476830482483,
3dd8,2.540670394897461,,,0.6189883947372437,
3dda,,,,,
3ddf,1.1506812572479248,,,0.7971869111061096,
3ddg,1.2736495733261108,,,0.853462815284729,
3ddu,4.928337574005127,,,0.3788209557533264,
3deh,4.693822383880615,,,0.0,
3dei,5.168978214263916,,,0.0054838708601891994,
3dej,11.689448356628418,,,0.07721606642007828,
3dek,6.555621147155762,,,0.11759082227945328,
3dgl,6.46987247467041,,,0.24200518429279327,
3dgn,6.264171600341797,,,0.26012536883354187,
3dgo,6.453388214111328,,,0.25,
3dgq,7.075997352600098,,,0.1487179547548294,
3dhk,3.5190672874450684,,,0.47744014859199524,
3di6,2.238266944885254,,,0.601482629776001,
3diw,,,,,
3djo,3.50797963142395,,,0.5094859004020691,
3djp,2.9028713703155518,,,0.5421686768531799,
3djq,6.2720255851745605,,,0.40699127316474915,
3djv,3.009141683578491,,,0.5047945380210876,
3djx,6.158353328704834,,,0.40077319741249084,
3dk1,1.437482237815857,,,0.7802148461341858,
3dkf,5.825250625610352,,,0.23606346547603607,
3dkg,5.855837345123291,,,0.26180386543273926,
3dkj,5.153438091278076,,,0.3410209119319916,
3dla,14.135578155517578,,,0.0,
3dln,4.187413692474365,,,0.41101694107055664,
3dm6,7.857371807098389,,,0.2225266396999359,
3dnd,1.9731804132461548,,,0.6541849970817566,
3dng,16.73374366760254,,,0.0018968133954331279,
3dog,12.867247581481934,,,0.08644729852676392,
3dow,,,,,
3doy,7.6975998878479,,,0.042069632560014725,
3doz,7.972515106201172,,,0.03401253744959831,
3dp0,8.127039909362793,,,0.16594694554805756,
3dp2,7.172297954559326,,,0.08640939742326736,
3dp4,5.504044055938721,,,0.3212139308452606,
3dp9,2.286482334136963,,,0.6605237722396851,
3dpc,,,,,
3dpd,3.6086244583129883,,,0.46526655554771423,
3dpe,4.335500717163086,,,0.3756975531578064,
3dpf,18.766651153564453,,,0.0007473841542378068,
3dpo,,,,,
3drf,,,,,
3drg,,,,,
3dri,,,,,
3ds0,,,,,
3ds1,,,,,
3ds3,,,,,
3ds4,,,,,
3ds6,13.351456642150879,,,0.018273472785949707,
3dst,5.220014572143555,,,0.33607399463653564,
3dsu,4.952737808227539,,,0.3446691036224365,
3dt1,2.457367181777954,,,0.6273123025894165,
3dux,2.288166046142578,,,0.5868998169898987,
3duy,19.76776695251465,,,0.003026372753083706,
3dv1,18.481826782226562,,,0.0007588898297399282,
3dv5,20.269792556762695,,,0.0006009615608491004,
3dvp,,,,,
3dwb,8.30618953704834,,,0.20700325071811676,
3dx0,1.600123643875122,,,0.7303030490875244,
3dx1,1.3527106046676636,,,0.8008021116256714,
3dx2,1.7051079273223877,,,0.7484970092773438,
3dx3,1.3340744972229004,,,0.7939189076423645,
3dx4,2.36008882522583,,,0.651260495185852,
3dxg,17.492002487182617,,,0.0008272667182609439,
3dxh,14.269553184509277,,,0.012111243791878223,
3dxj,,,,0.0,
3dxm,14.210528373718262,,,0.013832997530698776,
3dy6,29.198898315429688,,,0.0,
3dyo,13.556609153747559,,,0.0011223345063626766,
3dz4,3.960498332977295,,,0.36436885595321655,
3dzt,3.8075764179229736,,,0.43926939368247986,
3e0q,15.617666244506836,,,0.005172413773834705,
3e12,6.178533554077148,,,0.24921219050884247,
3e1r,,,,,
3e3b,2.4634265899658203,,,0.6272522807121277,
3e3c,11.720893859863281,,,0.048641305416822433,
3e3u,2.1810860633850098,,,0.5962441563606262,
3e5u,4.654481887817383,,,0.0072784810326993465,
3e6y,15.267694473266602,,,0.018496884033083916,
3e73,19.3011417388916,,,0.0009208103292621672,
3e7a,,,,,
3e7b,23.812135696411133,,,0.0009099181042984128,
3e7o,14.791762351989746,,,0.0019083969527855515,
3e81,6.038233757019043,,,0.013564273715019226,
3e8n,4.538812637329102,,,0.34928929805755615,
3e8u,,,,,
3e92,4.322805881500244,,,0.35530972480773926,
3e93,3.532501459121704,,,0.4417952299118042,
3e9i,29.98279571533203,,,0.0,
3eax,8.496062278747559,,,0.12412040680646896,
3eb1,4.582759380340576,,,0.3565693497657776,
3ebh,2.211785078048706,,,0.6494082808494568,
3ebi,4.563112258911133,,,0.387585312128067,
3ebl,15.114356994628906,,,0.03555304557085037,
3ebp,12.665241241455078,,,0.030961791053414345,
3ecn,19.224693298339844,,,0.0012820513220503926,
3eeb,,,,,
3efr,16.867382049560547,,,0.017809439450502396,
3eft,2.954274892807007,,,0.5268115997314453,
3eg6,,,,,
3egk,2.9096546173095703,,,0.5252270698547363,
3egt,3.4487686157226562,,,0.5168316960334778,
3ehn,,,,,
3eht,,,,,
3ehw,4.673732757568359,,,0.1607380360364914,
3ehy,2.5216212272644043,,,0.6253644227981567,
3eid,23.5906982421875,,,0.003219574922695756,
3eio,25.688661575317383,,,0.0023643604945391417,
3ej1,23.5651798248291,,,0.0,
3ejp,2.231522560119629,,,0.7196509838104248,
3ejs,2.0509793758392334,,,0.6373134255409241,
3ejt,2.837981939315796,,,0.5858585834503174,
3eju,3.6038200855255127,,,0.45025673508644104,
3eka,39.50703430175781,,,0.0,
3eko,20.77562141418457,,,0.0,
3ekq,6.545020580291748,,,0.2574024200439453,
3eks,3.9441816806793213,,,0.39367571473121643,
3ekx,5.479347229003906,,,0.31619420647621155,
3el0,6.02632999420166,,,0.2509746551513672,
3el1,5.728565692901611,,,0.32054516673088074,
3el4,6.622839450836182,,,0.21210075914859772,
3el7,1.3808393478393555,,,0.7961783409118652,
3el8,19.519611358642578,,,0.00010438413301017135,
3elc,5.454928874969482,,,0.055776894092559814,
3elj,2.6650397777557373,,,0.6016160845756531,
3elm,4.637039661407471,,,0.3728334605693817,
3emg,6.99367618560791,,,0.21256157755851746,
3emh,,,,,
3eml,3.685823917388916,,,0.4658273458480835,
3eor,25.366987228393555,,,0.0,
3eou,0.7216749787330627,,,0.9297839403152466,
3eov,,,,,
3eq7,3.581698417663574,,,0.5106761455535889,
3eq9,8.359908103942871,,,0.1371527761220932,
3eqb,8.118706703186035,,,0.1875549703836441,
3eql,,,,0.0,
3eqs,,,,,
3er3,,,,,
3erd,14.453120231628418,,,0.036539770662784576,
3ern,8.686153411865234,,,0.00019623234402388334,
3ery,,,,,
3esj,11.462397575378418,,,0.11531279236078262,
3ess,4.521856784820557,,,0.3286479115486145,
3eu5,6.233021259307861,,,0.21673306822776794,
3eu7,,,,,
3evc,14.063326835632324,,,0.0040462426841259,
3evd,14.10930347442627,,,0.020998023450374603,
3ew2,4.92764139175415,,,0.2689440846443176,
3ewj,18.04513168334961,,,0.01906028389930725,
3ewu,7.773616313934326,,,0.1630225032567978,
3ex2,2.481295108795166,,,0.5991605520248413,
3ex3,6.3260626792907715,,,0.26009318232536316,
3eyd,23.617795944213867,,,0.0,
3eyf,,,,,
3eyg,1.263727068901062,,,0.8142665028572083,
3eyl,23.919694900512695,,,0.0,
3eys,,,,,
3ezr,3.4197604656219482,,,0.5036585330963135,
3f07,21.240819931030273,,,0.0,
3f15,1.633078932762146,,,0.7749999761581421,
3f33,8.021621704101562,,,0.1875,
3f34,7.600306510925293,,,0.21068702638149261,
3f35,7.08572244644165,,,0.21791666746139526,
3f36,6.678944110870361,,,0.26102086901664734,
3f37,8.957984924316406,,,0.17788460850715637,
3f38,8.131063461303711,,,0.18621867895126343,
3f39,8.836719512939453,,,0.11505682021379471,
3f3a,2.6680805683135986,,,0.6148970127105713,
3f3c,4.250681400299072,,,0.43611472845077515,
3f3d,3.2655630111694336,,,0.5230326056480408,
3f3e,3.3413124084472656,,,0.5,
3f3u,17.110271453857422,,,0.011651917360723019,
3f3v,23.363571166992188,,,0.0,
3f3w,24.927770614624023,,,0.0,
3f48,3.8931469917297363,,,0.469451367855072,
3f5j,,,,,
3f5k,,,,,
3f5l,,,,,
3f5p,25.63591957092285,,,0.00039277298492379487,
3f68,3.443819284439087,,,0.49673202633857727,
3f6g,5.982973098754883,,,0.27962085604667664,
3f6h,17.710721969604492,,,0.00401606410741806,
3f70,,,,,
3f78,10.000286102294922,,,0.09513546526432037,
3f7g,18.015953063964844,,,0.0010841283947229385,
3f7h,18.028608322143555,,,0.01915254257619381,
3f7i,15.52859878540039,,,0.004578754771500826,
3f7u,27.31661033630371,,,0.0,
3f7z,12.430252075195312,,,0.02811366319656372,
3f82,8.406783103942871,,,0.19745929539203644,
3f8c,14.526095390319824,,,0.10317115485668182,
3f8e,7.2458672523498535,,,0.2253134846687317,
3f8f,1.9682958126068115,,,0.6048718094825745,
3f8w,15.047173500061035,,,0.004166666883975267,
3f9w,,,,,
3fa3,18.33741569519043,,,0.0002771618601400405,
3fas,15.464484214782715,,,0.0037257825024425983,
3fat,16.273033142089844,,,0.01809210516512394,
3fbr,,,,,
3fc1,2.307926893234253,,,0.5975258946418762,
3fc8,10.096413612365723,,,0.0467115081846714,
3fci,8.758075714111328,,,0.16160565614700317,
3fck,4.782628059387207,,,0.4895833432674408,
3fcl,5.394232273101807,,,0.1333441287279129,
3fcq,2.732692241668701,,,0.5272045135498047,
3fdn,2.5030436515808105,,,0.6846107244491577,
3fdt,,,,,
3fed,3.332610845565796,,,0.48829787969589233,
3fee,2.375870943069458,,,0.6733333468437195,
3fei,10.137833595275879,,,0.15491372346878052,
3fej,7.468448162078857,,,0.2189754694700241,
3ff3,4.3012518882751465,,,0.38429054617881775,
3ff6,11.389111518859863,,,0.03597922995686531,
3ffp,2.405247688293457,,,0.6291887164115906,
3fgc,15.755372047424316,,,0.008303677663207054,
3fh5,4.5767035484313965,,,0.40789473056793213,
3fh7,3.9788057804107666,,,0.43934598565101624,
3fh8,3.4004366397857666,,,0.5128079056739807,
3fhr,1.0150889158248901,,,0.8439849615097046,
3fi3,3.491495370864868,,,0.6560170650482178,
3fj7,12.687665939331055,,,0.06588447839021683,
3fjg,11.801291465759277,,,0.03263473138213158,
3fjz,3.586926221847534,,,0.4696652591228485,
3fk1,4.2615065574646,,,0.4317307770252228,
3fkt,4.066967964172363,,,0.42377200722694397,
3fl5,2.6092822551727295,,,0.5705357193946838,
3fl9,22.063549041748047,,,0.0044715446420013905,
3fmq,17.877330780029297,,,0.002349963877350092,
3fmr,17.603065490722656,,,0.0005572065128944814,
3fn0,,,,,
3fnm,17.91077995300293,,,0.0,
3fpd,24.081127166748047,,,0.0,
3fpm,3.2966463565826416,,,0.5206586718559265,
3fq7,7.108908176422119,,,0.230111762881279,
3fqa,3.416480779647827,,,0.48496660590171814,
3fr4,3.370943069458008,,,0.4416482448577881,
3fr5,1.6031769514083862,,,0.7474424839019775,
3frg,2.2906293869018555,,,0.6521260738372803,
3frz,3.9644997119903564,,,0.4711538553237915,
3ft2,,,,,
3ft3,,,,,
3ft4,,,,,
3ftq,8.950506210327148,,,0.07647929340600967,
3fts,10.313041687011719,,,0.1801130473613739,
3ftv,5.931155204772949,,,0.3081818222999573,
3ftw,6.491794109344482,,,0.25913915038108826,
3fu0,5.567872047424316,,,0.33140209317207336,
3fu3,12.739861488342285,,,0.06142241507768631,
3fu5,2.3082168102264404,,,0.6333954930305481,
3fue,4.638381481170654,,,0.38275548815727234,
3fuf,4.529690742492676,,,0.3492509424686432,
3fuh,5.4902496337890625,,,0.3545871675014496,
3fuj,6.63380765914917,,,0.26587700843811035,
3fuk,3.0778164863586426,,,0.551251232624054,
3ful,7.385338306427002,,,0.22209903597831726,
3fum,6.4991912841796875,,,0.25772419571876526,
3fup,29.323265075683594,,,0.0,
3fuz,16.45158576965332,,,0.005636070854961872,
3fv1,17.07080078125,,,0.0018939394503831863,
3fv3,,,,,
3fv8,2.4576098918914795,,,0.6544766426086426,
3fvg,17.217830657958984,,,0.00182101980317384,
3fvh,,,,,
3fvk,16.217185974121094,,,0.004582484718412161,
3fvl,19.593734741210938,,,0.00027777778450399637,
3fvn,17.438434600830078,,,0.005440158303827047,
3fw3,22.512666702270508,,,0.0,
3fw4,19.135906219482422,,,0.0,
3fwv,,,,,
3fxv,3.436501979827881,,,0.48820585012435913,
3fxw,2.509577989578247,,,0.5930493474006653,
3fyj,1.751861572265625,,,0.6955804824829102,
3fyk,0.997668445110321,,,0.8590425252914429,
3fz1,1.1428816318511963,,,0.8265977501869202,
3fzs,2.816895008087158,,,0.5577538013458252,
3fzy,,,,,
3g08,4.738633155822754,,,0.36384913325309753,
3g0b,31.459177017211914,,,0.0,
3g0e,1.6732794046401978,,,0.7043393850326538,
3g0f,9.465867042541504,,,0.11080177873373032,
3g0i,3.4988250732421875,,,0.47983115911483765,
3g0w,0.8365917801856995,,,0.8944925665855408,
3g19,,,,,
3g1d,7.360612869262695,,,0.16978193819522858,
3g1m,6.236199855804443,,,0.25206610560417175,
3g1v,13.100616455078125,,,0.06950067728757858,
3g2h,2.1207568645477295,,,0.6917386054992676,
3g2i,1.114384651184082,,,0.8349056839942932,
3g2j,2.434358835220337,,,0.5408847332000732,
3g2k,1.818753957748413,,,0.7226524949073792,
3g2n,1.2622761726379395,,,0.8036202192306519,
3g2s,,,,,
3g2t,,,,,
3g2u,,,,,
3g2v,,,,,
3g2w,,,,,
3g2y,26.73707389831543,,,0.0,
3g2z,23.825536727905273,,,0.0,
3g30,2.9408061504364014,,,0.5437384843826294,
3g31,8.841889381408691,,,0.14343318343162537,
3g32,25.349048614501953,,,0.0,
3g34,26.787988662719727,,,0.0,
3g3d,10.186113357543945,,,0.08384615182876587,
3g3m,3.3540213108062744,,,0.46842411160469055,
3g3r,9.391910552978516,,,0.12517385184764862,
3g42,24.80329704284668,,,0.0,
3g4f,14.26994800567627,,,0.03203928843140602,
3g4k,30.684986114501953,,,0.0,
3g4l,28.1755313873291,,,0.0,
3g5k,28.22520637512207,,,0.0,
3g5v,,,,,
3g5y,,,,,
3g7l,,,,,
3g8e,4.891407012939453,,,0.2997535467147827,
3g8o,15.966103553771973,,,0.05558722838759422,
3g9l,3.214324712753296,,,0.5364536643028259,
3ga5,18.133384704589844,,,0.0,
3gba,14.548860549926758,,,0.05068078637123108,
3gbb,11.055010795593262,,,0.0717344731092453,
3gbe,2.798015594482422,,,0.5593869686126709,
3gc4,5.222395420074463,,,0.34929078817367554,
3gc5,1.2734414339065552,,,0.77513587474823,
3gc7,4.5663957595825195,,,0.34771454334259033,
3gcp,8.783576965332031,,,0.18432027101516724,
3gcs,11.487287521362305,,,0.1440129429101944,
3gcv,2.0769119262695312,,,0.6378281712532043,
3gds,,,,,
3gdt,7.335248947143555,,,0.09844054281711578,
3gen,2.25447678565979,,,0.6821022629737854,
3gep,14.712249755859375,,,0.05478229746222496,
3gf2,12.632890701293945,,,0.052439022809267044,
3ggc,13.300206184387207,,,0.07525728642940521,
3ggj,9.178916931152344,,,0.203763946890831,
3ggu,3.55222749710083,,,0.44819021224975586,
3gi5,4.00806999206543,,,0.4378109574317932,
3gjd,3.3529508113861084,,,0.5128571391105652,
3gjq,,,,,
3gjs,,,,,
3gjt,,,,,
3gjw,1.371302843093872,,,0.7716262936592102,
3gk1,8.163053512573242,,,0.27738264203071594,
3gk2,11.442039489746094,,,0.1029069796204567,
3gl6,,,,,
3gm0,5.9306321144104,,,0.33528196811676025,
3gn7,1.911963701248169,,,0.6940298676490784,
3gnv,32.17826843261719,,,0.0,
3gnw,26.078081130981445,,,0.0,
3gol,26.278438568115234,,,0.0,
3gpe,4.656411647796631,,,0.32614678144454956,
3gpj,18.282115936279297,,,0.0,
3gr2,28.681020736694336,,,0.0,
3gs6,4.233084678649902,,,0.4098360538482666,
3gs7,9.900885581970215,,,0.1981845647096634,
3gsg,20.50728988647461,,,0.0,
3gsm,2.555091381072998,,,0.5982142686843872,
3gt9,16.699575424194336,,,0.0027429466135799885,
3gtc,22.788856506347656,,,0.0,
3gus,3.901428461074829,,,0.45057472586631775,
3guz,2.724548578262329,,,0.5735294222831726,
3gv6,,,,,
3gv9,21.68711280822754,,,0.0,
3gvb,12.821640968322754,,,0.03540175035595894,
3gw5,6.85049295425415,,,0.208480566740036,
3gwt,4.679962635040283,,,0.3564266264438629,
3gwu,5.31601619720459,,,0.3580508530139923,
3gwv,5.746233940124512,,,0.29355669021606445,
3gww,7.193731307983398,,,0.22380749881267548,
3gwx,27.591020584106445,,,0.0,
3gx0,6.483262538909912,,,0.29841095209121704,
3gxt,2.869481086730957,,,0.5284678936004639,
3gxy,,,,,
3gxz,,,,,
3h03,23.945873260498047,,,0.0,
3h06,28.324289321899414,,,0.0,
3h0b,28.429840087890625,,,0.0,
3h0v,4.37264347076416,,,0.3493114411830902,
3h0z,17.47445297241211,,,0.001893142587505281,
3h1z,,,,,
3h21,16.954059600830078,,,0.0028114186134189367,
3h2c,9.364874839782715,,,0.11289267241954803,
3h2n,13.628670692443848,,,0.022754136472940445,
3h3c,1.2829906940460205,,,0.819888710975647,
3h59,22.247299194335938,,,0.000179726819624193,
3h5s,22.73252296447754,,,0.0,
3h6z,,,,,
3h78,5.54461145401001,,,0.26947537064552307,
3h85,,,,,
3h91,,,,,
3h9k,5.218212127685547,,,0.020816326141357422,
3hau,6.007981777191162,,,0.3281096816062927,
3haw,4.145866870880127,,,0.393307089805603,
3hb4,4.375085830688477,,,0.31450995802879333,
3hb8,9.281373023986816,,,0.0,
3hbo,4.666552543640137,,,0.375124990940094,
3hcm,12.590374946594238,,,0.07469680160284042,
3hd3,14.690140724182129,,,0.018663011491298676,
3hdk,5.192988395690918,,,0.37369000911712646,
3hdz,5.158672332763672,,,0.382121205329895,
3hfj,6.84244441986084,,,0.25,
3hfz,10.080461502075195,,,0.11044273525476456,
3hg1,,,,,
3hha,16.492908477783203,,,0.019387202337384224,
3hhm,2.882371425628662,,,0.534076452255249,
3hik,,,,,
3hiv,19.084821701049805,,,0.004979432560503483,
3hj0,8.673383712768555,,,0.19477234780788422,
3hjo,5.670342922210693,,,0.2669491469860077,
3hk1,4.9592976570129395,,,0.37641510367393494,
3hkn,,,,,
3hkq,2.4881503582000732,,,0.6244444251060486,
3hkt,,,,,
3hku,1.9554067850112915,,,0.6540858745574951,
3hl5,7.316832065582275,,,0.11915269494056702,
3hl7,5.087677478790283,,,0.3529411852359772,
3hl8,6.116097927093506,,,0.26492536067962646,
3hll,3.0362792015075684,,,0.47702568769454956,
3hlo,,,,,
3hng,1.8749972581863403,,,0.6893423795700073,
3hp2,11.155735969543457,,,0.13253477215766907,
3hp5,2.7149100303649902,,,0.5301724076271057,
3hq5,15.562917709350586,,,0.036425575613975525,
3hqh,,,,,
3hqr,3.3717997074127197,,,0.46863800287246704,
3hr1,2.781998634338379,,,0.595829427242279,
3hrb,7.596181392669678,,,0.19646860659122467,
3hrf,17.084228515625,,,0.006213017739355564,
3hs4,1.3269696235656738,,,0.8104650974273682,
3hu1,23.191102981567383,,,0.0,
3hu2,28.071582794189453,,,0.0,
3hu3,2.8483028411865234,,,0.593427836894989,
3huc,7.429780006408691,,,0.28599801659584045,
3hv6,3.688508987426758,,,0.483599990606308,
3hv7,1.7509748935699463,,,0.7147207856178284,
3hvh,4.755983352661133,,,0.46695759892463684,
3hvj,16.711925506591797,,,0.006385243032127619,
3hvk,3.970677614212036,,,0.4591388404369354,
3hww,13.084442138671875,,,0.01974564976990223,
3hx3,2.319145917892456,,,0.6294766068458557,
3hxb,5.493413925170898,,,0.21174189448356628,
3hxd,8.154680252075195,,,0.16518175601959229,
3hxf,7.902055263519287,,,0.09947871416807175,
3hy5,3.7114434242248535,,,0.43213382363319397,
3hy7,11.983553886413574,,,0.012241054326295853,
3hzk,,,,,
3hzm,3.7657384872436523,,,0.48492908477783203,
3hzv,,,,,
3hzy,,,,,
3i02,,,,,
3i0r,3.8427629470825195,,,0.48345741629600525,
3i0s,3.6064834594726562,,,0.5376142859458923,
3i1y,5.5236358642578125,,,0.2970397472381592,
3i25,26.750720977783203,,,0.0,
3i3b,25.125314712524414,,,0.0,
3i3d,30.29787254333496,,,0.0,
3i4a,14.701749801635742,,,0.010340073145925999,
3i4y,5.6336445808410645,,,0.313353568315506,
3i51,6.5151166915893555,,,0.24075444042682648,
3i5r,,,,,
3i6m,4.12977409362793,,,0.3846469521522522,
3i6o,6.274259090423584,,,0.22532467544078827,
3i6z,4.166905403137207,,,0.4783886671066284,
3i73,21.279890060424805,,,0.0042307693511247635,
3i7g,19.816783905029297,,,0.0,
3i8t,,,,,
3i90,,,,,
3i91,,,,,
3i97,17.788585662841797,,,0.042229730635881424,
3i9g,3.2939891815185547,,,0.5492213368415833,
3ia6,21.907541275024414,,,0.0,
3ibc,,,,,
3ibi,2.398754835128784,,,0.5933734774589539,
3ibl,1.6003738641738892,,,0.70168536901474,
3ibn,2.6937906742095947,,,0.6132978796958923,
3ibu,1.7249515056610107,,,0.7598039507865906,
3ie3,7.245223045349121,,,0.22377049922943115,
3ieo,5.870672702789307,,,0.3043893277645111,
3iet,,,,,
3if7,6.12880277633667,,,0.2687878906726837,
3ig1,5.8729987144470215,,,0.28710246086120605,
3ig6,8.37038516998291,,,0.06736981868743896,
3ig7,1.4424633979797363,,,0.7991347312927246,
3igg,1.525670051574707,,,0.7693430781364441,
3igp,2.4303855895996094,,,0.6580516695976257,
3ihz,3.419821262359619,,,0.4640997052192688,
3iit,2.1700093746185303,,,0.61421799659729,
3iiw,,,,,
3ijg,17.59263801574707,,,0.00028604117687791586,
3ijh,6.542044162750244,,,0.0,
3ijy,,,,,
3ikc,,,,,
3ikd,11.984907150268555,,,0.07037480175495148,
3il5,19.573474884033203,,,0.0009980039903894067,
3il6,3.9323952198028564,,,0.4411637783050537,
3ilq,4.77796745300293,,,0.3830580711364746,
3imc,20.263919830322266,,,0.0,
3img,20.034351348876953,,,0.0,
3iof,3.5027763843536377,,,0.4636894762516022,
3iog,3.011963367462158,,,0.5099337697029114,
3ioi,4.235415935516357,,,0.41847825050354004,
3ip5,4.66030740737915,,,0.41267943382263184,
3ip6,3.9558358192443848,,,0.4535984992980957,
3ip8,2.206650972366333,,,0.6590909361839294,
3ip9,4.893463611602783,,,0.4357142746448517,
3ipa,3.840729236602783,,,0.4653652310371399,
3iph,2.7317962646484375,,,0.5762665271759033,
3ips,18.463727951049805,,,0.009422417730093002,
3ipx,1.9222373962402344,,,0.6704215407371521,
3iqg,,,,,
3iqi,,,,,
3iqj,,,,,
3iqq,,,,,
3iqu,,,,,
3irx,8.101347923278809,,,0.1621301770210266,
3iss,30.451204299926758,,,0.0,
3isw,,,,,
3itc,2.5377519130706787,,,0.6063829660415649,
3ith,23.04315948486328,,,0.0,
3itu,23.683176040649414,,,0.0,
3iu7,2.1368181705474854,,,0.63254714012146,
3iu9,4.165460586547852,,,0.4080381393432617,
3iuc,18.059425354003906,,,0.00758902495726943,
3iut,7.29923677444458,,,0.2909460961818695,
3ivc,10.572176933288574,,,0.08432229608297348,
3ivg,18.230791091918945,,,0.005650368984788656,
3ivh,4.510833740234375,,,0.39053770899772644,
3ivq,,,,,
3ivv,,,,,
3ivx,18.062118530273438,,,0.006986634340137243,
3iw4,19.074453353881836,,,0.00012382367276586592,
3iw5,3.1516711711883545,,,0.4811893105506897,
3iw7,6.300580978393555,,,0.2163461595773697,
3iw8,7.8777570724487305,,,0.22586633265018463,
3iww,4.355100631713867,,,0.3656008541584015,
3jdw,4.566546440124512,,,0.42120182514190674,
3jq7,20.346847534179688,,,0.0003748126036953181,
3jq9,3.1443960666656494,,,0.48117896914482117,
3jqa,16.348737716674805,,,0.0030940594151616096,
3jqb,5.09567928314209,,,0.2666666805744171,
3jqg,18.735733032226562,,,0.007194244768470526,
3jrs,8.343463897705078,,,0.17251016199588776,
3jrx,8.466731071472168,,,0.12646695971488953,
3jsi,23.250839233398438,,,0.0,
3jsw,23.04180145263672,,,0.0,
3juk,24.200937271118164,,,0.0047025373205542564,
3jvk,,,,,
3jwq,17.86861228942871,,,0.0011446886928752065,
3jy0,1.9176491498947144,,,0.6666666865348816,
3jyj,17.17023277282715,,,0.006756756920367479,
3jyr,,,,,
3jzf,3.306333065032959,,,0.46011093258857727,
3jzg,,,,,
3jzh,,,,,
3jzj,,,,,
3jzk,5.020646572113037,,,0.2695463299751282,
3jzo,,,,,
3jzp,,,,,
3jzq,,,,,
3jzr,,,,,
3jzs,,,,,
3k00,,,,,
3k02,6.73131799697876,,,0.24989891052246094,
3k22,18.998008728027344,,,0.012797881849110126,
3k23,13.111985206604004,,,0.049775708466768265,
3k26,,,,,
3k27,,,,,
3k37,11.11597728729248,,,0.05899280682206154,
3k39,24.79654312133789,,,0.0,
3k3a,21.971445083618164,,,0.0,
3k3b,18.373821258544922,,,0.00043630017898976803,
3k3e,,,,,
3k3g,10.12366008758545,,,0.07872137427330017,
3k3h,,,,,
3k3i,2.2698724269866943,,,0.667639434337616,
3k41,3.627465009689331,,,0.4538664221763611,
3k4d,6.493646144866943,,,0.26728248596191406,
3k4q,,,,,
3k54,2.400167226791382,,,0.5985603332519531,
3k5d,21.21822166442871,,,0.00010620220564305782,
3k5f,7.341206073760986,,,0.19973544776439667,
3k5g,19.78875160217285,,,0.001669009099714458,
3k5i,22.972789764404297,,,0.0,
3k5k,15.89620304107666,,,0.01923076994717121,
3k5u,5.602130889892578,,,0.3949197828769684,
3k5x,2.0387816429138184,,,0.6941117644309998,
3k7f,4.304105758666992,,,0.35668909549713135,
3k83,3.426780939102173,,,0.4914662539958954,
3k84,8.57658576965332,,,0.10910696536302567,
3k8c,14.922771453857422,,,0.060578662902116776,
3k8d,22.399139404296875,,,0.0,
3k8o,26.959688186645508,,,0.0,
3k99,24.38150405883789,,,0.0,
3ka2,,,,,
3kac,14.829975128173828,,,0.020070422440767288,
3kad,2.7364022731781006,,,0.5571191906929016,
3kag,4.247640609741211,,,0.35223764181137085,
3kb3,3.854219675064087,,,0.3858773112297058,
3kb7,6.155616283416748,,,0.3027097284793854,
3kbz,26.614276885986328,,,0.0,
3kc3,41.7910270690918,,,0.0,
3kd7,,,,,
3kdc,3.4570329189300537,,,0.5152495503425598,
3kdm,11.81357479095459,,,0.0,
3kdt,15.671401977539062,,,0.011025357991456985,
3kec,27.659191131591797,,,0.0,
3ked,2.8587093353271484,,,0.5525404214859009,
3kej,18.574804306030273,,,0.0,
3kek,16.73775863647461,,,0.0009328357991762459,
3kf7,3.46050763130188,,,0.5118392109870911,
3kfc,23.93083381652832,,,0.007185122463852167,
3kga,5.301063060760498,,,0.4197588264942169,
3kgq,3.0755138397216797,,,0.5695142149925232,
3khj,7.320148468017578,,,0.017591675743460655,
3khv,4.293754577636719,,,0.4749999940395355,
3kig,2.700286626815796,,,0.5741822719573975,
3kiv,3.8446106910705566,,,0.4464285671710968,
3kjd,17.583900451660156,,,0.00030599755700677633,
3kjf,6.402632236480713,,,0.24837133288383484,
3kjn,3.215388536453247,,,0.4698103666305542,
3kjq,2.3005053997039795,,,0.6548076868057251,
3kku,4.361544609069824,,,0.44507575035095215,
3kl6,2.961439609527588,,,0.5033444762229919,
3kmc,10.513715744018555,,,0.06999211013317108,
3kme,23.198104858398438,,,0.0,
3kmy,19.71039390563965,,,0.0,
3kpu,22.204050064086914,,,0.0,
3kpv,21.643688201904297,,,0.0,
3kpw,22.1093807220459,,,0.0,
3kqa,42.91476058959961,,,0.0,
3kqb,1.7382651567459106,,,0.755323052406311,
3kqc,1.6374508142471313,,,0.7420419454574585,
3kqd,2.1819167137145996,,,0.6824561357498169,
3kqe,2.092562437057495,,,0.7375372052192688,
3kqm,22.216886520385742,,,0.0,
3kqp,22.970745086669922,,,0.0,
3kqr,30.674007415771484,,,0.0,
3kqy,21.106157302856445,,,0.0,
3kr0,21.179412841796875,,,0.0,
3kr1,20.405696868896484,,,0.0,
3kr2,20.089702606201172,,,0.0,
3kr8,13.334348678588867,,,0.07495847344398499,
3krd,,,,,
3krl,2.633460283279419,,,0.6215069890022278,
3krw,7.350616455078125,,,0.2192154973745346,
3ksl,3.5227251052856445,,,0.46265891194343567,
3ksq,5.824036121368408,,,0.24227318167686462,
3kv2,14.673778533935547,,,0.03850385174155235,
3kw9,2.4115583896636963,,,0.6783154010772705,
3kwa,4.435135364532471,,,0.35296541452407837,
3kwb,17.156822204589844,,,0.012195121496915817,
3kwf,23.956743240356445,,,0.0004649721086025238,
3kwj,24.049718856811523,,,0.0018007202306762338,
3kwz,7.9877471923828125,,,0.204627126455307,
3kx1,7.677058219909668,,,0.3671671152114868,
3kyf,,,,,
3kyg,,,,,
3kyq,4.2280659675598145,,,0.3815999925136566,
3l0e,3.931086301803589,,,0.38637715578079224,
3l0k,4.187396049499512,,,0.3686234951019287,
3l0n,5.9291462898254395,,,0.2635553777217865,
3l13,2.4219279289245605,,,0.5735446810722351,
3l17,2.420654296875,,,0.6313928365707397,
3l1n,24.598325729370117,,,0.0,
3l1s,19.612390518188477,,,0.0021413275972008705,
3l2y,33.5190544128418,,,0.0,
3l38,6.6260085105896,,,0.21848739683628082,
3l3a,1.9628688097000122,,,0.6935867071151733,
3l3l,2.504068374633789,,,0.616909384727478,
3l3m,1.222084403038025,,,0.8418635129928589,
3l3x,,,,,
3l4u,3.760345458984375,,,0.47926828265190125,
3l4w,3.8108222484588623,,,0.4247449040412903,
3l4z,3.591520309448242,,,0.4535236954689026,
3l58,20.00832748413086,,,0.000216637781704776,
3l5r,7.837212562561035,,,0.22586484253406525,
3l6f,,,,,
3l6h,3.0495636463165283,,,0.5131856799125671,
3l6x,,,,,
3l79,6.491509914398193,,,0.18872149288654327,
3l7a,3.087237596511841,,,0.5126000046730042,
3l7b,11.00066089630127,,,0.06704918295145035,
3l7c,10.540238380432129,,,0.07752293348312378,
3l7d,8.854912757873535,,,0.18224789202213287,
3l7g,16.773466110229492,,,0.0043290043249726295,
3l8x,1.7738449573516846,,,0.7374847531318665,
3l9l,42.34157180786133,,,0.0,
3l9m,46.49190139770508,,,0.0,
3l9n,1.5821868181228638,,,0.6958128213882446,
3lbl,10.654497146606445,,,0.05671296268701553,
3lbz,5.072042942047119,,,0.3932860195636749,
3lco,3.879617929458618,,,0.5009110569953918,
3ldq,2.3890628814697266,,,0.7228915691375732,
3ldw,22.367347717285156,,,0.0,
3le8,12.718551635742188,,,0.10614035278558731,
3lf0,8.197871208190918,,,0.08848118782043457,
3lfn,1.3560987710952759,,,0.8079374432563782,
3lfs,1.2146233320236206,,,0.8157051205635071,
3lgl,,,,,
3lgp,21.510255813598633,,,0.003678474109619856,
3lgs,12.552326202392578,,,0.04203013330698013,
3lhj,3.037964344024658,,,0.5032439231872559,
3li2,28.766626358032227,,,0.0,
3lir,2.6022701263427734,,,0.6019737124443054,
3lj7,13.975455284118652,,,0.016462480649352074,
3ljt,3.041529417037964,,,0.6200588941574097,
3ljz,6.122558116912842,,,0.21165265142917633,
3lk0,10.437331199645996,,,0.07436709105968475,
3lk1,12.085444450378418,,,0.0994444414973259,
3ll8,,,,,
3lle,7.412869930267334,,,0.19311663508415222,
3llm,22.289796829223633,,,0.0006249999860301614,
3lmk,13.498268127441406,,,0.040727902203798294,
3lmp,7.585139274597168,,,0.245365172624588,
3lnz,,,,,
3lok,20.81855010986328,,,0.0,
3loo,27.094982147216797,,,0.002698263619095087,
3lox,14.16529369354248,,,0.08034934848546982,
3lp0,1.9542418718338013,,,0.6918429136276245,
3lp4,17.23627471923828,,,0.0028248587623238564,
3lp7,12.822997093200684,,,0.06941598653793335,
3lpf,12.971287727355957,,,0.06653888523578644,
3lpg,3.18717098236084,,,0.49612170457839966,
3lpl,6.676931858062744,,,0.19158554077148438,
3lpr,,,,,
3lq5,9.027524948120117,,,0.21879509091377258,
3lqj,,,,,
3lrh,,,,,
3ls4,4.49057674407959,,,0.3472222089767456,
3lvp,6.3272175788879395,,,0.17180094122886658,
3lvw,5.3421831130981445,,,0.3208042085170746,
3lw0,15.610845565795898,,,0.004580378066748381,
3lxe,23.006637573242188,,,0.0,
3lxg,1.8784923553466797,,,0.7419659495353699,
3lxk,1.7550253868103027,,,0.7290322780609131,
3lxo,2.356412410736084,,,0.6355932354927063,
3lzz,15.818803787231445,,,0.07002923637628555,
3m11,11.763340950012207,,,0.19411177933216095,
3m3r,,,,,
3m53,,,,,
3m54,,,,,
3m55,,,,,
3m57,,,,,
3m58,,,,,
3m59,,,,,
3m5a,,,,,
3m6p,14.299861907958984,,,0.03286384791135788,
3m6q,3.5875985622406006,,,0.4348364770412445,
3m6r,17.130006790161133,,,0.0005411255406215787,
3m89,9.812658309936523,,,0.12190812826156616,
3m8q,4.270730972290039,,,0.41639450192451477,
3m8u,5.764676570892334,,,0.26690882444381714,
3m96,3.0566234588623047,,,0.5318750143051147,
3ma3,4.245786190032959,,,0.49512743949890137,
3mam,3.0468809604644775,,,0.5070028305053711,
3mb6,4.519779205322266,,,0.3917197585105896,
3mb7,4.46171760559082,,,0.4140070974826813,
3mbp,,,,,
3mct,2.0085456371307373,,,0.6594339609146118,
3me9,,,,,
3mea,,,,,
3mfv,10.345630645751953,,,0.0850938931107521,
3mfw,4.625592231750488,,,0.3241906464099884,
3mg0,15.795435905456543,,,0.0,
3mg4,15.583441734313965,,,0.0,
3mg8,14.3953218460083,,,0.0,
3mhc,2.578411340713501,,,0.5540780425071716,
3mhw,1.477670431137085,,,0.795034646987915,
3mi2,12.35356330871582,,,0.03591075912117958,
3mi3,8.52090835571289,,,0.13317438960075378,
3mj1,1.7257697582244873,,,0.8429054021835327,
3mj5,7.034049987792969,,,0.20520028471946716,
3mjl,9.516376495361328,,,0.15117646753787994,
3mkn,13.944488525390625,,,0.033289242535829544,
3mks,15.899543762207031,,,0.005451713223010302,
3ml2,2.6465771198272705,,,0.6444193124771118,
3ml5,2.1539368629455566,,,0.5940082669258118,
3mlb,6.545306205749512,,,0.2849999964237213,
3mle,10.707255363464355,,,0.025050099939107895,
3mmf,2.3400566577911377,,,0.6995652318000793,
3mna,2.629727840423584,,,0.7176640629768372,
3moe,1.9512461423873901,,,0.6712158918380737,
3mof,22.237436294555664,,,0.0,
3moh,18.01584815979004,,,0.0,
3mp1,,,,,
3mp6,,,,,
3mpt,4.877837657928467,,,0.3723270297050476,
3mqf,12.453315734863281,,,0.04834472015500069,
3mrt,13.208329200744629,,,0.06484375149011612,
3mrv,3.6068668365478516,,,0.45139458775520325,
3ms7,12.741758346557617,,,0.044610150158405304,
3ms9,20.516204833984375,,,0.0,
3msj,12.852049827575684,,,0.07709807902574539,
3mt7,12.090872764587402,,,0.0896976962685585,
3mt8,14.37493896484375,,,0.0593540258705616,
3mta,15.34292221069336,,,0.015526164323091507,
3mtb,5.711086273193359,,,0.34008172154426575,
3mtd,3.4849863052368164,,,0.4562339782714844,
3muf,2.7152843475341797,,,0.5563797950744629,
3muk,,,,,
3muz,1.3246897459030151,,,0.7706237435340881,
3mv0,21.56344985961914,,,0.0,
3mv5,3.3313443660736084,,,0.4699999988079071,
3mvl,23.9805908203125,,,0.0,
3mvm,25.8113956451416,,,0.0,
3mww,40.61600112915039,,,0.0,
3mxc,,,,,
3mxd,3.7236249446868896,,,0.4424290359020233,
3mxf,3.147764205932617,,,0.5415624976158142,
3myq,2.715740919113159,,,0.5670199394226074,
3mz6,3.9542195796966553,,,0.4655044376850128,
3mzc,2.444688081741333,,,0.6542338728904724,
3n0h,4.289815902709961,,,0.4109589159488678,
3n0n,2.061124563217163,,,0.6688417792320251,
3n1c,4.953088283538818,,,0.2037878781557083,
3n1v,2.550726890563965,,,0.5959596037864685,
3n1w,4.560799598693848,,,0.40706318616867065,
3n23,34.20136642456055,,,0.0,
3n2c,26.5372257232666,,,0.0,
3n35,1.0736993551254272,,,0.8629213571548462,
3n3g,26.25075912475586,,,0.0,
3n3l,2.237746000289917,,,0.6108490824699402,
3n45,7.994653701782227,,,0.20000000298023224,
3n46,4.153619766235352,,,0.4019549787044525,
3n49,2.5811595916748047,,,0.5913978219032288,
3n4c,6.375322341918945,,,0.23082254827022552,
3n4l,33.6202392578125,,,0.0,
3n5k,27.55402374267578,,,0.0,
3n5u,,,,,
3n76,3.064615488052368,,,0.5746197700500488,
3n7a,13.57775592803955,,,0.0,
3n7h,4.127692699432373,,,0.44355955719947815,
3n7s,10.584680557250977,,,0.04298553988337517,
3n8n,12.491856575012207,,,0.04013875126838684,
3n9r,20.223194122314453,,,0.0,
3n9s,4.113224983215332,,,0.4078353941440582,
3nal,7.018448829650879,,,0.18739072978496552,
3nam,7.403968811035156,,,0.18646694719791412,
3nan,10.735198020935059,,,0.13798105716705322,
3nb5,3.4498605728149414,,,0.6094262003898621,
3nba,18.998458862304688,,,0.007801072672009468,
3nc9,7.902614593505859,,,0.23940886557102203,
3ncq,8.184688568115234,,,0.018985848873853683,
3ncr,8.48624324798584,,,0.05989430472254753,
3ncz,26.42739486694336,,,0.0,
3neo,8.219243049621582,,,0.09947368502616882,
3nex,11.750030517578125,,,0.09397884458303452,
3nf6,16.932828903198242,,,0.007874015718698502,
3nf7,17.39285659790039,,,0.0022321429569274187,
3nf9,18.579442977905273,,,0.0,
3nfk,,,,,
3nfl,,,,,
3ng4,,,,,
3nga,27.38765525817871,,,0.0,
3nhi,3.2071266174316406,,,0.4910106956958771,
3nht,,,,,
3ni5,2.8439838886260986,,,0.5371983647346497,
3nif,8.874110221862793,,,0.0708705335855484,
3nii,,,,,
3nij,,,,,
3nik,,,,,
3nil,,,,,
3nim,,,,,
3nin,,,,,
3njq,21.180065155029297,,,0.00013796909479424357,
3nk8,3.3066413402557373,,,0.5356060862541199,
3nlb,7.0349884033203125,,,0.3415929079055786,
3nm6,3.7132885456085205,,,0.4541139304637909,
3nmq,1.8610899448394775,,,0.6758278012275696,
3nnu,6.723344326019287,,,0.26654064655303955,
3nnw,1.5238540172576904,,,0.7693761587142944,
3nok,4.36492919921875,,,0.4233993887901306,
3np7,2.7574462890625,,,0.5359459519386292,
3np9,1.3909354209899902,,,0.7567886710166931,
3npa,2.6531519889831543,,,0.5565217137336731,
3nq3,4.7017340660095215,,,0.37445175647735596,
3nq9,2.5165460109710693,,,0.5310402512550354,
3ns9,1.7248151302337646,,,0.7416762113571167,
3nsh,34.169010162353516,,,0.0,
3nsn,,,,,
3ntp,6.224806785583496,,,0.2179611623287201,
3nuy,2.723419427871704,,,0.5417771935462952,
3nw3,,,,,
3nwb,4.821808338165283,,,0.4002749025821686,
3nwe,5.227877616882324,,,0.44243621826171875,
3nww,6.931970119476318,,,0.20256562530994415,
3nxq,24.440391540527344,,,0.0,
3ny3,,,,,
3nyd,9.560121536254883,,,0.11430921405553818,
3nyx,2.9175493717193604,,,0.584919810295105,
3nzi,,,,,
3nzu,2.1806492805480957,,,0.6586121320724487,
3o0e,,,,,
3o0j,5.295149326324463,,,0.2756849229335785,
3o0u,1.6914036273956299,,,0.7439180612564087,
3o1d,,,,,
3o1e,,,,,
3o4k,7.299546718597412,,,0.0695812776684761,
3o4l,,,,,
3o64,21.524978637695312,,,0.0,
3o6l,,,,,
3o6m,,,,,
3o6t,5.860701560974121,,,0.029383430257439613,
3o75,3.734588146209717,,,0.4257335066795349,
3o7u,2.6670608520507812,,,0.604651153087616,
3o84,11.900997161865234,,,0.033083219081163406,
3o86,26.676910400390625,,,0.0,
3o8h,10.468320846557617,,,0.08147495985031128,
3o8p,3.0246317386627197,,,0.49115854501724243,
3o9b,1.5663154125213623,,,0.7356346249580383,
3o9c,1.6415916681289673,,,0.7287793159484863,
3o9h,1.7839800119400024,,,0.7026764750480652,
3oay,11.158324241638184,,,0.009493670426309109,
3ob0,,,,,
3obq,,,,,
3obu,,,,,
3obx,,,,,
3oc0,24.41126251220703,,,0.0003700962115544826,
3ocb,10.875391006469727,,,0.03251318261027336,
3ocp,2.5819811820983887,,,0.5740628838539124,
3oct,3.4304938316345215,,,0.4691252112388611,
3ocz,3.0485825538635254,,,0.5110593438148499,
3odi,,,,,
3odl,,,,,
3odu,17.524879455566406,,,0.000730140192899853,
3oe6,4.752440929412842,,,0.3004385828971863,
3oe8,8.585188865661621,,,0.1619148999452591,
3oe9,7.403721332550049,,,0.17146432399749756,
3oeu,19.70857048034668,,,0.0,
3og7,5.859674453735352,,,0.2836240828037262,
3ogm,52.93414306640625,,,0.0,
3ogp,2.7178287506103516,,,0.5201581120491028,
3ogq,3.107736349105835,,,0.5461817979812622,
3ohf,28.060819625854492,,,0.0,
3ohh,32.28327560424805,,,0.0,
3ohi,5.800943374633789,,,0.3156008720397949,
3oik,1.657331109046936,,,0.7789661288261414,
3oil,3.260735034942627,,,0.5136632323265076,
3oim,2.2087998390197754,,,0.6943027377128601,
3oka,24.485036849975586,,,0.0,
3okc,13.159462928771973,,,0.011228230781853199,
3okh,5.385150909423828,,,0.27167731523513794,
3oki,20.88264274597168,,,0.0,
3okp,,,,,
3oku,2.3884263038635254,,,0.563309371471405,
3okv,2.623654842376709,,,0.6131123900413513,
3old,,,,,
3ole,,,,,
3olf,24.35935401916504,,,0.0,
3olg,,,,,
3oli,,,,,
3omm,23.1082706451416,,,0.0,
3oob,10.193120002746582,,,0.08887171745300293,
3oq5,,,,,
3oqf,21.763317108154297,,,0.0,
3orn,7.274205207824707,,,0.19510190188884735,
3ot3,1.7468618154525757,,,0.7755028605461121,
3ot8,2.0839908123016357,,,0.7290189266204834,
3otf,2.424814462661743,,,0.5822821259498596,
3otq,4.164468288421631,,,0.4220077097415924,
3otx,18.04496955871582,,,0.04826853796839714,
3ouj,3.294959545135498,,,0.48866090178489685,
3ove,,,,,
3ovn,3.3981773853302,,,0.5076791644096375,
3ovx,8.922558784484863,,,0.08833619207143784,
3ow3,3.3643505573272705,,,0.4622756838798523,
3ow4,8.15179443359375,,,0.15146782994270325,
3owd,3.4855082035064697,,,0.4816945493221283,
3owl,5.74076509475708,,,0.2993420958518982,
3oxc,4.875004768371582,,,0.34716713428497314,
3oxi,2.811234474182129,,,0.5209029912948608,
3oy0,2.0262129306793213,,,0.7093373537063599,
3oy8,,,,,
3oyp,,,,,
3oyq,1.776871681213379,,,0.7294737100601196,
3oyw,,,,,
3oz1,14.495813369750977,,,0.040891874581575394,
3ozg,16.050676345825195,,,0.023457583039999008,
3ozj,6.24217414855957,,,0.2432188093662262,
3ozp,7.814841270446777,,,0.21870170533657074,
3p0g,30.909019470214844,,,0.0,
3p17,1.7021105289459229,,,0.7008771896362305,
3p1d,20.0695743560791,,,0.0,
3p23,18.271543502807617,,,0.023789992555975914,
3p2h,8.246352195739746,,,0.22356495261192322,
3p3t,7.309580326080322,,,0.19735360145568848,
3p3u,7.896658897399902,,,0.1660739630460739,
3p4f,,,,,
3p4r,41.29927062988281,,,0.0,
3p4v,2.107529878616333,,,0.6778017282485962,
3p4w,17.43685531616211,,,0.005194805096834898,
3p50,25.32935905456543,,,0.0,
3p5k,3.425034284591675,,,0.5062137246131897,
3p78,3.2429146766662598,,,0.4847169816493988,
3p79,2.6793007850646973,,,0.5974264740943909,
3p7a,1.0919172763824463,,,0.8266304135322571,
3p7b,1.6608258485794067,,,0.7172446846961975,
3p7c,1.8132822513580322,,,0.7010717391967773,
3p7i,4.375164985656738,,,0.40066224336624146,
3p8e,15.997721672058105,,,0.007401315961033106,
3p8h,5.186532497406006,,,0.15100671350955963,
3p9h,,,,,
3p9l,,,,,
3p9m,,,,,
3pa8,19.18450164794922,,,0.0,
3pab,,,,,
3pax,2.527381181716919,,,0.6097701191902161,
3pb3,10.854334831237793,,,0.07931727170944214,
3pb7,4.695112228393555,,,0.4141009747982025,
3pb8,4.529041767120361,,,0.38461539149284363,
3pb9,1.6716347932815552,,,0.6877636909484863,
3pbb,27.557310104370117,,,0.0,
3pcb,4.448920249938965,,,0.0,
3pcc,6.65310001373291,,,0.0,
3pce,11.584691047668457,,,0.0,
3pcf,7.388352394104004,,,0.0,
3pch,4.082581996917725,,,0.0,
3pcj,14.663796424865723,,,0.0,
3pck,13.610685348510742,,,0.0,
3pcn,13.963794708251953,,,0.0,
3pcu,2.0751876831054688,,,0.6304903030395508,
3pd2,5.569206714630127,,,0.3130081295967102,
3pd4,1.6022025346755981,,,0.7057377099990845,
3pd9,13.91642951965332,,,0.016647854819893837,
3pdh,,,,,
3pdq,21.638874053955078,,,0.0,
3pe1,2.7916762828826904,,,0.5904058814048767,
3pfp,20.307292938232422,,,0.0,
3pgu,3.9130845069885254,,,0.42773789167404175,
3pi5,20.90056610107422,,,0.00023663038155063987,
3pix,1.6653053760528564,,,0.720992386341095,
3piz,7.507020473480225,,,0.3077971637248993,
3pj2,4.167207717895508,,,0.37383395433425903,
3pj8,1.1252306699752808,,,0.8269484639167786,
3pjg,9.9292573928833,,,0.09853723645210266,
3pka,3.525362491607666,,,0.43503937125205994,
3pkb,2.138566493988037,,,0.6169642806053162,
3pkc,4.5892181396484375,,,0.41609442234039307,
3pkd,2.611607074737549,,,0.6039445400238037,
3pke,3.10878324508667,,,0.4903184175491333,
3pkn,,,,,
3pm1,10.733879089355469,,,0.05951591581106186,
3pn1,2.14102840423584,,,0.6668806076049805,
3pn3,31.555824279785156,,,0.0,
3pn4,5.165203094482422,,,0.3560531437397003,
3po6,3.540083408355713,,,0.4966273307800293,
3poa,,,,,
3poz,2.8054823875427246,,,0.5723472833633423,
3pp1,10.001904487609863,,,0.12581565976142883,
3ppk,14.355992317199707,,,0.01855022832751274,
3ppm,3.08797287940979,,,0.5352997779846191,
3ppo,16.13654136657715,,,0.003071252955123782,
3ppp,16.703765869140625,,,0.005845323670655489,
3ppq,15.937766075134277,,,0.002566735027357936,
3ppr,16.324779510498047,,,0.001422475092113018,
3pqz,,,,,
3pr0,9.072378158569336,,,0.13227353990077972,
3prz,2.9373791217803955,,,0.5355227589607239,
3ps6,3.263672113418579,,,0.4903734028339386,
3psd,8.438193321228027,,,0.14413407444953918,
3psl,,,,,
3ptg,4.631863594055176,,,0.3368232846260071,
3pty,7.817374229431152,,,0.21120689809322357,
3puk,,,,,
3pwh,5.675828456878662,,,0.32154515385627747,
3pww,5.652714729309082,,,0.31616541743278503,
3py0,1.1462005376815796,,,0.8312183022499084,
3pyy,16.827695846557617,,,0.041054919362068176,
3pz3,6.601980209350586,,,0.215160071849823,
3q1x,15.632051467895508,,,0.004127358552068472,
3q2a,4.570860862731934,,,0.3638245165348053,
3q2h,4.845640659332275,,,0.35617977380752563,
3q2j,13.680537223815918,,,0.029973650351166725,
3q2m,5.366966247558594,,,0.2579113841056824,
3q3k,2.4755098819732666,,,0.583832323551178,
3q3t,11.58708381652832,,,0.08774112910032272,
3q4b,11.859176635742188,,,0.06385643035173416,
3q4j,,,,,
3q4k,,,,,
3q4l,,,,,
3q5h,10.935050010681152,,,0.061420612037181854,
3q5u,,,,,
3q6k,10.40672779083252,,,0.10546875,
3q6s,,,,,
3q6w,2.148267984390259,,,0.7451838850975037,
3q72,10.73837661743164,,,0.05730369687080383,
3q7j,38.70051193237305,,,0.0,
3q7p,6.203544616699219,,,0.24046462774276733,
3q7q,16.174955368041992,,,0.0015004617162048817,
3q8d,,,,,
3q8h,8.532587051391602,,,0.03022119402885437,
3q92,1.9593331813812256,,,0.6640258431434631,
3qa2,2.3344368934631348,,,0.6313928365707397,
3qai,1.394818663597107,,,0.7369062304496765,
3qbh,20.477005004882812,,,0.000871080148499459,
3qc4,12.618355751037598,,,0.05822243168950081,
3qc9,24.926746368408203,,,0.0,
3qce,15.039847373962402,,,0.008601553738117218,
3qcf,13.05595588684082,,,0.049946580082178116,
3qch,4.744223594665527,,,0.3795279860496521,
3qci,8.499385833740234,,,0.1388888955116272,
3qcl,6.675207138061523,,,0.2432432472705841,
3qd0,3.023207187652588,,,0.4712897539138794,
3qem,6.097431659698486,,,0.0,
3qfd,,,,,
3qfv,9.931317329406738,,,0.1236749142408371,
3qfy,2.3453824520111084,,,0.6392773985862732,
3qfz,2.8703455924987793,,,0.5137524604797363,
3qg6,,,,,
3qgw,18.091245651245117,,,0.005085653159767389,
3qgy,20.704740524291992,,,0.0,
3qi1,6.981524467468262,,,0.26700177788734436,
3qi3,,,,,
3qi4,33.31513595581055,,,0.0,
3qin,5.346844673156738,,,0.3336849510669708,
3qio,2.90921950340271,,,0.5714980363845825,
3qip,7.757555961608887,,,0.2400990128517151,
3qiy,4.315288066864014,,,0.40175801515579224,
3qj0,4.21881103515625,,,0.3855210542678833,
3qkk,4.77183723449707,,,0.35655736923217773,
3qkl,3.3806562423706055,,,0.4651690125465393,
3qkm,4.543301582336426,,,0.4030686020851135,
3ql9,,,,,
3qlc,,,,,
3qlm,7.016983985900879,,,0.23970746994018555,
3qmk,,,,,
3qnd,5.6314544677734375,,,0.0,
3qnj,,,,,
3qo2,,,,,
3qo3,6.464489459991455,,,0.02341688610613346,
3qo9,2.4798896312713623,,,0.5810451507568359,
3qox,2.3335041999816895,,,0.6364864706993103,
3qpn,2.192875623703003,,,0.7103230357170105,
3qpo,2.479158878326416,,,0.6420454382896423,
3qpp,7.729618072509766,,,0.22489161789417267,
3qqk,1.055710792541504,,,0.8513132929801941,
3qri,16.231748580932617,,,0.06225992366671562,
3qrj,16.8381290435791,,,0.06118972599506378,
3qs4,3.89273738861084,,,0.43071427941322327,
3qs5,5.429226398468018,,,0.29547762870788574,
3qs6,4.521963119506836,,,0.3932648301124573,
3qsd,4.7888593673706055,,,0.3525703251361847,
3qt6,10.615652084350586,,,0.07090845704078674,
3qtf,1.4247058629989624,,,0.798602283000946,
3qto,2.267984628677368,,,0.6072186827659607,
3qtv,2.3282949924468994,,,0.5932989716529846,
3que,15.783716201782227,,,0.00926507543772459,
3qup,1.7792783975601196,,,0.7175438404083252,
3qw6,,,,,
3qw8,,,,,
3qwc,2.2467379570007324,,,0.6537819504737854,
3qx5,2.289185047149658,,,0.5940567255020142,
3qx9,22.511686325073242,,,0.0,
3qzq,21.227689743041992,,,0.0006297228974290192,
3qzt,,,,,
3qzv,,,,,
3r00,1.5549650192260742,,,0.7215346693992615,
3r01,0.9021711945533752,,,0.876884400844574,
3r0h,,,,,
3r0i,14.694918632507324,,,0.01537433173507452,
3r17,2.1443207263946533,,,0.6538800597190857,
3r1v,14.701549530029297,,,0.06892523169517517,
3r2b,26.451831817626953,,,0.0,
3r2y,2.1106557846069336,,,0.6788665652275085,
3r42,,,,,
3r4m,1.3335340023040771,,,0.8215909004211426,
3r4n,20.018712997436523,,,0.0,
3r4p,15.946301460266113,,,0.008873929269611835,
3r5j,,,,,
3r5m,14.438570976257324,,,0.01952526718378067,
3r5n,4.0418901443481445,,,0.4278642237186432,
3r5t,6.143345832824707,,,0.21467576920986176,
3r6g,,,,,
3r6u,3.215747117996216,,,0.5764627456665039,
3r7b,,,,,
3r7n,,,,,
3r8u,1.8281872272491455,,,0.7192623019218445,
3r8z,0.9171074628829956,,,0.8856736421585083,
3r92,1.0909336805343628,,,0.8574244379997253,
3r93,,,,,
3rbq,,,,,
3rbu,4.859470844268799,,,0.383097767829895,
3rcd,17.423921585083008,,,0.0005955926026217639,
3rcj,6.529991626739502,,,0.27798277139663696,
3rdh,30.74295997619629,,,0.0,
3rdo,3.4617526531219482,,,0.47783252596855164,
3rdq,3.169945478439331,,,0.5045372247695923,
3rdv,,,,,
3rey,3.234391689300537,,,0.556186854839325,
3rhk,14.831313133239746,,,0.00875067338347435,
3ri1,12.40456485748291,,,0.022349271923303604,
3rik,17.24138069152832,,,0.013629842549562454,
3ril,15.449697494506836,,,0.017123287543654442,
3rin,3.6410858631134033,,,0.4560839831829071,
3rjm,,,,,
3rjw,21.38259506225586,,,0.0,
3rkb,0.6127281785011292,,,0.9397394061088562,
3rl3,8.865402221679688,,,0.18634259700775146,
3rlp,19.034440994262695,,,0.0,
3rlq,15.408281326293945,,,0.0010993843898177147,
3rm9,11.17331600189209,,,0.03183791786432266,
3ro4,2.29949951171875,,,0.6857923269271851,
3roc,4.660897254943848,,,0.3682771325111389,
3rq7,,,,,
3rqe,,,,,
3rqw,7.828435897827148,,,0.0,
3rr4,1.616217017173767,,,0.778192400932312,
3rsb,16.49234962463379,,,0.002656882628798485,
3rse,,,,,
3rsx,1.9454954862594604,,,0.6726653575897217,
3rt4,11.779308319091797,,,0.029801979660987854,
3rt6,1.9670602083206177,,,0.6788347959518433,
3rt8,1.0835061073303223,,,0.8680927157402039,
3rtf,22.19472312927246,,,0.0,
3rth,4.092775821685791,,,0.4064245820045471,
3rtm,4.390624523162842,,,0.3266233801841736,
3rtp,1.8005632162094116,,,0.7446949481964111,
3rtx,,,,,
3ru1,5.561645030975342,,,0.34044116735458374,
3rup,15.390769004821777,,,0.0029054409824311733,
3rv3,22.851484298706055,,,0.0,
3rv4,12.505309104919434,,,0.10381913930177689,
3rv6,10.52357006072998,,,0.09804539382457733,
3rvg,1.4420009851455688,,,0.7896716594696045,
3rvi,7.579224109649658,,,0.20253165066242218,
3rwc,,,,,
3rwe,,,,,
3rwf,,,,,
3rwg,,,,,
3rwh,,,,,
3rwi,,,,,
3rwj,,,,,
3rwp,1.312752604484558,,,0.8121516108512878,
3rx5,5.259410858154297,,,0.2661365866661072,
3rx7,5.557568550109863,,,0.30852916836738586,
3rx8,5.486263751983643,,,0.33099111914634705,
3rxa,2.0458168983459473,,,0.7069733142852783,
3rxd,0.8597325682640076,,,0.8924999833106995,
3rxf,1.338074803352356,,,0.7889273166656494,
3rxg,1.922247290611267,,,0.6851032376289368,
3rxh,1.5991008281707764,,,0.7433035969734192,
3rxi,2.045013189315796,,,0.6812896132469177,
3rxk,1.87546968460083,,,0.7506009340286255,
3rxl,2.0277960300445557,,,0.6927207708358765,
3rxm,1.465087652206421,,,0.7402746081352234,
3rxo,1.6320101022720337,,,0.7291666865348816,
3rxp,2.318666696548462,,,0.6628878116607666,
3ry8,,,,,
3ryy,2.0315980911254883,,,0.6365927457809448,
3rz3,16.61936378479004,,,0.0,
3rz9,,,,,
3rzb,1.4896737337112427,,,0.7239583134651184,
3rzi,29.82630729675293,,,0.0,
3s0b,1.020896315574646,,,0.8496310114860535,
3s0d,3.1195003986358643,,,0.4926966428756714,
3s0e,4.5997724533081055,,,0.35490694642066956,
3s0j,2.8633997440338135,,,0.53125,
3s1g,2.459508180618286,,,0.6495535969734192,
3s1y,2.7620773315429688,,,0.5523684024810791,
3s3i,4.422029495239258,,,0.36469632387161255,
3s3q,5.416173458099365,,,0.3452468812465668,
3s3v,3.974475145339966,,,0.41526520252227783,
3s56,5.385972023010254,,,0.3585379421710968,
3s5y,5.304412364959717,,,0.2570052444934845,
3s6t,6.725442409515381,,,0.2689136862754822,
3s71,2.1439168453216553,,,0.6284722089767456,
3s72,2.1269540786743164,,,0.6829004287719727,
3s73,1.1157538890838623,,,0.8302469253540039,
3s74,4.293701171875,,,0.3769100308418274,
3s75,0.9998419284820557,,,0.842391312122345,
3s76,1.2015941143035889,,,0.814754068851471,
3s77,1.854162573814392,,,0.7184813618659973,
3s78,1.092143177986145,,,0.849056601524353,
3s7f,,,,,
3s8x,0.9642016291618347,,,0.9038076400756836,
3s9e,13.474912643432617,,,0.02369668334722519,
3s9i,1.7633659839630127,,,0.7144860029220581,
3s9t,3.3639628887176514,,,0.4830623269081116,
3s9y,10.12418270111084,,,0.09640523046255112,
3sad,2.5795204639434814,,,0.5936073064804077,
3sap,3.323284864425659,,,0.624798059463501,
3sax,3.2111728191375732,,,0.4873867928981781,
3sb0,2.740294933319092,,,0.5550675392150879,
3sbh,2.9560089111328125,,,0.5424836874008179,
3sbi,2.3984129428863525,,,0.6575875282287598,
3sc1,3.004577875137329,,,0.5381646752357483,
3sdg,5.269649982452393,,,0.3393648564815521,
3sdi,15.143363952636719,,,0.0,
3sdk,19.974748611450195,,,0.0,
3sfc,20.990659713745117,,,0.0001197317978949286,
3sff,3.9362950325012207,,,0.4331875741481781,
3sfg,24.087162017822266,,,0.0,
3sfh,3.8879008293151855,,,0.44866588711738586,
3sfi,5.838959217071533,,,0.3031567633152008,
3sh1,14.004509925842285,,,0.0,
3sha,1.77576744556427,,,0.7126725316047668,
3shb,,,,,
3shc,2.167957067489624,,,0.6364416480064392,
3shj,10.273772239685059,,,0.0,
3shy,1.5975381135940552,,,0.763031542301178,
3shz,2.7265844345092773,,,0.6388174891471863,
3si3,2.106633424758911,,,0.6298308968544006,
3si4,7.092723846435547,,,0.2342807948589325,
3sie,21.928939819335938,,,0.003246753243729472,
3sio,14.527965545654297,,,0.0,
3sji,3.041288375854492,,,0.552610456943512,
3sjo,14.769712448120117,,,0.006442706100642681,
3ska,30.05006980895996,,,0.0,
3ske,31.644187927246094,,,0.0,
3skf,31.260578155517578,,,0.0,
3sl0,4.034791469573975,,,0.4389619827270508,
3sl1,3.037851333618164,,,0.5244227647781372,
3sl4,27.47062873840332,,,0.0,
3sl5,29.200498580932617,,,0.0,
3sl8,28.874662399291992,,,0.0,
3slz,7.904778003692627,,,0.2188623696565628,
3sm0,3.7184345722198486,,,0.4323790669441223,
3sm1,,,,,
3smq,21.790122985839844,,,0.0,
3snb,,,,,
3snc,,,,,
3snd,,,,,
3sni,14.290390968322754,,,0.018227167427539825,
3so6,,,,,
3soq,,,,,
3sou,,,,,
3sov,,,,,
3sow,,,,,
3spf,6.358963966369629,,,0.262409508228302,
3srb,7.077456951141357,,,0.20264965295791626,
3src,7.395161151885986,,,0.25092023611068726,
3stj,,,,,
3str,3.2211387157440186,,,0.5030819177627563,
3su0,2.7178916931152344,,,0.5614824295043945,
3su1,2.2371530532836914,,,0.5942544937133789,
3su2,3.0895488262176514,,,0.5476394891738892,
3su3,4.373048305511475,,,0.3214285671710968,
3su4,5.920623779296875,,,0.24575500190258026,
3su5,4.236261367797852,,,0.37708333134651184,
3su6,3.1144614219665527,,,0.49453672766685486,
3sur,2.44942307472229,,,0.6277429461479187,
3sus,2.073917865753174,,,0.6934038996696472,
3sut,3.9527695178985596,,,0.468151330947876,
3suu,4.958526611328125,,,0.39756202697753906,
3suv,1.087306261062622,,,0.8307482004165649,
3suw,1.5151923894882202,,,0.7409326434135437,
3sv2,2.1058995723724365,,,0.6691343784332275,
3sv6,6.156239032745361,,,0.20997610688209534,
3sv7,6.433863639831543,,,0.1992671936750412,
3sv8,5.85990047454834,,,0.19713160395622253,
3sv9,5.364844799041748,,,0.2815249264240265,
3sw2,2.81526780128479,,,0.5231481194496155,
3sw8,3.609714984893799,,,0.46337366104125977,
3sw9,,,,,
3sww,21.1077823638916,,,0.00016778524150140584,
3sx4,21.39944076538086,,,0.0,
3sxu,,,,,
3sym,5.791245460510254,,,0.22516556084156036,
3syr,5.516289234161377,,,0.25919732451438904,
3sz9,6.858100891113281,,,0.28347456455230713,
3szb,9.49041748046875,,,0.0791139230132103,
3szm,,,,,
3t01,10.547574043273926,,,0.10183486342430115,
3t03,21.77420425415039,,,0.0,
3t07,6.922759532928467,,,0.008736559189856052,
3t08,21.116975784301758,,,0.0,
3t09,8.465141296386719,,,0.12726788222789764,
3t0b,9.347538948059082,,,0.12252124398946762,
3t0d,18.110780715942383,,,0.0,
3t0t,5.203719139099121,,,0.004624277353286743,
3t1n,,,,,
3t2c,,,,,
3t2p,8.751802444458008,,,0.1271226406097412,
3t2q,12.582438468933105,,,0.03830845654010773,
3t2v,5.28091287612915,,,0.006005056668072939,
3t2w,3.720860719680786,,,0.4354724884033203,
3t3d,3.623621702194214,,,0.42816683650016785,
3t3e,10.571919441223145,,,0.07789409160614014,
3t3g,3.3029656410217285,,,0.4647335410118103,
3t3h,2.8603479862213135,,,0.5290055274963379,
3t3i,15.24551010131836,,,0.006478873081505299,
3t3y,6.709033489227295,,,0.27541208267211914,
3t4n,4.604428768157959,,,0.34395501017570496,
3t4p,,,,,
3t5i,,,,,
3t5u,1.881790280342102,,,0.71875,
3t64,9.22462272644043,,,0.07932417094707489,
3t6b,,,,,
3t6j,,,,,
3t6r,,,,,
3t70,5.892516613006592,,,0.22681540250778198,
3t7g,,,,,
3t82,3.641638994216919,,,0.44010043144226074,
3t83,5.803905010223389,,,0.2646137773990631,
3t84,3.1522607803344727,,,0.5273076891899109,
3t85,3.1076672077178955,,,0.4942363202571869,
3t8s,11.464350700378418,,,0.06198346987366676,
3t8w,27.490859985351562,,,0.0,
3ta0,5.668644428253174,,,0.20123888552188873,
3tao,1.2797515392303467,,,0.8132754564285278,
3tay,16.723892211914062,,,0.0057061342522501945,
3tb6,13.985201835632324,,,0.028439152985811234,
3tc5,4.247673034667969,,,0.4433016777038574,
3tcg,,,,,
3tcp,16.310800552368164,,,0.0003012048255186528,
3tcy,5.980428218841553,,,0.2751256227493286,
3td4,16.280630111694336,,,0.016227656975388527,
3tdh,5.544412136077881,,,0.28195318579673767,
3tdj,4.991400241851807,,,0.3530670404434204,
3tdu,,,,,
3tdz,,,,,
3tf6,,,,,
3tf7,,,,,
3tfk,,,,,
3tg5,,,,,
3tgs,24.60643196105957,,,0.0,
3th0,,,,,
3thd,39.95124053955078,,,0.0,
3ti6,0.8787134885787964,,,0.8833333253860474,
3tif,12.05200481414795,,,0.03186274692416191,
3tiz,6.958095550537109,,,0.28251007199287415,
3tjh,,,,,
3tjm,,,,,
3tk2,0.9033957123756409,,,0.8877550959587097,
3tki,1.4246079921722412,,,0.7885293960571289,
3tku,25.512731552124023,,,0.0,
3tkw,2.348531723022461,,,0.553640604019165,
3tlh,9.46003246307373,,,0.16553346812725067,
3tmk,24.33513641357422,,,0.0,
3tne,12.474347114562988,,,0.04512448236346245,
3tpp,3.7419888973236084,,,0.5313342213630676,
3tpr,4.453058242797852,,,0.334859162569046,
3tpx,,,,,
3ts4,4.611390590667725,,,0.5409711599349976,
3tsd,15.073785781860352,,,0.06651536375284195,
3tsk,4.442451477050781,,,0.44487178325653076,
3tsz,,,,,
3tt0,,,,,
3tt4,3.7897231578826904,,,0.5528169274330139,
3ttm,16.507884979248047,,,0.0004960317746736109,
3ttn,20.546205520629883,,,0.0,
3ttz,13.621781349182129,,,0.006826742086559534,
3tu1,6.535563945770264,,,0.22482788562774658,
3tu9,27.597606658935547,,,0.0,
3tv4,9.651862144470215,,,0.15672320127487183,
3tv5,22.53981590270996,,,0.0,
3tv7,31.808937072753906,,,0.0,
3tv8,2.5818564891815186,,,0.6041202545166016,
3tvc,2.285818338394165,,,0.6472477316856384,
3tvl,14.064024925231934,,,0.03814433142542839,
3twd,23.720640182495117,,,0.0,
3twj,30.73369789123535,,,0.0,
3twp,30.3972110748291,,,0.0,
3twr,,,,,
3tws,,,,,
3twu,,,,,
3twv,,,,,
3twx,,,,,
3txo,4.976538181304932,,,0.3323529362678528,
3ty0,20.543352127075195,,,0.010904044844210148,
3tz0,3.114546298980713,,,0.5094654560089111,
3tz4,2.3967716693878174,,,0.625308632850647,
3tza,16.795682907104492,,,0.005488266237080097,
3tzd,,,,,
3tzm,7.628705978393555,,,0.17362236976623535,
3u0d,16.539169311523438,,,0.002222222276031971,
3u0p,18.732969284057617,,,0.0005592841189354658,
3u0t,,,,,
3u10,1.2688742876052856,,,0.7897727489471436,
3u15,5.965555667877197,,,0.05776992812752724,
3u1y,16.4719181060791,,,0.0026769780088216066,
3u3f,,,,,
3u3u,4.332202434539795,,,0.35563725233078003,
3u3z,,,,,
3u4h,6.100884914398193,,,0.2268396019935608,
3u4o,25.909744262695312,,,0.0,
3u4r,29.193683624267578,,,0.0,
3u51,,,,,
3u5l,1.629743218421936,,,0.7074861526489258,
3u6a,26.809764862060547,,,0.0,
3u78,8.122767448425293,,,0.15703517198562622,
3u7k,2.853959083557129,,,0.5482497811317444,
3u7l,3.97141695022583,,,0.4551445543766022,
3u7m,2.7956931591033936,,,0.5865778923034668,
3u7n,4.107175350189209,,,0.4955565929412842,
3u81,3.584003210067749,,,0.5251396894454956,
3u8d,6.790302276611328,,,0.21210721135139465,
3u8h,7.297353267669678,,,0.1799156367778778,
3u8l,5.263027667999268,,,0.0,
3u90,6.664113521575928,,,0.21653543412685394,
3u92,12.136359214782715,,,0.08064515888690948,
3u93,16.651493072509766,,,0.0010245901066809893,
3u9c,26.36541748046875,,,0.0,
3u9n,7.483448505401611,,,0.2713128626346588,
3u9q,7.761936664581299,,,0.17358803749084473,
3ubx,41.66683578491211,,,0.0,
3ucj,14.718368530273438,,,0.05499031022191048,
3ud7,,,,,
3uda,,,,,
3uda_2,,,,,
3udh,3.1540493965148926,,,0.49166667461395264,
3udj,1.166817545890808,,,0.8267590403556824,
3udk,4.1783061027526855,,,0.43310344219207764,
3udm,1.1760045289993286,,,0.8297720551490784,
3udn,2.108670234680176,,,0.7119693160057068,
3udp,1.353350043296814,,,0.819738507270813,
3udq,3.15966534614563,,,0.44938793778419495,
3udr,3.3151416778564453,,,0.5258046388626099,
3udy,2.331960916519165,,,0.6465311050415039,
3ue4,16.735965728759766,,,0.03847656399011612,
3ued,,,,,
3uef,,,,,
3ueo,,,,,
3uev,4.265383243560791,,,0.41277259588241577,
3uew,2.276393175125122,,,0.608433723449707,
3uex,3.673529863357544,,,0.4599708914756775,
3uf9,18.50234603881836,,,0.014154705218970776,
3ufl,6.291281223297119,,,0.32965490221977234,
3ug2,3.4220244884490967,,,0.5003197193145752,
3uh4,15.222793579101562,,,0.04073123633861542,
3uhm,1.5236693620681763,,,0.749366283416748,
3uib,8.466009140014648,,,0.1268075704574585,
3uig,,,,,
3uih,,,,,
3uii,,,,,
3uij,,,,,
3uik,,,,,
3uj9,1.8261831998825073,,,0.6885162591934204,
3ujc,2.367244243621826,,,0.6209055781364441,
3ujd,2.89858341217041,,,0.5426716208457947,
3umo,14.114097595214844,,,0.025991791859269142,
3ump,12.566136360168457,,,0.047605790197849274,
3umq,4.5061187744140625,,,0.0010638297535479069,
3umx,1.2613807916641235,,,0.8592791557312012,
3unn,,,,,
3uo4,7.436223983764648,,,0.27478259801864624,
3uo9,7.167118549346924,,,0.25075528025627136,
3uod,6.56866979598999,,,0.2814195156097412,
3uok,23.22208023071289,,,0.0,
3up2,6.954385757446289,,,0.30203619599342346,
3upi,26.905948638916016,,,0.0,
3upk,4.843315601348877,,,0.30026453733444214,
3upv,,,,,
3upz,2.529268503189087,,,0.5978062152862549,
3uqg,16.374399185180664,,,0.0002540650311857462,
3uqp,,,,,
3ur0,30.873205184936523,,,0.0,
3ur9,12.070517539978027,,,0.050233643501996994,
3uri,,,,,
3usn,4.8308024406433105,,,0.2978177070617676,
3usx,6.330345630645752,,,0.05833333358168602,
3uug,16.116928100585938,,,0.0011428571306169033,
3uuo,13.560464859008789,,,0.015692640095949173,
3uvk,,,,,
3uvl,,,,,
3uvm,,,,,
3uvn,,,,,
3uvo,,,,,
3uvp,2.6431658267974854,,,0.5802401900291443,
3uvq,5.619732856750488,,,0.3455936014652252,
3uvu,,,,,
3uvw,,,,,
3uvx,,,,,
3uw9,,,,,
3uxd,12.34766960144043,,,0.014841688796877861,
3uxk,23.425893783569336,,,0.0,
3uxl,25.914785385131836,,,0.0,
3uxm,11.431916236877441,,,0.051492538303136826,
3uyr,,,,,
3uyt,34.77144241333008,,,0.0,
3uz5,20.302570343017578,,,0.0,
3uzd,,,,,
3v0l,5.319250106811523,,,0.2758384644985199,
3v0p,26.989891052246094,,,0.0,
3v1r,4.067111968994141,,,0.42938312888145447,
3v2n,8.457420349121094,,,0.2199999988079071,
3v2o,,,,,
3v2p,20.903276443481445,,,0.14775051176548004,
3v2q,4.978179931640625,,,0.34833794832229614,
3v2w,4.811493396759033,,,0.356689453125,
3v2x,,,,,
3v30,,,,,
3v3b,,,,,
3v3q,7.743093967437744,,,0.15434925258159637,
3v43,,,,,
3v4j,8.281037330627441,,,0.14432989060878754,
3v4t,29.40741539001465,,,0.0,
3v4x,6.156797409057617,,,0.3258380889892578,
3v51,4.754528999328613,,,0.41152969002723694,
3v5g,3.0498249530792236,,,0.5386740565299988,
3v5j,13.764613151550293,,,0.05640357360243797,
3v5l,27.810678482055664,,,0.0,
3v5t,2.4385178089141846,,,0.6596547961235046,
3v66,6.797067642211914,,,0.1685502678155899,
3v6s,18.684036254882812,,,0.028179191052913666,
3v78,11.504522323608398,,,0.10898095369338989,
3v7s,9.335426330566406,,,0.1254734843969345,
3v7t,3.3846747875213623,,,0.488095223903656,
3v7x,2.701620578765869,,,0.6350245475769043,
3v8w,14.491214752197266,,,0.04321705549955368,
3vap,2.707261562347412,,,0.5828559994697571,
3vb4,,,,,
3vb5,,,,,
3vb6,,,,,
3vb7,,,,,
3vbd,3.082735776901245,,,0.6487500071525574,
3vbg,4.4859395027160645,,,0.05435336008667946,
3vbq,1.6284605264663696,,,0.7561132311820984,
3vbt,4.489134788513184,,,0.375,
3vbv,4.452722072601318,,,0.32689210772514343,
3vbw,1.3437559604644775,,,0.743261456489563,
3vbx,3.4873926639556885,,,0.47394677996635437,
3vby,5.044529914855957,,,0.3108424246311188,
3vc4,3.0778379440307617,,,0.4871688783168793,
3vd4,7.070330619812012,,,0.18813848495483398,
3vd7,18.023548126220703,,,0.00023191094805952162,
3vd9,6.850043773651123,,,0.2552562355995178,
3vdb,9.969796180725098,,,0.08939549326896667,
3vdc,2.839327573776245,,,0.5319579243659973,
3veh,17.638057708740234,,,0.03599773347377777,
3veu,4.489145755767822,,,0.3537707030773163,
3vf3,3.5693423748016357,,,0.4582984149456024,
3vf5,2.330900192260742,,,0.5810911655426025,
3vg1,3.9088146686553955,,,0.41678470373153687,
3vgc,3.2177622318267822,,,0.4997069239616394,
3vh9,2.546290636062622,,,0.5295064449310303,
3vha,1.0282282829284668,,,0.8028169274330139,
3vhc,3.5970661640167236,,,0.4216666519641876,
3vhk,4.3266520500183105,,,0.4315628111362457,
3vhu,1.4136673212051392,,,0.7786082625389099,
3vjk,23.95194435119629,,,0.0,
3vjl,25.392072677612305,,,0.0011444557458162308,
3vjm,24.780078887939453,,,0.0,
3vo3,1.513331651687622,,,0.735084593296051,
3voz,14.816412925720215,,,0.010321101173758507,
3vp1,14.067726135253906,,,0.024170273914933205,
3vp2,18.832666397094727,,,0.0,
3vp3,22.955114364624023,,,0.0,
3vp4,20.69980812072754,,,0.0,
3vrt,1.630728840827942,,,0.740314781665802,
3vru,1.6602553129196167,,,0.7169811129570007,
3vrv,1.6007390022277832,,,0.7581383585929871,
3vrw,2.9164469242095947,,,0.5460526347160339,
3vry,30.208797454833984,,,0.0,
3vsw,22.415983200073242,,,0.009892472997307777,
3vsx,11.02731704711914,,,0.0927639901638031,
3vtb,3.4889564514160156,,,0.5017135143280029,
3vtc,4.308596134185791,,,0.39676305651664734,
3vtd,3.9034788608551025,,,0.4167242646217346,
3vtr,,,,,
3vv7,6.962401866912842,,,0.23016701638698578,
3vv8,5.448564052581787,,,0.2929322421550751,
3vva,21.20113182067871,,,0.0014116318197920918,
3vvy,23.65134620666504,,,0.0,
3vvz,19.783098220825195,,,0.0,
3vw7,7.667725086212158,,,0.22002112865447998,
3vws,6.730353832244873,,,0.23296158015727997,
3vx3,9.78258228302002,,,0.08547430485486984,
3vyd,20.634294509887695,,,0.0004192286287434399,
3vye,20.108169555664062,,,0.0007444907678291202,
3vyf,17.147966384887695,,,0.03428955748677254,
3vzg,,,,,
3w07,2.765699863433838,,,0.5175438523292542,
3w0l,44.26224136352539,,,0.0,
3w2o,2.614224433898926,,,0.6036036014556885,
3w2p,3.048847198486328,,,0.5479958057403564,
3w2q,4.355227470397949,,,0.4415322542190552,
3w2r,3.2295048236846924,,,0.5052521228790283,
3w2s,3.154465436935425,,,0.5446860194206238,
3w2t,19.398244857788086,,,0.0042253523133695126,
3w37,,,,,
3w55,2.174133539199829,,,0.6686992049217224,
3w5n,1.396111249923706,,,0.7575910687446594,
3w5t,1.9344961643218994,,,0.7094524502754211,
3w69,16.083675384521484,,,0.015725288540124893,
3w9k,4.383234024047852,,,0.4531438946723938,
3w9r,1.9967495203018188,,,0.6263686418533325,
3wab,4.473780632019043,,,0.348673939704895,
3wav,4.642085075378418,,,0.36194029450416565,
3waw,6.505990028381348,,,0.26945245265960693,
3wax,4.604711532592773,,,0.36702126264572144,
3way,3.8230667114257812,,,0.4558303952217102,
3wd9,20.15062141418457,,,0.027870215475559235,
3wdz,,,,,
3we4,5.380341053009033,,,0.3075000047683716,
3wf7,5.535146236419678,,,0.3633268475532532,
3wff,1.1535686254501343,,,0.8155487775802612,
3wfg,3.9734461307525635,,,0.42577093839645386,
3wgw,7.763035774230957,,,0.1944945901632309,
3wha,18.53607749938965,,,0.0,
3wi2,14.529306411743164,,,0.02246682718396187,
3wix,12.278036117553711,,,0.04692906513810158,
3wjw,3.2744312286376953,,,0.45854923129081726,
3wk4,3.231627941131592,,,0.5485015511512756,
3wk5,2.3157055377960205,,,0.5579216480255127,
3wk6,3.6455132961273193,,,0.4767441749572754,
3wk7,1.3914539813995361,,,0.7545537352561951,
3wk8,4.531599044799805,,,0.3790801167488098,
3wk9,4.5040202140808105,,,0.43926331400871277,
3wka,3.714008092880249,,,0.4781250059604645,
3wkb,10.557119369506836,,,0.0768229141831398,
3wkc,3.9457781314849854,,,0.37594839930534363,
3wkd,7.205097198486328,,,0.13972972333431244,
3wke,6.023359298706055,,,0.3656403124332428,
3wmb,4.630588531494141,,,0.43778109550476074,
3wmc,3.212212562561035,,,0.5619015097618103,
3wnr,8.450591087341309,,,0.05882352963089943,
3wns,7.064658164978027,,,0.04720279574394226,
3wnt,7.800674915313721,,,0.06872037798166275,
3wqh,25.01548957824707,,,0.0,
3wqv,,,,,
3wqw,,,,,
3ws8,14.562944412231445,,,0.006922086235135794,
3ws9,13.349709510803223,,,0.010745466686785221,
3wsy,,,,,
3wt5,2.937199831008911,,,0.5063042044639587,
3wt7,1.1051409244537354,,,0.8381605744361877,
3wtj,11.90796947479248,,,0.0,
3wtk,2.7525887489318848,,,0.0,
3wtn,2.248985528945923,,,0.0,
3wto,7.085978031158447,,,0.0,
3wut,,,,,
3wuu,,,,,
3wuv,,,,,
3wv1,20.160308837890625,,,0.017700666561722755,
3wv2,19.586864471435547,,,0.003843690035864711,
3wv3,14.607489585876465,,,0.07754342257976532,
3wvm,2.584427833557129,,,0.5465116500854492,
3wyj,,,,,
3wyk,9.798129081726074,,,0.12016574293375015,
3wyl,11.941322326660156,,,0.06550802290439606,
3wym,12.648996353149414,,,0.04145408049225807,
3wz6,7.403537273406982,,,0.2120714783668518,
3wzn,6.184645175933838,,,0.23781049251556396,
3wzp,8.714470863342285,,,0.11575052887201309,
3x1k,9.460694313049316,,,0.08915094286203384,
3zbf,2.7608838081359863,,,0.6639049053192139,
3zc6,21.01242446899414,,,0.0,
3zdg,7.067049026489258,,,0.0,
3zdh,6.650768280029297,,,0.0,
3zh8,21.514591217041016,,,0.00035663339076563716,
3zha,,,,,
3zhf,,,,,
3zhx,15.476911544799805,,,0.014754097908735275,
3zi0,12.790419578552246,,,0.03905419632792473,
3zi8,10.445307731628418,,,0.08291666954755783,
3zj6,19.727497100830078,,,0.0,
3zj8,26.11749267578125,,,0.0,
3zjc,13.106195449829102,,,0.03545410558581352,
3zk6,8.732890129089355,,,0.17818015813827515,
3zke,,,,,
3zkf,,,,,
3zki,20.071619033813477,,,0.0005023442790843546,
3zll,25.751178741455078,,,0.0,
3zls,1.4057954549789429,,,0.7547059059143066,
3zlv,19.563573837280273,,,0.0,
3zlw,6.387272834777832,,,0.23771022260189056,
3zlx,5.532437801361084,,,0.2954545319080353,
3zly,2.282848596572876,,,0.5856481194496155,
3zm4,4.472774028778076,,,0.3564935028553009,
3zm5,4.156375408172607,,,0.42358604073524475,
3zmg,7.515709400177002,,,0.23699817061424255,
3zmh,4.076218605041504,,,0.41995614767074585,
3zmi,5.246328353881836,,,0.27971091866493225,
3zmj,3.946218967437744,,,0.4645080864429474,
3zmm,16.015913009643555,,,0.01751946657896042,
3zmp,,,,,
3zmq,,,,,
3zmt,,,,,
3zmv,,,,,
3zmz,,,,,
3znc,2.5815210342407227,,,0.6312595009803772,
3zo1,0.9222831726074219,,,0.8597464561462402,
3zo2,1.0881742238998413,,,0.8451128005981445,
3zo4,2.252657175064087,,,0.6604517102241516,
3zot,5.564280033111572,,,0.2664913833141327,
3zpq,15.061442375183105,,,0.012008734047412872,
3zps,2.9449265003204346,,,0.5218164324760437,
3zpu,3.3587942123413086,,,0.4421450197696686,
3zq9,,,,,
3zqe,16.46676254272461,,,0.0029761905316263437,
3zqt,4.576936721801758,,,0.3604734539985657,
3zrc,26.448993682861328,,,0.0,
3zrk,29.05083465576172,,,0.0,
3zrl,33.015926361083984,,,0.0,
3zrm,29.550920486450195,,,0.0,
3zsq,14.177130699157715,,,0.0820283368229866,
3zst,,,,,
3zsw,14.638068199157715,,,0.05279010906815529,
3zsx,20.139257431030273,,,0.005561048164963722,
3zsy,11.386829376220703,,,0.05377906933426857,
3zsz,12.512205123901367,,,0.053110521286726,
3zt1,18.48309898376465,,,0.005092143546789885,
3zt2,11.646590232849121,,,0.13563649356365204,
3zt3,18.878271102905273,,,0.0008153946255333722,
3zt4,11.18519401550293,,,0.13663966953754425,
3ztc,20.11127281188965,,,0.003940009977668524,
3ztd,13.212481498718262,,,0.04970008507370949,
3ztx,22.10762596130371,,,0.0,
3zuk,24.973634719848633,,,0.0010896637104451656,
3zv7,2.0293796062469482,,,0.7045454382896423,
3zvt,,,,,
3zvv,2.5358612537384033,,,0.5873684287071228,
3zvw,,,,,
3zvy,,,,,
3zw3,1.9575905799865723,,,0.6804315447807312,
3zxe,28.66383934020996,,,0.0,
3zxh,3.2749452590942383,,,0.5467062592506409,
3zxr,46.37300109863281,,,0.0,
3zxz,6.621435165405273,,,0.22291196882724762,
3zya,7.872950077056885,,,0.14861950278282166,
3zyb,,,,,
3zyh,15.329080581665039,,,0.025170648470520973,
3zyr,,,,,
3zyu,13.003312110900879,,,0.01456599310040474,
3zze,6.0999226570129395,,,0.27535587549209595,
3zzf,16.065893173217773,,,0.00193050189409405,
3zzh,11.380938529968262,,,0.11452353745698929,
4a0j,,,,,
4a22,22.161502838134766,,,0.0,
4a2a,,,,,
4a4e,4.00555419921875,,,0.5106275081634521,
4a4f,3.565706729888916,,,0.5449134111404419,
4a4g,3.5775063037872314,,,0.6209677457809448,
4a4l,1.6190603971481323,,,0.7717923521995544,
4a4o,1.6895931959152222,,,0.7204063534736633,
4a4v,18.46430015563965,,,0.005466238129884005,
4a4x,2.4167404174804688,,,0.6169856190681458,
4a50,2.662532091140747,,,0.5718361139297485,
4a51,19.314178466796875,,,0.0,
4a6b,6.429187774658203,,,0.2681840658187866,
4a6c,5.960268974304199,,,0.3441573977470398,
4a6l,7.9173712730407715,,,0.04005998373031616,
4a6s,37.950897216796875,,,0.0,
4a6w,2.793834924697876,,,0.5943562388420105,
4a7b,17.19637680053711,,,0.01437263935804367,
4a7c,6.008014678955078,,,0.3073485493659973,
4a7i,2.1052370071411133,,,0.6595744490623474,
4a95,22.14095687866211,,,0.0,
4a9c,,,,,
4a9m,11.968058586120605,,,0.0017628205241635442,
4a9n,19.620866775512695,,,0.0,
4a9r,3.0791335105895996,,,0.6175656914710999,
4a9s,3.276823043823242,,,0.5575471520423889,
4a9u,2.6722497940063477,,,0.5544058680534363,
4aa0,2.957932472229004,,,0.532608687877655,
4aa1,,,,,
4aa5,1.4178155660629272,,,0.7777129411697388,
4aa7,23.183238983154297,,,0.0,
4aac,2.1396822929382324,,,0.6623786687850952,
4ab8,2.1515896320343018,,,0.6217830777168274,
4ab9,1.1254693269729614,,,0.8091965913772583,
4aba,1.7941150665283203,,,0.7265625,
4abb,2.175173044204712,,,0.6297268867492676,
4abd,1.4009594917297363,,,0.8144654035568237,
4abe,2.5120739936828613,,,0.6504024267196655,
4abf,2.7650399208068848,,,0.5462107062339783,
4abh,3.2555062770843506,,,0.5603773593902588,
4abi,,,,,
4abk,4.222386360168457,,,0.4160424470901489,
4abu,9.656270027160645,,,0.15028248727321625,
4abv,5.856484889984131,,,0.28188538551330566,
4aci,7.783637046813965,,,0.16188062727451324,
4acu,7.464674472808838,,,0.18143878877162933,
4ad2,,,,,
4ad3,,,,,
4ael,33.24661636352539,,,0.0,
4afe,3.721167802810669,,,0.5370036363601685,
4afg,3.170912027359009,,,0.0,
4afh,10.792826652526855,,,0.0,
4afj,32.573917388916016,,,0.0,
4ag8,4.141058921813965,,,0.435844361782074,
4agd,3.4135336875915527,,,0.5622417330741882,
4agl,15.251241683959961,,,0.01074660662561655,
4agm,18.37598419189453,,,0.0009380863048136234,
4agn,18.8851375579834,,,0.005605380982160568,
4ago,17.775175094604492,,,0.0005370569415390491,
4agq,19.834333419799805,,,0.0016801075544208288,
4ahr,2.7046730518341064,,,0.5549450516700745,
4ahs,3.4316933155059814,,,0.5318708419799805,
4ahv,7.539303302764893,,,0.20229007303714752,
4ai8,4.508079528808594,,,0.33994197845458984,
4aif,,,,,
4aig,4.477145671844482,,,0.3792460560798645,
4aj2,32.573089599609375,,,0.0,
4aj4,6.370651721954346,,,0.26597103476524353,
4aje,3.9068212509155273,,,0.4363970458507538,
4aji,10.37658405303955,,,0.07546786218881607,
4ajk,12.481386184692383,,,0.045711059123277664,
4ajl,7.242001056671143,,,0.22859327495098114,
4ajn,20.037784576416016,,,0.003941441420465708,
4ajo,26.626188278198242,,,0.0,
4ajw,32.61872863769531,,,0.0,
4akn,18.484601974487305,,,0.0001336898421868682,
4al4,27.691564559936523,,,0.0,
4alg,1.9298255443572998,,,0.7246978878974915,
4alx,3.1364450454711914,,,0.0,
4aml,6.0986762046813965,,,0.23613376915454865,
4amw,39.75418472290039,,,0.0,
4amx,44.522003173828125,,,0.0,
4amy,4.382015228271484,,,0.42404425144195557,
4amz,2.6588032245635986,,,0.6475827097892761,
4an0,2.913559675216675,,,0.5343713164329529,
4an1,2.6642699241638184,,,0.6137862801551819,
4an9,7.684077262878418,,,0.23254716396331787,
4anb,4.47273588180542,,,0.3978672921657562,
4anq,2.460402250289917,,,0.5904109477996826,
4aoc,10.534096717834473,,,0.05008826032280922,
4aom,,,,,
4aph,,,,,
4apo,,,,,
4app,8.269746780395508,,,0.1763993501663208,
4aq3,4.551422595977783,,,0.059008654206991196,
4aq4,3.076904296875,,,0.5278253555297852,
4aq6,24.482425689697266,,,0.0,
4ark,4.037778377532959,,,0.41018906235694885,
4aro,,,,,
4as9,2.1377105712890625,,,0.6074197292327881,
4asd,12.109858512878418,,,0.14779776334762573,
4at3,2.128478527069092,,,0.6657232642173767,
4att,1.3026763200759888,,,0.7680251002311707,
4au8,23.62824821472168,,,0.0,
4auj,1.062207818031311,,,0.8373494148254395,
4auy,22.313385009765625,,,0.0,
4av0,23.613065719604492,,,0.0,
4avh,23.286561965942383,,,0.0,
4avi,24.42051124572754,,,0.0,
4avj,24.668848037719727,,,0.0,
4avt,8.202322006225586,,,0.0,
4avu,13.426377296447754,,,0.007070707157254219,
4avw,12.16524887084961,,,0.015607580542564392,
4awk,3.992387056350708,,,0.447957843542099,
4awm,4.276218891143799,,,0.3962264060974121,
4axd,3.0071465969085693,,,0.4956933557987213,
4axm,14.564789772033691,,,0.02774869091808796,
4ay5,34.44712829589844,,,0.0,
4ay6,31.20391273498535,,,0.0,
4ayp,,,,,
4ayq,1.9434553384780884,,,0.6866405010223389,
4ayr,2.0565478801727295,,,0.6631249785423279,
4ayt,5.005617141723633,,,0.3247840106487274,
4ayu,34.4396858215332,,,0.0,
4ayv,3.833209991455078,,,0.44014084339141846,
4ayw,5.5432538986206055,,,0.2931250035762787,
4ayx,4.725188255310059,,,0.3462354242801666,
4az0,3.5219383239746094,,,0.5010091066360474,
4az3,7.718556880950928,,,0.18567252159118652,
4az5,2.556243419647217,,,0.6218181848526001,
4azc,24.98748779296875,,,0.0,
4aze,27.082931518554688,,,0.0,
4azf,2.805753469467163,,,0.5254777073860168,
4azg,24.268775939941406,,,0.0,
4azi,20.102567672729492,,,0.00014645577175542712,
4azp,4.57627534866333,,,0.3925945460796356,
4azt,14.583574295043945,,,0.046008117496967316,
4b00,8.211498260498047,,,0.21289493143558502,
4b05,6.523028373718262,,,0.270216166973114,
4b0j,6.067689895629883,,,0.00027144409250468016,
4b11,24.26824188232422,,,0.00030562348547391593,
4b12,23.105159759521484,,,0.0,
4b13,,,,,
4b14,24.36253547668457,,,0.000812215730547905,
4b1c,4.082208633422852,,,0.40148699283599854,
4b1d,2.7204430103302,,,0.5577168464660645,
4b2d,30.241846084594727,,,0.0,
4b2i,1.459718942642212,,,0.7686567306518555,
4b2l,4.862861156463623,,,0.43171295523643494,
4b32,5.2578864097595215,,,0.28601253032684326,
4b34,5.496068477630615,,,0.2807309031486511,
4b35,4.675107955932617,,,0.3278301954269409,
4b3c,4.722763538360596,,,0.3512820601463318,
4b3d,17.894067764282227,,,0.006375227589160204,
4b3u,25.939960479736328,,,0.0,
4b4g,25.295228958129883,,,0.0,
4b4q,,,,,
4b5d,6.376569747924805,,,0.0,
4b5s,20.454505920410156,,,0.0,
4b5t,19.981090545654297,,,0.0,
4b5w,19.411365509033203,,,0.0,
4b60,,,,,
4b6e,20.68295669555664,,,0.0,
4b6o,4.1418538093566895,,,0.40876907110214233,
4b6p,4.862956523895264,,,0.3273993730545044,
4b6r,11.762343406677246,,,0.011131387203931808,
4b6s,10.385666847229004,,,0.02174593321979046,
4b6u,4.51431941986084,,,0.3415032625198364,
4b71,18.976057052612305,,,0.0,
4b73,18.106523513793945,,,0.006926951929926872,
4b74,21.775455474853516,,,0.0,
4b76,19.847270965576172,,,0.0,
4b77,3.679473400115967,,,0.46687787771224976,
4b7j,1.7317534685134888,,,0.7326820492744446,
4b7r,25.54704475402832,,,0.0,
4b7z,28.503337860107422,,,0.0,
4b80,25.507884979248047,,,0.0,
4b81,27.55785369873047,,,0.0,
4b82,23.341764450073242,,,0.0,
4b83,28.827287673950195,,,0.0,
4b84,25.692014694213867,,,0.0,
4b8o,,,,,
4b8p,,,,,
4b8y,,,,,
4b9h,,,,,
4b9z,,,,,
4bae,17.369049072265625,,,0.0,
4bb2,4.323013782501221,,,0.43138986825942993,
4bb9,2.7649800777435303,,,0.5857692360877991,
4bbg,2.783536195755005,,,0.5327380895614624,
4bc5,27.293289184570312,,,0.0,
4bcb,3.4345436096191406,,,0.49244120717048645,
4bcc,9.379441261291504,,,0.23273982107639313,
4bcd,2.9644129276275635,,,0.6395494341850281,
4bcf,2.0474162101745605,,,0.6670281887054443,
4bcg,2.0604536533355713,,,0.7131519317626953,
4bch,1.9420430660247803,,,0.715831458568573,
4bci,1.585667371749878,,,0.7623828649520874,
4bcj,3.0148797035217285,,,0.5382219552993774,
4bck,25.073938369750977,,,0.0,
4bcm,23.89999771118164,,,0.0,
4bcn,21.049591064453125,,,0.00022401433670893312,
4bcp,20.07125473022461,,,0.00016937669715844095,
4bcq,19.818336486816406,,,0.0004145936982240528,
4bcs,8.23666763305664,,,0.14817176759243011,
4bcw,2.473271369934082,,,0.5941295623779297,
4bd3,,,,,
4bda,2.5205981731414795,,,0.6132723093032837,
4bdc,3.5990121364593506,,,0.48890650272369385,
4bdd,2.1390116214752197,,,0.6430529952049255,
4bde,3.5416224002838135,,,0.4821428656578064,
4bdf,4.15372371673584,,,0.41548582911491394,
4bdg,1.703690528869629,,,0.7332935333251953,
4bdh,1.0951378345489502,,,0.8518808484077454,
4bdi,5.024099349975586,,,0.3692913353443146,
4bds,3.4575421810150146,,,0.4333895444869995,
4bdt,4.263180255889893,,,0.42621704936027527,
4bea,,,,,
4bek,5.2907633781433105,,,0.36194029450416565,
4bf1,2.0542633533477783,,,0.7330895662307739,
4bf6,3.440951108932495,,,0.5702110528945923,
4bfd,4.702014923095703,,,0.33375251293182373,
4bfr,38.581356048583984,,,0.0,
4bg1,3.8917222023010254,,,0.46606865525245667,
4bg6,,,,,
4bgg,28.981950759887695,,,0.0,
4bgk,,,,,
4bgm,4.918137550354004,,,0.34768906235694885,
4bgx,,,,,
4bgy,,,,,
4bh3,,,,,
4bh4,,,,,
4bhf,4.738150119781494,,,0.33736348152160645,
4bhi,5.325351238250732,,,0.30713191628456116,
4bhz,1.8739808797836304,,,0.6717948913574219,
4bi1,2.532057046890259,,,0.5944180488586426,
4bi2,1.4880496263504028,,,0.7461439371109009,
4bi6,2.407482147216797,,,0.6258389353752136,
4bi7,2.2834208011627197,,,0.6377314925193787,
4bib,17.677093505859375,,,0.0006880733999423683,
4bic,24.553905487060547,,,0.0,
4bj8,7.997247695922852,,,0.0899265930056572,
4bj9,15.33017349243164,,,0.009003350511193275,
4bjx,6.848774433135986,,,0.2494635134935379,
4blb,,,,,
4bnt,3.49080491065979,,,0.004464285913854837,
4bnz,4.405328750610352,,,0.128504678606987,
4bo3,4.5653395652771,,,0.13708820939064026,
4bo4,5.430581569671631,,,0.1017797589302063,
4bo5,2.113499164581299,,,0.030759163200855255,
4bo9,4.2049880027771,,,0.02031249925494194,
4bpi,,,,,
4bqg,3.2832300662994385,,,0.49871355295181274,
4bqh,3.1220157146453857,,,0.5005055665969849,
4bqt,14.62771224975586,,,0.0,
4bqy,6.148829460144043,,,0.3087032735347748,
4bs4,12.231451034545898,,,0.07170376926660538,
4bs5,4.038632392883301,,,0.44279175996780396,
4bsq,1.7048157453536987,,,0.7448107600212097,
4bt3,2.8380300998687744,,,0.5726872086524963,
4bt4,3.067349910736084,,,0.5488565564155579,
4bt5,1.8473410606384277,,,0.706204354763031,
4bt9,,,,,
4btb,,,,,
4bti,26.20393943786621,,,0.0,
4btk,5.674818515777588,,,0.32671481370925903,
4btm,26.27020263671875,,,0.0,
4btt,19.750446319580078,,,0.005321665201336145,
4btu,25.632577896118164,,,0.0,
4btw,30.20563507080078,,,0.0,
4buq,9.443195343017578,,,0.13339382410049438,
4bv2,,,,,
4bvb,2.188774347305298,,,0.663476288318634,
4bw1,0.8510587215423584,,,0.8683205842971802,
4bw2,1.694555401802063,,,0.6514026522636414,
4bw3,0.9325537085533142,,,0.8242904543876648,
4bw4,2.391033411026001,,,0.5940629243850708,
4bxn,20.815690994262695,,,0.0,
4bxu,,,,,
4byi,1.9426944255828857,,,0.7570422291755676,
4byj,1.3581385612487793,,,0.813365638256073,
4bzn,2.6523780822753906,,,0.5676620006561279,
4bzo,3.1395263671875,,,0.5293633341789246,
4c0r,10.640743255615234,,,0.1720229983329773,
4c16,,,,,
4c1d,8.508519172668457,,,0.14559543132781982,
4c1e,8.252836227416992,,,0.17323775589466095,
4c1f,5.507041931152344,,,0.23966026306152344,
4c1g,5.923234462738037,,,0.22800278663635254,
4c1h,2.2437870502471924,,,0.5913621187210083,
4c1t,,,,,
4c1u,,,,,
4c1w,,,,,
4c1y,20.521224975585938,,,0.003467406379058957,
4c36,2.3880972862243652,,,0.658528208732605,
4c37,2.1567842960357666,,,0.6113112568855286,
4c38,1.6587506532669067,,,0.7409018874168396,
4c3k,5.019490718841553,,,0.06453362107276917,
4c4f,1.9035956859588623,,,0.7306231260299683,
4c4g,3.743288516998291,,,0.5453001260757446,
4c4n,,,,,
4c5w,5.503927230834961,,,0.31969204545021057,
4c66,2.2689743041992188,,,0.6653508543968201,
4c68,22.33212661743164,,,0.0,
4c6u,3.561539649963379,,,0.4649621248245239,
4c6v,4.538728713989258,,,0.38807785511016846,
4c6x,3.1572515964508057,,,0.4981536269187927,
4c6z,2.2359402179718018,,,0.6917322874069214,
4c70,2.8309378623962402,,,0.553814709186554,
4c72,3.5751497745513916,,,0.4535573124885559,
4c73,3.447983503341675,,,0.4706559181213379,
4c94,10.678142547607422,,,0.10245901346206665,
4c9x,3.119943380355835,,,0.5019823908805847,
4ca4,29.629512786865234,,,0.0,
4ca6,26.128562927246094,,,0.0,
4ca7,3.9289755821228027,,,0.4319796860218048,
4cae,28.44801902770996,,,0.0,
4cby,19.933317184448242,,,0.0,
4cc2,,,,,
4cc3,,,,,
4cc5,5.30495023727417,,,0.3249027132987976,
4cc7,,,,,
4ccd,1.6340899467468262,,,0.7540603280067444,
4cd4,,,,,
4cd5,,,,,
4cd6,,,,,
4cd8,,,,,
4cdr,,,,,
4ce2,1.1049251556396484,,,0.8495867848396301,
4ceb,11.483171463012695,,,0.06927327066659927,
4cff,12.067152976989746,,,0.0,
4cgi,14.563976287841797,,,0.1020539179444313,
4cgj,18.624040603637695,,,0.02122124843299389,
4ci2,4.321844577789307,,,0.41232559084892273,
4ci3,6.788602828979492,,,0.31105807423591614,
4cig,17.182598114013672,,,0.026260504499077797,
4cik,7.029697895050049,,,0.27789855003356934,
4civ,3.5661301612854004,,,0.4470858871936798,
4ciw,3.9024834632873535,,,0.41885143518447876,
4cix,3.7581710815429688,,,0.49170616269111633,
4ciy,3.121434450149536,,,0.536876380443573,
4ciz,3.5242555141448975,,,0.4613686501979828,
4cj4,15.412199020385742,,,0.03392857313156128,
4cjp,15.807572364807129,,,0.05449330806732178,
4cjq,16.619131088256836,,,0.06995134055614471,
4cjr,18.473873138427734,,,0.001606855890713632,
4cki,1.09766685962677,,,0.8123827576637268,
4ckr,5.48034143447876,,,0.3171965181827545,
4cku,14.348938941955566,,,0.01926797814667225,
4cl6,6.5371551513671875,,,0.25809982419013977,
4cli,1.6990174055099487,,,0.7688614726066589,
4clj,1.9668169021606445,,,0.6998714804649353,
4cmo,6.121873378753662,,,0.2685088515281677,
4cnh,12.310227394104004,,,0.016949152573943138,
4cp7,6.017870903015137,,,0.25255727767944336,
4cpr,3.521958589553833,,,0.47778385877609253,
4cpt,4.722640514373779,,,0.3365981876850128,
4cpw,2.1686882972717285,,,0.6632546782493591,
4cpx,3.3468422889709473,,,0.4512266218662262,
4cpy,2.586979866027832,,,0.6124807596206665,
4cqe,8.726096153259277,,,0.19234023988246918,
4cqf,23.025175094604492,,,0.0,
4cqg,6.368252277374268,,,0.3342975080013275,
4cr9,3.3614418506622314,,,0.5196488499641418,
4cra,3.860806941986084,,,0.4277777671813965,
4crd,3.658432722091675,,,0.49412021040916443,
4crf,9.212864875793457,,,0.17217302322387695,
4crl,2.9713189601898193,,,0.5278058648109436,
4csd,4.439845561981201,,,0.38079777359962463,
4css,3.236335039138794,,,0.48642265796661377,
4cst,1.9704318046569824,,,0.6476027369499207,
4csy,,,,,
4ctj,20.371219635009766,,,0.0,
4cu7,2.7879252433776855,,,0.5821850299835205,
4cu8,2.9242143630981445,,,0.5528932809829712,
4cwf,4.02439546585083,,,0.45301419496536255,
4cwr,2.2501840591430664,,,0.6911982297897339,
4cws,6.268304824829102,,,0.31237271428108215,
4cxw,1.9410003423690796,,,0.7292899489402771,
4cxx,4.472681045532227,,,0.4003378450870514,
4cxy,6.455538749694824,,,0.24296142160892487,
4cy1,,,,,
4d08,27.389820098876953,,,0.0,
4d09,26.76714515686035,,,0.0,
4d0w,3.7899744510650635,,,0.48013246059417725,
4d1b,3.0280351638793945,,,0.5391337275505066,
4d1c,4.9158735275268555,,,0.3515348434448242,
4d1d,4.804539680480957,,,0.35695043206214905,
4d1j,14.286477088928223,,,0.0,
4d1s,1.998282790184021,,,0.6645898222923279,
4d1y,2.407332420349121,,,0.6925246715545654,
4d2d,,,,,
4d2r,5.731563568115234,,,0.2766570746898651,
4d2s,5.203311443328857,,,0.34733399748802185,
4d2t,14.26391887664795,,,0.012065636925399303,
4d4d,,,,,
4d52,24.45151138305664,,,0.0,
4d62,37.3033332824707,,,0.0,
4d63,38.60675811767578,,,0.0,
4d83,20.925617218017578,,,0.0027280664071440697,
4d88,5.2328338623046875,,,0.28543418645858765,
4d89,2.8585703372955322,,,0.5339043736457825,
4d8c,22.73642921447754,,,0.00048694974975660443,
4d8i,,,,,
4d8s,2.561558246612549,,,0.5723350048065186,
4d8z,22.407793045043945,,,0.0,
4d9p,10.2801513671875,,,0.07043734192848206,
4da5,19.486421585083008,,,0.0007968127611093223,
4daf,22.202192306518555,,,0.0,
4dai,20.49308967590332,,,0.0,
4db7,20.575664520263672,,,0.0,
4dbn,2.6677494049072266,,,0.5721924901008606,
4dcd,6.327504634857178,,,0.28449052572250366,
4dce,17.019411087036133,,,0.023520249873399734,
4dcs,31.95009422302246,,,0.0,
4dcv,16.898038864135742,,,0.003683241317048669,
4ddk,12.85004997253418,,,0.019792934879660606,
4ddy,6.242750644683838,,,0.2933381199836731,
4de0,25.814184188842773,,,0.0,
4de3,8.241854667663574,,,0.0021459227427840233,
4de5,16.844091415405273,,,0.004739336669445038,
4de7,1.853115439414978,,,0.7127948999404907,
4deh,6.280783653259277,,,0.20062240958213806,
4dei,1.316869854927063,,,0.8693627715110779,
4del,4.028910160064697,,,0.41508689522743225,
4deu,5.6694135665893555,,,0.27385008335113525,
4dfb,17.146202087402344,,,0.0033316249027848244,
4dff,16.335569381713867,,,0.020454544574022293,
4dfu,4.894924640655518,,,0.31438595056533813,
4dfw,,,,,
4dgb,,,,,
4dgg,24.154560089111328,,,0.0,
4dgr,5.035733699798584,,,0.31902655959129333,
4dhl,13.332996368408203,,,0.0,
4dhm,10.316070556640625,,,0.19922968745231628,
4dho,6.008971691131592,,,0.29629629850387573,
4dhp,7.42695951461792,,,0.3146114945411682,
4dhq,7.003453254699707,,,0.19975689053535461,
4dhr,8.990966796875,,,0.24370503425598145,
4dhs,7.693867206573486,,,0.1494956761598587,
4dhu,7.9539618492126465,,,0.12881219387054443,
4dij,4.894084453582764,,,0.28119468688964844,
4dj7,,,,,
4djh,6.394962787628174,,,0.24195709824562073,
4djr,2.028740406036377,,,0.6298649907112122,
4djs,,,,,
4dko,23.607128143310547,,,0.0,
4dkp,20.930545806884766,,,0.0,
4dkt,,,,,
4dld,16.716264724731445,,,0.007194244768470526,
4dli,33.023704528808594,,,0.0,
4dmw,4.345132350921631,,,0.3883495032787323,
4dn0,7.074440002441406,,,0.2878973186016083,
4do4,5.65528678894043,,,0.29807692766189575,
4do5,3.746419906616211,,,0.417119562625885,
4dow,,,,,
4dpy,9.37838363647461,,,0.08106796443462372,
4dq2,6.494692802429199,,,0.2346733659505844,
4dr9,12.25739574432373,,,0.005246350541710854,
4drm,6.9826979637146,,,0.2693929076194763,
4drn,7.683962345123291,,,0.25799086689949036,
4dro,6.838864803314209,,,0.18557168543338776,
4drp,7.151416301727295,,,0.24861331284046173,
4ds1,,,,,
4dst,1.888593077659607,,,0.7155172228813171,
4dsy,11.839303970336914,,,0.009595436044037342,
4dt2,2.4544003009796143,,,0.19938650727272034,
4dtk,5.044548988342285,,,0.36587390303611755,
4dtt,23.454553604125977,,,0.0,
4du8,15.038497924804688,,,0.002736512804403901,
4dv9,,,,,
4dve,9.921365737915039,,,0.10174188762903214,
4dvi,19.37325096130371,,,0.002263467526063323,
4dwb,3.2111051082611084,,,0.5169642567634583,
4dwk,24.73603057861328,,,0.0,
4dx9,,,,,
4dxg,,,,,
4dy6,8.239274024963379,,,0.12052160501480103,
4dzy,3.019319772720337,,,0.5311475396156311,
4e0w,5.609984874725342,,,0.2869170904159546,
4e0x,15.351749420166016,,,0.014186295680701733,
4e1z,1.495255470275879,,,0.7795992493629456,
4e34,,,,,
4e35,,,,,
4e3f,3.299891948699951,,,0.49020737409591675,
4e3g,3.631527900695801,,,0.46645569801330566,
4e3i,29.333206176757812,,,0.0,
4e3j,24.280223846435547,,,0.0,
4e3k,29.62029457092285,,,0.0,
4e3l,9.202947616577148,,,0.21807178854942322,
4e3o,27.759532928466797,,,0.0,
4e49,3.0637617111206055,,,0.5768024921417236,
4e4a,2.800297975540161,,,0.5704225301742554,
4e4l,28.445287704467773,,,0.0,
4e4n,25.442873001098633,,,0.0,
4e5d,6.95009183883667,,,0.30270126461982727,
4e5f,28.553890228271484,,,0.0,
4e5g,30.204586029052734,,,0.0,
4e5h,30.597990036010742,,,0.0,
4e5j,32.057090759277344,,,0.0,
4e5w,23.16929817199707,,,0.00029515937785618007,
4e67,,,,,
4e6c,4.186252117156982,,,0.4165129065513611,
4e6d,19.037002563476562,,,0.0005341880605556071,
4e6q,14.880621910095215,,,0.07080724090337753,
4e70,7.315618991851807,,,0.14821428060531616,
4e81,,,,,
4e8w,34.5352783203125,,,0.0,
4e90,22.656387329101562,,,0.00021331057359930128,
4e96,2.984057903289795,,,0.532421886920929,
4e9c,,,,,
4e9d,,,,,
4e9u,8.483694076538086,,,0.2592281997203827,
4ea1,4.742018222808838,,,0.3974435329437256,
4ea2,2.920816659927368,,,0.5442004799842834,
4ea3,19.8326473236084,,,0.01431441493332386,
4eb9,11.502654075622559,,,0.03495318070054054,
4ec0,4.959871768951416,,,0.346120685338974,
4ec4,11.039729118347168,,,0.0015869140625,
4ede,12.281913757324219,,,0.07301587611436844,
4edz,24.057342529296875,,,0.0,
4eeh,1.6146928071975708,,,0.7288428544998169,
4eej,12.409693717956543,,,0.04317111521959305,
4eev,7.408720016479492,,,0.24027185142040253,
4ef6,6.927550792694092,,,0.19576379656791687,
4efg,13.479451179504395,,,0.046834900975227356,
4efk,10.099903106689453,,,0.12436868995428085,
4efs,2.485076665878296,,,0.6003772020339966,
4eft,3.814915895462036,,,0.46205058693885803,
4efu,1.5583125352859497,,,0.7968961000442505,
4egh,2.4269227981567383,,,0.5736648440361023,
4egi,3.0126864910125732,,,0.5719696879386902,
4egk,1.926507592201233,,,0.6834704875946045,
4eh3,7.7390828132629395,,,0.15892484784126282,
4eh4,9.891142845153809,,,0.13602443039417267,
4eh6,3.4359843730926514,,,0.4406854212284088,
4eh7,7.78781795501709,,,0.2122781127691269,
4eh8,5.2898054122924805,,,0.341440886259079,
4ehe,9.16671085357666,,,0.16189023852348328,
4ehm,5.399714469909668,,,0.2431224137544632,
4ehr,4.9413743019104,,,0.36167851090431213,
4ehv,5.389072895050049,,,0.2959715723991394,
4ehz,33.40949249267578,,,0.0,
4ei4,23.29722023010254,,,0.0,
4ej2,3.4760003089904785,,,0.4885844886302948,
4ej8,21.459388732910156,,,0.0,
4ejf,,,,,
4eke,3.6897120475769043,,,0.47991877794265747,
4eki,4.212160110473633,,,0.40052762627601624,
4eky,2.836151361465454,,,0.5375449657440186,
4el0,1.980087161064148,,,0.687012255191803,
4el5,1.5431028604507446,,,0.7140266299247742,
4el9,2.4550235271453857,,,0.59599769115448,
4elb,22.58583641052246,,,0.023273272439837456,
4ele,25.873083114624023,,,0.0,
4elf,25.20952796936035,,,0.0,
4elg,23.843503952026367,,,0.0,
4elh,23.96640396118164,,,0.00023900573432911187,
4em7,8.352682113647461,,,0.26484018564224243,
4emt,4.929914474487305,,,0.32418856024742126,
4en4,4.087080478668213,,,0.4381769001483917,
4eny,6.299203872680664,,,0.2590392529964447,
4eo4,16.917768478393555,,,0.0012048193020746112,
4eo6,46.33882141113281,,,0.0,
4eo8,47.86140060424805,,,0.0,
4eoi,21.68846321105957,,,0.0,
4eol,21.156835556030273,,,0.0,
4eon,21.07643699645996,,,0.0,
4eop,20.21147346496582,,,0.0,
4eos,20.513195037841797,,,0.0010313531383872032,
4eox,2.8755083084106445,,,0.6103174686431885,
4epy,4.670995712280273,,,0.422830730676651,
4eqj,,,,,
4er2,,,,,
4er4,,,,,
4ere,14.536505699157715,,,0.11959134787321091,
4erk,3.1970884799957275,,,0.5952380895614624,
4erq,,,,,
4ery,,,,,
4erz,,,,,
4es0,,,,,
4esg,,,,,
4est,,,,,
4etz,29.142026901245117,,,0.0,
4eu0,5.6017937660217285,,,0.28316327929496765,
4eu3,22.594829559326172,,,0.0,
4euc,11.864720344543457,,,0.09995213896036148,
4euo,3.3111774921417236,,,0.5282663106918335,
4euv,6.5087480545043945,,,0.21791666746139526,
4ew3,4.527379512786865,,,0.38736262917518616,
4ewn,4.946776866912842,,,0.3602053225040436,
4ewr,,,,,
4exg,2.2089316844940186,,,0.6593835949897766,
4exh,,,,,
4exs,14.72887134552002,,,0.017628205940127373,
4exz,14.352742195129395,,,0.022361360490322113,
4eyj,6.241543769836426,,,0.33899614214897156,
4eym,10.863472938537598,,,0.158786803483963,
4eyr,6.727454662322998,,,0.26558324694633484,
4ezj,2.239802360534668,,,0.6561497449874878,
4ezo,,,,,
4ezq,,,,,
4ezr,,,,,
4ezw,,,,,
4ezx,,,,,
4ezy,,,,,
4ezz,,,,,
4f08,19.665069580078125,,,0.0,
4f09,0.9633787274360657,,,0.8509345650672913,
4f0c,5.723966121673584,,,0.2768729627132416,
4f14,,,,,
4f1q,16.6892032623291,,,0.009719222784042358,
4f20,,,,,
4f2w,1.1444895267486572,,,0.8699262142181396,
4f39,3.7238285541534424,,,0.45270270109176636,
4f3i,0.9534510374069214,,,0.8664020895957947,
4f49,16.21076774597168,,,0.03797169774770737,
4f4p,2.270382881164551,,,0.6509316563606262,
4f5y,6.460360050201416,,,0.17884738743305206,
4f64,21.201791763305664,,,0.0,
4f6s,3.767266035079956,,,0.49039581418037415,
4f6u,3.922435760498047,,,0.46004098653793335,
4f7j,2.4468843936920166,,,0.6017646789550781,
4f7l,7.073215961456299,,,0.2650388181209564,
4f7n,3.50923752784729,,,0.4327712059020996,
4f8h,39.6464958190918,,,0.0,
4f9g,4.4956817626953125,,,0.31983694434165955,
4f9u,20.09929656982422,,,0.012525388970971107,
4f9v,7.2302775382995605,,,0.18307249248027802,
4f9w,6.016660690307617,,,0.2580924928188324,
4fai,17.468875885009766,,,0.008976063691079617,
4fbe,23.535614013671875,,,0.0,
4fbx,,,,,
4fcf,5.553072452545166,,,0.3489382266998291,
4fcm,,,,,
4fcq,1.6258492469787598,,,0.7376203536987305,
4fe9,,,,,
4fem,,,,,
4fev,12.070782661437988,,,0.028490759432315826,
4few,15.957710266113281,,,0.008081896230578423,
4ffs,4.845881462097168,,,0.3597407937049866,
4fgt,,,,,
4fgx,,,,,
4fgz,13.972594261169434,,,0.015710381790995598,
4fhh,1.262061595916748,,,0.8243640065193176,
4fhi,1.4009521007537842,,,0.7634061574935913,
4fht,8.303221702575684,,,0.1520700603723526,
4fi9,,,,,
4fic,12.901803016662598,,,0.011470985598862171,
4fiv,12.440983772277832,,,0.05479596182703972,
4fk6,21.213844299316406,,,0.0,
4fkk,4.007440567016602,,,0.42665037512779236,
4fl1,2.445258140563965,,,0.7100155353546143,
4fl2,2.840538740158081,,,0.5295074582099915,
4fl3,2.749486207962036,,,0.5556358098983765,
4fli,4.97409200668335,,,0.40628141164779663,
4flj,3.6176517009735107,,,0.44366195797920227,
4flk,2.584470510482788,,,0.5552858710289001,
4fm7,5.0424909591674805,,,0.28490719199180603,
4fm8,4.517124652862549,,,0.34678900241851807,
4fmn,,,,,
4fmo,,,,,
4fmq,,,,,
4fmu,6.224923610687256,,,0.25779569149017334,
4fnn,6.943731784820557,,,0.05364173278212547,
4fns,8.34211254119873,,,0.11417556554079056,
4fny,1.8122104406356812,,,0.6943916082382202,
4fnz,10.37180233001709,,,0.10066105425357819,
4fob,2.756169557571411,,,0.5664528012275696,
4fp1,2.9540517330169678,,,0.5283553600311279,
4frj,2.3618037700653076,,,0.6224315166473389,
4frk,2.256024122238159,,,0.6057256460189819,
4ft2,,,,,
4fvq,2.866527795791626,,,0.517333984375,
4fvr,2.6191351413726807,,,0.6143473386764526,
4fxf,29.92160415649414,,,0.0,
4fxj,19.0616512298584,,,0.0,
4fxp,9.543984413146973,,,0.12669683992862701,
4fxq,24.881589889526367,,,0.0,
4fxz,3.1821630001068115,,,0.5227272510528564,
4fyh,5.652690410614014,,,0.0447651669383049,
4fz3,,,,,
4fzc,,,,,
4fzg,,,,,
4fzj,19.503170013427734,,,0.0,
4g0a,,,,,
4g0k,14.690146446228027,,,0.010777084156870842,
4g0l,14.89138126373291,,,0.0053009577095508575,
4g0p,3.211881399154663,,,0.5181451439857483,
4g0q,3.235459327697754,,,0.5254237055778503,
4g0y,1.4591938257217407,,,0.8143203854560852,
4g0z,4.005056858062744,,,0.4214145243167877,
4g11,2.89878249168396,,,0.5786917209625244,
4g19,25.20950698852539,,,0.0,
4g2f,1.4126578569412231,,,0.7766203880310059,
4g2l,23.270294189453125,,,0.001300728414207697,
4g2y,1.1231826543807983,,,0.846182107925415,
4g3g,4.403909206390381,,,0.4006539285182953,
4g4p,6.620028972625732,,,0.25069931149482727,
4g5f,16.38450050354004,,,0.006381798069924116,
4g5y,8.607898712158203,,,0.1475653201341629,
4g68,,,,,
4g8l,16.1793212890625,,,0.003601694945245981,
4g8m,15.659557342529297,,,0.007065949030220509,
4g8n,5.393825054168701,,,0.32564449310302734,
4g8o,26.92875862121582,,,0.0,
4g8r,8.295404434204102,,,0.2176549881696701,
4g8v,18.440345764160156,,,0.0,
4g8y,15.05681324005127,,,0.008105802349746227,
4g90,17.76586151123047,,,0.0018136160215362906,
4gao,,,,,
4gby,6.291741847991943,,,0.28320935368537903,
4gbz,8.03927230834961,,,0.2213822901248932,
4ge1,20.147008895874023,,,0.0,
4ge2,5.208678245544434,,,0.12248581647872925,
4ge4,5.521889686584473,,,0.25073057413101196,
4gee,3.503887414932251,,,0.4778386354446411,
4gfd,5.062860012054443,,,0.2900671660900116,
4gfm,2.417645215988159,,,0.6037808656692505,
4gfn,5.383594036102295,,,0.29931971430778503,
4gfo,1.9879571199417114,,,0.7379518151283264,
4ggz,19.02910041809082,,,0.0,
4ght,18.004077911376953,,,0.000887573987711221,
4gid,32.46803283691406,,,0.0,
4gih,4.708054065704346,,,0.33379271626472473,
4gii,1.5788823366165161,,,0.7664872407913208,
4gj2,4.740652084350586,,,0.3579849898815155,
4gj3,3.7296016216278076,,,0.4518817067146301,
4gj7,22.344993591308594,,,0.0001401345361955464,
4gj8,9.240938186645508,,,0.12333333492279053,
4gjb,13.495393753051758,,,0.06878306716680527,
4gk7,,,,,
4gkc,14.081411361694336,,,0.08373688161373138,
4gly,,,,,
4gm8,,,,,
4gmc,43.73906326293945,,,0.0,
4gmy,6.422243595123291,,,0.23654823005199432,
4gne,,,,,
4gnf,,,,,
4gng,,,,,
4gny,4.81900691986084,,,0.3787878751754761,
4gpk,,,,,
4gq4,1.3817468881607056,,,0.7532894611358643,
4gql,5.151522159576416,,,0.484413206577301,
4gqq,23.568395614624023,,,0.0,
4gr0,2.888296604156494,,,0.5863039493560791,
4gr3,3.614372730255127,,,0.5411844849586487,
4gr8,2.9406466484069824,,,0.5400904417037964,
4gs8,32.095523834228516,,,0.0,
4gsy,5.777925491333008,,,0.23990683257579803,
4guj,17.648225784301758,,,0.007275902200490236,
4gv8,5.251901149749756,,,0.28449708223342896,
4gvd,,,,,
4gvm,17.826290130615234,,,0.0,
4gw1,,,,,
4gw5,,,,,
4gw6,16.576181411743164,,,0.0024429967161267996,
4gw8,2.149040699005127,,,0.6560283899307251,
4gwi,,,,,
4gwk,4.183715343475342,,,0.42962467670440674,
4gxl,,,,,
4gxs,7.672280311584473,,,0.20153896510601044,
4gy5,,,,,
4gz3,11.82193374633789,,,0.0,
4gzp,1.2120479345321655,,,0.8224906921386719,
4gzt,13.008160591125488,,,0.028751753270626068,
4gzw,,,,,
4gzx,,,,,
4h1j,4.306911945343018,,,0.425109326839447,
4h1m,6.467135906219482,,,0.27556002140045166,
4h2m,22.097787857055664,,,0.0008820564253255725,
4h36,,,,,
4h38,26.488618850708008,,,0.0,
4h39,,,,,
4h3a,27.037506103515625,,,0.0,
4h3b,,,,,
4h3c,22.79409408569336,,,0.0,
4h3q,,,,,
4h42,3.3174636363983154,,,0.6118197441101074,
4h4d,15.041707992553711,,,0.03741685301065445,
4h4e,16.57515525817871,,,0.01225490216165781,
4h4m,3.8207709789276123,,,0.429229199886322,
4h5e,3.461345911026001,,,0.4549180269241333,
4h71,20.422462463378906,,,0.0,
4h75,,,,,
4h7q,1.6128498315811157,,,0.7604712247848511,
4h81,4.561139106750488,,,0.3970375657081604,
4h85,2.557955026626587,,,0.5944835543632507,
4hbm,9.477136611938477,,,0.0015616866294294596,
4hbn,0.5715768933296204,,,0.9682910442352295,
4hbp,14.375082015991211,,,0.023374726995825768,
4hbv,1.5367244482040405,,,0.6948423981666565,
4hbw,1.9426332712173462,,,0.7158848643302917,
4hby,1.6102737188339233,,,0.7442827224731445,
4hco,19.081584930419922,,,0.0,
4hcu,4.884838581085205,,,0.42652174830436707,
4hcv,5.215892791748047,,,0.443308562040329,
4hcz,,,,,
4hdc,5.869942665100098,,,0.2686190903186798,
4hej,3.0789811611175537,,,0.4811912178993225,
4hev,27.434085845947266,,,0.0,
4hfz,,,,,
4hg7,6.560604572296143,,,0.2243880331516266,
4hgc,,,,,
4hgl,0.7905597686767578,,,0.92017662525177,
4hgs,3.0343732833862305,,,0.5295193195343018,
4hgt,8.447386741638184,,,0.14154785871505737,
4hhy,22.694538116455078,,,0.0004914809833280742,
4hhz,23.356689453125,,,0.0,
4hkp,,,,,
4hlc,6.244154453277588,,,0.26883700489997864,
4hld,5.863799095153809,,,0.23093628883361816,
4hlg,10.716798782348633,,,0.07654949277639389,
4hlm,12.844080924987793,,,0.03801751509308815,
4hmk,23.20920181274414,,,0.0,
4hn2,,,,,
4hni,17.547151565551758,,,0.0,
4hnn,13.303427696228027,,,0.0,
4hnp,23.701351165771484,,,0.0,
4hod,2.5385570526123047,,,0.60205078125,
4hp0,,,,,
4hpi,,,,,
4hpy,,,,,
4hra,5.057406902313232,,,0.378883957862854,
4hrc,18.464210510253906,,,0.0,
4hrd,17.55384063720703,,,0.0,
4hs6,,,,,
4hs8,,,,,
4hso,9.001282691955566,,,0.0023560209665447474,
4ht0,2.737820625305176,,,0.6460948586463928,
4ht2,18.04197120666504,,,0.0027985074557363987,
4ht6,,,,,
4htp,,,,,
4htx,20.17242431640625,,,0.0005545696476474404,
4hu1,21.629640579223633,,,0.0,
4hva,17.464792251586914,,,0.03467153385281563,
4hvb,6.573766708374023,,,0.25999999046325684,
4hvd,4.272585868835449,,,0.449664443731308,
4hvh,4.406404972076416,,,0.4289148449897766,
4hvi,5.226840496063232,,,0.31476685404777527,
4hvs,2.7882473468780518,,,0.5478636026382446,
4hw7,11.60344409942627,,,0.16566690802574158,
4hwr,11.212958335876465,,,0.10708016157150269,
4hwt,18.77600860595703,,,0.003865979379042983,
4hxj,,,,,
4hxl,3.3968558311462402,,,0.5675765872001648,
4hxm,2.419675827026367,,,0.6799834966659546,
4hxs,8.088648796081543,,,0.33144477009773254,
4hxw,2.3589558601379395,,,0.6439393758773804,
4hxz,29.9371337890625,,,0.0,
4hy1,27.762434005737305,,,0.0,
4hy5,19.55469512939453,,,0.0,
4hy9,,,,,
4hyb,,,,,
4hyf,21.615825653076172,,,9.484066686127335e-05,
4hys,2.916685104370117,,,0.5434210300445557,
4hz5,10.450621604919434,,,0.018433179706335068,
4hzm,10.886778831481934,,,0.050191815942525864,
4hzz,1.6927592754364014,,,0.7206405401229858,
4i0d,3.389253854751587,,,0.5303333401679993,
4i0f,6.249780178070068,,,0.1982538402080536,
4i0r,0.8560301661491394,,,0.9121405482292175,
4i0t,2.066359758377075,,,0.7035714387893677,
4i0z,2.8708927631378174,,,0.5380434989929199,
4i11,4.737084865570068,,,0.2953890562057495,
4i12,2.5994527339935303,,,0.5743589997291565,
4i1c,6.0873541831970215,,,0.19680403172969818,
4i1r,4.623081207275391,,,0.3114316165447235,
4i2w,,,,,
4i2z,,,,,
4i31,,,,,
4i32,,,,,
4i33,,,,,
4i3z,30.129247665405273,,,0.0,
4i47,2.8257737159729004,,,0.6050295829772949,
4i5c,22.56974983215332,,,0.0,
4i5m,3.4005093574523926,,,0.5102441310882568,
4i5p,1.4317131042480469,,,0.7907066345214844,
4i6b,2.4093825817108154,,,0.5795254707336426,
4i6h,1.5573451519012451,,,0.7976952791213989,
4i6q,0.7557560205459595,,,0.9494906663894653,
4i73,13.64322566986084,,,0.025080256164073944,
4i74,2.1557352542877197,,,0.6397596597671509,
4i7b,,,,,
4i7d,,,,,
4i7j,12.773935317993164,,,0.031103286892175674,
4i7k,10.695038795471191,,,0.06633573770523071,
4i7l,8.732528686523438,,,0.1348039209842682,
4i7m,13.81639575958252,,,0.020287958905100822,
4i7p,12.782790184020996,,,0.032683487981557846,
4i80,,,,,
4i8w,3.624225616455078,,,0.4541180431842804,
4i9c,,,,,
4i9h,29.98066520690918,,,0.00098347757011652,
4i9o,9.780214309692383,,,0.08790133148431778,
4i9r,9.587265014648438,,,0.14057043194770813,
4i9s,8.985174179077148,,,0.09490084648132324,
4i9u,36.32734298706055,,,0.0,
4iaw,18.300682067871094,,,0.009730539284646511,
4iax,9.858626365661621,,,0.04931682348251343,
4ib5,,,,,
4ibd,11.111624717712402,,,0.05521262064576149,
4ibe,11.517653465270996,,,0.06006612628698349,
4ibi,11.513981819152832,,,0.06942857056856155,
4ibj,13.074045181274414,,,0.05752718821167946,
4ibk,9.180463790893555,,,0.12183988839387894,
4idn,13.232145309448242,,,0.039941612631082535,
4ido,15.653356552124023,,,0.02227582223713398,
4idt,2.3745083808898926,,,0.586760938167572,
4idz,2.756392002105713,,,0.59382563829422,
4ie0,14.931008338928223,,,0.002699784003198147,
4ie5,3.052995204925537,,,0.5052419304847717,
4ie6,2.5354557037353516,,,0.5713315010070801,
4igk,,,,,
4igq,,,,,
4ih3,19.408977508544922,,,0.0,
4ih6,26.06018829345703,,,0.0,
4ih7,20.290996551513672,,,0.0,
4iho,,,,,
4iic,21.412813186645508,,,0.0,
4iid,19.061813354492188,,,0.0,
4iie,30.624399185180664,,,0.0,
4iif,27.20267105102539,,,0.0,
4ijh,6.378477096557617,,,0.1994117647409439,
4ijl,7.001185417175293,,,0.21635311841964722,
4ijp,16.224397659301758,,,0.024294020608067513,
4ijq,19.882469177246094,,,0.0,
4ikn,,,,,
4iku,5.033548355102539,,,0.3787332773208618,
4imq,,,,,
4imz,,,,,
4in9,,,,,
4inb,7.346609592437744,,,0.1661660224199295,
4inh,,,,,
4io2,5.447148323059082,,,0.2931526303291321,
4io3,4.5343241691589355,,,0.4064781069755554,
4io4,5.004493236541748,,,0.34922394156455994,
4io5,3.641328811645508,,,0.5072886347770691,
4io6,4.651443958282471,,,0.36917099356651306,
4io7,7.810539722442627,,,0.1999400407075882,
4ipi,3.1305484771728516,,,0.5333333611488342,
4ipj,2.858900785446167,,,0.5113065242767334,
4ipn,,,,,
4ir5,5.236387252807617,,,0.35169491171836853,
4ir6,5.735130310058594,,,0.33602485060691833,
4irx,24.790987014770508,,,0.0,
4is6,,,,,
4isu,25.384035110473633,,,0.0,
4ith,12.71829891204834,,,0.07303164154291153,
4iti,18.722991943359375,,,0.0025641026441007853,
4itp,2.4637835025787354,,,0.6207770109176636,
4iu1,2.2582907676696777,,,0.6235902309417725,
4iur,,,,,
4iut,,,,,
4iuu,,,,,
4iuv,,,,,
4iva,0.7990268468856812,,,0.9240506291389465,
4ivb,21.313871383666992,,,0.0,
4ivc,22.40517234802246,,,0.0,
4ivd,23.063947677612305,,,0.0,
4ivk,3.6983070373535156,,,0.4951515197753906,
4iwd,2.6907477378845215,,,0.5863008499145508,
4iwz,3.176225423812866,,,0.5185810923576355,
4iz0,13.976984024047852,,,0.04077743738889694,
4izm,23.211395263671875,,,0.0,
4j03,7.7502641677856445,,,0.18177290260791779,
4j04,39.94997787475586,,,0.0,
4j06,46.375091552734375,,,0.0,
4j09,,,,,
4j0a,41.766807556152344,,,0.0,
4j0p,4.254840850830078,,,0.39945653080940247,
4j0r,3.9843335151672363,,,0.4178403615951538,
4j0s,1.3931041955947876,,,0.8180851340293884,
4j0y,6.07038688659668,,,0.2799733579158783,
4j0z,6.581450462341309,,,0.25346919894218445,
4j17,7.493108749389648,,,0.241410493850708,
4j1e,7.214029788970947,,,0.26738762855529785,
4j1h,7.567962169647217,,,0.21609099209308624,
4j26,,,,,
4j2c,,,,,
4j2t,6.872115135192871,,,0.3028441071510315,
4j3i,1.4367759227752686,,,0.7744510769844055,
4j3j,26.86311912536621,,,0.005263158120214939,
4j3u,,,,,
4j44,,,,,
4j45,,,,,
4j46,,,,,
4j47,,,,,
4j48,,,,,
4j52,2.684704303741455,,,0.601396918296814,
4j5d,5.941781520843506,,,0.2751780152320862,
4j5e,4.6721320152282715,,,0.3765294849872589,
4j73,,,,,
4j74,5.294130325317383,,,0.3256385028362274,
4j77,,,,,
4j78,,,,,
4j79,,,,,
4j7d,5.509995937347412,,,0.305715948343277,
4j7i,,,,,
4j82,,,,,
4j84,,,,,
4j86,,,,,
4j8b,,,,,
4j8g,,,,,
4j8r,,,,,
4j8t,9.310575485229492,,,0.09241071343421936,
4j93,6.779096603393555,,,0.20776699483394623,
4j9a,13.259040832519531,,,0.0,
4jaz,25.40389633178711,,,0.0,
4jbl,4.5372467041015625,,,0.3450647294521332,
4jbp,3.8708877563476562,,,0.4451219439506531,
4jbs,25.160356521606445,,,0.0,
4jc1,,,,,
4jck,,,,,
4jda,15.71399974822998,,,0.0062333038076758385,
4jdf,4.683004856109619,,,0.401500940322876,
4je7,11.114381790161133,,,0.07332785427570343,
4je8,,,,,
4jfd,,,,,
4jfe,,,,,
4jff,,,,,
4jfi,5.527115345001221,,,0.2516605257987976,
4jfj,3.5468671321868896,,,0.46927711367607117,
4jfk,3.922095537185669,,,0.4544968008995056,
4jfl,2.908100128173828,,,0.5680713057518005,
4jfm,6.820294380187988,,,0.23693086206912994,
4jfx,,,,,
4jg0,,,,,
4jg1,,,,,
4jg6,3.250494956970215,,,0.46574074029922485,
4jg8,2.6732192039489746,,,0.5736536383628845,
4jgv,21.12356948852539,,,0.014906303025782108,
4jh0,21.976255416870117,,,0.0009185547824017704,
4jhz,18.59366226196289,,,0.001011560671031475,
4jib,22.8480167388916,,,0.0,
4jin,7.3947834968566895,,,0.22795070707798004,
4jit,4.435320854187012,,,0.37309256196022034,
4jiz,,,,,
4jj8,,,,,
4jje,,,,,
4jjq,,,,,
4jjs,42.18595886230469,,,0.0,
4jk5,,,,,
4jk6,,,,,
4jkt,7.304225444793701,,,0.17640572786331177,
4jkw,3.9094231128692627,,,0.4237288236618042,
4jlg,15.95135498046875,,,0.010616438463330269,
4jlj,13.682849884033203,,,0.0353868193924427,
4jlm,8.93918228149414,,,0.155891552567482,
4jln,12.578206062316895,,,0.07041746377944946,
4jls,19.19637680053711,,,0.00023169601627159864,
4jmx,3.369537591934204,,,0.496942937374115,
4jn4,6.868524551391602,,,0.22659176588058472,
4jne,7.231988906860352,,,0.1992330104112625,
4jnj,18.189687728881836,,,0.00280199246481061,
4jog,,,,,
4joh,,,,,
4jpa,2.892317533493042,,,0.614708423614502,
4jps,3.2335121631622314,,,0.5257558822631836,
4jpy,2.5987250804901123,,,0.5769598484039307,
4jql,2.7895843982696533,,,0.5185589790344238,
4jr0,,,,,
4jr5,2.0086770057678223,,,0.6838323473930359,
4jsa,1.9535462856292725,,,0.6787833571434021,
4jsc,21.56353759765625,,,0.006106679793447256,
4jsr,3.1318674087524414,,,0.5157415270805359,
4jss,1.0960471630096436,,,0.8112033009529114,
4jt8,3.9392333030700684,,,0.4635325074195862,
4jt9,2.3513264656066895,,,0.6388286352157593,
4ju3,51.287139892578125,,,0.0,
4ju6,38.63313293457031,,,0.0,
4ju7,38.633155822753906,,,0.0,
4jv7,5.31724214553833,,,0.3304321765899658,
4jv8,1.141519546508789,,,0.7953469753265381,
4jve,8.900701522827148,,,0.1404230296611786,
4jvi,4.623230457305908,,,0.37698987126350403,
4jwr,12.857080459594727,,,0.03374316915869713,
4jx9,2.744217872619629,,,0.5611110925674438,
4jxs,21.25527000427246,,,0.0031025472562760115,
4jxv,16.29543113708496,,,0.002928483299911022,
4jxw,24.0380859375,,,0.0,
4jyb,25.41393280029297,,,0.00027114967815577984,
4jyc,22.689443588256836,,,0.0001431844284525141,
4jym,21.870750427246094,,,0.0,
4jyv,5.249239921569824,,,0.383114755153656,
4k0o,,,,,
4k0y,5.8654961585998535,,,0.27788370847702026,
4k18,4.918747425079346,,,0.3417159616947174,
4k19,21.531734466552734,,,0.00010036129970103502,
4k1e,,,,,
4k2f,4.543921947479248,,,0.3533599078655243,
4k2g,6.111085414886475,,,0.2761506140232086,
4k2y,1.8593839406967163,,,0.7391067743301392,
4k3o,,,,,
4k3r,,,,,
4k42,34.35304641723633,,,0.0,
4k4e,19.480159759521484,,,0.0021324637345969677,
4k4j,1.6206375360488892,,,0.7177314162254333,
4k55,4.638308048248291,,,0.36075130105018616,
4k5l,2.3927664756774902,,,0.6224489808082581,
4k5o,2.8317461013793945,,,0.5920184850692749,
4k5y,23.748802185058594,,,0.0,
4k5z,2.9743897914886475,,,0.5738636255264282,
4k60,2.0382821559906006,,,0.6824776530265808,
4k63,,,,,
4k64,,,,,
4k66,,,,,
4k67,,,,,
4k6u,,,,,
4k6v,,,,,
4k6y,,,,,
4k72,,,,,
4k76,,,,,
4k77,24.150463104248047,,,0.0,
4k78,,,,,
4k7i,8.115042686462402,,,0.0030068729538470507,
4k7n,9.242315292358398,,,0.04009820148348808,
4k7o,8.215370178222656,,,0.21458584070205688,
4k8a,26.2540225982666,,,0.0,
4k8o,4.976696968078613,,,0.39542144536972046,
4k8s,32.271427154541016,,,0.0,
4k9g,11.550226211547852,,,0.04411764815449715,
4k9h,35.67527389526367,,,0.0,
4k9y,2.0675055980682373,,,0.7051174640655518,
4kab,25.87685203552246,,,0.0,
4kax,3.0339839458465576,,,0.5211065411567688,
4kba,28.795122146606445,,,0.0,
4kbc,22.205177307128906,,,0.0,
4kbk,36.605224609375,,,0.0,
4kby,3.6037166118621826,,,0.39697718620300293,
4kc1,5.30565881729126,,,0.346608430147171,
4kc2,5.705421447753906,,,0.30550846457481384,
4kc4,,,,,
4kcg,14.871269226074219,,,0.01686982996761799,
4keq,2.5281105041503906,,,0.6394891738891602,
4kfp,2.3851535320281982,,,0.592468798160553,
4kif,2.7705469131469727,,,0.6496710777282715,
4kil,4.769670486450195,,,0.3931492865085602,
4kin,32.19779586791992,,,0.0,
4kip,26.60306739807129,,,0.0,
4kiq,29.55791664123535,,,0.0,
4kiw,7.895259380340576,,,0.11849191784858704,
4kjv,7.161828994750977,,,0.2348056584596634,
4klb,19.7259521484375,,,0.0,
4kln,28.19816017150879,,,0.0,
4km2,14.142085075378418,,,0.06462141126394272,
4kmd,,,,,
4kn2,15.935807228088379,,,0.007278983481228352,
4kn4,52.999305725097656,,,0.0,
4knb,19.339237213134766,,,0.006512071006000042,
4kni,3.719332695007324,,,0.462062269449234,
4knm,18.890161514282227,,,0.0,
4knr,3.391089677810669,,,0.504306435585022,
4knz,11.726332664489746,,,0.08082103729248047,
4ko8,2.896380662918091,,,0.6294680237770081,
4kod,27.37266731262207,,,0.0,
4kom,,,,,
4kon,,,,,
4kot,0.9629064798355103,,,0.8598684072494507,
4kow,1.6295721530914307,,,0.7113636136054993,
4kox,2.3715837001800537,,,0.6007916927337646,
4kp0,2.1258749961853027,,,0.6886304616928101,
4kp4,6.005565643310547,,,0.24320809543132782,
4kp8,19.469655990600586,,,0.00040128410910256207,
4kql,8.468387603759766,,,0.14563915133476257,
4kqp,6.1137800216674805,,,0.29270073771476746,
4krs,16.170713424682617,,,0.007761732675135136,
4ks1,2.0079033374786377,,,0.6920034885406494,
4ks2,2.7746639251708984,,,0.5331885814666748,
4ks3,2.187464714050293,,,0.6501062512397766,
4ks4,6.137395858764648,,,0.1985800415277481,
4ks5,1.9119459390640259,,,0.7149369120597839,
4ksp,3.5864291191101074,,,0.4756169319152832,
4ksq,2.272188663482666,,,0.6334399580955505,
4ksy,7.292840480804443,,,0.1917259842157364,
4ktc,10.947688102722168,,,0.054990898817777634,
4ktu,,,,,
4kv9,11.048327445983887,,,0.10877606272697449,
4kva,10.551312446594238,,,0.13573986291885376,
4kwf,22.244115829467773,,,0.0,
4kwg,24.8380184173584,,,0.0,
4kwp,2.777534246444702,,,0.64552241563797,
4kx8,,,,,
4kxb,3.983175277709961,,,0.4366002082824707,
4kxl,9.28419017791748,,,0.07464825361967087,
4kxm,7.917843341827393,,,0.07516536116600037,
4kxn,4.866868019104004,,,0.17852437496185303,
4kyh,7.146734237670898,,,0.135677307844162,
4kz0,2.9767110347747803,,,0.5252951383590698,
4kz3,25.756006240844727,,,0.0,
4kz6,25.04581069946289,,,0.0,
4kz7,26.60680389404297,,,0.0,
4kz8,13.007079124450684,,,0.06859971582889557,
4kza,3.7702510356903076,,,0.45650339126586914,
4l10,11.233869552612305,,,0.04207048565149307,
4l1a,6.746825218200684,,,0.17509107291698456,
4l1u,,,,,
4l2k,10.679619789123535,,,0.045178283005952835,
4l32,15.677206039428711,,,0.009516616351902485,
4l3p,0.7897382974624634,,,0.9316709637641907,
4l4z,14.788089752197266,,,0.024928774684667587,
4l50,15.32226276397705,,,0.011063664220273495,
4l51,16.01708984375,,,0.006080449093133211,
4l52,1.2087955474853516,,,0.8235294222831726,
4l53,0.9961451292037964,,,0.8917560577392578,
4l58,,,,,
4l5j,24.77263069152832,,,0.001004016026854515,
4l6q,15.116952896118164,,,0.09098939597606659,
4l6t,,,,,
4l70,2.5767033100128174,,,0.5926998853683472,
4l7b,6.292294502258301,,,0.21409335732460022,
4l7c,10.94784164428711,,,0.07248114794492722,
4l7d,14.343249320983887,,,0.052990157157182693,
4l7f,2.667854070663452,,,0.6011154055595398,
4l7g,5.035541534423828,,,0.30370602011680603,
4l7h,3.2013890743255615,,,0.5199324488639832,
4l7r,2.4361674785614014,,,0.6187580227851868,
4l8m,4.690998077392578,,,0.516743004322052,
4l9i,30.004745483398438,,,0.0,
4la7,4.031644344329834,,,0.3680426776409149,
4lar,1.9610207080841064,,,0.6397550106048584,
4lbl,,,,,
4lbo,,,,,
4lbp,11.412582397460938,,,0.11291912943124771,
4lbu,3.1598896980285645,,,0.5201056003570557,
4lc7,6.1217942237854,,,0.2809244692325592,
4led,5.9278059005737305,,,0.2561728358268738,
4len,18.75665283203125,,,0.0,
4lg6,,,,,
4lge,17.118820190429688,,,0.0007949125720188022,
4lgg,22.959335327148438,,,0.0,
4lgh,23.603168487548828,,,0.0,
4lgu,12.27675724029541,,,0.034567900002002716,
4lh2,2.876648426055908,,,0.5432569980621338,
4lh3,5.098875522613525,,,0.31828194856643677,
4lh7,2.494281053543091,,,0.5966312289237976,
4lhv,9.21390438079834,,,0.062437061220407486,
4li0,13.158407211303711,,,0.02953110821545124,
4li7,14.993606567382812,,,0.03851674497127533,
4lil,3.945619821548462,,,0.41636690497398376,
4lj5,5.625879287719727,,,0.29002514481544495,
4ljh,,,,,
4lk7,,,,,
4lke,,,,,
4lkg,,,,,
4lkh,4.6640777587890625,,,0.3743811845779419,
4lkj,,,,,
4lkk,,,,,
4lkl,,,,,
4lkm,,,,,
4lko,22.046165466308594,,,0.0003396739193703979,
4lkt,11.457859992980957,,,0.08369803428649902,
4llj,9.303863525390625,,,0.10818307846784592,
4llp,11.294677734375,,,0.051754385232925415,
4llx,12.323628425598145,,,0.018537074327468872,
4lm2,12.841266632080078,,,0.0087890625,
4lm3,9.302674293518066,,,0.0981503576040268,
4lm4,14.099273681640625,,,0.02143845148384571,
4lm5,1.1265869140625,,,0.8561241626739502,
4lmu,0.9047915935516357,,,0.9102023839950562,
4ln2,,,,,
4ln7,3.4279093742370605,,,0.550000011920929,
4lnb,6.088106155395508,,,0.188232421875,
4lnf,41.13303756713867,,,0.0,
4lng,2.954798460006714,,,0.5432432293891907,
4lno,25.958736419677734,,,0.0,
4lnp,,,,,
4loh,5.4815592765808105,,,0.29192954301834106,
4loo,2.763709306716919,,,0.5324876308441162,
4lov,3.3300507068634033,,,0.4992331266403198,
4loy,1.9448133707046509,,,0.6954501271247864,
4lp0,3.654390811920166,,,0.45930755138397217,
4lp9,,,,,
4lpb,2.009024143218994,,,0.6908747553825378,
4lpf,2.3544235229492188,,,0.625,
4lps,12.155961036682129,,,0.11204520612955093,
4lqg,5.3550004959106445,,,0.3457544147968292,
4lqy,3.077786684036255,,,0.5032544136047363,
4lsj,2.231477975845337,,,0.6127541661262512,
4luo,5.329514503479004,,,0.2990413010120392,
4lv1,5.255686283111572,,,0.371553897857666,
4lv3,21.9838924407959,,,0.0,
4lv4,7.509368896484375,,,0.23429951071739197,
4lvt,29.304922103881836,,,0.0023406553082168102,
4lwc,1.7535862922668457,,,0.7685045599937439,
4lwt,6.0982866287231445,,,0.29217687249183655,
4lwu,5.734554767608643,,,0.2289697527885437,
4lwv,4.203934669494629,,,0.1854136437177658,
4lxa,17.80162811279297,,,0.007139984052628279,
4lxb,3.181352138519287,,,0.4929035007953644,
4lxk,20.77897834777832,,,0.0007567158318124712,
4lxm,21.29993438720703,,,0.0,
4lxz,26.00539779663086,,,0.0,
4ly9,15.925130844116211,,,0.0517578125,
4lyn,2.3643147945404053,,,0.5834236145019531,
4lys,5.414194583892822,,,0.2807351052761078,
4lzr,2.1822896003723145,,,0.6455094814300537,
4m0e,24.258405685424805,,,0.0,
4m0f,8.92408561706543,,,0.11996811628341675,
4m0y,1.9530073404312134,,,0.6801470518112183,
4m0z,5.596452236175537,,,0.267870157957077,
4m12,5.34653902053833,,,0.2962490916252136,
4m13,6.537965297698975,,,0.22972972691059113,
4m14,6.9813714027404785,,,0.3171476125717163,
4m1j,3.2565252780914307,,,0.5288079380989075,
4m2r,2.2948861122131348,,,0.7443082332611084,
4m2u,1.0298213958740234,,,0.8603556752204895,
4m2v,1.9838887453079224,,,0.6964285969734192,
4m2w,1.886646032333374,,,0.6941288113594055,
4m3e,3.4467849731445312,,,0.500356912612915,
4m3m,4.0349602699279785,,,0.38787877559661865,
4m3p,17.160568237304688,,,0.0013020833721384406,
4m4q,5.158098220825195,,,0.3713977038860321,
4m5g,1.4360560178756714,,,0.8035961389541626,
4m5k,3.4646081924438477,,,0.5504079461097717,
4m5l,1.7376230955123901,,,0.7726351618766785,
4m5n,17.371719360351562,,,0.0005773672019131482,
4m5r,5.315968990325928,,,0.25,
4m5u,5.403036117553711,,,0.3447631001472473,
4m6u,12.017475128173828,,,0.041144900023937225,
4m7j,,,,,
4m7x,9.084245681762695,,,0.1709783673286438,
4m7y,5.588537693023682,,,0.2967448830604553,
4m84,1.6585180759429932,,,0.7659023404121399,
4m8e,1.3147016763687134,,,0.8001285195350647,
4m8t,2.1064040660858154,,,0.720059871673584,
4mao,2.317298412322998,,,0.6977401375770569,
4mbi,1.3320749998092651,,,0.8383743166923523,
4mbl,1.9938026666641235,,,0.6842818260192871,
4mbp,,,,,
4mc1,4.023214340209961,,,0.45701754093170166,
4mc2,4.317159652709961,,,0.39861205220222473,
4mc6,3.3261611461639404,,,0.46402615308761597,
4mc9,3.264312982559204,,,0.5288748145103455,
4mcb,4.552548408508301,,,0.416517049074173,
4mcc,2.265491485595703,,,0.5800672173500061,
4md6,4.38909912109375,,,0.4262114465236664,
4mdq,8.506950378417969,,,0.1706036776304245,
4mdt,13.258197784423828,,,0.051769331097602844,
4men,4.109461784362793,,,0.4225628972053528,
4meo,6.3875908851623535,,,0.24633699655532837,
4mep,2.56404185295105,,,0.6093260049819946,
4mex,,,,,
4mfe,35.548431396484375,,,0.0,
4mg6,13.064375877380371,,,0.025171982124447823,
4mg8,13.087333679199219,,,0.03904847428202629,
4mga,14.548952102661133,,,0.011600378900766373,
4mgv,7.058417797088623,,,0.27215537428855896,
4mha,6.894943714141846,,,0.2558906674385071,
4mhy,3.0268056392669678,,,0.5657327771186829,
4mhz,3.8003971576690674,,,0.45073530077934265,
4mi3,3.767731189727783,,,0.42302513122558594,
4mi6,6.083065509796143,,,0.28775227069854736,
4mi9,3.2097549438476562,,,0.5200372934341431,
4mib,20.35116958618164,,,0.00019245572912041098,
4mic,3.838085174560547,,,0.41065216064453125,
4mji,,,,,
4mk0,7.260997772216797,,,0.1702093929052353,
4mk1,6.018815040588379,,,0.23170731961727142,
4mk2,4.602373123168945,,,0.32024434208869934,
4mk5,3.5540242195129395,,,0.4943566620349884,
4mk7,23.363910675048828,,,0.0,
4mk8,20.044567108154297,,,0.0,
4mk9,23.001310348510742,,,0.0,
4mlt,2.029463768005371,,,0.6837539672851562,
4mlx,1.8036789894104004,,,0.6919354796409607,
4mm4,21.04290771484375,,,0.0,
4mm5,2.253115653991699,,,0.6080508232116699,
4mm8,3.3311705589294434,,,0.4752293527126312,
4mm9,3.1061007976531982,,,0.5497524738311768,
4mma,3.3684749603271484,,,0.5081080794334412,
4mme,21.252817153930664,,,0.0005952381179668009,
4mmf,22.87181854248047,,,0.0,
4mmm,5.084297180175781,,,0.19823232293128967,
4mmp,1.7792880535125732,,,0.6770833134651184,
4mn3,,,,,
4mnp,2.174311637878418,,,0.6105149984359741,
4mnq,,,,,
4mnva,,,,,
4mnvb,,,,,
4mnw,,,,,
4mnx,,,,,
4mny,,,,,
4mot,2.7063117027282715,,,0.5579010844230652,
4mp2,8.816764831542969,,,0.11376634240150452,
4mpe,9.005105018615723,,,0.15690375864505768,
4mq1,33.139408111572266,,,0.0,
4mq2,32.64799499511719,,,0.0,
4mr4,7.2691969871521,,,0.28020963072776794,
4mr5,2.151063919067383,,,0.6627172231674194,
4mr6,4.522599697113037,,,0.49261602759361267,
4mrd,,,,,
4mrf,5.653750896453857,,,0.2351752072572708,
4mrg,4.965786933898926,,,0.3298525810241699,
4mrh,16.165485382080078,,,0.0038363172207027674,
4mrw,13.903146743774414,,,0.012564432807266712,
4mss,15.706665992736816,,,0.017364414408802986,
4mvn,,,,,
4mw9,39.95109939575195,,,0.0,
4mwq,1.5336534976959229,,,0.7490757703781128,
4mww,1.8949300050735474,,,0.668008029460907,
4mx5,0.7034226655960083,,,0.9469572305679321,
4mx9,2.3623270988464355,,,0.6612740159034729,
4mxa,3.5864439010620117,,,0.5066603422164917,
4mxc,2.9557056427001953,,,0.5211789011955261,
4my6,5.596470832824707,,,0.2788649797439575,
4myd,14.022408485412598,,,0.04820452630519867,
4myh,44.36482238769531,,,0.0,
4myq,1.100041151046753,,,0.8219947218894958,
4mz4,29.82541275024414,,,0.0,
4mz5,,,,,
4mz6,,,,,
4mzh,,,,,
4mzj,,,,,
4mzk,,,,,
4mzl,,,,,
4mzo,14.980448722839355,,,0.0004300458822399378,
4mzs,10.854642868041992,,,0.009144947864115238,
4n07,10.519547462463379,,,0.0681564211845398,
4n1b,16.4395809173584,,,0.025455063208937645,
4n1t,1.1010111570358276,,,0.8407562971115112,
4n5d,3.474565267562866,,,0.5197368264198303,
4n5g,14.42159366607666,,,0.008210889995098114,
4n5t,,,,,
4n6g,2.9362404346466064,,,0.6042296290397644,
4n6h,5.834188938140869,,,0.293417364358902,
4n6y,1.2806787490844727,,,0.7934131622314453,
4n7g,,,,,
4n7h,,,,,
4n7j,4.763538360595703,,,0.38411667943000793,
4n7u,3.869349718093872,,,0.4568527936935425,
4n7y,,,,,
4n84,,,,,
4n8d,25.799863815307617,,,0.0,
4n8e,23.019283294677734,,,0.0007621950935572386,
4n98,29.672372817993164,,,0.0,
4n9e,4.267103672027588,,,0.42395907640457153,
4na4,20.504549026489258,,,0.0003367759345564991,
4nah,11.20689868927002,,,0.0,
4nak,9.767290115356445,,,0.09573361277580261,
4nal,6.644602298736572,,,0.2003631889820099,
4nat,6.3436479568481445,,,0.06303813308477402,
4ncg,2.726365566253662,,,0.566216230392456,
4ncn,10.782428741455078,,,0.06018077954649925,
4ndu,9.166284561157227,,,0.12315789610147476,
4ngm,3.4593026638031006,,,0.47553348541259766,
4ngn,2.861919403076172,,,0.5392107963562012,
4ngp,5.4775614738464355,,,0.38437676429748535,
4ngq,4.121625900268555,,,0.37358558177948,
4ngr,4.84540319442749,,,0.33271437883377075,
4ngt,3.780202865600586,,,0.39376360177993774,
4nh8,1.0489383935928345,,,0.8503627777099609,
4nhc,,,,,
4nhx,3.761256456375122,,,0.4377802610397339,
4nhy,18.315441131591797,,,0.002599653322249651,
4nie,12.714130401611328,,,0.057156581431627274,
4nj3,7.763322830200195,,,0.17573800683021545,
4nka,27.370071411132812,,,0.0,
4nkt,16.27471923828125,,,0.0006430867942981422,
4nl1,26.896522521972656,,,0.0,
4nld,18.233049392700195,,,0.029339579865336418,
4nmo,,,,,
4nmp,,,,,
4nmq,,,,,
4nmr,,,,,
4nms,,,,,
4nmv,,,,,
4nni,5.884926795959473,,,0.32077205181121826,
4nnn,22.636154174804688,,,0.0,
4nnr,9.328619003295898,,,0.019174756482243538,
4nnw,21.729389190673828,,,0.0,
4no1,21.039691925048828,,,0.0,
4no6,20.613515853881836,,,0.0,
4no8,15.322980880737305,,,0.0,
4no9,19.485563278198242,,,0.0,
4non,21.65593719482422,,,0.00676453672349453,
4np2,3.354450225830078,,,0.4576822817325592,
4np3,2.9635400772094727,,,0.5143198370933533,
4np9,5.10569953918457,,,0.3842364549636841,
4npv,2.147881507873535,,,0.6000791192054749,
4nq6,1.7736272811889648,,,0.7164556980133057,
4nra,1.2350492477416992,,,0.8088235259056091,
4nrk,81.39836883544922,,,0.0,
4nrl,,,,,
4nrm,,,,,
4nro,3.0261335372924805,,,0.5524861812591553,
4nrp,4.6668524742126465,,,0.36373627185821533,
4nrq,5.806896686553955,,,0.33062976598739624,
4nrt,15.18956184387207,,,0.009840674698352814,
4nud,2.045220136642456,,,0.6946022510528564,
4nue,4.1590399742126465,,,0.5132575631141663,
4nuf,,,,,
4nus,3.164168119430542,,,0.48179349303245544,
4nvq,25.019020080566406,,,0.0,
4nw5,4.543993949890137,,,0.3928571343421936,
4nw7,4.2678046226501465,,,0.43592965602874756,
4nwd,5.24149751663208,,,0.3178721070289612,
4nwk,3.168043851852417,,,0.4981647729873657,
4nxr,,,,,
4nxs,4.4147844314575195,,,0.4234507977962494,
4nxu,21.922298431396484,,,0.0,
4nxv,23.905380249023438,,,0.0,
4ny3,,,,,
4nyf,18.22121810913086,,,0.001261918107047677,
4nyi,4.007534503936768,,,0.41258740425109863,
4nyj,3.5262749195098877,,,0.5649717450141907,
4nyt,25.130197525024414,,,0.0,
4nzm,,,,,
4nzn,,,,,
4nzo,,,,,
4o04,1.6183668375015259,,,0.7681686282157898,
4o05,1.2863737344741821,,,0.8388888835906982,
4o07,1.242292881011963,,,0.8329545259475708,
4o09,1.9517507553100586,,,0.7195703983306885,
4o0b,2.323333501815796,,,0.6328633427619934,
4o0r,13.818150520324707,,,0.02905518375337124,
4o0z,2.1040658950805664,,,0.6317777633666992,
4o1d,1.571935772895813,,,0.7256394624710083,
4o1l,17.97361183166504,,,0.0013236267259344459,
4o2b,22.0046329498291,,,0.0,
4o2c,,,,,
4o2e,,,,,
4o2f,,,,,
4o2p,13.108838081359863,,,0.042132217437028885,
4o36,,,,,
4o3a,20.33698844909668,,,0.0003617944894358516,
4o3b,5.67861795425415,,,0.2842368185520172,
4o3c,5.18377161026001,,,0.3251718282699585,
4o3t,,,,,
4o44,9.586005210876465,,,0.2552114427089691,
4o45,,,,,
4o4y,,,,,
4o61,20.078205108642578,,,0.0,
4o62,,,,,
4o71,7.9799981117248535,,,0.15473684668540955,
4o72,7.627387046813965,,,0.18510453402996063,
4o74,12.658987998962402,,,0.06534422188997269,
4o75,5.706762790679932,,,0.40514904260635376,
4o78,1.4717849493026733,,,0.7792511582374573,
4o7a,4.326324462890625,,,0.36360543966293335,
4o7d,4.359129428863525,,,0.38197675347328186,
4o91,5.105701923370361,,,0.35642316937446594,
4o9w,,,,,
4oag,20.100221633911133,,,0.0012634238228201866,
4oak,,,,,
4ob0,3.110823631286621,,,0.5472028255462646,
4ob1,2.4026052951812744,,,0.598557710647583,
4ob2,2.3309402465820312,,,0.6778846383094788,
4oba,8.136333465576172,,,0.08742088824510574,
4obp,6.401796340942383,,,0.23139312863349915,
4obq,2.0027198791503906,,,0.702296793460846,
4oc0,4.386664867401123,,,0.38690921664237976,
4oc1,4.9624409675598145,,,0.32691052556037903,
4oc2,2.7175889015197754,,,0.5701069235801697,
4oc3,3.8712449073791504,,,0.44819238781929016,
4oc4,5.401675224304199,,,0.3107837438583374,
4oc5,4.955694675445557,,,0.3531985580921173,
4occ,8.240220069885254,,,0.06968215107917786,
4ock,2.621492385864258,,,0.5633960366249084,
4ocp,3.037768840789795,,,0.5284090638160706,
4ocq,4.732880115509033,,,0.35922330617904663,
4oct,21.64284896850586,,,0.0,
4ocv,3.3217599391937256,,,0.4655485153198242,
4od7,,,,,
4ode,6.450420379638672,,,0.21695064008235931,
4odf,7.055402755737305,,,0.20081061124801636,
4odk,,,,,
4odl,,,,,
4odp,,,,,
4odq,,,,,
4oee,,,,,
4oeg,,,,,
4oel,,,,,
4oem,,,,,
4oeu,16.232221603393555,,,0.007505773566663265,
4oew,2.529386281967163,,,0.5683842301368713,
4ofb,,,,,
4ofl,21.50716781616211,,,0.0,
4og3,5.937567710876465,,,0.31700679659843445,
4og4,4.474275588989258,,,0.35089531540870667,
4og5,4.254877090454102,,,0.3320045471191406,
4og7,4.529719829559326,,,0.28765571117401123,
4og8,6.111588954925537,,,0.3014705777168274,
4ogi,8.742692947387695,,,0.09009008854627609,
4ogn,7.315086364746094,,,0.17255759239196777,
4ogt,6.815842151641846,,,0.18469154834747314,
4ogv,5.919974327087402,,,0.1339373141527176,
4oi6,2.6934237480163574,,,0.5545112490653992,
4ok3,18.547250747680664,,,0.021353166550397873,
4okp,19.7921085357666,,,0.0,
4olc,11.761398315429688,,,0.010416666977107525,
4old,32.09132385253906,,,0.0,
4omj,15.16512680053711,,,0.08112302422523499,
4omk,14.765868186950684,,,0.08217362314462662,
4onf,,,,,
4ono,7.46663236618042,,,0.2078896462917328,
4oo9,6.667901515960693,,,0.22821350395679474,
4ool,2.840211868286133,,,0.5123743414878845,
4oon,5.451240539550781,,,0.3451015055179596,
4oow,24.422767639160156,,,0.0,
4oq3,6.535170078277588,,,0.08674827218055725,
4oq5,8.872819900512695,,,0.0403645820915699,
4oq6,8.10541820526123,,,0.12435677647590637,
4or6,26.212865829467773,,,0.0,
4oru,15.610750198364258,,,0.04622027277946472,
4orx,13.585339546203613,,,0.09910929948091507,
4ory,10.66678237915039,,,0.016550730913877487,
4os1,,,,,
4os2,,,,,
4os4,,,,,
4os5,,,,,
4os6,,,,,
4os7,,,,,
4osf,8.671818733215332,,,0.04415584355592728,
4otw,3.1081337928771973,,,0.46542802453041077,
4ou3,,,,,
4oue,28.891712188720703,,,0.0,
4ouj,,,,,
4ov5,,,,,
4ovf,24.538654327392578,,,0.0,
4ow0,7.443171977996826,,,0.20199409127235413,
4oya,5.26685905456543,,,0.3343130052089691,
4oyb,3.511439561843872,,,0.44753384590148926,
4oyi,2.487083673477173,,,0.6141703128814697,
4oym,3.266115665435791,,,0.5012500286102295,
4oyo,4.387943744659424,,,0.4191685914993286,
4oys,2.0836942195892334,,,0.6765645146369934,
4oyt,4.983841896057129,,,0.3489282727241516,
4oz2,4.31193208694458,,,0.3186758756637573,
4oz3,5.87979793548584,,,0.2600742280483246,
4ozj,9.242599487304688,,,0.1216171607375145,
4ozl,7.038506031036377,,,0.287193238735199,
4ozn,8.643135070800781,,,0.021385692059993744,
4p0a,,,,,
4p0b,,,,,
4p0v,6.0329060554504395,,,0.2672897279262543,
4p0w,4.565782070159912,,,0.3635084331035614,
4p0x,3.7158143520355225,,,0.4458661377429962,
4p10,4.714829444885254,,,0.30865922570228577,
4p3h,6.5709919929504395,,,0.20712953805923462,
4p45,3.7115213871002197,,,0.4632892906665802,
4p4d,2.347980499267578,,,0.6706660389900208,
4p4e,2.5903236865997314,,,0.5700183510780334,
4p4j,2.3545236587524414,,,0.6109022498130798,
4p4t,7.916220664978027,,,0.24878837168216705,
4p58,3.3270599842071533,,,0.5323795080184937,
4p6c,5.610942840576172,,,0.29603493213653564,
4p6g,19.889604568481445,,,0.0,
4p6w,2.6518826484680176,,,0.5730268359184265,
4p6x,24.91806411743164,,,0.0,
4p73,20.11785125732422,,,0.0,
4p74,13.421780586242676,,,0.02524106577038765,
4p75,19.391876220703125,,,0.0001960784284165129,
4p90,15.522512435913086,,,0.001716247177682817,
4pax,2.199871301651001,,,0.6414473652839661,
4pb1,7.827938079833984,,,0.21624472737312317,
4pb2,4.167204856872559,,,0.3815789520740509,
4pce,3.224029302597046,,,0.45018115639686584,
4pci,2.266140937805176,,,0.667977511882782,
4pcs,27.626571655273438,,,0.0,
4pct,26.203969955444336,,,0.0,
4pd5,6.47861909866333,,,0.23744292557239532,
4pd6,4.477840423583984,,,0.3731454014778137,
4pd7,4.356342792510986,,,0.3692660629749298,
4pd8,3.3582706451416016,,,0.45395588874816895,
4pda,4.410113334655762,,,0.3519061505794525,
4pdk,9.538097381591797,,,0.09065209329128265,
4pee,29.58702850341797,,,0.0,
4pf5,23.319976806640625,,,0.0,
4pft,,,,,
4pfu,,,,,
4pg9,,,,,
4pgb,,,,,
4pgc,,,,,
4pge,,,,,
4pgh,35.20405960083008,,,0.0,
4ph4,2.1479909420013428,,,0.6574074029922485,
4phu,8.616395950317383,,,0.15950685739517212,
4phv,4.774991989135742,,,0.36882632970809937,
4phw,30.770984649658203,,,0.0,
4pid,7.9052605628967285,,,0.1727699488401413,
4pin,12.224152565002441,,,0.03719008341431618,
4pio,18.662551879882812,,,0.0031914892606437206,
4piq,6.7571587562561035,,,0.2578892111778259,
4pkb,,,,,
4pkr,5.601031303405762,,,0.3183349370956421,
4pks,4.009325981140137,,,0.40303176641464233,
4pl0,6.239208221435547,,,0.28183746337890625,
4pl3,27.215904235839844,,,0.0,
4pl6,,,,,
4pli,,,,,
4pmm,12.881546020507812,,,0.14319175481796265,
4pn1,,,,,
4pnc,3.8697543144226074,,,0.4377470314502716,
4pni,3.6173858642578125,,,0.4971705675125122,
4pnl,19.405563354492188,,,0.001902173855341971,
4pnm,17.305702209472656,,,0.004856850486248732,
4pnn,18.281713485717773,,,0.0008741258643567562,
4pnq,17.25911521911621,,,0.0002665245265234262,
4pnr,17.632080078125,,,0.0009107468067668378,
4pns,18.21781349182129,,,0.0010706637986004353,
4pnt,17.567901611328125,,,0.0013631406472995877,
4po7,,,,,
4poh,1.7080579996109009,,,0.71875,
4pop,15.369793891906738,,,0.006849315017461777,
4pp5,1.3442444801330566,,,0.7737341523170471,
4pp9,13.835870742797852,,,0.025244299322366714,
4pqa,5.065468788146973,,,0.3378514051437378,
4pqn,1.372605800628662,,,0.809108555316925,
4prb,,,,,
4prd,,,,,
4pre,,,,,
4prh,,,,,
4pri,,,,,
4prn,,,,,
4pry,,,,,
4ps0,,,,,
4ps1,,,,,
4psb,2.0470316410064697,,,0.6220527291297913,
4psh,24.58743667602539,,,0.0,
4psq,27.146535873413086,,,0.0,
4ptc,7.081240177154541,,,0.18321678042411804,
4pte,4.8964972496032715,,,0.38120806217193604,
4pv5,5.28183650970459,,,0.38562092185020447,
4pvo,6.157409191131592,,,0.24665676057338715,
4pvt,7.443713665008545,,,0.16249999403953552,
4px6,5.883296012878418,,,0.30716079473495483,
4pxf,,,,,
4pxm,14.844978332519531,,,0.03538812696933746,
4py1,1.8875467777252197,,,0.733912467956543,
4py2,27.757558822631836,,,0.0,
4py4,4.963517665863037,,,0.3171568512916565,
4pyo,15.681053161621094,,,0.0017345050582662225,
4pyv,17.29644203186035,,,0.030958903953433037,
4pyx,5.054960250854492,,,0.35588234663009644,
4pyy,2.7448525428771973,,,0.5786788463592529,
4pz5,,,,,
4pz8,,,,,
4pzh,2.526416778564453,,,0.6038647294044495,
4q06,2.4770474433898926,,,0.5618780851364136,
4q07,2.210955858230591,,,0.6113772392272949,
4q08,5.425477981567383,,,0.37955665588378906,
4q09,2.2347517013549805,,,0.6589709520339966,
4q0a,3.1707420349121094,,,0.4737113416194916,
4q0k,2.9902987480163574,,,0.5067135691642761,
4q0l,18.572921752929688,,,0.0,
4q15,16.004146575927734,,,0.007207207381725311,
4q18,8.244514465332031,,,0.18125329911708832,
4q1a,15.134319305419922,,,0.01942090317606926,
4q1b,13.34363079071045,,,0.040195610374212265,
4q1f,4.650817394256592,,,0.34205162525177,
4q1n,23.208017349243164,,,0.0,
4q1s,27.39140510559082,,,0.0,
4q46,9.674274444580078,,,0.09639344364404678,
4q4e,5.985952377319336,,,0.3279593586921692,
4q4i,,,,,
4q4o,3.130620241165161,,,0.5581257343292236,
4q4p,3.197132110595703,,,0.46828609704971313,
4q4q,3.337655782699585,,,0.49084508419036865,
4q4r,3.1114678382873535,,,0.5470296740531921,
4q6d,1.2474095821380615,,,0.8033769130706787,
4q6f,,,,,
4q7p,2.640700578689575,,,0.5614144206047058,
4q7s,1.5990493297576904,,,0.7459677457809448,
4q7v,1.1706987619400024,,,0.8032258152961731,
4q7w,0.4728070795536041,,,0.9493007063865662,
4q81,2.6251072883605957,,,0.5826972126960754,
4q83,2.7351441383361816,,,0.6095183491706848,
4q87,1.132602572441101,,,0.8397436141967773,
4q8x,0.9173566699028015,,,0.8646496534347534,
4q8y,2.2020816802978516,,,0.6875,
4q90,1.0844236612319946,,,0.817460298538208,
4q93,8.310233116149902,,,0.13199999928474426,
4q99,2.6736180782318115,,,0.6178082227706909,
4q9m,22.78887176513672,,,0.0,
4q9o,25.726526260375977,,,0.0,
4q9s,1.1856423616409302,,,0.7799999713897705,
4q9y,2.678525924682617,,,0.619528591632843,
4q9z,13.33316707611084,,,0.02542048878967762,
4qaa,6.593409538269043,,,0.0,
4qag,7.146121501922607,,,0.16029900312423706,
4qb3,4.194250583648682,,,0.42795389890670776,
4qbm,,,,,
4qc1,,,,,
4qem,5.412642955780029,,,0.3367537260055542,
4qer,5.453394412994385,,,0.35385197401046753,
4qf7,,,,,
4qf8,5.064028739929199,,,0.3347732126712799,
4qfg,,,,0.0,
4qfn,,,,,
4qfo,,,,,
4qfp,,,,,
4qfs,4.833805561065674,,,0.3336898386478424,
4qgd,3.1964943408966064,,,0.507056474685669,
4qgg,3.9346113204956055,,,0.4134312570095062,
4qgh,6.087807655334473,,,0.2076795995235443,
4qgi,6.961657524108887,,,0.2179340422153473,
4qh7,,,,,
4qh8,,,,,
4qhc,4.8277788162231445,,,0.284370481967926,
4qht,31.150428771972656,,,0.0,
4qij,,,,,
4qip,7.882850646972656,,,0.1632084995508194,
4qir,3.9409918785095215,,,0.4385313391685486,
4qiy,23.96236801147461,,,0.0,
4qiz,21.35572052001953,,,0.00011047282168874517,
4qj0,25.40180778503418,,,0.0,
4qjm,3.524916648864746,,,0.49679192900657654,
4qjo,21.38844108581543,,,0.00012183235958218575,
4qjr,8.626054763793945,,,0.1394045501947403,
4qjw,21.489206314086914,,,0.0,
4qjx,1.7126973867416382,,,0.7042763233184814,
4qk4,7.8980021476745605,,,0.1346459835767746,
4qkd,15.160287857055664,,,0.008333333767950535,
4qkx,19.85146141052246,,,0.0,
4ql8,1.2824937105178833,,,0.798275887966156,
4qlk,,,,,
4qll,,,,,
4qlq,22.158411026000977,,,0.0,
4qlt,20.78769302368164,,,0.0,
4qlu,19.792312622070312,,,0.0,
4qlv,17.031253814697266,,,0.0,
4qme,3.3625669479370117,,,0.5851115584373474,
4qmm,2.1085023880004883,,,0.7537568211555481,
4qmn,3.989818572998047,,,0.35128694772720337,
4qmq,1.503332257270813,,,0.8039215803146362,
4qms,2.5937728881835938,,,0.5329254269599915,
4qmx,3.0721473693847656,,,0.4638223648071289,
4qmz,2.6027097702026367,,,0.6396627426147461,
4qn7,20.614376068115234,,,0.0005836575874127448,
4qn9,12.485235214233398,,,0.08625497668981552,
4qnb,7.3582682609558105,,,0.21901921927928925,
4qnu,29.121522903442383,,,0.0,
4qo4,6.240234375,,,0.2350310981273651,
4qok,,,,,
4qp1,19.28131866455078,,,0.001495215343311429,
4qpd,15.554420471191406,,,0.0223214291036129,
4qpl,41.16423797607422,,,0.0,
4qq4,,,,,
4qq5,1.8022936582565308,,,0.724595844745636,
4qqc,3.275285005569458,,,0.476150780916214,
4qqi,,,,,
4qr3,4.004636764526367,,,0.36636364459991455,
4qr4,3.5831451416015625,,,0.4231770932674408,
4qr5,1.9657732248306274,,,0.7120658159255981,
4qrc,8.339942932128906,,,0.21925565600395203,
4qrh,22.823455810546875,,,0.0014091122429817915,
4qsk,,,,,
4qsu,1.255088210105896,,,0.7691489458084106,
4qsv,3.3220365047454834,,,0.5566037893295288,
4qsw,1.6675275564193726,,,0.7015765905380249,
4qsx,1.9464733600616455,,,0.7307692170143127,
4qt0,14.02924919128418,,,0.00015337423246819526,
4qt2,8.245194435119629,,,0.2246192842721939,
4qtl,1.5741441249847412,,,0.7445231676101685,
4qtn,18.032527923583984,,,0.02083333395421505,
4qvl,24.09095573425293,,,0.0,
4qvm,24.359987258911133,,,0.0,
4qvn,23.524686813354492,,,0.0,
4qvp,21.874713897705078,,,0.0,
4qvq,21.210105895996094,,,0.0,
4qvv,23.753694534301758,,,0.0,
4qvw,23.770984649658203,,,0.0,
4qvy,23.993682861328125,,,0.0,
4qw0,20.672903060913086,,,0.0,
4qw1,24.29580307006836,,,0.0,
4qw3,22.842458724975586,,,0.0,
4qw4,14.376550674438477,,,0.0,
4qw5,14.425848007202148,,,0.0,
4qw6,13.265645027160645,,,0.0,
4qw7,15.081338882446289,,,0.0,
4qwf,14.50297737121582,,,0.0,
4qwg,16.424379348754883,,,0.0,
4qwi,17.16388511657715,,,0.0,
4qwj,19.69027328491211,,,0.0,
4qwk,16.059688568115234,,,0.0,
4qwl,15.189778327941895,,,0.0,
4qwr,17.890966415405273,,,0.0,
4qws,16.6055850982666,,,0.0,
4qwu,22.39116668701172,,,0.0,
4qwx,20.75654411315918,,,0.0,
4qxj,21.306270599365234,,,0.0,
4qyh,16.732664108276367,,,0.028014617040753365,
4qz0,22.14069938659668,,,0.0,
4qz1,21.547853469848633,,,0.0,
4qz2,22.831560134887695,,,0.0,
4qz3,24.220752716064453,,,0.0,
4qz4,23.487878799438477,,,0.0,
4qz5,23.373517990112305,,,0.0,
4qz6,24.65801429748535,,,0.0,
4qz7,24.09186363220215,,,0.0,
4qzs,3.711611032485962,,,0.48241955041885376,
4qzw,23.96523666381836,,,0.0,
4qzx,19.67790985107422,,,0.0,
4r02,17.661231994628906,,,0.0,
4r06,17.79449462890625,,,0.00372417108155787,
4r0a,23.031208038330078,,,0.0,
4r17,31.775999069213867,,,0.0,
4r18,36.08439254760742,,,0.0,
4r1e,,,,,
4r1y,3.597229480743408,,,0.4204966723918915,
4r3b,4.602529525756836,,,0.4423743486404419,
4r3c,4.957240104675293,,,0.41001155972480774,
4r3w,,,,,
4r4q,2.091557502746582,,,0.6526696085929871,
4r4t,2.527740478515625,,,0.6080990433692932,
4r59,3.075512409210205,,,0.5271551609039307,
4r5a,3.1139838695526123,,,0.5739285945892334,
4r5b,3.0366077423095703,,,0.5406976938247681,
4r5w,17.87143325805664,,,0.0,
4r5x,6.980790615081787,,,0.3230472505092621,
4r5y,15.890179634094238,,,0.01392084639519453,
4r6e,22.294511795043945,,,0.0,
4r6v,2.3814401626586914,,,0.6236402988433838,
4r73,12.14123249053955,,,0.0471537820994854,
4r74,25.664447784423828,,,0.0,
4r75,3.133405923843384,,,0.5386338233947754,
4r76,41.664451599121094,,,0.0,
4ra1,3.0437304973602295,,,0.5310773253440857,
4ra5,5.060726165771484,,,0.30000001192092896,
4rab,12.003138542175293,,,0.1111757829785347,
4rac,8.634400367736816,,,0.12598758935928345,
4rad,31.665084838867188,,,0.0,
4ran,10.228323936462402,,,0.08675497025251389,
4rao,4.702756881713867,,,0.39423078298568726,
4raq,11.776782035827637,,,0.06634938716888428,
4rce,4.277270793914795,,,0.32519686222076416,
4rcg,5.865547180175781,,,0.25667476654052734,
4rcp,,,,,
4rd0,3.5339691638946533,,,0.43986421823501587,
4rd3,4.448425769805908,,,0.3789943754673004,
4rd6,4.929013252258301,,,0.3073738217353821,
4re2,0.8892992734909058,,,0.8735902309417725,
4re3,0.804733157157898,,,0.9118497371673584,
4re4,1.1835321187973022,,,0.8161407709121704,
4re9,28.21824073791504,,,0.0,
4res,33.38981628417969,,,0.0,
4ret,38.96436309814453,,,0.0,
4rfd,2.864079713821411,,,0.558768630027771,
4rfm,2.244591236114502,,,0.6726584434509277,
4rg0,1.1375776529312134,,,0.8967538475990295,
4rgd,3.1819703578948975,,,0.4815705120563507,
4rhu,13.182518005371094,,,0.011290322989225388,
4rhx,9.391907691955566,,,0.1690879762172699,
4rhy,17.861724853515625,,,0.011314654722809792,
4rio,0.8228432536125183,,,0.9053537249565125,
4ris,,,,,
4riu,4.416587829589844,,,0.4677002727985382,
4riv,2.517361640930176,,,0.6087662577629089,
4rj3,2.750406503677368,,,0.5989425778388977,
4rj8,6.132901668548584,,,0.28200775384902954,
4rkx,5.17270565032959,,,0.35975611209869385,
4rlk,2.7593579292297363,,,0.6357837319374084,
4rlt,7.479968070983887,,,0.24707601964473724,
4rlu,4.777206897735596,,,0.37919461727142334,
4rlw,6.656074523925781,,,0.22078543901443481,
4rn0,5.472030162811279,,,0.3575727045536041,
4rn1,6.194892883300781,,,0.2666051685810089,
4rn2,6.713833808898926,,,0.24128539860248566,
4rn4,5.716047763824463,,,0.37547528743743896,
4rpn,14.01129150390625,,,0.012543757446110249,
4rpo,17.598857879638672,,,0.0013280212879180908,
4rpv,6.138573169708252,,,0.2810077667236328,
4rqi,,,,,
4rqk,5.3501296043396,,,0.2759022116661072,
4rr6,4.534066677093506,,,0.34705159068107605,
4rrg,4.651552200317383,,,0.1660623699426651,
4rrq,2.4281423091888428,,,0.5721243023872375,
4rs0,8.558205604553223,,,0.23798076808452606,
4rse,27.83255386352539,,,0.0,
4rsk,3.117486000061035,,,0.49835795164108276,
4rsp,,,,,
4rt0,22.151805877685547,,,0.0010940919164568186,
4rt1,26.324806213378906,,,0.0,
4ruu,12.587325096130371,,,0.07601626217365265,
4rux,1.8220131397247314,,,0.703199028968811,
4ruy,1.9933394193649292,,,0.6759465336799622,
4ruz,1.6957401037216187,,,0.7089285850524902,
4rvr,5.493242263793945,,,0.33375635743141174,
4rvt,1.7102839946746826,,,0.6967435479164124,
4rwj,21.47341537475586,,,0.0,
4rwk,13.71630859375,,,0.019105983898043633,
4rwl,30.29990005493164,,,0.0,
4rww,10.150964736938477,,,0.035337354987859726,
4rx5,2.309767961502075,,,0.6675091981887817,
4rxc,14.783531188964844,,,0.05448717996478081,
4rxd,14.924471855163574,,,0.014843087643384933,
4rxz,,,,,
4ryl,21.594682693481445,,,0.0,
4rz1,20.292142868041992,,,0.0003722084511537105,
4s3e,41.393524169921875,,,0.0,
4s3f,5.441927909851074,,,0.31941649317741394,
4sga,,,,,
4std,14.953926086425781,,,0.029461853206157684,
4tim,1.623841404914856,,,0.741631805896759,
4tju,19.077577590942383,,,0.0049852291122078896,
4tjw,19.739307403564453,,,0.0,
4tjy,14.997450828552246,,,0.003687315620481968,
4tjz,1.7880357503890991,,,0.7122905254364014,
4tk0,20.033519744873047,,,0.00018395879305899143,
4tk2,,,,,
4tk3,,,,,
4tk4,,,,,
4tk5,20.715911865234375,,,9.881422738544643e-05,
4tkf,21.068065643310547,,,0.00011389521387172863,
4tkg,19.683977127075195,,,0.0,
4tkh,3.180929660797119,,,0.5141996741294861,
4tkj,3.1091716289520264,,,0.4970282316207886,
4tkn,,,,,
4tky,,,,,
4tln,2.801894187927246,,,0.5583537817001343,
4tlr,2.862595796585083,,,0.5419235229492188,
4tmf,17.168027877807617,,,0.011608623899519444,
4tmk,3.2019028663635254,,,0.4522039294242859,
4tmp,,,,,
4tmr,15.694456100463867,,,0.004021139815449715,
4tn2,4.26154088973999,,,0.4114583432674408,
4tn4,14.184734344482422,,,0.03652751445770264,
4tnw,4.524208068847656,,,0.0,
4to8,,,,,
4tpk,14.982370376586914,,,0.0034876347053796053,
4tpm,29.286510467529297,,,0.0,
4tq3,30.8687686920166,,,0.0,
4tqn,2.28774356842041,,,0.6107142567634583,
4trw,,,,,
4trz,,,,,
4ts1,2.2862627506256104,,,0.6413792967796326,
4tt2,,,,,
4tte,2.8992838859558105,,,0.5416666865348816,
4ttv,17.616901397705078,,,0.0009920635493472219,
4tu4,3.580674409866333,,,0.44322457909584045,
4tun,13.529991149902344,,,0.039304811507463455,
4tw7,7.112179756164551,,,0.2837754487991333,
4tw8,16.4637508392334,,,0.05059750750660896,
4tw9,10.77830982208252,,,0.16550429165363312,
4twd,10.073204040527344,,,0.0,
4twt,,,,,
4tww,5.298968315124512,,,0.4313865005970001,
4tx6,7.599637031555176,,,0.016678249463438988,
4txc,2.363952875137329,,,0.6201727390289307,
4txe,6.832677364349365,,,0.2651679217815399,
4txs,29.839704513549805,,,0.0,
4tyb,34.626529693603516,,,0.0,
4tyl,1.7159645557403564,,,0.7686335444450378,
4tyt,3.5892932415008545,,,0.4949290156364441,
4tz2,7.1475348472595215,,,0.2241501361131668,
4tz8,2.673981189727783,,,0.5664820075035095,
4tzm,,,,,
4tzn,,,,,
4tzq,,,,,
4u03,7.27026891708374,,,0.23236677050590515,
4u0a,,,,,
4u0b,,,,,
4u0c,,,,,
4u0d,,,,,
4u0g,,,,,
4u0m,11.915812492370605,,,0.05027422308921814,
4u0u,19.40699577331543,,,0.004394299350678921,
4u0w,5.0768232345581055,,,0.33245447278022766,
4u1b,2.3786873817443848,,,0.5653195381164551,
4u2w,,,,,
4u2y,4.459983825683594,,,0.3914913833141327,
4u44,8.208083152770996,,,0.12230215966701508,
4u4s,5.2188334465026855,,,0.34419772028923035,
4u4x,5.060178279876709,,,0.3557981848716736,
4u54,16.888263702392578,,,0.004407051485031843,
4u5j,21.927217483520508,,,0.0,
4u68,,,,,
4u69,2.3111042976379395,,,0.6460674405097961,
4u6e,2.3136091232299805,,,0.6438356041908264,
4u6w,2.8301968574523926,,,0.6017110347747803,
4u6x,,,,,
4u6z,2.3289175033569336,,,0.6551339030265808,
4u70,2.894942045211792,,,0.5492125749588013,
4u71,2.551647186279297,,,0.5939457416534424,
4u73,2.7446951866149902,,,0.5418288111686707,
4u7o,10.579937934875488,,,0.10190114378929138,
4u7t,,,,,
4u7v,4.617376804351807,,,0.3485491871833801,
4u82,4.4243011474609375,,,0.3602484464645386,
4u90,,,,,
4u91,,,,,
4ua8,,,,,
4uac,,,,,
4uat,13.694087028503418,,,0.05514157935976982,
4uau,16.321685791015625,,,0.00460251048207283,
4uc5,4.768178462982178,,,0.15841902792453766,
4ucc,16.470327377319336,,,0.003218884114176035,
4ucd,17.034284591674805,,,0.016410615295171738,
4uce,20.043622970581055,,,0.0003392130311112851,
4uco,2.8773093223571777,,,0.4823834300041199,
4ucr,5.557693004608154,,,0.254046231508255,
4ucs,3.204857587814331,,,0.50126051902771,
4uct,3.805569648742676,,,0.36037442088127136,
4ucu,5.84464168548584,,,0.22473996877670288,
4ucv,4.569547176361084,,,0.2924460470676422,
4uda,2.3623063564300537,,,0.5953093767166138,
4udb,1.3823744058609009,,,0.7826887369155884,
4ue1,,,,,
4ufh,1.316927194595337,,,0.8474178314208984,
4ufi,1.2317856550216675,,,0.8547453880310059,
4ufj,1.3403733968734741,,,0.7878630757331848,
4ufk,1.3648245334625244,,,0.7862318754196167,
4ufl,1.1514341831207275,,,0.816252589225769,
4ufm,0.9070980548858643,,,0.873620331287384,
4ui5,10.194218635559082,,,0.03809719905257225,
4ui6,10.320060729980469,,,0.05315249413251877,
4uia,4.4724907875061035,,,0.37829911708831787,
4uib,4.164917469024658,,,0.378475159406662,
4uil,5.885776996612549,,,0.18621280789375305,
4uin,5.708145618438721,,,0.22058823704719543,
4uit,1.3679211139678955,,,0.825596809387207,
4uiu,2.520451068878174,,,0.6688061356544495,
4uiw,2.370095729827881,,,0.6005405187606812,
4uix,22.15496826171875,,,0.0,
4uiz,8.38090991973877,,,0.25822049379348755,
4uj1,1.6346311569213867,,,0.7365119457244873,
4ujb,1.691954255104065,,,0.75,
4um9,,,,,
4uma,31.78639030456543,,,0.0,
4umb,29.60373878479004,,,0.0,
4umc,27.707063674926758,,,0.0,
4umn,,,,,
4unn,8.16397762298584,,,0.2703005075454712,
4unp,1.5070276260375977,,,0.7548845410346985,
4unq,8.763107299804688,,,0.13129031658172607,
4uns,9.71590805053711,,,0.09815184772014618,
4uof,12.001249313354492,,,0.04900260269641876,
4uoh,17.790952682495117,,,0.004170141648501158,
4up5,11.532679557800293,,,0.07509505748748779,
4ura,23.125167846679688,,,0.0,
4urk,5.687199592590332,,,0.2947392165660858,
4url,21.693050384521484,,,0.003155680140480399,
4urm,15.07304573059082,,,0.011976048350334167,
4urw,11.306679725646973,,,0.0998908281326294,
4urx,2.031830072402954,,,0.6638381481170654,
4us3,4.244165420532227,,,0.3916666805744171,
4us4,5.838231563568115,,,0.2587634027004242,
4usi,20.213390350341797,,,0.0,
4usj,17.039852142333984,,,0.005027933046221733,
4usw,3.8067662715911865,,,0.4473106563091278,
4utn,,,,,
4uu5,,,,,
4uuq,8.036700248718262,,,0.18057885766029358,
4uv9,4.059157848358154,,,0.46223512291908264,
4uwg,1.8706811666488647,,,0.6782212853431702,
4uwk,3.068629503250122,,,0.5045924186706543,
4uwl,2.5456855297088623,,,0.5777778029441833,
4ux4,10.642342567443848,,,0.06610246747732162,
4ux9,,,,,
4uxb,22.298837661743164,,,0.0,
4uxj,15.0418062210083,,,0.08232509344816208,
4uy1,19.481901168823242,,,0.0,
4uye,18.16335105895996,,,0.01131746917963028,
4uzd,7.493676662445068,,,0.19474460184574127,
4uzh,2.1827282905578613,,,0.6725171208381653,
4v05,27.230857849121094,,,0.0,
4v0i,33.735015869140625,,,0.0,
4v11,,,,,
4v1c,,,,,
4v1f,7.599372863769531,,,0.19296741485595703,
4v24,13.814406394958496,,,0.048926305025815964,
4v27,,,,,
4vgc,2.2871944904327393,,,0.6451734304428101,
4w4v,2.4377529621124268,,,0.619733452796936,
4w4w,3.9754154682159424,,,0.47111743688583374,
4w4y,4.37139892578125,,,0.47419774532318115,
4w4z,,,,,
4w50,,,,,
4w52,1.366910696029663,,,0.777999997138977,
4w53,0.99029940366745,,,0.8535714149475098,
4w54,2.587449789047241,,,0.5592783689498901,
4w55,3.2123565673828125,,,0.4540117383003235,
4w57,2.4371330738067627,,,0.599056601524353,
4w5j,19.935474395751953,,,0.042388059198856354,
4w7t,2.9220852851867676,,,0.5981861352920532,
4w9n,3.8893754482269287,,,0.0,
4w9o,7.612507343292236,,,0.13741028308868408,
4w9p,8.099379539489746,,,0.20604738593101501,
4w9q,2.7444167137145996,,,0.5565177798271179,
4w9s,3.7584431171417236,,,0.494047611951828,
4w9w,6.977148056030273,,,0.29787737131118774,
4wa9,11.362360954284668,,,0.0648745521903038,
4wbg,3.153181552886963,,,0.528430163860321,
4wci,,,,,
4wcu,36.03205871582031,,,0.0,
4wef,16.01553726196289,,,0.0023533671628683805,
4wf2,4.365001201629639,,,0.36598557233810425,
4wf6,3.2627065181732178,,,0.5215252041816711,
4wgi,7.318217754364014,,,0.16776315867900848,
4wh7,3.626626491546631,,,0.43263888359069824,
4whq,3.82682466506958,,,0.299539178609848,
4whr,5.834584712982178,,,0.17684659361839294,
4whs,5.1587114334106445,,,0.19623656570911407,
4wi1,19.31178092956543,,,0.011520047672092915,
4wj5,,,,,
4wj7,,,,,
4wk1,4.476260185241699,,,0.3655063211917877,
4wk2,,,,,
4wk7,2.9035205841064453,,,0.5551108121871948,
4wkb,1.9273173809051514,,,0.686413049697876,
4wkc,3.908208131790161,,,0.4808962345123291,
4wke,5.578605651855469,,,0.29543712735176086,
4wkn,4.08622407913208,,,0.45442140102386475,
4wko,5.406800270080566,,,0.37592440843582153,
4wkp,10.920266151428223,,,0.019200829789042473,
4wks,,,,,
4wkt,,,,,
4wku,3.198892116546631,,,0.5450913310050964,
4wkv,3.4104843139648438,,,0.49065420031547546,
4wmv,2.069017171859741,,,0.7003676295280457,
4wmx,31.199298858642578,,,0.0,
4wmy,8.991701126098633,,,0.10048231482505798,
4wn0,3.5936803817749023,,,0.5019920468330383,
4wn1,14.360025405883789,,,0.0219123512506485,
4wn5,18.139434814453125,,,0.06832405924797058,
4wnm,3.6319918632507324,,,0.49204546213150024,
4wno,1.0677653551101685,,,0.8561643958091736,
4wnp,30.98998260498047,,,0.0,
4wop,4.380283355712891,,,0.43927356600761414,
4wov,24.87653350830078,,,0.0,
4wpf,19.817453384399414,,,0.011817065998911858,
4wq2,22.157304763793945,,,0.0,
4wr7,22.33765983581543,,,0.0,
4wri,9.682296752929688,,,0.11593592166900635,
4wrq,,,,,
4wsj,27.640474319458008,,,0.0,
4wsk,23.521072387695312,,,0.0,
4wtu,8.5635347366333,,,0.27891305088996887,
4wup,24.679222106933594,,,0.0,
4wv6,,,,,
4wvu,,,,,
4ww6,1.6184375286102295,,,0.7168141603469849,
4ww8,23.73751449584961,,,0.0,
4wx4,3.866812229156494,,,0.4214659631252289,
4wx6,18.300918579101562,,,0.00805931631475687,
4wxi,2.197597026824951,,,0.6490031480789185,
4wy1,1.425255298614502,,,0.7852040529251099,
4wy6,2.848090887069702,,,0.5438230633735657,
4wym,,,,,
4wyp,20.782724380493164,,,0.012945670634508133,
4wyy,1.2400524616241455,,,0.8413009643554688,
4wyz,13.771139144897461,,,0.06339225172996521,
4wz4,1.878559947013855,,,0.7703220844268799,
4wz5,9.643420219421387,,,0.022064322605729103,
4wz6,5.404495716094971,,,0.29236453771591187,
4x0f,14.213648796081543,,,0.0030188679229468107,
4x0z,,,,,
4x11,9.931821823120117,,,0.00439453125,
4x13,,,,,
4x14,,,,,
4x1f,2.3864848613739014,,,0.5751634240150452,
4x1n,,,,,
4x1p,,,,,
4x1r,,,,,
4x1s,,,,,
4x24,1.4020097255706787,,,0.744584858417511,
4x2i,4.220179080963135,,,0.44408369064331055,
4x2l,4.409869194030762,,,0.3397817313671112,
4x2s,21.257522583007812,,,0.0,
4x3i,,,,,
4x3k,,,,,
4x3t,7.40109395980835,,,0.02148846909403801,
4x47,1.764451026916504,,,0.7038087248802185,
4x48,11.458209991455078,,,0.10509554296731949,
4x49,2.115795850753784,,,0.6459968686103821,
4x50,12.056144714355469,,,0.05588993802666664,
4x5p,1.839370608329773,,,0.6902777552604675,
4x5r,33.25957489013672,,,0.0,
4x5y,2.549104690551758,,,0.5606866478919983,
4x5z,2.748631477355957,,,0.5134912133216858,
4x60,44.45671081542969,,,0.0,
4x6j,1.242929458618164,,,0.8329346179962158,
4x6k,1.4880536794662476,,,0.7646738886833191,
4x6m,2.5201900005340576,,,0.5919272899627686,
4x6n,10.137563705444336,,,0.159104123711586,
4x6p,17.438474655151367,,,0.0,
4x6x,28.095182418823242,,,0.0,
4x6y,23.14345932006836,,,0.0,
4x7q,13.480633735656738,,,0.01640000008046627,
4x8g,11.944416999816895,,,0.17042607069015503,
4x8o,19.5941219329834,,,0.06669408082962036,
4x8s,3.422793388366699,,,0.5663357377052307,
4x8t,1.480834722518921,,,0.7582204937934875,
4x8u,0.9940782785415649,,,0.8745078444480896,
4xbb,1.4421221017837524,,,0.7582964897155762,
4xbd,9.91673469543457,,,0.1092972606420517,
4xc2,,,,,
4xcb,20.122915267944336,,,0.0005053057102486491,
4xdo,25.589771270751953,,,0.0,
4xek,,,,,
4xg3,11.40054988861084,,,0.1364547610282898,
4xg4,8.644237518310547,,,0.23666365444660187,
4xg6,7.3831024169921875,,,0.2111009955406189,
4xg7,1.2721683979034424,,,0.8328859210014343,
4xg9,22.639089584350586,,,0.00022065313532948494,
4xgz,,,,,
4xhk,0.8739071488380432,,,0.8997933864593506,
4xhl,1.6742230653762817,,,0.7401041388511658,
4xhv,,,,,
4xip,1.45778489112854,,,0.7770897746086121,
4xir,1.227128267288208,,,0.8784953355789185,
4xit,1.5485103130340576,,,0.7751196026802063,
4xjr,14.735274314880371,,,0.008867454715073109,
4xk9,6.053173065185547,,,0.0,
4xm6,3.145439863204956,,,0.513239860534668,
4xm7,1.9801095724105835,,,0.6680418252944946,
4xm8,5.140342712402344,,,0.46352583169937134,
4xmb,5.059729099273682,,,0.2856890559196472,
4xmr,13.868852615356445,,,0.013624841347336769,
4xnv,9.920111656188965,,,0.13804759085178375,
4xnw,22.4788761138916,,,0.00018208303663413972,
4xo8,10.789928436279297,,,0.09105504304170609,
4xoc,26.416994094848633,,,0.0,
4xoe,2.8132388591766357,,,0.6312500238418579,
4xpj,6.279155254364014,,,0.30705520510673523,
4xqa,6.507491588592529,,,0.1639590859413147,
4xqb,7.478123664855957,,,0.16227634251117706,
4xqu,,,,,
4xs2,6.033392906188965,,,0.25785428285598755,
4xsx,19.51896858215332,,,0.0,
4xsy,63.737030029296875,,,0.0,
4xsz,60.459224700927734,,,0.0,
4xt2,18.411439895629883,,,0.012508567422628403,
4xt9,3.5698490142822266,,,0.5004340410232544,
4xta,22.35162353515625,,,0.0,
4xtm,2.341326951980591,,,0.6185661554336548,
4xtp,,,,,
4xtt,7.381050109863281,,,0.18224748969078064,
4xtv,25.040973663330078,,,0.0,
4xty,23.91329002380371,,,0.0,
4xtz,25.097257614135742,,,0.0,
4xu0,21.58785629272461,,,0.00026417753542773426,
4xu2,24.725139617919922,,,9.773260535439476e-05,
4xu3,23.687530517578125,,,0.000698602816555649,
4xub,5.462734222412109,,,0.2775445878505707,
4xue,11.528542518615723,,,0.00852811150252819,
4xum,11.850176811218262,,,0.062016572803258896,
4xuz,2.3647890090942383,,,0.6597612500190735,
4xwk,4.4326090812683105,,,0.3781806528568268,
4xx9,6.461943626403809,,,0.2348484843969345,
4xxh,,,,,
4xxs,3.366948127746582,,,0.4397404193878174,
4xy8,5.6506123542785645,,,0.317732572555542,
4y0a,3.217299461364746,,,0.5105504393577576,
4y24,22.225107192993164,,,0.01133391447365284,
4y29,6.430090427398682,,,0.23486842215061188,
4y2j,1.8884501457214355,,,0.6984251737594604,
4y2p,5.125604629516602,,,0.3653061091899872,
4y2q,1.6506214141845703,,,0.7339285612106323,
4y2s,4.157907485961914,,,0.44466936588287354,
4y2u,4.484881401062012,,,0.3643174171447754,
4y2v,2.1642208099365234,,,0.6641468405723572,
4y2x,4.5135650634765625,,,0.37667351961135864,
4y2y,3.0093746185302734,,,0.5161073803901672,
4y32,,,,,
4y38,3.775620698928833,,,0.4665493071079254,
4y3b,,,,,
4y3j,5.424928665161133,,,0.4080406725406647,
4y3y,3.899618625640869,,,0.47132351994514465,
4y4g,5.748086929321289,,,0.4968017041683197,
4y4j,4.6123762130737305,,,0.3997006118297577,
4y4v,26.733257293701172,,,0.0,
4y59,8.018865585327148,,,0.08457880467176437,
4y5d,4.41804838180542,,,0.34545454382896423,
4y5h,2.898827075958252,,,0.6390489935874939,
4y5s,19.953378677368164,,,0.0,
4y62,8.194250106811523,,,0.10483870655298233,
4y64,8.286121368408203,,,0.18953068554401398,
4y6m,13.00586986541748,,,0.008973858319222927,
4y6p,7.264651775360107,,,0.1729833036661148,
4y6r,15.951188087463379,,,0.0011261261533945799,
4y6s,18.56547737121582,,,0.0035816619638353586,
4y73,15.19151782989502,,,0.0108506940305233,
4y79,2.0813004970550537,,,0.6772918701171875,
4y7r,,,,,
4y8x,3.3125665187835693,,,0.5021536350250244,
4y8z,8.852726936340332,,,0.1284865140914917,
4y94,,,,,
4ya8,15.784050941467285,,,0.04267837107181549,
4yab,22.5338191986084,,,0.0,
4yad,20.897247314453125,,,0.0,
4yas,3.165611982345581,,,0.5250896215438843,
4yay,2.644946813583374,,,0.5455788373947144,
4yb5,9.254517555236816,,,0.0,
4yb6,16.19218635559082,,,0.0,
4ybi,20.8326416015625,,,0.0,
4ybj,20.448755264282227,,,0.0008876694482751191,
4ybk,1.185054063796997,,,0.83885258436203,
4ybs,5.111690521240234,,,0.4187219738960266,
4ybt,4.427188396453857,,,0.42656248807907104,
4yc0,3.6759796142578125,,,0.49425727128982544,
4ycl,4.026421546936035,,,0.3668668568134308,
4ycm,7.658607006072998,,,0.1835329383611679,
4ycn,4.489598751068115,,,0.3683289587497711,
4ydq,4.250831604003906,,,0.3862228989601135,
4yec,,,,,
4yee,,,,,
4yef,,,,,
4yes,4.155003070831299,,,0.3709821403026581,
4yff,44.73463821411133,,,0.0,
4ygf,18.27385139465332,,,0.006031363271176815,
4yh4,1.5859750509262085,,,0.7813574075698853,
4yha,11.29308795928955,,,0.06047197803854942,
4yhp,,,,,
4yhz,,,,,
4yih,5.768805503845215,,,0.2958916127681732,
4yik,6.313335418701172,,,0.18279367685317993,
4yje,,,,,
4yjn,1.1184642314910889,,,0.8652018904685974,
4yk0,12.019428253173828,,,0.04441624507308006,
4ykj,12.029986381530762,,,0.05320150777697563,
4ykk,14.952922821044922,,,0.008488964289426804,
4ylu,27.809789657592773,,,0.0,
4ym2,,,,,
4ym4,,,,,
4ymb,15.98612117767334,,,0.004856418818235397,
4ymh,32.31475067138672,,,0.0,
4yml,3.3489410877227783,,,0.5,
4ymx,21.717077255249023,,,0.0,
4ynd,7.361147880554199,,,0.23533950746059418,
4ynk,4.486125946044922,,,0.4011335074901581,
4ynl,,,,,
4yog,4.0600266456604,,,0.4254787564277649,
4yoi,2.4322147369384766,,,0.6247563362121582,
4yoj,3.2712562084198,,,0.5128558278083801,
4yoz,,,,,
4yp1,4.882498264312744,,,0.3383813202381134,
4yp8,14.462733268737793,,,0.0416441336274147,
4ypf,11.357253074645996,,,0.039972901344299316,
4yqm,15.486494064331055,,,0.03018372692167759,
4yqu,15.439547538757324,,,0.015439430251717567,
4yqv,19.563899993896484,,,0.00024131273676175624,
4yrc,10.387408256530762,,,0.06981982290744781,
4yrd,14.097420692443848,,,0.021545827388763428,
4yrg,10.825295448303223,,,0.05188679322600365,
4yrr,32.28665542602539,,,0.0,
4yrs,10.55610466003418,,,0.047845374792814255,
4yrt,13.155302047729492,,,0.013437850400805473,
4ysi,,,,,
4ysl,7.625133037567139,,,0.1823144108057022,
4yuw,8.579917907714844,,,0.15996503829956055,
4yux,2.635215997695923,,,0.5746492743492126,
4yv0,6.638510704040527,,,0.0,
4yv1,6.598235607147217,,,0.001165889436379075,
4yv2,6.655035972595215,,,0.20879501104354858,
4yv5,,,,,
4yv9,,,,,
4yve,27.74740982055664,,,0.0,
4yvz,5.441751003265381,,,0.3358536660671234,
4yw2,,,,,
4yw6,42.66318893432617,,,0.0,
4yw7,7.941716194152832,,,0.0,
4ywa,11.895410537719727,,,0.018330050632357597,
4yx4,1.9614168405532837,,,0.7036764621734619,
4yx9,13.30854320526123,,,0.0398738868534565,
4yxd,38.34498596191406,,,0.0,
4yxu,1.7029953002929688,,,0.731783926486969,
4yy6,,,,,
4yyi,,,,,
4yym,,,,,
4yyn,,,,,
4yyt,0.8323056101799011,,,0.9038978219032288,
4yz5,,,,,
4yz9,36.94384002685547,,,0.0,
4z07,6.6121978759765625,,,0.20862926542758942,
4z0d,,,,,
4z0e,,,,,
4z0k,1.5053720474243164,,,0.7813513278961182,
4z1s,25.097787857055664,,,0.0,
4z2o,,,,,
4z2p,,,,,
4z6h,27.828107833862305,,,0.0,
4z7f,29.70417022705078,,,0.0,
4z7i,,,,,
4z7n,,,,,
4z7o,,,,,
4z7q,,,,,
4z89,,,,,
4z8a,,,,,
4z8d,19.781343460083008,,,0.0,
4z8m,,,,,
4z90,2.1868906021118164,,,0.2822115421295166,
4z9l,7.025770664215088,,,0.22547170519828796,
4za0,14.878808975219727,,,0.0060901339165866375,
4zam,4.971024513244629,,,0.3446445167064667,
4zb8,5.561710357666016,,,0.26396745443344116,
4zba,13.025436401367188,,,0.011264217086136341,
4zcs,12.051280975341797,,,0.07881024479866028,
4zcw,15.998099327087402,,,0.005649717524647713,
4ze6,6.706547737121582,,,0.36678004264831543,
4zeb,,,,,
4zec,4.059240818023682,,,0.5618941187858582,
4zed,8.084291458129883,,,0.1487397402524948,
4zei,3.4982762336730957,,,0.4796634018421173,
4zek,3.802337408065796,,,0.4637632966041565,
4zfi,18.595949172973633,,,0.0003518648736644536,
4zg6,23.142475128173828,,,0.0040085515938699245,
4zh2,17.581003189086914,,,0.0,
4zh3,15.821296691894531,,,0.0,
4zh4,25.904117584228516,,,0.0,
4zhl,,,,,
4zij,8.834405899047852,,,0.20060373842716217,
4zip,5.817084789276123,,,0.2367948740720749,
4zjc,6.046673774719238,,,0.22656765580177307,
4zjj,27.818578720092773,,,0.0,
4zjr,23.17778778076172,,,0.00029904305119998753,
4zjw,13.763914108276367,,,0.023004265502095222,
4zk5,3.334773302078247,,,0.5362790822982788,
4zki,13.612060546875,,,0.010917838662862778,
4zla,16.915706634521484,,,0.0013940520584583282,
4zly,0.7705920934677124,,,0.9170984625816345,
4zlz,3.6829752922058105,,,0.498079389333725,
4zme,15.486162185668945,,,0.005438859574496746,
4zmf,23.206464767456055,,,0.0,
4znx,,,,,
4zo5,14.431761741638184,,,0.009275815449655056,
4zom,22.890207290649414,,,0.0009068923536688089,
4zow,5.529827117919922,,,0.33538544178009033,
4zpe,5.927303314208984,,,0.24458599090576172,
4zpf,8.86890697479248,,,0.19037801027297974,
4zpg,3.6674258708953857,,,0.4613245725631714,
4zph,13.758705139160156,,,0.0,
4zro,,,,,
4zs2,8.304756164550781,,,0.16338582336902618,
4zs3,8.368218421936035,,,0.23085688054561615,
4zs9,,,,,
4zsg,8.670758247375488,,,0.1781708300113678,
4zsh,2.9668588638305664,,,0.5183060169219971,
4zsj,5.320847034454346,,,0.30981308221817017,
4zsm,33.06261444091797,,,0.0,
4zsp,22.834192276000977,,,0.00021551724057644606,
4zsq,24.87508773803711,,,0.0,
4zsr,23.949989318847656,,,0.0,
4zt8,3.222256898880005,,,0.5153186321258545,
4ztr,7.666522979736328,,,0.29020729660987854,
4zts,11.47753620147705,,,0.15474529564380646,
4zum,6.963833808898926,,,0.21612761914730072,
4zun,11.448172569274902,,,0.0654689371585846,
4zuo,6.753473281860352,,,0.23380447924137115,
4zup,1.4528000354766846,,,0.7628865838050842,
4zuq,1.7468112707138062,,,0.7045952081680298,
4zur,2.053321361541748,,,0.6218074560165405,
4zv1,4.110246181488037,,,0.4019121825695038,
4zv2,4.092769622802734,,,0.4307228922843933,
4zw3,1.4256256818771362,,,0.7994012236595154,
4zw5,2.9130666255950928,,,0.5824715495109558,
4zw6,2.771111488342285,,,0.5651965737342834,
4zw7,3.5104610919952393,,,0.4897489547729492,
4zwx,4.155729293823242,,,0.4089635908603668,
4zwy,,,,,
4zwz,,,,,
4zx0,5.116661548614502,,,0.32047414779663086,
4zx1,1.765635371208191,,,0.7112299203872681,
4zx3,4.774325847625732,,,0.40836524963378906,
4zx8,42.69084167480469,,,0.0,
4zx9,16.696828842163086,,,0.0007616146467626095,
4zy2,31.7428035736084,,,0.0,
4zy4,12.362943649291992,,,0.030970625579357147,
4zy5,12.336684226989746,,,0.03252032399177551,
4zyc,6.231176853179932,,,0.12272993475198746,
4zyt,3.915067434310913,,,0.48962655663490295,
4zyu,4.6007585525512695,,,0.3798960745334625,
4zyv,1.9237467050552368,,,0.6708984375,
4zyw,2.7144579887390137,,,0.5268361568450928,
4zyx,3.351900815963745,,,0.5137812495231628,
4zyy,3.6551907062530518,,,0.5377399921417236,
4zyz,2.9600985050201416,,,0.6086956262588501,
4zz0,4.1987385749816895,,,0.4237288236618042,
4zz1,3.70223069190979,,,0.5679348111152649,
4zzd,15.558765411376953,,,0.031207827851176262,
4zzx,,,,0.0,
4zzz,14.838725090026855,,,0.025779375806450844,
5a00,2.8523879051208496,,,0.5924479365348816,
5a0a,3.8562655448913574,,,0.4218340516090393,
5a0b,5.614336013793945,,,0.2619446814060211,
5a0c,6.834413051605225,,,0.2081567794084549,
5a0e,,,,,
5a1f,2.130819082260132,,,0.6633166074752808,
5a2i,,,,,
5a2j,,,,,
5a3h,,,,,
5a3n,3.8920254707336426,,,0.42596811056137085,
5a3t,4.386580944061279,,,0.3633093535900116,
5a3w,3.375880479812622,,,0.48908731341362,
5a3x,26.180360794067383,,,0.0,
5a46,26.118940353393555,,,0.0,
5a4c,28.06680679321289,,,0.0,
5a54,28.251495361328125,,,0.0,
5a5d,3.18798565864563,,,0.5751072764396667,
5a5p,3.8679797649383545,,,0.42003852128982544,
5a5q,2.9024715423583984,,,0.547468364238739,
5a5r,5.482386589050293,,,0.3200245797634125,
5a5s,5.882792949676514,,,0.2748161852359772,
5a5v,7.04076623916626,,,0.21176470816135406,
5a69,4.155090808868408,,,0.37985309958457947,
5a6a,2.022368907928467,,,0.6641025543212891,
5a6b,5.606238842010498,,,0.25418660044670105,
5a6h,2.8403968811035156,,,0.5726087093353271,
5a6k,2.6272966861724854,,,0.5773121118545532,
5a6n,18.932668685913086,,,0.0,
5a6x,4.9027791023254395,,,0.13686534762382507,
5a7c,10.461617469787598,,,0.04216507077217102,
5a7i,,,,,
5a7j,,,,,
5a7y,9.416866302490234,,,0.09590643644332886,
5a81,3.433351516723633,,,0.489761084318161,
5a82,3.6524360179901123,,,0.580089807510376,
5a83,3.3278605937957764,,,0.5011587738990784,
5a85,1.9981021881103516,,,0.613179087638855,
5a8y,4.000349044799805,,,0.4207875430583954,
5a8z,2.639418601989746,,,0.6328760385513306,
5a9u,1.8449671268463135,,,0.7165403962135315,
5aa8,2.0827133655548096,,,0.6759708523750305,
5aa9,1.9110987186431885,,,0.6930817365646362,
5aaa,1.8417530059814453,,,0.7355769276618958,
5aab,2.187670946121216,,,0.6720914244651794,
5aac,2.1875336170196533,,,0.6284584999084473,
5aae,2.302849769592285,,,0.6594594717025757,
5aag,3.2670207023620605,,,0.5041133165359497,
5ab1,,,,,
5ab9,16.431827545166016,,,0.012430938892066479,
5aba,18.600313186645508,,,0.005140186753123999,
5abe,31.023033142089844,,,0.0,
5abf,29.684030532836914,,,0.0,
5abg,29.936887741088867,,,0.0,
5abh,31.975975036621094,,,0.0,
5abp,3.386674165725708,,,0.4945904314517975,
5abw,7.740650653839111,,,0.30209222435951233,
5acw,10.623495101928711,,,0.0804794505238533,
5acx,10.036062240600586,,,0.1817115992307663,
5ad1,3.73266339302063,,,0.4232643246650696,
5adq,3.316175937652588,,,0.5586627125740051,
5aes,10.14253044128418,,,0.08951355516910553,
5afj,12.599762916564941,,,0.09760956466197968,
5afk,6.946340560913086,,,0.0010060361819341779,
5afl,4.177554607391357,,,0.304788202047348,
5afm,8.885207176208496,,,0.0,
5afn,22.83104705810547,,,0.0,
5afx,4.335700988769531,,,0.38624680042266846,
5agu,,,,,
5agv,,,,,
5ah2,,,,,
5ahj,14.105978965759277,,,0.0,
5ahu,8.186339378356934,,,0.1557750701904297,
5ahw,12.991695404052734,,,0.027162259444594383,
5ai1,,,,,
5ai5,4.353716850280762,,,0.38044795393943787,
5ai6,3.602466583251953,,,0.40872302651405334,
5ai9,3.3993473052978516,,,0.5216942429542542,
5aia,1.1917800903320312,,,0.7837591171264648,
5aib,1.9240708351135254,,,0.6864035129547119,
5aic,1.5660300254821777,,,0.7670843005180359,
5aip,3.425930976867676,,,0.4394778609275818,
5ais,16.90599822998047,,,0.0010857763700187206,
5aiv,13.334141731262207,,,0.0162805262953043,
5ajc,,,,,
5ajo,,,,,
5ajp,,,,,
5ak3,9.597265243530273,,,0.05600358545780182,
5ak6,4.593323707580566,,,0.37060996890068054,
5ake,8.773131370544434,,,0.19504915177822113,
5akg,3.3689260482788086,,,0.4590361416339874,
5akh,5.577496528625488,,,0.34168335795402527,
5aki,4.96969747543335,,,0.4119444489479065,
5akj,4.188418388366699,,,0.46885666251182556,
5akk,12.97343635559082,,,0.01706349290907383,
5akl,5.782425880432129,,,0.338288277387619,
5aku,13.72618579864502,,,0.023564064875245094,
5akw,14.895024299621582,,,0.00703376205638051,
5akz,5.878125190734863,,,0.4357670843601227,
5al2,12.560641288757324,,,0.04018912464380264,
5al3,5.897912502288818,,,0.291011780500412,
5alb,3.6867175102233887,,,0.44984325766563416,
5alc,2.6548421382904053,,,0.5664557218551636,
5ald,5.095560073852539,,,0.37962964177131653,
5ale,4.147146224975586,,,0.4075121283531189,
5alg,4.824009418487549,,,0.3123725354671478,
5alh,9.40733814239502,,,0.17245370149612427,
5all,4.413368225097656,,,0.4041164517402649,
5alm,2.802051544189453,,,0.6014598608016968,
5aln,6.420775890350342,,,0.2998347878456116,
5alo,6.74204683303833,,,0.1576719582080841,
5alr,7.111538887023926,,,0.27915987372398376,
5als,2.220302104949951,,,0.6469506025314331,
5alu,27.83330535888672,,,0.0,
5alx,2.8605263233184814,,,0.5287063717842102,
5aly,6.675455570220947,,,0.21854305267333984,
5alz,5.709273815155029,,,0.28241491317749023,
5am0,7.634277820587158,,,0.22265625,
5am1,9.772809982299805,,,0.22089733183383942,
5am2,4.000209808349609,,,0.42626726627349854,
5am3,6.116549968719482,,,0.29615384340286255,
5am4,4.39797830581665,,,0.41721853613853455,
5am5,3.5311667919158936,,,0.47971975803375244,
5amn,2.161569356918335,,,0.7078103423118591,
5anq,23.57806968688965,,,0.0,
5ant,18.253568649291992,,,0.0008626639028079808,
5anu,2.0920491218566895,,,0.6324269771575928,
5anv,2.064074754714966,,,0.6825318932533264,
5aoi,15.63444709777832,,,0.003271027933806181,
5aok,15.560019493103027,,,0.008687258698046207,
5aol,10.165611267089844,,,0.193359375,
5aom,15.141258239746094,,,0.018852459266781807,
5ap0,2.0311100482940674,,,0.7058258652687073,
5ap3,2.339813470840454,,,0.6620489954948425,
5aph,5.223602771759033,,,0.22591836750507355,
5apj,4.167835712432861,,,0.3800465762615204,
5aqk,2.121105194091797,,,0.6704545617103577,
5aqn,16.054264068603516,,,0.002481389557942748,
5aqo,31.907167434692383,,,0.0,
5aqp,22.70758628845215,,,0.0,
5aqr,16.76392364501953,,,0.0015188335673883557,
5aqz,4.308440208435059,,,0.374078631401062,
5ar4,8.175296783447266,,,0.13317756354808807,
5ar5,3.8071515560150146,,,0.41020312905311584,
5av0,6.148974895477295,,,0.3169953525066376,
5ave,2.7465758323669434,,,0.5757389068603516,
5avi,17.86896514892578,,,0.006264568772166967,
5awj,4.033007621765137,,,0.41744187474250793,
5ax3,4.02040958404541,,,0.3935999870300293,
5axp,13.798526763916016,,,0.013679618947207928,
5axq,13.711216926574707,,,0.02190721593797207,
5ayy,8.681280136108398,,,0.03253865987062454,
5azf,,,,,
5azg,,,,,
5b0x,2.145522117614746,,,0.6546875238418579,
5b1s,22.56930923461914,,,0.0,
5b2d,,,,,
5b4k,13.103717803955078,,,0.02080645225942135,
5b4l,13.07858657836914,,,0.020399780943989754,
5b56,,,,,
5b5b,20.334901809692383,,,0.00031847134232521057,
5b5f,3.1465890407562256,,,0.5216962695121765,
5b5g,6.988609790802002,,,0.2509816884994507,
5b5o,1.715875267982483,,,0.6995614171028137,
5b5p,6.305656909942627,,,0.23777329921722412,
5bjt,,,,,
5bml,28.022043228149414,,,0.0,
5bnj,6.930482387542725,,,0.2620334029197693,
5bnm,24.296119689941406,,,0.0,
5boj,6.795208930969238,,,0.25626203417778015,
5bot,9.615964889526367,,,0.2071901559829712,
5boy,5.521117210388184,,,0.34502488374710083,
5bpe,7.25682258605957,,,0.20826862752437592,
5bpp,3.2110350131988525,,,0.5256869792938232,
5bqg,11.974769592285156,,,0.0805976465344429,
5bqh,11.930428504943848,,,0.09320323169231415,
5brn,19.123958587646484,,,0.009070655331015587,
5brz,,,,,
5bs0,,,,,
5bsk,26.337158203125,,,0.0,
5btr,,,,,
5btv,,,,,
5btx,14.409317016601562,,,0.03850619122385979,
5bue,6.901430606842041,,,0.25969645380973816,
5buj,5.754135608673096,,,0.2991718351840973,
5bvf,1.4043470621109009,,,0.7515015006065369,
5bvn,2.709770441055298,,,0.5856481194496155,
5bvw,4.282397747039795,,,0.36661073565483093,
5bwb,5.41912317276001,,,0.33571428060531616,
5bwc,2.588714361190796,,,0.6240875720977783,
5byy,2.6757357120513916,,,0.5778947472572327,
5c0k,2.3639769554138184,,,0.6746575236320496,
5c0m,,,,,
5c11,,,,,
5c13,,,,,
5c1w,9.357137680053711,,,0.12185430526733398,
5c1x,19.694496154785156,,,0.007632565684616566,
5c1y,3.8684048652648926,,,0.42494601011276245,
5c20,2.191235065460205,,,0.6455621123313904,
5c26,4.317511081695557,,,0.4377948045730591,
5c2e,14.119488716125488,,,0.031191516667604446,
5c2h,14.639754295349121,,,0.029069768264889717,
5c2o,21.09547996520996,,,0.0,
5c3p,25.392108917236328,,,0.0,
5c4k,28.19890785217285,,,0.0,
5c4l,17.505884170532227,,,0.0020072993356734514,
5c4o,6.003671646118164,,,0.2850087285041809,
5c4s,5.483286380767822,,,0.2937743067741394,
5c4t,5.960516929626465,,,0.23515795171260834,
5c5t,17.398950576782227,,,0.000806451600510627,
5c6o,6.546492099761963,,,0.1609518975019455,
5c6p,11.570563316345215,,,0.04759933799505234,
5c6v,,,,,
5c7a,2.5374014377593994,,,0.599644124507904,
5c7b,3.2104456424713135,,,0.5015957355499268,
5c7c,2.3928425312042236,,,0.6089637875556946,
5c7d,2.711406707763672,,,0.5826446413993835,
5c7e,,,,,
5c7f,,,,,
5c83,3.967540740966797,,,0.4427609443664551,
5c84,3.619009256362915,,,0.4855247139930725,
5c85,2.829071044921875,,,0.6117021441459656,
5c87,3.1917786598205566,,,0.4821428656578064,
5c8k,1.6557050943374634,,,0.7589880228042603,
5cas,1.6470744609832764,,,0.7664319276809692,
5cbr,5.696896076202393,,,0.28386640548706055,
5cbs,26.89771270751953,,,0.0,
5cc2,3.296952962875366,,,0.4787808656692505,
5ccm,3.026170492172241,,,0.5218160152435303,
5ceh,3.6936542987823486,,,0.4464071989059448,
5cei,1.8980461359024048,,,0.6826777458190918,
5cep,1.3218929767608643,,,0.87806636095047,
5ceq,5.827888488769531,,,0.3854886591434479,
5cf4,30.225923538208008,,,0.0,
5cf5,27.627582550048828,,,0.0,
5cf6,28.940799713134766,,,0.0,
5cf8,28.69606590270996,,,0.0,
5cfa,,,,,
5cil,,,,,
5cin,,,,,
5cj6,3.543426036834717,,,0.46660423278808594,
5cks,17.31039047241211,,,0.0005971337668597698,
5clm,6.118624210357666,,,0.25226813554763794,
5cnj,15.106822967529297,,,0.04901036620140076,
5cnm,1.7095392942428589,,,0.7737113237380981,
5cp5,3.5325355529785156,,,0.45072463154792786,
5cp9,16.382179260253906,,,0.0,
5cpr,7.088659763336182,,,0.22799696028232574,
5cqt,1.8708593845367432,,,0.6412655711174011,
5cqx,,,,,
5cr7,26.289846420288086,,,0.0,
5cs2,,,,,
5cs5,21.533720016479492,,,0.00040849673678167164,
5cs6,23.15896224975586,,,0.0,
5csd,13.494470596313477,,,0.04159802198410034,
5csh,19.02304458618164,,,0.0035787320230156183,
5cso,1.903856635093689,,,0.6923728585243225,
5cst,5.075562000274658,,,0.3615763485431671,
5csx,2.6449575424194336,,,0.626503586769104,
5csz,,,,,
5ctb,21.5035343170166,,,0.0008310249540954828,
5ctc,22.47235107421875,,,0.00794979091733694,
5cte,5.265822410583496,,,0.25757575035095215,
5cu4,8.884085655212402,,,0.20373134315013885,
5cuq,19.67013168334961,,,0.023449920117855072,
5cvd,,,,,
5cw8,11.485246658325195,,,0.061067771166563034,
5cxi,7.0651044845581055,,,0.26032912731170654,
5cy3,1.6439019441604614,,,0.7744638323783875,
5cy9,1.7388886213302612,,,0.7420212626457214,
5cyv,7.5653462409973145,,,0.15446487069129944,
5czb,35.163665771484375,,,0.0,
5czm,3.186814069747925,,,0.6037005186080933,
5d0c,1.816400170326233,,,0.6704545617103577,
5d0j,,,,,
5d10,8.04936695098877,,,0.14219538867473602,
5d12,19.011077880859375,,,0.00031387319904752076,
5d1j,1.8940008878707886,,,0.6824840903282166,
5d1r,6.952197074890137,,,0.20568647980690002,
5d1s,3.6400578022003174,,,0.4745316207408905,
5d1u,4.64268159866333,,,0.3842756152153015,
5d1w,21.458845138549805,,,0.0,
5d21,39.270118713378906,,,0.0,
5d29,3.7622954845428467,,,0.4603274464607239,
5d2a,,,,,
5d2r,6.2525763511657715,,,0.3055555522441864,
5d3c,4.149790287017822,,,0.5076201558113098,
5d3x,16.063621520996094,,,0.015190524980425835,
5d6e,2.39638352394104,,,0.63607257604599,
5d6f,2.9431052207946777,,,0.5379109382629395,
5d6p,19.70191192626953,,,0.00041946308920159936,
5d6q,18.46802520751953,,,0.003929866943508387,
5d6y,,,,,
5d75,8.374224662780762,,,0.16321344673633575,
5d7a,12.585823059082031,,,0.04641648009419441,
5d7e,,,,,
5d9p,,,,,
5da3,2.3133385181427,,,0.6585081815719604,
5dah,,,,,
5db0,3.2320852279663086,,,0.45616570115089417,
5db2,3.5034422874450684,,,0.4182070195674896,
5db3,1.9438633918762207,,,0.6894171833992004,
5dd0,,,,,
5dda,1.4412118196487427,,,0.7474526762962341,
5ddc,1.3475992679595947,,,0.7774869203567505,
5ddd,1.5261099338531494,,,0.7444267272949219,
5dde,1.4360687732696533,,,0.7748091816902161,
5dex,3.0106635093688965,,,0.5416197776794434,
5dfp,3.4843132495880127,,,0.5106167793273926,
5dg6,16.774316787719727,,,0.005681818351149559,
5dgj,3.004347562789917,,,0.5849376916885376,
5dgm,3.8136467933654785,,,0.5016170740127563,
5dh4,15.92503547668457,,,0.007371007464826107,
5dhf,,,,,
5dhg,18.788681030273438,,,0.010948904789984226,
5dhj,2.8285863399505615,,,0.5966796875,
5dhq,9.016301155090332,,,0.047439757734537125,
5diq,2.0583698749542236,,,0.7577720284461975,
5dit,7.077589511871338,,,0.17901012301445007,
5div,5.573430061340332,,,0.26249998807907104,
5dj5,7.678414821624756,,,0.1723790317773819,
5djv,3.1731197834014893,,,0.553428590297699,
5dk4,6.079237937927246,,,0.25809717178344727,
5dls,3.271622896194458,,,0.563829779624939,
5dlv,15.325482368469238,,,0.0011781338835135102,
5dlx,5.304841041564941,,,0.41694819927215576,
5dms,,,,,
5dnu,2.466062307357788,,,0.5985915660858154,
5doh,14.406477928161621,,,0.0007331378292292356,
5dp4,19.63702964782715,,,0.0,
5dp6,9.303277015686035,,,0.024982530623674393,
5dp7,3.0774738788604736,,,0.5289743542671204,
5dp8,3.5994627475738525,,,0.44220665097236633,
5dpa,4.253469944000244,,,0.4499525725841522,
5dpw,,,,,
5dpx,10.647004127502441,,,0.1077127680182457,
5dqc,8.662130355834961,,,0.2004534751176834,
5drc,2.7916452884674072,,,0.5560685992240906,
5dri,2.222944974899292,,,0.5984951853752136,
5drq,2.8292810916900635,,,0.5340670943260193,
5drt,12.998307228088379,,,0.07859477400779724,
5dry,15.06883716583252,,,0.01594650186598301,
5dsx,16.52298927307129,,,0.020496373996138573,
5dtj,20.455503463745117,,,0.01989966630935669,
5dtq,12.120798110961914,,,0.06255526095628738,
5dtr,10.50656795501709,,,0.11697806417942047,
5dts,20.987529754638672,,,0.0,
5dus,3.2757327556610107,,,0.5357415676116943,
5dv2,7.394567012786865,,,0.17201627790927887,
5dv4,7.464326858520508,,,0.19704653322696686,
5dw1,27.493019104003906,,,0.0010442773345857859,
5dwr,1.6004661321640015,,,0.762635350227356,
5dx3,,,,,
5dx4,3.6934566497802734,,,0.409970223903656,
5dxb,,,,,
5dxh,42.888553619384766,,,0.0,
5dy7,3.9743409156799316,,,0.40664273500442505,
5dya,5.837929725646973,,,0.2958199381828308,
5dyo,6.452419757843018,,,0.17051100730895996,
5dyw,9.983097076416016,,,0.10648854821920395,
5dyy,18.632539749145508,,,0.0009933775290846825,
5e0a,22.766109466552734,,,0.001291989698074758,
5e0g,5.798812389373779,,,0.32571181654930115,
5e0h,7.115111351013184,,,0.25052890181541443,
5e0j,4.396734237670898,,,0.43103447556495667,
5e0l,,,,,
5e13,5.901595592498779,,,0.39086687564849854,
5e1b,,,,,
5e1d,,,,,
5e1m,,,,,
5e1s,2.0416619777679443,,,0.7064372897148132,
5e2m,18.931251525878906,,,0.0,
5e2n,16.483592987060547,,,0.015428727492690086,
5e2o,9.496903419494629,,,0.14881356060504913,
5e2p,9.732242584228516,,,0.16583696007728577,
5e3a,,,,,
5e3g,3.654400110244751,,,0.5589005351066589,
5e6o,,,,,
5e73,6.053544044494629,,,0.27045726776123047,
5e74,5.193477153778076,,,0.30558690428733826,
5e7n,8.3414888381958,,,0.14672061800956726,
5e88,4.013539791107178,,,0.4662017226219177,
5e8a,6.121289253234863,,,0.38732004165649414,
5e8f,,,,,
5e8r,7.1071953773498535,,,0.2600588798522949,
5ea4,5.890091896057129,,,0.3435457646846771,
5ea5,4.089466571807861,,,0.40439093112945557,
5ea7,6.7655744552612305,,,0.3459821343421936,
5eay,,,,,
5eb2,9.423914909362793,,,0.15663057565689087,
5eb3,28.757591247558594,,,0.0,
5ece,26.03463363647461,,,0.0,
5ect,15.705894470214844,,,0.0626969113945961,
5ecv,2.7121288776397705,,,0.5541915893554688,
5edb,2.214655637741089,,,0.645901620388031,
5edd,10.817621231079102,,,0.15376105904579163,
5edi,15.221753120422363,,,0.03795662149786949,
5edl,2.101198434829712,,,0.6713102459907532,
5eds,5.6319780349731445,,,0.2981327772140503,
5ee7,12.078320503234863,,,0.15300734341144562,
5ee8,2.066149950027466,,,0.6757392287254333,
5eec,21.013601303100586,,,0.0,
5eei,20.80086898803711,,,0.0,
5eeq,,,,,
5efb,2.697786569595337,,,0.5929951667785645,
5efc,25.964298248291016,,,0.0,
5efh,20.5495548248291,,,0.0,
5efj,,,,,
5egs,18.36940574645996,,,0.0,
5eh5,2.0285773277282715,,,0.6945754885673523,
5eh7,3.6392264366149902,,,0.4462738335132599,
5eh8,4.285080432891846,,,0.4154786169528961,
5ehp,34.61314010620117,,,0.0,
5ehv,4.602332592010498,,,0.3764285743236542,
5ehw,2.5902557373046875,,,0.5941246747970581,
5ei2,1.963858962059021,,,0.6752163171768188,
5ei6,1.5621477365493774,,,0.7390661835670471,
5ei8,3.4792330265045166,,,0.5417046546936035,
5eif,21.749988555908203,,,0.0,
5eiw,27.891998291015625,,,0.0,
5eje,19.673601150512695,,,0.02097339928150177,
5ejl,2.8569180965423584,,,0.5037657022476196,
5ekh,0.9898184537887573,,,0.87890625,
5ekj,1.9484108686447144,,,0.7365471124649048,
5ekm,3.7516140937805176,,,0.5327585935592651,
5ekn,9.1275053024292,,,0.21639472246170044,
5ekx,17.043521881103516,,,0.0027624310459941626,
5el2,4.920668601989746,,,0.37034738063812256,
5el9,27.274391174316406,,,0.0,
5eld,,,,,
5ele,,,,,
5elf,,,,,
5elq,,,,,
5elv,4.964435577392578,,,0.35673442482948303,
5elw,22.370990753173828,,,0.0,
5ely,7.907054424285889,,,0.14345887303352356,
5elz,9.149598121643066,,,0.16893424093723297,
5em9,,,,,
5ema,,,,,
5emb,,,,,
5emj,50.12358093261719,,,0.0,
5en3,10.403010368347168,,,0.15839160978794098,
5enb,4.015195369720459,,,0.4001196026802063,
5enc,2.0838358402252197,,,0.6752049326896667,
5ene,3.7633559703826904,,,0.5385135412216187,
5enf,1.5509072542190552,,,0.7747747898101807,
5enh,1.8632416725158691,,,0.6493993997573853,
5eni,2.176161289215088,,,0.6040268540382385,
5enj,1.915075659751892,,,0.6306451559066772,
5enk,6.898642539978027,,,0.20845070481300354,
5enm,6.799399375915527,,,0.21454711258411407,
5eoc,,,,,
5eok,,,,,
5eom,34.90696334838867,,,0.0,
5eou,12.476420402526855,,,0.06633416563272476,
5ep7,1.250891089439392,,,0.9412532448768616,
5epk,,,,,
5epl,,,,,
5epn,2.6644253730773926,,,0.568703830242157,
5epr,3.267124891281128,,,0.5708447098731995,
5eps,3.3976528644561768,,,0.567915678024292,
5eq0,,,,,
5eqp,19.967187881469727,,,0.0007122507086023688,
5eqq,,,,,
5er1,7.018012046813965,,,0.26180970668792725,
5er2,5.5779709815979,,,0.3855108618736267,
5es1,1.3799771070480347,,,0.764140248298645,
5esq,,,,,
5eta,,,,,
5etb,1.4401017427444458,,,0.7701388597488403,
5etf,,,,,
5eth,23.20252227783203,,,0.0003300330135971308,
5etl,7.956320285797119,,,0.014000000432133675,
5etu,,,,,
5etx,12.213521957397461,,,0.0,
5eu1,25.225149154663086,,,0.0,
5eud,7.564657211303711,,,0.2282184660434723,
5eue,5.824158191680908,,,0.30786824226379395,
5euk,,,,,
5ev8,5.97249698638916,,,0.1069880798459053,
5evb,3.4734432697296143,,,0.6106060743331909,
5evz,22.635501861572266,,,0.0,
5ewa,7.3544158935546875,,,0.07215908914804459,
5ewd,4.891636848449707,,,0.4694989025592804,
5ewh,2.5946269035339355,,,0.6652047038078308,
5ewm,6.19966983795166,,,0.0,
5ewy,5.496639251708984,,,0.2727055549621582,
5exl,2.5094492435455322,,,0.6447368264198303,
5exw,23.280946731567383,,,0.0,
5ey0,12.004765510559082,,,0.09749801456928253,
5ey4,21.92111587524414,,,0.0,
5ey8,38.1547737121582,,,0.0,
5ey9,33.3958625793457,,,0.0,
5eyr,4.811463832855225,,,0.36494022607803345,
5eyz,,,,,
5ez0,,,,,
5ezx,3.9209415912628174,,,0.43616390228271484,
5ezz,4.000227928161621,,,0.39162009954452515,
5f00,1.6185946464538574,,,0.7385355234146118,
5f01,1.9862735271453857,,,0.6988243460655212,
5f08,3.7286009788513184,,,0.47748374938964844,
5f1c,10.222467422485352,,,0.0,
5f1h,25.165740966796875,,,0.0,
5f1j,3.838036060333252,,,0.4545769691467285,
5f1u,12.53892707824707,,,0.04975946992635727,
5f1v,6.413158893585205,,,0.0,
5f1x,22.379606246948242,,,0.0,
5f25,27.191505432128906,,,0.0,
5f2f,3.571775197982788,,,0.4273228943347931,
5f2k,10.35133171081543,,,0.10037406533956528,
5f2r,23.912311553955078,,,0.0,
5f2s,21.447664260864258,,,0.0,
5f2u,,,,,
5f2w,20.586353302001953,,,0.0,
5f32,21.186676025390625,,,0.0,
5f39,21.00018882751465,,,0.0,
5f3c,18.395999908447266,,,0.0,
5f3e,18.533498764038086,,,0.0003405994502827525,
5f3g,30.104524612426758,,,0.0,
5f3i,19.48677635192871,,,0.0,
5f4n,2.110229969024658,,,0.6615250110626221,
5f5b,,,,,
5f67,,,,,
5f6d,1.4009889364242554,,,0.7771362662315369,
5f6u,4.594823837280273,,,0.3678571283817291,
5f74,4.040773868560791,,,0.3650793731212616,
5f8y,16.02437973022461,,,0.00200803205370903,
5f90,,,,,
5f91,11.846742630004883,,,0.0,
5f94,15.5215425491333,,,0.0002699783944990486,
5f95,9.809581756591797,,,0.06725145876407623,
5f9b,19.924293518066406,,,0.00023854961909819394,
5fah,4.408083438873291,,,0.41604477167129517,
5fb0,,,,,
5fb1,,,,,
5fb7,12.978376388549805,,,0.046269726008176804,
5fbe,4.163192272186279,,,0.4424569010734558,
5fbi,5.469546318054199,,,0.3731721043586731,
5fbo,3.399099111557007,,,0.497903972864151,
5fck,2.068500280380249,,,0.6438171863555908,
5fcz,2.959197998046875,,,0.5856443643569946,
5fdc,2.781513214111328,,,0.57855623960495,
5fdi,3.1729586124420166,,,0.5151245594024658,
5fdo,11.48434066772461,,,0.016494549810886383,
5fdr,8.054969787597656,,,0.07693740725517273,
5fdz,16.61077880859375,,,0.00487276678904891,
5fe6,16.180131912231445,,,0.00856793113052845,
5fe7,8.632514953613281,,,0.10467381030321121,
5fh6,14.408246040344238,,,0.013222331181168556,
5fh8,11.211392402648926,,,0.019101595506072044,
5fhm,6.338525772094727,,,0.25792989134788513,
5fhn,3.452981472015381,,,0.49399223923683167,
5fho,23.386445999145508,,,0.0,
5fi2,12.585319519042969,,,0.08608695864677429,
5fi6,5.615612506866455,,,0.2615755498409271,
5fi7,14.400842666625977,,,0.04884105920791626,
5fiv,10.038459777832031,,,0.13660477101802826,
5fjw,,,,,
5fjx,,,,,
5fky,16.888015747070312,,,0.0016263941070064902,
5fl0,25.544666290283203,,,0.0,
5fl1,19.967939376831055,,,0.0,
5flo,4.5995707511901855,,,0.38471731543540955,
5flp,2.5987439155578613,,,0.6374722719192505,
5fls,3.427168130874634,,,0.5087617039680481,
5fnd,2.722519874572754,,,0.5653021335601807,
5fni,2.5975112915039062,,,0.6119888424873352,
5fnj,2.584623098373413,,,0.6485969424247742,
5fnq,5.240668296813965,,,0.36133602261543274,
5fnr,5.046747207641602,,,0.31282052397727966,
5fns,3.736492395401001,,,0.4154347777366638,
5fnt,3.3988122940063477,,,0.4718174934387207,
5foo,8.977787971496582,,,0.14161264896392822,
5fot,,,,,
5fou,,,,,
5fov,,,,,
5fow,,,,,
5fox,,,,,
5fp0,3.5076398849487305,,,0.5278837084770203,
5fpi,,,,,
5fpk,,,,,
5fpu,5.601680755615234,,,0.2984822988510132,
5fq9,20.408893585205078,,,0.0,
5fs5,2.292426586151123,,,0.6319845914840698,
5fsb,7.609889030456543,,,0.1465798020362854,
5fsc,10.49249267578125,,,0.07401812821626663,
5fsl,3.724947929382324,,,0.4651675522327423,
